batch_size,relative_time_s,power_total_W
8,0.0,1058.65
8,0.1,1026.9720488356745
8,0.2,819.0909225419065
8,0.30000000000000004,836.9589710631849
8,0.4,826.9181513178117
8,0.5,842.2543828613093
8,0.6000000000000001,837.8993833800755
8,0.7000000000000001,847.9377837345451
8,0.8,830.8394714270396
8,0.9,850.9143510060334
8,1.0,843.4624671085865
8,1.1,798.8185046862229
8,1.2000000000000002,831.1639844492894
8,1.3,830.6461551310033
8,1.4000000000000001,829.6324879143922
8,1.5,810.6572403291024
8,1.6,809.5597672697381
8,1.7000000000000002,838.5690870333922
8,1.8,811.1689992375143
8,1.9000000000000001,842.0568017574876
8,2.0,847.4297015380582
8,2.1,808.5286363757235
8,2.2,832.1895696348876
8,2.3000000000000003,820.7406605354016
8,2.4000000000000004,827.9196496436631
8,2.5,842.511715844026
8,2.6,801.2446532528588
8,2.7,834.8652372596393
8,2.8000000000000003,832.799004275659
8,2.9000000000000004,838.7209824387082
8,3.0,830.5006168895687
8,3.1,840.8172364715077
8,3.2,845.4461710064121
8,3.3000000000000003,847.0585928250096
8,3.4000000000000004,843.3492974795201
8,3.5,845.7366005585194
8,3.6,854.3949845833085
8,3.7,865.7660634134021
8,3.8000000000000003,872.873062155239
8,3.9000000000000004,852.4000003736214
8,4.0,853.7058169618498
8,4.1000000000000005,856.0156832080402
8,4.2,842.7213837151339
8,4.3,856.9971903784294
8,4.4,841.1997441709298
8,4.5,822.166043378805
8,4.6000000000000005,848.246511889285
8,4.7,855.5119113508774
8,4.800000000000001,866.6430343665783
8,4.9,839.1376337398374
8,5.0,848.0633474260063
8,5.1000000000000005,850.3964864526769
8,5.2,856.0686290722805
8,5.300000000000001,864.275571057679
8,5.4,839.1958212045255
8,5.5,853.3165616416161
8,5.6000000000000005,842.3056532525089
8,5.7,827.8769494618507
8,5.800000000000001,858.3773006922023
8,5.9,866.224308822997
8,6.0,918.3527234997678
8,6.1000000000000005,847.9581955557037
8,6.2,840.2789905063954
8,6.300000000000001,832.8523389557663
8,6.4,873.2967498488144
8,6.5,869.3820083826771
8,6.6000000000000005,860.6968311224005
8,6.7,865.2709495888543
8,6.800000000000001,845.6548722705548
8,6.9,998.2943472571089
8,7.0,845.7588106026129
8,7.1000000000000005,858.0353830664204
8,7.2,860.1188063438358
8,7.300000000000001,863.506240991622
8,7.4,847.9396784004156
8,7.5,835.4487052088818
8,7.6000000000000005,850.2914373056549
8,7.7,828.7897070712559
8,7.800000000000001,843.4648399109802
8,7.9,849.9964296503421
8,8.0,854.0699345164626
8,8.1,834.6047140650055
8,8.200000000000001,851.3846890582114
8,8.3,850.9603835044863
8,8.4,834.3041793548417
8,8.5,841.8294964438461
8,8.6,817.7765762068143
8,8.700000000000001,834.0513188773069
8,8.8,859.684689217221
8,8.9,864.3255485694546
8,9.0,855.6880619782136
8,9.1,850.0495814831405
8,9.200000000000001,865.5767866403617
8,9.3,836.3370676545221
8,9.4,823.5637252568526
8,9.5,844.6197813911709
8,9.600000000000001,849.7581111711531
8,9.700000000000001,843.9181929377457
8,9.8,858.9159882485529
8,9.9,835.329225420967
8,10.0,856.6830695001394
8,10.100000000000001,856.4868079871163
8,10.200000000000001,1014.1911037899927
8,10.3,872.7616113530436
8,10.4,841.7799408542323
8,10.5,843.4755729262969
8,10.600000000000001,843.6764514692006
8,10.700000000000001,843.7425016712973
8,10.8,841.9361507527342
8,10.9,841.508718810881
8,11.0,854.6124512919245
8,11.100000000000001,850.6942011961667
8,11.200000000000001,857.6378556353716
8,11.3,853.0588422789913
8,11.4,841.4251531424079
8,11.5,847.0715712332128
8,11.600000000000001,875.6340880429965
8,11.700000000000001,869.297656521615
8,11.8,872.7409918610634
8,11.9,872.4633091761935
8,12.0,849.4764254477187
8,12.100000000000001,853.3737303716412
8,12.200000000000001,864.1879635344843
8,12.3,820.3957022552165
8,12.4,848.8129905134235
8,12.5,862.2968632237746
8,12.600000000000001,858.4489317463307
8,12.700000000000001,871.7798077561188
8,12.8,839.4460855659001
8,12.9,842.2297244199427
8,13.0,829.9599128320702
8,13.100000000000001,862.0737775985666
8,13.200000000000001,854.4765540961185
8,13.3,831.0957214065179
8,13.4,822.8221970876724
8,13.5,836.3191249705186
8,13.600000000000001,871.1523845998432
8,13.700000000000001,843.798814580281
8,13.8,846.9512672624351
8,13.9,826.7751775800867
8,14.0,879.4418997548488
8,14.100000000000001,809.5147655792816
8,14.200000000000001,841.6684564630601
8,14.3,864.3352615258171
8,14.4,842.3344899055116
8,14.5,843.8163550456158
8,14.600000000000001,828.5326773038934
8,14.700000000000001,831.8445880887662
8,14.8,834.5280292575546
8,14.9,843.2197810871786
8,15.0,829.9692906478111
8,15.100000000000001,851.8762948469326
8,15.200000000000001,850.9076375230497
8,15.3,839.0126555212504
8,15.4,863.6859610406069
8,15.5,857.6799329989635
8,15.600000000000001,851.0537859591027
8,15.700000000000001,869.7658744109798
8,15.8,863.9544607990887
8,15.9,825.3888882240265
8,16.0,832.1582609845407
8,16.1,843.3287629755808
8,16.2,858.1290233456341
8,16.3,874.9168963554572
8,16.400000000000002,859.9888621815782
8,16.5,859.5117425949004
8,16.6,845.2502167525644
8,16.7,844.2980019772159
8,16.8,860.6223933035329
8,16.900000000000002,838.6309201727007
8,17.0,843.958093837268
8,17.1,875.0923579604446
8,17.2,858.1271660677814
8,17.3,870.253521679168
8,17.400000000000002,853.6395460180996
8,17.5,845.9605314570009
8,17.6,848.8605155193899
8,17.7,845.6970589321837
8,17.8,874.2873951067011
8,17.900000000000002,836.867417009829
8,18.0,833.8121003710031
8,18.1,852.7215076253698
8,18.2,840.8677835398399
8,18.3,835.7174634473657
8,18.400000000000002,859.3000708549972
8,18.5,865.9318072703705
8,18.6,841.398511015005
8,18.7,878.6171870640603
8,18.8,865.7381902629184
8,18.900000000000002,874.8740522373938
8,19.0,859.3478553669974
8,19.1,860.8721900485374
8,19.200000000000003,858.7737379849028
8,19.3,870.2683548359424
8,19.400000000000002,872.0947536096304
8,19.5,871.4705861615408
8,19.6,865.5459300799912
8,19.700000000000003,860.8842430964114
8,19.8,878.8904015874338
8,19.900000000000002,850.8533033433333
8,20.0,854.6664060317529
8,20.1,874.4699893813317
8,20.200000000000003,835.2876937379673
8,20.3,850.1722313640176
8,20.400000000000002,847.8122233005776
8,20.5,847.9466709136138
8,20.6,824.4723728029818
8,20.700000000000003,853.884500973859
8,20.8,842.5151230527915
8,20.900000000000002,857.387903549243
8,21.0,879.1196890772923
8,21.1,877.8099098473818
8,21.200000000000003,848.2432480139338
8,21.3,864.290410885696
8,21.400000000000002,853.6535913683942
8,21.5,854.9072091252216
8,21.6,885.5078607545485
8,21.700000000000003,878.4318399885635
8,21.8,866.4407684266956
8,21.900000000000002,854.4217518680798
8,22.0,865.6546989835306
8,22.1,856.7097111565905
8,22.200000000000003,854.9644869699057
8,22.3,861.5278899683332
8,22.400000000000002,910.9844681782128
8,22.5,926.7804962209123
8,22.6,856.6213450706128
8,22.700000000000003,851.0418212103448
8,22.8,934.0317869233083
8,22.900000000000002,853.3113113124764
8,23.0,840.7653195010366
8,23.1,857.0851447609336
8,23.200000000000003,852.9090269295378
8,23.3,838.1118690872179
8,23.400000000000002,840.2200006643094
8,23.5,838.053080479599
8,23.6,858.5270688031951
8,23.700000000000003,853.4400332103846
8,23.8,846.2732723706815
8,23.900000000000002,830.8750134408726
8,24.0,851.2315285862019
8,24.1,848.7089102074661
8,24.200000000000003,845.6372036045996
8,24.3,854.8001459385404
8,24.400000000000002,849.7720757463335
8,24.5,842.0461923808252
8,24.6,848.3071306646843
8,24.700000000000003,875.7556567542588
8,24.8,845.635659778682
8,24.900000000000002,879.2482411911884
8,25.0,827.5451251778196
8,25.1,832.327428222046
8,25.200000000000003,839.8743284053814
8,25.3,811.8641111900073
8,25.400000000000002,843.7733692473028
8,25.5,864.3110917712094
8,25.6,838.015160784687
8,25.700000000000003,843.3025822111239
8,25.8,841.4971638944817
8,25.900000000000002,837.9263726998498
8,26.0,841.194579095352
8,26.1,856.5122736168664
8,26.200000000000003,861.1835642765409
8,26.3,863.4973147238094
8,26.400000000000002,841.3969457968861
8,26.5,842.2150353701426
8,26.6,850.8862068919184
8,26.700000000000003,836.708431178473
8,26.8,849.4811561298502
8,26.900000000000002,862.9302828776282
8,27.0,852.5802644661971
8,27.1,827.5398090759182
8,27.200000000000003,828.4384111928971
8,27.3,842.372204919568
8,27.400000000000002,861.1905120607329
8,27.5,871.3127503752805
8,27.6,841.2579726684183
8,27.700000000000003,848.8936591850209
8,27.8,866.2405241063132
8,27.900000000000002,877.8210652106056
8,28.0,828.7918341486662
8,28.1,865.4581373479742
8,28.200000000000003,892.2549475873908
8,28.3,918.4075079133607
8,28.400000000000002,853.1774694102298
8,28.5,857.8545829576432
8,28.6,859.572103132707
8,28.700000000000003,868.8975573727681
8,28.8,962.3166751202757
8,28.900000000000002,846.4402450927382
8,29.0,824.3512653927813
8,29.1,840.1599569668638
8,29.200000000000003,864.9745620997555
8,29.3,802.8730632136521
8,29.400000000000002,832.985373385247
8,29.5,849.8155587003246
8,29.6,801.8497203473181
8,29.700000000000003,825.7630675368625
8,29.8,818.6626452560796
8,29.900000000000002,803.9567647232623
8,30.0,832.8116980418133
8,30.1,828.2549607970222
8,30.200000000000003,836.1002310360359
8,30.3,828.2673886967793
8,30.400000000000002,826.0116971365937
8,30.5,833.394012760117
8,30.6,839.7802347232449
8,30.700000000000003,879.4497348138982
8,30.8,825.0954916508996
8,30.900000000000002,851.4974025277492
8,31.0,851.0224360985745
8,31.1,836.4834977653443
8,31.200000000000003,832.8231514425963
8,31.3,845.9948310556077
8,31.400000000000002,831.3334378690072
8,31.5,844.2190358087468
8,31.6,818.0807991979351
8,31.700000000000003,848.3040595231921
8,31.8,856.6103277445644
8,31.900000000000002,848.4193046936876
8,32.0,857.6784185457449
8,32.1,834.0099285208772
8,32.2,857.3029480115148
8,32.300000000000004,854.8210154337754
8,32.4,840.1401373306394
8,32.5,827.0959131488399
8,32.6,829.701253933018
8,32.7,848.1790511873734
8,32.800000000000004,843.5782884233299
8,32.9,842.7125309244107
8,33.0,849.0757013661026
8,33.1,849.5617244713653
8,33.2,858.8347772982353
8,33.300000000000004,853.4839049931729
8,33.4,848.8513159629425
8,33.5,858.4584970953091
8,33.6,848.832001581715
8,33.7,829.3028555712553
8,33.800000000000004,843.2616838699538
8,33.9,849.7535651882793
8,34.0,832.4135508729624
8,34.1,861.3011025472642
8,34.2,822.8081174433111
8,34.300000000000004,815.1096704106141
8,34.4,840.7182454505376
8,34.5,845.0004793226365
8,34.6,831.3550536454248
8,34.7,824.6268785102401
8,34.800000000000004,836.2093052439951
8,34.9,837.1485517533241
8,35.0,834.4101744097105
8,35.1,848.8383696502952
8,35.2,832.1930120339123
8,35.300000000000004,841.4742996225593
8,35.4,844.6345992274772
8,35.5,1018.6193418933152
8,35.6,874.4173425522055
8,35.7,834.4386134666198
8,35.800000000000004,848.3710861551372
8,35.9,830.0494600804908
8,36.0,844.5995927432806
8,36.1,862.6713383780502
8,36.2,853.2672973252344
8,36.300000000000004,833.5703731774319
8,36.4,842.1424499449561
8,36.5,847.511466852211
8,36.6,846.0090934326502
8,36.7,861.5204146248944
8,36.800000000000004,848.4573287143993
8,36.9,836.8915647669679
8,37.0,852.4385453577148
8,37.1,820.9198276850706
8,37.2,865.4593071939015
8,37.300000000000004,836.2098899650665
8,37.4,839.4608497681533
8,37.5,834.8285067970882
8,37.6,860.8905792218193
8,37.7,862.4884429169863
8,37.800000000000004,837.9744887768439
8,37.9,842.0592534787187
8,38.0,868.3188345998137
8,38.1,867.1665857350503
8,38.2,860.886899689523
8,38.300000000000004,854.3027137296295
8,38.400000000000006,849.3571228647811
8,38.5,857.2380554487248
8,38.6,843.2196722625839
8,38.7,859.4853337639876
8,38.800000000000004,867.0415844146378
8,38.900000000000006,866.4982962677551
8,39.0,866.0398137810904
8,39.1,876.0863716914369
8,39.2,887.2186154950322
8,39.300000000000004,838.7440600427454
8,39.400000000000006,823.365646540829
8,39.5,822.7188198053727
8,39.6,839.4580557508926
8,39.7,854.5717668102733
8,39.800000000000004,868.7931335415914
8,39.900000000000006,844.4341916840198
8,40.0,834.5511289543163
8,40.1,840.9102684690481
8,40.2,848.6166468521623
8,40.300000000000004,857.6049159048023
8,40.400000000000006,865.0658583923279
8,40.5,862.4768684574218
8,40.6,838.9442762047048
8,40.7,866.8851726196756
8,40.800000000000004,872.5697448223933
8,40.900000000000006,864.007545157162
8,41.0,1044.72289058814
8,41.1,860.5662729558067
8,41.2,858.7777924145712
8,41.300000000000004,873.1059454814932
8,41.400000000000006,824.8945888884886
8,41.5,833.4667043269402
8,41.6,839.137542551123
8,41.7,856.8230798910588
8,41.800000000000004,857.9502584758868
8,41.900000000000006,843.0309168223399
8,42.0,854.6202944048496
8,42.1,848.6297350270206
8,42.2,846.5348897182275
8,42.300000000000004,837.0391695053455
8,42.400000000000006,831.4096715531925
8,42.5,830.8551851357631
8,42.6,846.2658417324338
8,42.7,864.5497306559538
8,42.800000000000004,848.0438814349532
8,42.900000000000006,1008.1402510707455
8,43.0,891.6307866417262
8,43.1,873.2625765153862
8,43.2,837.2633373628378
8,43.300000000000004,846.9357458442851
8,43.400000000000006,832.3570529455064
8,43.5,858.5402367039021
8,43.6,866.869308319275
8,43.7,865.8375810339198
8,43.800000000000004,856.0409454496926
8,43.900000000000006,872.8117593990456
8,44.0,849.9600644361892
8,44.1,852.4011196088337
8,44.2,856.5204034094024
8,44.300000000000004,852.924488832654
8,44.400000000000006,860.8608701313437
8,44.5,868.670645925467
8,44.6,872.7465382953627
8,44.7,861.7787017709402
8,44.800000000000004,873.723901737113
8,44.900000000000006,853.8403772664655
8,45.0,858.2570369047477
8,45.1,873.699956908355
8,45.2,868.477340373384
8,45.300000000000004,874.4408892270891
8,45.400000000000006,886.0185903248027
8,45.5,879.0713826064994
8,45.6,850.2168372874809
8,45.7,846.6279749909454
8,45.800000000000004,927.5801608217887
8,45.900000000000006,867.4332243743845
8,46.0,874.7380457908495
8,46.1,852.7582737258467
8,46.2,856.0794757710283
8,46.300000000000004,893.4773507824079
8,46.400000000000006,873.2039240397727
8,46.5,873.5268365945949
8,46.6,884.0570905908734
8,46.7,874.8261265194078
8,46.800000000000004,871.9833963094987
8,46.900000000000006,858.8440073238139
8,47.0,863.4292330396906
8,47.1,880.9940289310276
8,47.2,873.4603226665647
8,47.300000000000004,863.699297854981
8,47.400000000000006,864.8590850018944
8,47.5,870.5911661309345
8,47.6,856.6922036028305
8,47.7,858.8851462140221
8,47.800000000000004,855.4483312240568
8,47.900000000000006,882.4813455400691
8,48.0,860.6810351296482
8,48.1,861.3696607206087
8,48.2,853.3090683425823
8,48.300000000000004,858.1146519906215
8,48.400000000000006,864.6042009593278
8,48.5,867.4564853442627
8,48.6,861.6123968241561
8,48.7,865.4090407885207
8,48.800000000000004,855.6767903566854
8,48.900000000000006,867.1607030743505
8,49.0,871.0635148319977
8,49.1,845.9486312876634
8,49.2,1006.9826783529776
8,49.300000000000004,893.1994529016841
8,49.400000000000006,882.477712182965
8,49.5,884.2753860150359
8,49.6,874.3486043334046
8,49.7,855.9892496961863
8,49.800000000000004,865.4611276372169
8,49.900000000000006,878.9470595749049
8,50.0,886.5244561544804
8,50.1,867.164293893073
8,50.2,865.7754816319334
8,50.300000000000004,869.1165411857776
8,50.400000000000006,883.5989216180418
8,50.5,850.6836398452095
8,50.6,852.7086108124597
8,50.7,857.0038015512448
8,50.800000000000004,850.9852500533757
8,50.900000000000006,844.8362360357995
8,51.0,874.0318000838772
8,51.1,853.0099572510021
8,51.2,849.9304740243
8,51.300000000000004,840.976081582565
8,51.400000000000006,856.8020729594889
8,51.5,855.7812164476068
8,51.6,845.5281926728492
8,51.7,875.3953580867699
8,51.800000000000004,894.2276185411471
8,51.900000000000006,859.1850377643414
8,52.0,977.0589043781602
8,52.1,899.2115630400058
8,52.2,878.7850138126419
8,52.300000000000004,848.9395761139174
8,52.400000000000006,843.3778995667984
8,52.5,972.3493142832633
8,52.6,850.398927005366
8,52.7,830.171753520956
8,52.800000000000004,833.5177267399163
8,52.900000000000006,848.328554187786
8,53.0,845.8694631558881
8,53.1,862.4374187660395
8,53.2,868.1648985645933
8,53.300000000000004,860.4869853529513
8,53.400000000000006,867.8605456068748
8,53.5,872.7057396024458
8,53.6,868.3721426610684
8,53.7,869.4767123626297
8,53.800000000000004,852.5753722597639
8,53.900000000000006,851.24045724675
8,54.0,851.8837220714421
8,54.1,840.5928187092975
8,54.2,839.4067490231588
8,54.300000000000004,835.3238617783578
8,54.400000000000006,859.620274517356
8,54.5,870.1546772179648
8,54.6,858.3454950353729
8,54.7,851.8946132363033
8,54.800000000000004,845.4429465351958
8,54.900000000000006,862.370665258544
8,55.0,862.2898421315987
8,55.1,859.9734343952747
8,55.2,867.2035377904015
8,55.300000000000004,880.9603164802911
8,55.400000000000006,866.6535885605889
8,55.5,860.4326934554587
8,55.6,837.0297719681748
8,55.7,836.2115337892451
8,55.800000000000004,855.906026199095
8,55.900000000000006,873.5839358106716
8,56.0,859.8677478036471
8,56.1,871.2404043767725
8,56.2,870.7334351600642
8,56.300000000000004,876.5797926428263
8,56.400000000000006,864.8302949968181
8,56.5,838.116939864799
8,56.6,850.7125378940599
8,56.7,864.4685603558956
8,56.800000000000004,851.4860049486258
8,56.900000000000006,846.8137388466735
8,57.0,866.4413509628903
8,57.1,873.0038107340715
8,57.2,866.9651145785972
8,57.300000000000004,848.1762999282763
8,57.400000000000006,865.9176675996213
8,57.5,876.9288100801332
8,57.6,859.5618117687143
8,57.7,1055.796592999009
8,57.800000000000004,893.28457782987
8,57.900000000000006,849.1094417996879
8,58.0,843.6657505099221
8,58.1,829.1573179423024
8,58.2,821.360926893209
8,58.300000000000004,844.0391852185633
8,58.400000000000006,829.1655897981732
8,58.5,857.0677385249944
8,58.6,853.5237865223637
8,58.7,836.580995442631
8,58.800000000000004,839.9622795187731
8,58.900000000000006,849.7701454481341
8,59.0,859.200249681301
8,59.1,858.205314420717
8,59.2,857.8075207343779
8,59.300000000000004,858.2899111291146
8,59.400000000000006,836.4433457694143
8,59.5,838.546214604158
8,59.6,849.2667741645859
8,59.7,848.774700662422
8,59.800000000000004,845.9788283031905
8,59.900000000000006,853.4092312887959
8,60.0,845.5020768057684
8,60.1,838.3938405048691
8,60.2,980.1694860941723
8,60.300000000000004,887.4061659222755
8,60.400000000000006,816.8802124197265
8,60.5,819.6407483487104
8,60.6,844.3405584648051
8,60.7,859.9243981032629
8,60.800000000000004,840.8297336831282
8,60.900000000000006,825.1893059165246
8,61.0,853.5915990735643
8,61.1,844.2597864031583
8,61.2,829.1193912531687
8,61.300000000000004,844.4478925346115
8,61.400000000000006,859.9610133160826
8,61.5,870.5926097505182
8,61.6,866.421757452659
8,61.7,828.9713004758477
8,61.800000000000004,841.0431311867222
8,61.900000000000006,841.901323174105
8,62.0,840.4465343315732
8,62.1,841.1072156332357
8,62.2,829.9520726281472
8,62.300000000000004,831.2789091164707
8,62.400000000000006,852.955359562804
8,62.5,860.7538390989197
8,62.6,846.8638407596442
8,62.7,839.5741438258469
8,62.800000000000004,840.1339175280873
8,62.900000000000006,844.8842687060375
8,63.0,858.3383705152797
8,63.1,846.3580511302952
8,63.2,856.0548925365885
8,63.300000000000004,863.3496400113423
8,63.400000000000006,855.0158875888783
8,63.5,843.6574433779956
8,63.6,852.0126238987779
8,63.7,872.200496214187
8,63.800000000000004,870.3393459233538
8,63.900000000000006,853.2097485390892
8,64.0,874.2520225771555
8,64.10000000000001,868.1857789231368
8,64.2,863.6216964160362
8,64.3,858.216994702574
8,64.4,850.8702878531147
8,64.5,938.6061280127336
8,64.60000000000001,1054.8948155904288
8,64.7,958.2503953000896
8,64.8,862.795010159009
8,64.9,849.0145585545446
8,65.0,842.2050121284905
8,65.10000000000001,838.2150712198329
8,65.2,844.2826496830771
8,65.3,966.281120256867
8,65.4,930.1026129059409
8,65.5,873.8181176891092
8,65.60000000000001,854.195531567371
8,65.7,841.947159773341
8,65.8,827.6633496232686
8,65.9,817.4306298528584
8,66.0,834.6109922653145
8,66.10000000000001,833.8238189726608
8,66.2,836.5208458078569
8,66.3,845.7315774901468
8,66.4,850.3742429103474
8,66.5,843.6169384480844
8,66.60000000000001,864.8235813552201
8,66.7,852.4829414688536
8,66.8,847.9094938219475
8,66.9,836.9466245077589
8,67.0,845.4995241907812
8,67.10000000000001,850.2475448355068
8,67.2,847.8528553683167
8,67.3,854.6212625341343
8,67.4,855.3163916028659
8,67.5,851.9239694904593
8,67.60000000000001,851.4765385389613
8,67.7,821.1408330866257
8,67.8,830.264358661773
8,67.9,840.1196704216896
8,68.0,826.8024007887243
8,68.10000000000001,830.2826598280059
8,68.2,832.7752821235133
8,68.3,839.4813618019132
8,68.4,834.473423657133
8,68.5,848.3235844213095
8,68.60000000000001,849.0609193068734
8,68.7,872.5656596765479
8,68.8,865.1850405899054
8,68.9,822.3245449060046
8,69.0,841.0681521409679
8,69.10000000000001,849.3386440810837
8,69.2,857.7625923263155
8,69.3,849.0980071855951
8,69.4,828.7834649354846
8,69.5,841.5384199354737
8,69.60000000000001,851.3052720044609
8,69.7,861.8244520403937
8,69.8,853.7697617097533
8,69.9,850.1509279679173
8,70.0,847.8785778761084
8,70.10000000000001,850.682446391247
8,70.2,852.4550160868322
8,70.3,845.9782801759472
8,70.4,829.0567648591385
8,70.5,824.0985589426002
8,70.60000000000001,848.702704103514
8,70.7,971.942613858333
8,70.8,893.1500004822932
8,70.9,897.2486381074742
8,71.0,866.8571564838202
8,71.10000000000001,854.1400779111117
8,71.2,858.252390155075
8,71.3,838.6182445639466
8,71.4,847.6895595701347
8,71.5,851.2883197192026
8,71.60000000000001,853.3335887510012
8,71.7,857.266998530733
8,71.8,859.5878616122936
8,71.9,854.9208648560157
8,72.0,839.9432807715679
8,72.10000000000001,830.1919117707886
8,72.2,848.7673349809858
8,72.3,846.7584321978935
8,72.4,845.5853238234582
8,72.5,864.3436633346518
8,72.60000000000001,839.2826722249189
8,72.7,822.4971421290669
8,72.8,851.68789853309
8,72.9,856.4136290774694
8,73.0,848.6726788525187
8,73.10000000000001,843.5264205878984
8,73.2,851.3216155896893
8,73.3,860.4590824748309
8,73.4,850.4808558629949
8,73.5,847.9580202994279
8,73.60000000000001,864.828145485351
8,73.7,871.1349115094731
8,73.8,847.1765475843838
8,73.9,847.4946232853513
8,74.0,866.1006562440429
8,74.10000000000001,867.1693701629596
8,74.2,869.7548229883909
8,74.3,856.6416015193257
8,74.4,846.3771312030422
8,74.5,850.6942128377976
8,74.60000000000001,847.9974014373397
8,74.7,962.0061870502755
8,74.8,910.2321387517852
8,74.9,865.005755699888
8,75.0,848.602255878954
8,75.10000000000001,863.4772996611667
8,75.2,856.8803346167219
8,75.3,853.4231174606653
8,75.4,858.6865622044095
8,75.5,856.3483722734529
8,75.60000000000001,855.9193995224776
8,75.7,861.106622115472
8,75.8,868.1230402053036
8,75.9,871.8797766129975
8,76.0,876.3207436265247
8,76.10000000000001,857.8782301101327
8,76.2,856.5572422214442
8,76.3,862.1251065217288
8,76.4,849.3075761631179
8,76.5,856.0550308949676
8,76.60000000000001,852.5596424539619
8,76.7,848.0472185859982
8,76.80000000000001,845.6950159052401
8,76.9,833.7714920265154
8,77.0,842.8133931241869
8,77.10000000000001,862.9727227841694
8,77.2,880.5946248584021
8,77.30000000000001,874.5293903094115
8,77.4,863.8316828087578
8,77.5,874.174206186869
8,77.60000000000001,868.36063710042
8,77.7,864.8125045212577
8,77.80000000000001,888.094876077351
8,77.9,879.0401460476072
8,78.0,961.6959715245674
8,78.10000000000001,907.4060702252406
8,78.2,862.3983755379039
8,78.30000000000001,867.8738586270131
8,78.4,859.6080001082
8,78.5,845.1634414963328
8,78.60000000000001,844.0763336796459
8,78.7,849.9711009014292
8,78.80000000000001,838.7528068855061
8,78.9,848.0150443203277
8,79.0,913.7447117343595
8,79.10000000000001,895.4201878785364
8,79.2,867.6465543298305
8,79.30000000000001,851.3525488793445
8,79.4,863.523670018874
8,79.5,862.8389863080615
8,79.60000000000001,861.8456551013556
8,79.7,854.46609753903
8,79.80000000000001,859.0545252283998
8,79.9,873.4113018097605
8,80.0,863.041551940238
8,80.10000000000001,849.9470826722451
8,80.2,869.7457348186424
8,80.30000000000001,854.5182128140561
8,80.4,835.2615118903677
8,80.5,848.9101469213173
8,80.60000000000001,858.8175432520858
8,80.7,869.7173323436767
8,80.80000000000001,866.4687118364005
8,80.9,846.6442058559866
8,81.0,841.4535699334942
8,81.10000000000001,842.657871484738
8,81.2,843.8208634954071
8,81.30000000000001,840.765631336273
8,81.4,845.5695230937137
8,81.5,848.7576023685559
8,81.60000000000001,857.9620062259493
8,81.7,855.1589578700049
8,81.80000000000001,849.5834220100936
8,81.9,854.7376356496611
8,82.0,872.4210466002345
8,82.10000000000001,844.9546783848976
8,82.2,841.0356376337379
8,82.30000000000001,859.2536439563285
8,82.4,928.6300508599669
8,82.5,902.9745707059034
8,82.60000000000001,844.7290821058768
8,82.7,849.6200354128104
8,82.80000000000001,862.665969632156
8,82.9,865.1090082664361
8,83.0,872.1440003002316
8,83.10000000000001,866.6783164290554
8,83.2,860.9392332719349
8,83.30000000000001,872.6707816439324
8,83.4,856.0346239505299
8,83.5,851.0286391742997
8,83.60000000000001,862.6534540268129
8,83.7,867.512534834213
8,83.80000000000001,883.1135590104822
8,83.9,866.8628538487177
8,84.0,848.447581949498
8,84.10000000000001,855.7406348210873
8,84.2,865.58292587082
8,84.30000000000001,905.4989194020955
8,84.4,885.1084283377696
8,84.5,876.9252573844086
8,84.60000000000001,874.4222073959504
8,84.7,868.585296735222
8,84.80000000000001,864.1053560768231
8,84.9,856.8627107040645
8,85.0,870.5351215323615
8,85.10000000000001,862.1966956163466
8,85.2,860.1634088335657
8,85.30000000000001,869.4355431970633
8,85.4,867.5683086473937
8,85.5,869.7694490910953
8,85.60000000000001,870.7003873910451
8,85.7,883.5721281877281
8,85.80000000000001,881.3388176385349
8,85.9,868.8518872007982
8,86.0,868.2032680752102
8,86.10000000000001,871.2659586954295
8,86.2,866.7782869138165
8,86.30000000000001,1006.2633693929355
8,86.4,953.8392219657653
8,86.5,872.264674331547
8,86.60000000000001,862.9825256864937
8,86.7,861.2608152583247
8,86.80000000000001,866.9973178473056
8,86.9,867.9170746939776
8,87.0,867.1303087422319
8,87.10000000000001,908.9818401248673
8,87.2,889.1665706085158
8,87.30000000000001,852.6310521084357
8,87.4,844.1444053865873
8,87.5,862.6261465573115
8,87.60000000000001,863.6917867808833
8,87.7,873.4438540718297
8,87.80000000000001,860.733287062772
8,87.9,844.6649674507046
8,88.0,863.2689408692213
8,88.10000000000001,861.446214316247
8,88.2,856.8394423177094
8,88.30000000000001,862.7187068026179
8,88.4,866.2207722813708
8,88.5,874.7145344299249
8,88.60000000000001,869.983266071738
8,88.7,869.2376923233091
8,88.80000000000001,875.3160321290543
8,88.9,862.5784207141227
8,89.0,859.5870129222118
8,89.10000000000001,853.453368099965
8,89.2,999.2068461103026
8,89.30000000000001,961.3267091236361
8,89.4,857.8630527753007
8,89.5,849.1669029704575
8,89.60000000000001,864.0546598451184
8,89.7,872.3938698199979
8,89.80000000000001,923.3410401077133
8,89.9,909.5446166734534
8,90.0,861.6783203096703
8,90.10000000000001,863.309532398778
8,90.2,868.8566127271729
8,90.30000000000001,878.490086891295
8,90.4,870.8526732972551
8,90.5,865.4719253204976
8,90.60000000000001,870.048328480473
8,90.7,866.9629558192565
8,90.80000000000001,903.8697861357808
8,90.9,890.1570787368964
8,91.0,863.4867140607092
8,91.10000000000001,864.3723071105701
8,91.2,853.8964090366235
8,91.30000000000001,852.9718453134842
8,91.4,861.7246915248263
8,91.5,967.2590828877387
8,91.60000000000001,925.2240862332563
8,91.7,859.1573220982106
8,91.80000000000001,844.0631186160514
8,91.9,847.4389442114059
8,92.0,864.716613952901
8,92.10000000000001,870.5285078996534
8,92.2,866.4529037436644
8,92.30000000000001,856.6649717725148
8,92.4,855.619144597055
8,92.5,869.3518105256386
8,92.60000000000001,857.0797642494252
8,92.7,854.5608382090696
8,92.80000000000001,860.1092172586336
8,92.9,862.2492948740925
8,93.0,865.0180496886862
8,93.10000000000001,875.4386431002248
8,93.2,884.4380903783697
8,93.30000000000001,879.2384866557045
8,93.4,871.2196764111017
8,93.5,876.8136257765049
8,93.60000000000001,891.1892557933627
8,93.7,870.2938274228432
8,93.80000000000001,867.3469850535332
8,93.9,869.9056457546982
8,94.0,859.8929310804145
8,94.10000000000001,878.8632428401253
8,94.2,869.0555138740211
8,94.30000000000001,850.3351354038983
8,94.4,860.6080693332582
8,94.5,866.6811844319425
8,94.60000000000001,900.7297644769407
8,94.7,889.3380412563216
8,94.80000000000001,885.3173676204319
8,94.9,892.4895442917317
8,95.0,865.7534816784616
8,95.10000000000001,871.3207900598327
8,95.2,863.4897648393743
8,95.30000000000001,842.3480152648137
8,95.4,859.2966052488755
8,95.5,869.5606875330617
8,95.60000000000001,875.7985132790063
8,95.7,869.8991075325845
8,95.80000000000001,846.6440295202644
8,95.9,867.6480792254862
8,96.0,889.8899082387143
8,96.10000000000001,879.3640066973409
8,96.2,870.8150625956999
8,96.30000000000001,853.9880415148797
8,96.4,851.8329701729982
8,96.5,950.4226430402852
8,96.60000000000001,933.4901038758895
8,96.7,875.3392876743669
8,96.80000000000001,900.2567654856773
8,96.9,876.3282523475438
8,97.0,837.0338834588705
8,97.10000000000001,845.2314649302335
8,97.2,851.7326772598271
8,97.30000000000001,849.2222343487298
8,97.4,869.2560619451923
8,97.5,854.7516891651358
8,97.60000000000001,850.9197596614495
8,97.7,860.7272314449102
8,97.80000000000001,853.4182719051049
8,97.9,867.3983549214172
8,98.0,851.2953082073619
8,98.10000000000001,837.6182352212032
8,98.2,859.3737699540122
8,98.30000000000001,875.3607991593203
8,98.4,871.0500015622125
8,98.5,867.4789650143689
8,98.60000000000001,883.2688241972246
8,98.7,872.1705051278618
8,98.80000000000001,844.6931250141162
8,98.9,846.8623189036184
8,99.0,861.111145523864
8,99.10000000000001,961.7334661265681
8,99.2,951.5672362527656
8,99.30000000000001,863.5687268555924
8,99.4,858.8704309024503
8,99.5,854.7417347547608
8,99.60000000000001,848.0449325771859
8,99.7,854.7440634837728
8,99.80000000000001,858.6225961989363
8,99.9,863.8729079897636
8,100.0,869.9087034218176
8,100.10000000000001,855.4787748398694
8,100.2,842.8146384566628
8,100.30000000000001,854.2308628769705
8,100.4,861.3649392235122
8,100.5,848.840174123663
8,100.60000000000001,845.5100474240668
8,100.7,859.7763365236107
8,100.80000000000001,869.6624343067923
8,100.9,874.6008158953467
8,101.0,871.0437091435911
8,101.10000000000001,867.8754877027777
8,101.2,865.7216485563758
8,101.30000000000001,862.7801599285153
8,101.4,865.2331699493176
8,101.5,854.2117444302006
8,101.60000000000001,844.4662180576076
8,101.7,854.5815331725722
8,101.80000000000001,862.5864488888889
8,101.9,858.2152760774142
8,102.0,861.6983287082377
8,102.10000000000001,870.1821309371138
8,102.2,862.9136401944427
8,102.30000000000001,868.6077477446164
8,102.4,877.3719428644952
8,102.5,857.9421968895127
8,102.60000000000001,847.2049646574428
8,102.7,853.4714106345209
8,102.80000000000001,855.2470389846137
8,102.9,856.3931803482755
8,103.0,859.7603633638499
8,103.10000000000001,870.044624699879
8,103.2,862.4817214906587
8,103.30000000000001,847.5201247907887
8,103.4,847.778392969614
8,103.5,851.505632563681
8,103.60000000000001,855.984074249768
8,103.7,857.2788679673743
8,103.80000000000001,848.0968754726944
8,103.9,856.3711322988518
8,104.0,875.7789137307792
8,104.10000000000001,866.8844833351181
8,104.2,911.4065206996906
8,104.30000000000001,917.4549590593598
8,104.4,858.4005974098924
8,104.5,856.9337272408847
8,104.60000000000001,867.4768485401725
8,104.7,863.0190455619228
8,104.80000000000001,849.5196186402808
8,104.9,850.8104207903936
8,105.0,855.9441252493048
8,105.10000000000001,852.3848216709919
8,105.2,864.1953541601343
8,105.30000000000001,870.0975691551765
8,105.4,875.628099372356
8,105.5,873.9986214843815
8,105.60000000000001,868.807617939725
8,105.7,869.4115376961989
8,105.80000000000001,861.9939452973642
8,105.9,859.8366993099244
8,106.0,858.8938836890113
8,106.10000000000001,861.5338783741674
8,106.2,862.7751876167894
8,106.30000000000001,866.774029294971
8,106.4,881.910653148662
8,106.5,876.4752767387165
8,106.60000000000001,856.8744918780056
8,106.7,855.0829038947363
8,106.80000000000001,854.9316870144711
8,106.9,865.4225630582584
8,107.0,883.0109222704093
8,107.10000000000001,878.8568904334802
8,107.2,868.7824455245805
8,107.30000000000001,862.8008105942648
8,107.4,864.5615925589158
8,107.5,867.9916240370203
8,107.60000000000001,871.168897277784
8,107.7,864.5705674152291
8,107.80000000000001,856.8725091264363
8,107.9,856.4094724330942
8,108.0,863.7780151194185
8,108.10000000000001,863.0690294686858
8,108.2,879.210564133824
8,108.30000000000001,880.9187202172116
8,108.4,855.1477768791774
8,108.5,859.8123069873834
8,108.60000000000001,848.6395709910757
8,108.7,840.4113487735607
8,108.80000000000001,833.4623796917484
8,108.9,832.1026609742455
8,109.0,844.0089522243667
8,109.10000000000001,844.1538864912138
8,109.2,831.6232769328273
8,109.30000000000001,854.915911304767
8,109.4,881.6969564054953
8,109.5,875.6193378479809
8,109.60000000000001,865.3856600688127
8,109.7,861.2979413656961
8,109.80000000000001,855.7926118243834
8,109.9,852.2274200905035
8,110.0,871.178410484678
8,110.10000000000001,871.5002667845396
8,110.2,864.5629728291507
8,110.30000000000001,859.8207740038414
8,110.4,861.1508853743508
8,110.5,865.5282759468636
8,110.60000000000001,870.8070000481329
8,110.7,869.7210471382139
8,110.80000000000001,871.3201000507547
8,110.9,867.6623575561741
8,111.0,860.0421054570409
8,111.10000000000001,856.5024818537282
8,111.2,852.8552557016228
8,111.30000000000001,854.9225747437275
8,111.4,851.1506597945951
8,111.5,858.8068604243862
8,111.60000000000001,863.9082407140868
8,111.7,854.9216624698272
8,111.80000000000001,846.6459135361295
8,111.9,847.856430429728
8,112.0,855.3346293472174
8,112.10000000000001,854.5581151722615
8,112.2,853.2710292795323
8,112.30000000000001,850.4276412802507
8,112.4,853.6649481331806
8,112.5,865.588409504656
8,112.60000000000001,905.0400875797108
8,112.7,885.9772914965682
8,112.80000000000001,833.9612300514459
8,112.9,839.566804199044
8,113.0,856.2010997119158
8,113.10000000000001,862.3982612186142
8,113.2,859.4694041199728
8,113.30000000000001,865.6939506040577
8,113.4,864.4988984313601
8,113.5,864.6692448286625
8,113.60000000000001,862.0091192029901
8,113.7,859.6293160695737
8,113.80000000000001,860.1872287037647
8,113.9,864.3158438744737
8,114.0,873.1488456530805
8,114.10000000000001,866.430950358384
8,114.2,866.1051108631372
8,114.30000000000001,861.0739288488862
8,114.4,854.2495858932365
8,114.5,867.6451200789184
8,114.60000000000001,863.0826129439613
8,114.7,855.9773513745096
8,114.80000000000001,861.90924653682
8,114.9,864.9143097948388
8,115.0,859.0043218275224
8,115.10000000000001,863.1511750724394
8,115.2,867.9024426196769
8,115.30000000000001,863.240096183018
8,115.4,870.3048153277213
8,115.5,861.1711695288839
8,115.60000000000001,836.9348755488287
8,115.7,831.7543577348604
8,115.80000000000001,838.9763749705716
8,115.9,856.3826419695686
8,116.0,866.2491596435209
8,116.10000000000001,857.4873430697645
8,116.2,869.3490223323647
8,116.30000000000001,877.2032004355746
8,116.4,866.098609660446
8,116.5,856.4044058421676
8,116.60000000000001,860.2717510390227
8,116.7,874.4536328016519
8,116.80000000000001,888.3855151351513
8,116.9,873.0671614843895
8,117.0,868.8140507178174
8,117.10000000000001,891.4720815183393
8,117.2,903.5424690358009
8,117.30000000000001,882.3065354508478
8,117.4,874.7508874918689
8,117.5,861.7224452953736
8,117.60000000000001,857.5736586703042
8,117.7,883.1222397628605
8,117.80000000000001,872.6434706440727
8,117.9,848.7478237611068
8,118.0,840.4990067957996
8,118.10000000000001,845.2186403279753
8,118.2,862.0792344999476
8,118.30000000000001,878.7084548440022
8,118.4,883.0721329709847
8,118.5,853.1981598637025
8,118.60000000000001,858.2987622664291
8,118.7,874.1192945672113
8,118.80000000000001,860.3317330106995
8,118.9,857.5215446190806
8,119.0,946.0237506266739
8,119.10000000000001,985.3965235665995
8,119.2,882.0720879977112
8,119.30000000000001,917.9861029625612
8,119.4,946.4656086224412
8,119.5,871.0688294815249
8,119.60000000000001,865.171745624591
8,119.7,872.6259222962751
8,119.80000000000001,872.4616191864112
8,119.9,861.1046567498973
8,120.0,858.8820981647572
8,120.10000000000001,863.8005348716514
8,120.2,860.6950309204851
8,120.30000000000001,862.608195812881
8,120.4,865.5435329956063
8,120.5,868.0868987816531
8,120.60000000000001,875.8685481023108
8,120.7,931.6067255078415
8,120.80000000000001,946.5793163763872
8,120.9,953.6310899549738
8,121.0,975.3421048940718
8,121.10000000000001,874.4929923883038
8,121.2,872.7757508251726
8,121.30000000000001,877.8400248422566
8,121.4,902.5086933109708
8,121.5,974.2243836901199
8,121.60000000000001,954.1707257756548
8,121.7,873.8235997364585
8,121.80000000000001,860.1624450566111
8,121.9,855.7687040472204
8,122.0,879.9611225576165
8,122.10000000000001,872.1370360639631
8,122.2,868.3869187341546
8,122.30000000000001,873.5414988119458
8,122.4,870.2805322505932
8,122.5,938.3027198499766
8,122.60000000000001,968.5432862250748
8,122.7,869.1022443594039
8,122.80000000000001,854.6743891862908
8,122.9,851.0298492585856
8,123.0,900.3451656011495
8,123.10000000000001,943.5204883048805
8,123.2,893.2472498660852
8,123.30000000000001,867.018063108479
8,123.4,851.6426024299875
8,123.5,863.7536682194666
8,123.60000000000001,872.6108400255432
8,123.7,868.6192259428263
8,123.80000000000001,854.9216430263527
8,123.9,847.484752551631
8,124.0,862.1929958348425
8,124.10000000000001,862.6968607023549
8,124.2,860.1596534768734
8,124.30000000000001,864.7658073457046
8,124.4,878.9076528292534
8,124.5,879.4357763004266
8,124.60000000000001,883.1801822793258
8,124.7,875.7476291347264
8,124.80000000000001,873.9921983429751
8,124.9,888.1715877141853
8,125.0,879.3088483495326
8,125.10000000000001,869.5945008504195
8,125.2,875.0675377155281
8,125.30000000000001,881.417894768996
8,125.4,871.460460694355
8,125.5,868.6730530035504
8,125.60000000000001,878.1506069683014
8,125.7,876.4557234270478
8,125.80000000000001,849.9530574835347
8,125.9,854.0015859775876
8,126.0,850.8567079991421
8,126.10000000000001,852.4362980677842
8,126.2,861.5787640742383
8,126.30000000000001,852.7075313140094
8,126.4,862.9507279215006
8,126.5,864.2132952691175
8,126.60000000000001,865.6977223626736
8,126.7,929.6008587983044
8,126.80000000000001,969.7086538439364
8,126.9,872.4016300613098
8,127.0,865.4620325874316
8,127.10000000000001,858.5129692892029
8,127.2,853.7402134448495
8,127.30000000000001,851.0772189525551
8,127.4,843.9226839859882
8,127.5,851.765489571593
8,127.60000000000001,872.3449158789418
8,127.7,866.0830731768457
8,127.80000000000001,851.8562906943729
8,127.9,830.2916845805407
8,128.0,841.8619346737261
8,128.1,857.140527469071
8,128.20000000000002,859.4016643434296
8,128.3,863.8091491115671
8,128.4,856.4597843729206
8,128.5,850.1407743341323
8,128.6,867.6816690752094
8,128.70000000000002,866.879267330681
8,128.8,874.1759658748579
8,128.9,856.754818195594
8,129.0,857.874232168132
8,129.1,869.8504310910225
8,129.20000000000002,852.059229704554
8,129.3,857.7346661067024
8,129.4,880.9918632535093
8,129.5,883.8663265351347
8,129.6,876.0301731290793
8,129.70000000000002,871.2187248987287
8,129.8,887.36191704836
8,129.9,884.0117723254593
8,130.0,832.3912379096056
8,130.1,837.6509363881147
8,130.20000000000002,843.5508680395018
8,130.3,866.013261102999
8,130.4,871.2748857422653
8,130.5,855.4632900060523
8,130.6,859.0232763188297
8,130.70000000000002,864.5321936417291
8,130.8,851.275931148149
8,130.9,847.4865560652134
8,131.0,855.8566134805598
8,131.1,850.732260192603
8,131.20000000000002,847.8846744203274
8,131.3,868.0941965420785
8,131.4,871.5660998253593
8,131.5,872.2195397202107
8,131.6,869.8980686211955
8,131.70000000000002,862.7246962427798
8,131.8,865.8373312990573
8,131.9,872.7137570348129
8,132.0,873.8618378753833
8,132.1,865.9309697396311
8,132.20000000000002,847.2914882131199
8,132.3,856.9989175165394
8,132.4,872.0946770163364
8,132.5,861.0165866021092
8,132.6,852.187418076973
8,132.70000000000002,860.9111401341972
8,132.8,855.9430560605824
8,132.9,866.167694842364
8,133.0,866.026946007706
8,133.1,860.2688433523248
8,133.20000000000002,866.4396267211587
8,133.3,880.5083704450122
8,133.4,893.1014454495237
8,133.5,909.6482098114718
8,133.6,867.737464334697
8,133.70000000000002,874.9377488250393
8,133.8,865.7463270491338
8,133.9,851.1582711218699
8,134.0,840.8857840938064
8,134.1,840.9231846962529
8,134.20000000000002,848.2674493870252
8,134.3,860.8595809293937
8,134.4,870.8928016007745
8,134.5,875.2956387932452
8,134.6,859.7628854162317
8,134.70000000000002,843.7201174206673
8,134.8,858.6547959663752
8,134.9,866.0629281448738
8,135.0,856.0891540917669
8,135.1,843.3318707470963
8,135.20000000000002,859.775715509389
8,135.3,890.9764794170717
8,135.4,886.1350652490389
8,135.5,867.0345046834083
8,135.6,881.7855447840722
8,135.70000000000002,870.1532213553487
8,135.8,863.2007141955762
8,135.9,863.9332897834499
8,136.0,866.9497366638946
8,136.1,864.6293525897805
8,136.20000000000002,846.0340525128124
8,136.3,848.0440624639917
8,136.4,856.4870437914111
8,136.5,838.7171231342572
8,136.6,829.4426782789362
8,136.70000000000002,846.1854319185088
8,136.8,853.2634727427409
8,136.9,860.2771199239398
8,137.0,851.1117015574067
8,137.1,853.7704452775865
8,137.20000000000002,908.7418300572317
8,137.3,940.5311705216542
8,137.4,855.9843873404108
8,137.5,873.8316629161008
8,137.6,863.2485330817073
8,137.70000000000002,867.1364882071381
8,137.8,868.5793635695096
8,137.9,852.9476209172893
8,138.0,864.2605371825207
8,138.1,853.3958017694893
8,138.20000000000002,860.7982381656116
8,138.3,858.7036168418023
8,138.4,848.1012603766753
8,138.5,850.274690441583
8,138.6,848.1859341830428
8,138.70000000000002,850.8724691379712
8,138.8,866.3252988476664
8,138.9,872.3822311408385
8,139.0,880.2973647357097
8,139.1,875.3446402760281
8,139.20000000000002,859.6993203037606
8,139.3,852.5396790630725
8,139.4,847.6262942145296
8,139.5,853.0172737713707
8,139.6,852.119275079708
8,139.70000000000002,833.2702039383714
8,139.8,845.1966383261749
8,139.9,857.3284251762316
8,140.0,848.8730279313369
8,140.1,841.1418433585185
8,140.20000000000002,853.8619003981647
8,140.3,858.913147949249
8,140.4,875.6663150675533
8,140.5,868.3917057225643
8,140.6,843.3137842092102
8,140.70000000000002,843.669386838423
8,140.8,853.5292123794583
8,140.9,846.9960168918058
8,141.0,869.0764047889667
8,141.1,863.901928996591
8,141.20000000000002,881.0497395131385
8,141.3,872.7620901521193
8,141.4,847.0937705422864
8,141.5,829.3685149474587
8,141.6,849.2575282753779
8,141.70000000000002,860.6005574425074
8,141.8,866.7306135519259
8,141.9,872.7401835199116
8,142.0,853.5034512253529
8,142.1,871.267702830265
8,142.20000000000002,870.3889064728952
8,142.3,857.2980489258251
8,142.4,843.1368599739322
8,142.5,851.7731030900322
8,142.6,855.5531572547471
8,142.70000000000002,843.9094393072718
8,142.8,855.1790756031498
8,142.9,866.6577993604562
8,143.0,868.1768415251066
8,143.1,868.7984578566859
8,143.20000000000002,873.9472632957875
8,143.3,865.8295591261615
8,143.4,981.9180587268559
8,143.5,1124.876030457252
8,143.6,853.4436409713219
8,143.70000000000002,856.9129440707089
8,143.8,895.272416594202
8,143.9,948.9948336039402
8,144.0,878.7565042828109
8,144.1,880.5180915597781
8,144.20000000000002,867.41544660025
8,144.3,872.4399558904258
8,144.4,868.3131003085796
8,144.5,870.187184578838
8,144.6,870.8765018964856
8,144.70000000000002,869.4067734105366
8,144.8,866.3751245206939
8,144.9,860.473399596828
8,145.0,862.947004146174
8,145.1,863.8236325481995
8,145.20000000000002,853.695107827694
8,145.3,861.3875208051943
8,145.4,854.15732152607
8,145.5,868.4576488265864
8,145.6,869.6613625153979
8,145.70000000000002,872.4949875102094
8,145.8,848.002041735096
8,145.9,854.8317266267921
8,146.0,846.5405437226569
8,146.1,853.3780514947463
8,146.20000000000002,846.7681260898462
8,146.3,840.1212612453405
8,146.4,834.7157527664729
8,146.5,855.7530343989476
8,146.6,887.7255920903598
8,146.70000000000002,858.9474399864636
8,146.8,850.1982374608315
8,146.9,856.6502982488347
8,147.0,887.5849522073454
8,147.1,890.1762085349068
8,147.20000000000002,846.270061361328
8,147.3,865.2847477762958
8,147.4,868.1748647604065
8,147.5,869.6392995160448
8,147.6,885.0525753579643
8,147.70000000000002,875.8972556690283
8,147.8,858.2120684844868
8,147.9,857.6148106643734
8,148.0,869.9018644405842
8,148.1,879.2638474336368
8,148.20000000000002,877.1652142992274
8,148.3,875.1642457681528
8,148.4,881.3548127173474
8,148.5,883.0513475643901
8,148.6,876.0605464981173
8,148.70000000000002,876.8941577018753
8,148.8,866.0840411933149
8,148.9,883.674554051564
8,149.0,956.2762142378875
8,149.1,852.8556417949418
8,149.20000000000002,867.5840414787189
8,149.3,869.9522576551614
8,149.4,866.6331692481474
8,149.5,886.5784492787121
8,149.6,875.0100674440994
8,149.70000000000002,874.9071002018296
8,149.8,878.9640586074439
8,149.9,867.4684691097657
8,150.0,849.0071174235113
8,150.1,881.0307848721751
8,150.20000000000002,884.5663535059255
8,150.3,879.1371937475585
8,150.4,880.558042759208
8,150.5,864.9337006226009
8,150.6,860.195265647501
8,150.70000000000002,866.889432017326
8,150.8,862.6561146943337
8,150.9,867.509531693322
8,151.0,866.664523014347
8,151.1,879.3042788348998
8,151.20000000000002,880.5073468782633
8,151.3,882.16664706995
8,151.4,870.070103304979
8,151.5,885.7866968892595
8,151.6,876.0267212427958
8,151.70000000000002,867.8807032390001
8,151.8,883.43195624239
8,151.9,878.4546382052552
8,152.0,861.6567576131608
8,152.1,865.3156443783071
8,152.20000000000002,869.7809758790665
8,152.3,863.3478547385093
8,152.4,873.6619133169867
8,152.5,874.8536827173731
8,152.6,887.2988578252348
8,152.70000000000002,870.6737663159932
8,152.8,883.9673578295223
8,152.9,893.1662267497188
8,153.0,908.8781145053447
8,153.1,858.7910670128124
8,153.20000000000002,857.9966572036518
8,153.3,860.8995532586285
8,153.4,888.8020473060777
8,153.5,881.7693852869761
8,153.60000000000002,882.3804679776941
8,153.70000000000002,874.0648914358289
8,153.8,873.1274467151329
8,153.9,869.6262850248296
8,154.0,873.4266545490502
8,154.10000000000002,868.8169877375651
8,154.20000000000002,869.1929241898473
8,154.3,878.3540375286201
8,154.4,855.8915142404412
8,154.5,861.3201798636064
8,154.60000000000002,855.4776582398468
8,154.70000000000002,857.9960691143059
8,154.8,862.3943368793243
8,154.9,857.3157732432003
8,155.0,879.024975978688
8,155.10000000000002,880.2985045933582
8,155.20000000000002,874.1241682891437
8,155.3,875.6149109631643
8,155.4,876.2481891242852
8,155.5,864.8151057957857
8,155.60000000000002,864.7187379787424
8,155.70000000000002,900.0628451975457
8,155.8,968.3259184525805
8,155.9,870.8990006867315
8,156.0,847.7413894767946
8,156.10000000000002,861.0576599310454
8,156.20000000000002,879.7584941470568
8,156.3,888.5962527327339
8,156.4,878.2861638020358
8,156.5,885.4158786758136
8,156.60000000000002,861.7000785720202
8,156.70000000000002,854.2672108018512
8,156.8,875.3425920270681
8,156.9,869.4205928820262
8,157.0,874.4307103220181
8,157.10000000000002,894.6738078504676
8,157.20000000000002,875.5266032935309
8,157.3,877.9722847834887
8,157.4,899.9815747538505
8,157.5,867.46113532808
8,157.60000000000002,869.3743304223044
8,157.70000000000002,861.033000912632
8,157.8,881.6482830080744
8,157.9,858.0126863545166
8,158.0,865.6097824986716
8,158.10000000000002,888.4784370575044
8,158.20000000000002,862.6480478934781
8,158.3,860.6808345717913
8,158.4,867.5054283192583
8,158.5,865.5073216971512
8,158.60000000000002,882.1156556384225
8,158.70000000000002,871.8724035551872
8,158.8,898.8232956883134
8,158.9,1026.2708998558278
8,159.0,870.0900719134751
8,159.10000000000002,856.4596021550282
8,159.20000000000002,877.7302655651594
8,159.3,874.5362471675389
8,159.4,885.7287343393673
8,159.5,865.017101586235
8,159.60000000000002,878.1325362044846
8,159.70000000000002,879.0957078018463
8,159.8,875.7628732374093
8,159.9,840.3529622575817
8,160.0,887.6093274159996
8,160.10000000000002,860.546005384207
8,160.20000000000002,834.1096787306277
8,160.3,873.2899889313751
8,160.4,861.4708752087917
8,160.5,859.4493355509276
8,160.60000000000002,845.5099072357593
8,160.70000000000002,864.3813853137693
8,160.8,867.8824478985877
8,160.9,867.5592172846965
8,161.0,850.8468212279055
8,161.10000000000002,861.1064506687543
8,161.20000000000002,876.149662783535
8,161.3,897.5411465066736
8,161.4,924.0638380091134
8,161.5,876.4286477125429
8,161.60000000000002,866.2061329620882
8,161.70000000000002,897.2336756063423
8,161.8,1034.7832039716664
8,161.9,859.4552071951106
8,162.0,877.7330279553648
8,162.10000000000002,835.9293785706153
8,162.20000000000002,860.7154494232461
8,162.3,897.281764963107
8,162.4,845.3160907680517
8,162.5,834.8712690523818
8,162.60000000000002,829.8037141010835
8,162.70000000000002,838.1868451273565
8,162.8,817.167943661317
8,162.9,835.9128814058824
8,163.0,826.3362530404987
8,163.10000000000002,838.8637929458405
8,163.20000000000002,854.3023389168458
8,163.3,845.5625953133383
8,163.4,844.3969832138323
8,163.5,825.6441254887757
8,163.60000000000002,841.1845046162805
8,163.70000000000002,843.6239442745975
8,163.8,830.2351549325165
8,163.9,819.9339845563258
8,164.0,806.1529044573542
8,164.10000000000002,818.5138074801715
8,164.20000000000002,849.9920266187247
8,164.3,847.938885642184
8,164.4,856.5934874740677
8,164.5,982.5852918582872
8,164.60000000000002,823.271783163436
8,164.70000000000002,822.405100968159
8,164.8,851.9330343195109
8,164.9,858.1919436810607
8,165.0,848.6544113652285
8,165.10000000000002,844.5593471702651
8,165.20000000000002,827.8373620694505
8,165.3,834.0908806139186
8,165.4,854.2186804672298
8,165.5,836.8778826346792
8,165.60000000000002,836.6816237218376
8,165.70000000000002,842.8838370733755
8,165.8,821.076653897532
8,165.9,824.0103047909541
8,166.0,836.3285359227003
8,166.10000000000002,811.8045177886404
8,166.20000000000002,851.1686582904948
8,166.3,821.7845492744328
8,166.4,841.5298106033414
8,166.5,835.3554319986274
8,166.60000000000002,854.2099740545472
8,166.70000000000002,860.1439297447919
8,166.8,822.3965890517953
8,166.9,822.0971289581298
8,167.0,836.811153683754
8,167.10000000000002,842.0694291616934
8,167.20000000000002,845.6451856799725
8,167.3,847.6585961278655
8,167.4,859.6886894186273
8,167.5,856.8168992172328
8,167.60000000000002,843.8217242682764
8,167.70000000000002,825.2436936241418
8,167.8,839.0383621033383
8,167.9,846.4207469322384
8,168.0,830.8126053757163
8,168.10000000000002,848.9690590974141
8,168.20000000000002,838.1739938932019
8,168.3,869.4279398546934
8,168.4,863.301498750912
8,168.5,899.3441572270394
8,168.60000000000002,1023.5833150419204
8,168.70000000000002,866.6429655706308
8,168.8,850.0508436265355
8,168.9,837.7460895489465
8,169.0,853.0496611423533
8,169.10000000000002,853.4135852728839
8,169.20000000000002,880.7214642907968
8,169.3,844.0291301104194
8,169.4,827.6140757205372
8,169.5,855.4942717453207
8,169.60000000000002,857.3746492211568
8,169.70000000000002,855.2900786746401
8,169.8,847.3822871787901
8,169.9,846.2161975160917
8,170.0,864.2679476985105
8,170.10000000000002,852.5742657481586
8,170.20000000000002,838.4726963487916
8,170.3,849.6487949178505
8,170.4,846.0133352321365
8,170.5,855.3050716256661
8,170.60000000000002,859.7956535369825
8,170.70000000000002,838.5250384848893
8,170.8,837.2918697224261
8,170.9,858.6835875781562
8,171.0,837.382759689276
8,171.10000000000002,846.9099965586796
8,171.20000000000002,834.7515144342735
8,171.3,852.8691110184496
8,171.4,839.1287675634202
8,171.5,842.111200837817
8,171.60000000000002,858.7363191952523
8,171.70000000000002,848.567822665861
8,171.8,854.3436034642406
8,171.9,848.4714635106118
8,172.0,844.286991073854
8,172.10000000000002,859.7970782900641
8,172.20000000000002,855.0989403400306
8,172.3,847.0448041433191
8,172.4,876.5580194128103
8,172.5,856.8450062668884
8,172.60000000000002,876.3073760345691
8,172.70000000000002,837.7127224388303
8,172.8,860.2714254176578
8,172.9,853.2031662610232
8,173.0,854.419130624169
8,173.10000000000002,906.4901111490103
8,173.20000000000002,849.0316555606394
8,173.3,850.9033841014909
8,173.4,853.0210829483816
8,173.5,876.4089028623034
8,173.60000000000002,844.7959242210372
8,173.70000000000002,868.3860234387765
8,173.8,981.810099671145
8,173.9,861.402808634153
8,174.0,859.0329848451272
8,174.10000000000002,847.0021913111908
8,174.20000000000002,866.1803146297227
8,174.3,860.4493791577097
8,174.4,852.8494641958141
8,174.5,871.3872642202709
8,174.60000000000002,867.9419641052616
8,174.70000000000002,856.171927659838
8,174.8,865.8501461663387
8,174.9,929.7781926040595
8,175.0,839.7705291318468
8,175.10000000000002,879.3062003564588
8,175.20000000000002,849.3003427148498
8,175.3,840.5993882576092
8,175.4,843.2101837545463
8,175.5,857.3548834734454
8,175.60000000000002,848.2144640947605
8,175.70000000000002,844.942480297768
8,175.8,853.5763905189685
8,175.9,848.6488087008527
8,176.0,842.9792363734703
8,176.10000000000002,850.0975547772207
8,176.20000000000002,855.2204512158546
8,176.3,860.4862604520279
8,176.4,864.5135405318583
8,176.5,853.1844884276744
8,176.60000000000002,863.2785252361832
8,176.70000000000002,845.7614399801765
8,176.8,854.9172977324516
8,176.9,866.1534535731727
8,177.0,858.3716522861146
8,177.10000000000002,848.2582385323668
8,177.20000000000002,860.5697860535386
8,177.3,861.8013568742576
8,177.4,861.8418343787343
8,177.5,868.1492657000225
8,177.60000000000002,913.1241236761363
8,177.70000000000002,848.307031629915
8,177.8,848.3560691518607
8,177.9,861.9983462168822
8,178.0,870.4923703030317
8,178.10000000000002,876.9274764503539
8,178.20000000000002,994.7625308589293
8,178.3,855.8555199168824
8,178.4,838.1242438423222
8,178.5,856.2449605920956
8,178.60000000000002,855.9576320181403
8,178.70000000000002,829.792223730226
8,178.8,864.4210113505602
8,178.9,840.8799432394945
8,179.0,833.3539984868811
8,179.10000000000002,842.7993684105713
8,179.20000000000002,856.1021468166953
8,179.3,864.0599363888068
8,179.4,851.3551211129919
8,179.5,827.7689687368943
8,179.60000000000002,861.4758639108652
8,179.70000000000002,866.5640788729094
8,179.8,859.2086833333722
8,179.9,854.3530463696918
8,180.0,872.3184104885906
8,180.10000000000002,875.1894386122395
8,180.20000000000002,860.8759873749311
8,180.3,854.4345646710651
8,180.4,853.1308418110464
8,180.5,853.1990550886533
8,180.60000000000002,856.8244823381879
8,180.70000000000002,825.9002604404916
8,180.8,836.1897565655239
8,180.9,854.3467418505019
8,181.0,856.6157709852906
8,181.10000000000002,831.4063545563993
8,181.20000000000002,855.2832749569947
8,181.3,880.8168510980053
8,181.4,837.7519852034894
8,181.5,855.6216695427771
8,181.60000000000002,856.587440719613
8,181.70000000000002,823.0274225218233
8,181.8,839.1938940032999
8,181.9,855.5163886250238
8,182.0,862.1516141004287
8,182.10000000000002,853.7880334647882
8,182.20000000000002,851.3524328731257
8,182.3,872.1869687069143
8,182.4,861.7031347480996
8,182.5,869.7109242923556
8,182.60000000000002,862.4872450049475
8,182.70000000000002,872.8134011628331
8,182.8,848.2920734072984
8,182.9,857.9004369895919
8,183.0,862.1600062907469
8,183.10000000000002,865.7768081073575
8,183.20000000000002,851.3500100823992
8,183.3,849.7241971577275
8,183.4,859.149451837536
8,183.5,842.3065917833876
8,183.60000000000002,835.1838340895013
8,183.70000000000002,879.2586167652349
8,183.8,865.6177017597339
8,183.9,842.0046669824076
8,184.0,852.6390151423091
8,184.10000000000002,852.2258436015875
8,184.20000000000002,866.0737414604968
8,184.3,863.8458232694901
8,184.4,867.8123443301802
8,184.5,917.2785950347055
8,184.60000000000002,870.3393511297085
8,184.70000000000002,871.55701642612
8,184.8,858.3326338710673
8,184.9,854.2425464262561
8,185.0,845.5953438377936
8,185.10000000000002,852.7202156922592
8,185.20000000000002,870.2158017976236
8,185.3,873.0707339914903
8,185.4,960.9738975442443
8,185.5,878.6421920036029
8,185.60000000000002,864.0208716700599
8,185.70000000000002,870.9744836535897
8,185.8,871.2675616249502
8,185.9,864.8010245150829
8,186.0,852.406593482897
8,186.10000000000002,848.6856747043466
8,186.20000000000002,846.5226978549445
8,186.3,868.7023887170109
8,186.4,872.6557195109274
8,186.5,856.0106729236063
8,186.60000000000002,845.192848421657
8,186.70000000000002,856.1127415930998
8,186.8,869.4812801394423
8,186.9,867.0430549147059
8,187.0,854.5214822729341
8,187.10000000000002,855.2611003071431
8,187.20000000000002,839.971230597044
8,187.3,843.697391352355
8,187.4,836.1142822045904
8,187.5,853.6291246148896
8,187.60000000000002,835.4705468445856
8,187.70000000000002,850.6443410146637
8,187.8,862.2119423208709
8,187.9,865.0415620595564
8,188.0,976.1477498754965
8,188.10000000000002,885.8882017194425
8,188.20000000000002,840.507444126907
8,188.3,927.0560885673569
8,188.4,870.0020814472446
8,188.5,955.8473917214297
8,188.60000000000002,893.3549967536644
8,188.70000000000002,866.4785252610983
8,188.8,863.6056265557562
8,188.9,855.4914587186616
8,189.0,931.9800386616055
8,189.10000000000002,879.6402602657346
8,189.20000000000002,881.5230758996312
8,189.3,857.0639417806442
8,189.4,845.1115366263973
8,189.5,853.6554726629797
8,189.60000000000002,889.3219801530696
8,189.70000000000002,885.0511532369796
8,189.8,1013.4256881566005
8,189.9,858.7556851911509
8,190.0,855.6573789715729
8,190.10000000000002,854.7890673348123
8,190.20000000000002,861.9778245364228
8,190.3,868.9603120325014
8,190.4,864.6872275663469
8,190.5,860.2018286359695
8,190.60000000000002,849.2276698926969
8,190.70000000000002,831.6649623980778
8,190.8,849.7258079767444
8,190.9,855.7864993566374
8,191.0,855.9205398848145
8,191.10000000000002,870.8366263593365
8,191.20000000000002,834.360434990351
8,191.3,843.4811216104185
8,191.4,865.6529342834466
8,191.5,856.7651274242319
8,191.60000000000002,854.9019555264825
8,191.70000000000002,844.0778280352944
8,191.8,845.0400854836312
8,191.9,865.1061572393256
8,192.0,871.8212485095432
8,192.10000000000002,855.427445040838
8,192.20000000000002,839.5890182881362
8,192.3,846.0084022808368
8,192.4,870.5100232430883
8,192.5,1015.8273966502012
8,192.60000000000002,880.1989015278768
8,192.70000000000002,858.7590466506032
8,192.8,840.0787230503886
8,192.9,886.8421358608779
8,193.0,835.5976982359907
8,193.10000000000002,860.6856339711389
8,193.20000000000002,863.6524624989923
8,193.3,1061.380953244923
8,193.4,859.8712680725432
8,193.5,858.9915475167571
8,193.60000000000002,885.3027355239448
8,193.70000000000002,868.6574110863569
8,193.8,872.4573292402827
8,193.9,846.6548002187516
8,194.0,988.3630594534316
8,194.10000000000002,866.7246113238972
8,194.20000000000002,849.4401850238623
8,194.3,843.1315545776444
8,194.4,843.2975218151531
8,194.5,837.342083419315
8,194.60000000000002,855.8238769724912
8,194.70000000000002,849.3647146116177
8,194.8,869.372246955546
8,194.9,853.642887482636
8,195.0,868.8752688846157
8,195.10000000000002,835.1930556328188
8,195.20000000000002,860.9405777682413
8,195.3,830.6533510083115
8,195.4,936.2227978139867
8,195.5,853.8558733040085
8,195.60000000000002,886.3249818801237
8,195.70000000000002,836.7113964686387
8,195.8,845.7578639357998
8,195.9,867.8722861626654
8,196.0,852.2514955607978
8,196.10000000000002,854.8807395718571
8,196.20000000000002,859.8049943562904
8,196.3,854.3128388483854
8,196.4,867.432775773231
8,196.5,854.1909575666596
8,196.60000000000002,859.0601182954155
8,196.70000000000002,858.0997205186918
8,196.8,875.227096698376
8,196.9,855.9256193480119
8,197.0,861.7462364703864
8,197.10000000000002,944.7123853333268
8,197.20000000000002,870.2611876302092
8,197.3,833.6955823547032
8,197.4,862.5538931667592
8,197.5,872.2157861571528
8,197.60000000000002,844.6828178197092
8,197.70000000000002,840.521807455381
8,197.8,852.0123394881265
8,197.9,896.2971335021983
8,198.0,870.8010844206904
8,198.10000000000002,858.8694035994921
8,198.20000000000002,867.7889190381006
8,198.3,870.1220688646
8,198.4,862.0022331201505
8,198.5,857.2644318427141
8,198.60000000000002,870.3066560098584
8,198.70000000000002,843.0754624004528
8,198.8,859.6205691325627
8,198.9,865.1506468157202
8,199.0,836.5744574204202
8,199.10000000000002,840.6222315525617
8,199.20000000000002,841.7801890528274
8,199.3,833.9481461941698
8,199.4,883.4173487601089
8,199.5,858.6139771414003
8,199.60000000000002,856.5578594790114
8,199.70000000000002,849.90963327821
8,199.8,847.196984629828
8,199.9,890.0893249154118
8,200.0,856.9652300914056
8,200.10000000000002,853.5846705607058
8,200.20000000000002,883.9490007253406
8,200.3,860.4905334931394
8,200.4,871.9882642746178
8,200.5,873.5170706774657
8,200.60000000000002,861.4827856157353
8,200.70000000000002,837.8996607064524
8,200.8,849.360480050708
8,200.9,860.9270052245694
8,201.0,854.9135744694032
8,201.10000000000002,841.4861092479995
8,201.20000000000002,854.0430459380012
8,201.3,837.6738890548359
8,201.4,865.3015628614745
8,201.5,852.2122625561746
8,201.60000000000002,849.9025323611404
8,201.70000000000002,855.9765887130105
8,201.8,867.2112241941339
8,201.9,841.6165952505751
8,202.0,845.357263513433
8,202.10000000000002,877.4211638393867
8,202.20000000000002,870.87524188253
8,202.3,875.129951761048
8,202.4,861.3835445390157
8,202.5,846.9727080263445
8,202.60000000000002,863.1442904162378
8,202.70000000000002,857.7604411587106
8,202.8,870.0955242581232
8,202.9,844.1964317215891
8,203.0,877.456010951514
8,203.10000000000002,870.6177873939328
8,203.20000000000002,869.928651456498
8,203.3,834.2452958781857
8,203.4,858.682864507368
8,203.5,846.9280471084422
8,203.60000000000002,859.9235669555469
8,203.70000000000002,844.5549066708576
8,203.8,867.0878582162808
8,203.9,843.6213405592924
8,204.0,899.7112272044911
8,204.10000000000002,864.6830279274488
8,204.20000000000002,868.0268250058388
8,204.3,851.7751594501354
8,204.4,834.48847266378
8,204.5,945.2547713441513
8,204.60000000000002,856.7717081208241
8,204.70000000000002,834.029661563569
8,204.8,848.4145908556522
8,204.9,861.253092169343
8,205.0,871.7650847213287
8,205.10000000000002,860.1309352840788
8,205.20000000000002,852.2193465392952
8,205.3,854.1032095104206
8,205.4,847.7699671702389
8,205.5,842.7039825959321
8,205.60000000000002,863.4223391096781
8,205.70000000000002,864.1788336342061
8,205.8,857.798834142726
8,205.9,840.7727874203547
8,206.0,848.0150988574492
8,206.10000000000002,853.8341623598611
8,206.20000000000002,858.2987039297738
8,206.3,876.4029604463497
8,206.4,871.3308216909037
8,206.5,858.9338893715375
8,206.60000000000002,850.7038047646943
8,206.70000000000002,846.4345205488063
8,206.8,853.743454467648
8,206.9,844.4870057478541
8,207.0,861.4055406850539
8,207.10000000000002,871.6652336427866
8,207.20000000000002,836.2092358898776
8,207.3,843.8162677419444
8,207.4,852.9117100122484
8,207.5,861.8638143716997
8,207.60000000000002,874.4510539140866
8,207.70000000000002,865.5732783162312
8,207.8,853.6816621794783
8,207.9,874.3937526267267
8,208.0,865.6349983582143
8,208.10000000000002,848.3231470939875
8,208.20000000000002,857.7938824416697
8,208.3,866.219345570698
8,208.4,858.1631978421033
8,208.5,852.2654718335539
8,208.60000000000002,852.8137746045667
8,208.70000000000002,859.051986379429
8,208.8,873.5197466247306
8,208.9,855.0355128578428
8,209.0,859.6159510682305
8,209.10000000000002,885.2550288991783
8,209.20000000000002,840.5333224004489
8,209.3,906.5204746391298
8,209.4,865.091770165248
8,209.5,843.3354355170384
8,209.60000000000002,845.8370874703048
8,209.70000000000002,835.956028965752
8,209.8,855.0806741207977
8,209.9,846.9738981120651
8,210.0,849.1531738029142
8,210.10000000000002,835.3410944613325
8,210.20000000000002,852.0266127215788
8,210.3,874.8661273255854
8,210.4,871.5503703482536
8,210.5,864.648335136333
8,210.60000000000002,875.5238945084667
8,210.70000000000002,876.930627675012
8,210.8,866.5303303544694
8,210.9,866.6994955276232
8,211.0,856.2365915716097
8,211.10000000000002,846.6625651378661
8,211.20000000000002,860.1226524548237
8,211.3,870.6881584415534
8,211.4,854.5098168951785
8,211.5,837.2904190409924
8,211.60000000000002,843.0453302375253
8,211.70000000000002,1004.5988886544441
8,211.8,889.9361801402358
8,211.9,845.1504562930536
8,212.0,850.9618621290284
8,212.10000000000002,876.5307115040303
8,212.20000000000002,882.2068766228975
8,212.3,875.5644790456417
8,212.4,855.4930605090582
8,212.5,852.3362442455609
8,212.60000000000002,821.8271879335124
8,212.70000000000002,852.9673256696866
8,212.8,867.7286777753964
8,212.9,863.3688062497316
8,213.0,861.580052813302
8,213.10000000000002,858.1874565293738
8,213.20000000000002,1192.190177313136
8,213.3,884.4155846392796
8,213.4,829.4534540979104
8,213.5,844.0251941117182
8,213.60000000000002,841.5789002523406
8,213.70000000000002,866.742505561716
8,213.8,859.603902188131
8,213.9,826.3746606768648
8,214.0,830.1882677611904
8,214.10000000000002,848.0932388075464
8,214.20000000000002,855.2678853139664
8,214.3,852.3011402403686
8,214.4,866.8049389230042
8,214.5,856.0277320696721
8,214.60000000000002,874.9326441703691
8,214.70000000000002,857.2533935997598
8,214.8,840.9099106733081
8,214.9,845.0209193552004
8,215.0,822.7545621136809
8,215.10000000000002,832.4935554946109
8,215.20000000000002,850.6789509008322
8,215.3,864.0267845641372
8,215.4,882.1312521544576
8,215.5,877.9503455112534
8,215.60000000000002,896.6621476166697
8,215.70000000000002,865.5002580669078
8,215.8,851.3878327585168
8,215.9,851.9941521949547
8,216.0,864.330857700446
8,216.10000000000002,880.6312933189765
8,216.20000000000002,886.0844012295557
8,216.3,857.5350555754874
8,216.4,876.6685269489686
8,216.5,840.8979120379527
8,216.60000000000002,869.7760758053497
8,216.70000000000002,867.6883972001732
8,216.8,862.8110041303779
8,216.9,856.8183416409315
8,217.0,850.5815309886339
8,217.10000000000002,848.0772070054204
8,217.20000000000002,858.4461155787824
8,217.3,857.5737636821134
8,217.4,858.1284104915518
8,217.5,851.7623912860105
8,217.60000000000002,854.0448467906859
8,217.70000000000002,850.9855473222193
8,217.8,925.3537174717495
8,217.9,889.270365119878
8,218.0,860.1279142248497
8,218.10000000000002,851.8866338769388
8,218.20000000000002,863.1239937236572
8,218.3,843.202023812993
8,218.4,883.1068212456928
8,218.5,870.0921365667738
8,218.60000000000002,848.0085675461298
8,218.70000000000002,869.0640596726047
8,218.8,849.5611775320815
8,218.9,852.571263216337
8,219.0,880.2856678549047
8,219.10000000000002,845.9225335876507
8,219.20000000000002,869.6641573465939
8,219.3,881.2560468135914
8,219.4,852.5522150639899
8,219.5,862.5501602292222
8,219.60000000000002,855.6616981158758
8,219.70000000000002,874.4867067194733
8,219.8,847.5203407843686
8,219.9,854.1149756220892
8,220.0,860.8090750882845
8,220.10000000000002,863.192423714969
8,220.20000000000002,873.8402491751735
8,220.3,857.9341247184616
8,220.4,1012.8359022215654
8,220.5,878.8810624830222
8,220.60000000000002,873.392467721918
8,220.70000000000002,837.8013912886762
8,220.8,841.5518699088015
8,220.9,837.1149121987481
8,221.0,848.8362484427945
8,221.10000000000002,863.4070369366075
8,221.20000000000002,868.2946450785516
8,221.3,876.3052887831972
8,221.4,871.7874056622159
8,221.5,869.180951681313
8,221.60000000000002,882.6633273512355
8,221.70000000000002,881.0181181775066
8,221.8,857.3289797337357
8,221.9,854.9836513660604
8,222.0,857.951242738342
8,222.10000000000002,861.1077146664196
8,222.20000000000002,844.1577792804328
8,222.3,858.7887713272006
8,222.4,832.8130613942808
8,222.5,870.8904880836078
8,222.60000000000002,976.3198498321542
8,222.70000000000002,867.5401838007343
8,222.8,843.72689514682
8,222.9,850.5856045268529
8,223.0,858.9597509087422
8,223.10000000000002,863.7120923770159
8,223.20000000000002,864.8791031827313
8,223.3,882.3194404740029
8,223.4,900.2588001844343
8,223.5,876.557627937676
8,223.60000000000002,874.9766901411144
8,223.70000000000002,869.2152343317069
8,223.8,883.2336724551503
8,223.9,908.9211327077566
8,224.0,894.4046175997522
8,224.10000000000002,892.7378979469394
8,224.20000000000002,871.7555833851169
8,224.3,877.7599886063416
8,224.4,865.3499144865538
8,224.5,863.2285113244009
8,224.60000000000002,876.0893894486298
8,224.70000000000002,873.7208391299677
8,224.8,892.3036696235677
8,224.9,880.1592344256347
8,225.0,858.6362318955925
8,225.10000000000002,862.6486326079932
8,225.20000000000002,877.1433118540219
8,225.3,864.9985449028493
8,225.4,873.0012031996272
8,225.5,845.5123240673006
8,225.60000000000002,851.3077078511159
8,225.70000000000002,879.2795405749877
8,225.8,880.4944447542177
8,225.9,848.434820104174
8,226.0,862.2435624308971
8,226.10000000000002,859.4688992858809
8,226.20000000000002,867.2241414616614
8,226.3,876.2721985497863
8,226.4,885.6317557403071
8,226.5,871.9351129119884
8,226.60000000000002,872.0588501640611
8,226.70000000000002,938.3783699592672
8,226.8,878.1411478942476
8,226.9,881.4099000540921
8,227.0,876.0131000757734
8,227.10000000000002,869.0745262998604
8,227.20000000000002,867.7457591700959
8,227.3,866.414660769423
8,227.4,873.0881226447066
8,227.5,898.9247276058943
8,227.60000000000002,895.3887551384519
8,227.70000000000002,881.4581725694436
8,227.8,855.8610371346433
8,227.9,850.848588486476
8,228.0,837.5993729469037
8,228.10000000000002,851.6275888420306
8,228.20000000000002,840.8295387767909
8,228.3,848.1706583591291
8,228.4,865.7099125551349
8,228.5,869.042991035878
8,228.60000000000002,867.8337467582937
8,228.70000000000002,873.6687203326436
8,228.8,861.108266188821
8,228.9,864.1405551852156
8,229.0,875.8934593361975
8,229.10000000000002,873.3810440907756
8,229.20000000000002,880.1424666644444
8,229.3,866.4900859577366
8,229.4,876.3087949955211
8,229.5,861.4524786297903
8,229.60000000000002,878.2836593987745
8,229.70000000000002,875.4587977182382
8,229.8,869.0435692232902
8,229.9,868.8067906487541
8,230.0,875.0829920722481
8,230.10000000000002,865.1436812621645
8,230.20000000000002,871.611580939039
8,230.3,863.1280890868221
8,230.4,882.6811064973268
8,230.5,867.7558086209567
8,230.60000000000002,912.4976645662751
8,230.70000000000002,922.7907296211481
8,230.8,864.4833134357724
8,230.9,854.5023744959698
8,231.0,856.810405465684
8,231.10000000000002,855.5653955698732
8,231.20000000000002,818.1484956515859
8,231.3,849.212179921229
8,231.4,837.7197868208617
8,231.5,831.5485401551688
8,231.60000000000002,838.3044843557534
8,231.70000000000002,840.5824078671712
8,231.8,830.6129165280616
8,231.9,830.9619168481979
8,232.0,844.8543493366121
8,232.10000000000002,861.5952064097714
8,232.20000000000002,871.2991623919703
8,232.3,863.5217630804631
8,232.4,862.9823156098097
8,232.5,868.1248214020197
8,232.60000000000002,873.9850296400008
8,232.70000000000002,871.1992408486741
8,232.8,875.002960365818
8,232.9,861.8610896012037
8,233.0,867.5217587784513
8,233.10000000000002,869.1618079380471
8,233.20000000000002,851.0663906124861
8,233.3,851.385197945038
8,233.4,863.7917015729296
8,233.5,878.6057410684288
8,233.60000000000002,871.0858318951888
8,233.70000000000002,858.6968647772256
8,233.8,866.640552708246
8,233.9,867.4936220400652
8,234.0,870.9271949959491
8,234.10000000000002,853.1400135432423
8,234.20000000000002,843.8484335121268
8,234.3,978.2315440521745
8,234.4,898.0403797348282
8,234.5,836.0684393514812
8,234.60000000000002,846.7214431361484
8,234.70000000000002,839.5639835986564
8,234.8,853.2594033793646
8,234.9,852.6890739055112
8,235.0,834.74928997691
8,235.10000000000002,836.3690476637336
8,235.20000000000002,855.4841094066132
8,235.3,866.8405876591171
8,235.4,863.824227188417
8,235.5,866.1278630815934
8,235.60000000000002,857.9201683105109
8,235.70000000000002,858.3611976181462
8,235.8,854.3018857660261
8,235.9,870.3076582482273
8,236.0,846.5960520973322
8,236.10000000000002,871.3337628845147
8,236.20000000000002,880.2017918591627
8,236.3,882.8493115402399
8,236.4,883.2909444704704
8,236.5,857.1846141352523
8,236.60000000000002,838.9260486541584
8,236.70000000000002,838.6075181824253
8,236.8,861.8657159806265
8,236.9,917.7606212196849
8,237.0,877.2560627146067
8,237.10000000000002,854.0747434435938
8,237.20000000000002,848.3096607584613
8,237.3,851.5231220860305
8,237.4,847.9913664514158
8,237.5,839.589886885742
8,237.60000000000002,857.9329204134797
8,237.70000000000002,863.7297439398379
8,237.8,868.8502130215986
8,237.9,855.5986503929341
8,238.0,857.2033395779966
8,238.10000000000002,857.645323142835
8,238.20000000000002,857.6502344407378
8,238.3,848.3675736144788
8,238.4,862.2531228445762
8,238.5,846.0985781819654
8,238.60000000000002,853.8524633478492
8,238.70000000000002,855.4567239017503
8,238.8,867.6791670669888
8,238.9,861.8156409005335
8,239.0,859.4807216676874
8,239.10000000000002,871.5071376622175
8,239.20000000000002,883.9365326762986
8,239.3,872.793876811447
8,239.4,872.3271028918514
8,239.5,862.9817748489867
8,239.60000000000002,875.8149670685
8,239.70000000000002,875.1996101572204
8,239.8,873.5368972351494
8,239.9,865.8379697579707
8,240.0,858.4141311067583
8,240.10000000000002,870.9484932916846
8,240.20000000000002,861.4803854797746
8,240.3,854.3371610395858
8,240.4,875.3650012905579
8,240.5,863.6064471169656
8,240.60000000000002,863.4885673171111
8,240.70000000000002,866.8528071122213
8,240.8,865.9079067856826
8,240.9,878.1807029273638
8,241.0,878.1037337164887
8,241.10000000000002,861.3815277211797
8,241.20000000000002,852.2237117580889
8,241.3,857.5431127562495
8,241.4,881.0210692440963
8,241.5,847.8029874282773
8,241.60000000000002,845.1889820528314
8,241.70000000000002,867.123872276753
8,241.8,854.9841111906964
8,241.9,852.6345960639661
8,242.0,868.8077752805241
8,242.10000000000002,867.7656833388926
8,242.20000000000002,848.751548945008
8,242.3,948.266790663223
8,242.4,870.4073772854231
8,242.5,863.2335078430484
8,242.60000000000002,878.1903833792039
8,242.70000000000002,865.4891381637138
8,242.8,874.0351847569278
8,242.9,876.8743211292708
8,243.0,855.6069299659015
8,243.10000000000002,874.3753520799758
8,243.20000000000002,872.8606287919415
8,243.3,859.3266634624994
8,243.4,854.0664776348584
8,243.5,868.165293586267
8,243.60000000000002,873.5110357365486
8,243.70000000000002,861.5439336906014
8,243.8,871.6453003264554
8,243.9,871.8585118564412
8,244.0,856.9488363444867
8,244.10000000000002,867.0455052516745
8,244.20000000000002,884.2836277376568
8,244.3,886.1260045064405
8,244.4,893.1894833625626
8,244.5,874.4319527904665
8,244.60000000000002,919.5129369151863
8,244.70000000000002,901.8630219985424
8,244.8,877.7067538391505
8,244.9,855.7072991648126
8,245.0,855.3743631875176
8,245.10000000000002,874.8164154905298
8,245.20000000000002,878.1794713253246
8,245.3,945.6457364183445
8,245.4,891.3116193293587
8,245.5,861.6163627713797
8,245.60000000000002,865.092304604637
8,245.70000000000002,854.6356491618327
8,245.8,854.8931976038267
8,245.9,842.4165960249235
8,246.0,835.8434028560808
8,246.10000000000002,842.4389398275786
8,246.20000000000002,869.3412356197083
8,246.3,855.1680083767176
8,246.4,860.197216294144
8,246.5,849.0103111039626
8,246.60000000000002,831.6197619557516
8,246.70000000000002,841.6724577366272
8,246.8,861.6980419756522
8,246.9,859.6710229478268
8,247.0,850.2520945975571
8,247.10000000000002,866.0624844161101
8,247.20000000000002,868.5032508627148
8,247.3,874.5834174851682
8,247.4,874.8834649013153
8,247.5,872.2044731201244
8,247.60000000000002,869.4594601295782
8,247.70000000000002,871.6103002380454
8,247.8,857.9379304293928
8,247.9,859.290243541293
8,248.0,857.7184798543615
8,248.10000000000002,871.8496754025209
8,248.20000000000002,881.2208156603258
8,248.3,874.5364878015175
8,248.4,854.6915924973478
8,248.5,854.891935536678
8,248.60000000000002,879.0771872719716
8,248.70000000000002,870.1185241476552
8,248.8,857.2935288984089
8,248.9,849.8116513032522
8,249.0,874.2663201139962
8,249.10000000000002,881.3865160278591
8,249.20000000000002,875.3093861708074
8,249.3,885.7266607189088
8,249.4,863.140375832092
8,249.5,855.1425863581667
8,249.60000000000002,862.2696693777391
8,249.70000000000002,867.7480928437996
8,249.8,914.2969966487549
8,249.9,908.3959268560704
8,250.0,884.9897433859219
8,250.10000000000002,868.2443756810623
8,250.20000000000002,869.1879845118967
8,250.3,910.6802506838737
8,250.4,893.495323781903
8,250.5,877.5347791608982
8,250.60000000000002,871.5710050764161
8,250.70000000000002,870.5714034199117
8,250.8,858.2480727818596
8,250.9,861.1005585959084
8,251.0,862.2109773865634
8,251.10000000000002,869.9335438179144
8,251.20000000000002,880.8728351495473
8,251.3,876.1394356670037
8,251.4,868.6069841759495
8,251.5,863.84189783897
8,251.60000000000002,860.9638582435986
8,251.70000000000002,863.9140012457624
8,251.8,857.396160982513
8,251.9,854.0393239494076
8,252.0,844.5642798347242
8,252.10000000000002,831.6247173193382
8,252.20000000000002,841.1395257062146
8,252.3,856.3929072489822
8,252.4,859.6333558016736
8,252.5,864.4615136062527
8,252.60000000000002,871.2610854788646
8,252.70000000000002,855.5048163760705
8,252.8,823.939789283753
8,252.9,827.8131907812195
8,253.0,845.3828336307772
8,253.10000000000002,871.7082209124015
8,253.20000000000002,867.1507650474989
8,253.3,857.4767783184202
8,253.4,843.7286197077638
8,253.5,853.8480836979106
8,253.60000000000002,858.5571284753305
8,253.70000000000002,848.9277768566111
8,253.8,853.3482695832871
8,253.9,849.348600849238
8,254.0,860.5578016975567
8,254.10000000000002,866.9344540637655
8,254.20000000000002,861.1441605567337
8,254.3,865.0801190823189
8,254.4,876.6022220334992
8,254.5,865.8529522627194
8,254.60000000000002,875.2518098803143
8,254.70000000000002,888.2117134666171
8,254.8,870.0334561443607
8,254.9,869.9695521643617
8,255.0,874.8928925732477
8,255.10000000000002,868.0279275050315
8,255.20000000000002,859.0293517551621
8,255.3,849.5317758597342
8,255.4,877.3508213578193
8,255.5,868.7972680185385
8,255.60000000000002,879.2592471654715
8,255.70000000000002,871.3094362727784
8,255.8,877.9545238780391
8,255.9,866.1301908441676
8,256.0,851.6590690938639
8,256.1,852.1540459521873
8,256.2,849.5241268836684
8,256.3,846.3991144180636
8,256.40000000000003,837.6574156925498
8,256.5,850.3604515001393
8,256.6,869.4265297172522
8,256.7,860.350197214434
8,256.8,869.8094958353021
8,256.90000000000003,868.3102007968339
8,257.0,857.2043205894056
8,257.1,861.025120558837
8,257.2,868.3258380898817
8,257.3,861.0505619854112
8,257.40000000000003,856.847239542498
8,257.5,873.5909697325685
8,257.6,874.0273801744712
8,257.7,850.5613322354611
8,257.8,863.3742133163397
8,257.90000000000003,875.4329547393077
8,258.0,976.6128667016158
8,258.1,930.2217240933933
8,258.2,860.2996330604219
8,258.3,943.8977808865391
8,258.40000000000003,900.4188805142696
8,258.5,864.8074698844559
8,258.6,859.5063389279497
8,258.7,837.0156406338416
8,258.8,842.8192191507638
8,258.90000000000003,835.3979066148393
8,259.0,850.2848315235392
8,259.1,969.4496445743229
8,259.2,945.6833892313996
8,259.3,882.8255725639119
8,259.40000000000003,873.9988252060557
8,259.5,874.7854479337938
8,259.6,855.4136490220678
8,259.7,842.3334253032809
8,259.8,840.065633516816
8,259.90000000000003,851.8926385382553
8,260.0,864.4429561305453
8,260.1,871.8540307974604
8,260.2,864.2222162017661
8,260.3,859.2090212546942
8,260.40000000000003,868.529964580017
8,260.5,877.7335782321517
8,260.6,851.030846071791
8,260.7,860.5387991693516
8,260.8,901.5699198879179
8,260.90000000000003,887.1833179915204
8,261.0,864.4166043777984
8,261.1,878.9739245542863
8,261.2,852.3298498409505
8,261.3,852.6113104761037
8,261.40000000000003,864.9276559618357
8,261.5,869.1297112390448
8,261.6,862.5682696162263
8,261.7,859.1888639949669
8,261.8,859.8745306645316
8,261.90000000000003,870.9400137171377
8,262.0,869.8057351946682
8,262.1,856.6036063273795
8,262.2,858.964055044552
8,262.3,870.8209090161106
8,262.40000000000003,868.990898802125
8,262.5,855.3285873516656
8,262.6,970.3391163030424
8,262.7,942.6719336189783
8,262.8,865.043722213217
8,262.90000000000003,853.2888582796978
8,263.0,848.7720358548743
8,263.1,858.6073126140532
8,263.2,865.1865022763722
8,263.3,852.4843770719131
8,263.40000000000003,855.0612831712242
8,263.5,875.1830795187556
8,263.6,884.4652311301221
8,263.7,873.6533974464942
8,263.8,866.3152852523548
8,263.90000000000003,873.4081778869703
8,264.0,871.3454781931131
8,264.1,869.0281526401204
8,264.2,864.3440377551469
8,264.3,862.2076485295171
8,264.40000000000003,868.0748750501626
8,264.5,859.0260733209105
8,264.6,855.9792420382182
8,264.7,866.5978290243087
8,264.8,856.5494676274394
8,264.90000000000003,836.236293699209
8,265.0,851.3963334937806
8,265.1,857.599774838796
8,265.2,843.3924243661613
8,265.3,855.4886529339051
8,265.40000000000003,862.6118346143558
8,265.5,874.2755091643871
8,265.6,887.6412323687537
8,265.7,884.8831981013393
8,265.8,889.3526669792992
8,265.90000000000003,877.1421282535092
8,266.0,869.5827394844447
8,266.1,886.1419371694417
8,266.2,868.5663196163612
8,266.3,873.802799862752
8,266.40000000000003,875.9958649700762
8,266.5,866.9704918565611
8,266.6,876.0744552789073
8,266.7,879.7980071849956
8,266.8,873.0049289455991
8,266.90000000000003,861.777433625944
8,267.0,869.6841014416432
8,267.1,874.5630659073239
8,267.2,869.2233985921943
8,267.3,877.0937107440477
8,267.40000000000003,863.5980349014093
8,267.5,864.5596006290807
8,267.6,878.249223760915
8,267.7,879.1659961826699
8,267.8,874.5058469433801
8,267.90000000000003,872.7065492067428
8,268.0,862.6881461536811
8,268.1,870.5054768568748
8,268.2,879.4504274095929
8,268.3,881.7882810165136
8,268.40000000000003,872.6420739753838
8,268.5,864.3653809384241
8,268.6,884.4211287070008
8,268.7,891.0703248010957
8,268.8,880.1498620382008
8,268.90000000000003,869.284956610626
8,269.0,876.0172832045025
8,269.1,884.2698805136442
8,269.2,883.6501797064776
8,269.3,882.953070309581
8,269.40000000000003,873.662364676161
8,269.5,886.6042270361721
8,269.6,888.2417590691443
8,269.7,874.2516998877692
8,269.8,867.5161324443718
8,269.90000000000003,865.113639952342
8,270.0,858.996251969442
8,270.1,900.2280817067245
8,270.2,907.480815396718
8,270.3,868.7140166908491
8,270.40000000000003,863.0627784225894
8,270.5,866.06492441298
8,270.6,867.9994091349505
8,270.7,871.594780880373
8,270.8,872.9933145585171
8,270.90000000000003,877.1091609929891
8,271.0,876.8168861684586
8,271.1,869.7594394356511
8,271.2,869.7693691867772
8,271.3,866.2963080726859
8,271.40000000000003,858.8315942525157
8,271.5,870.1546502711667
8,271.6,870.3377303884058
8,271.7,876.8995533740463
8,271.8,907.6941869451191
8,271.90000000000003,904.1443648657489
8,272.0,962.0537032397501
8,272.1,926.6005430556361
8,272.2,870.6108108926253
8,272.3,878.8254031139643
8,272.40000000000003,963.33493957607
8,272.5,956.4645674278852
8,272.6,888.5466910724522
8,272.7,869.1558200320269
8,272.8,876.6750955817482
8,272.90000000000003,876.6462083322549
8,273.0,875.0919419328089
8,273.1,873.0438227762593
8,273.2,860.9784561377687
8,273.3,871.6301948497048
8,273.40000000000003,878.6882723038583
8,273.5,870.0622670487174
8,273.6,869.8549450561771
8,273.7,870.8468334396091
8,273.8,860.334172792842
8,273.90000000000003,856.5175866594249
8,274.0,855.6269698473064
8,274.1,866.5113233561983
8,274.2,870.3715300548312
8,274.3,849.1186348213104
8,274.40000000000003,845.7879479566503
8,274.5,853.5589545802227
8,274.6,869.5570584850873
8,274.7,867.4400491695727
8,274.8,857.8993051169144
8,274.90000000000003,861.249915043357
8,275.0,867.5773424366695
8,275.1,937.7859164641087
8,275.2,926.230707164282
8,275.3,870.2209561183898
8,275.40000000000003,868.834888841021
8,275.5,888.3691282317675
8,275.6,890.6352632031385
8,275.7,873.9589751308216
8,275.8,867.8837825068329
8,275.90000000000003,875.0415539441124
8,276.0,901.5465219949245
8,276.1,897.3438205345632
8,276.2,879.3687770175858
8,276.3,866.8849138318762
8,276.40000000000003,864.1222224782009
8,276.5,870.2087538054978
8,276.6,869.9264775899535
8,276.7,874.0972570864838
8,276.8,872.909293310838
8,276.90000000000003,862.7342200870183
8,277.0,861.5061179663634
8,277.1,869.077870311154
8,277.2,870.2682990892589
8,277.3,859.5326564023973
8,277.40000000000003,869.5648804787782
8,277.5,880.1521410158958
8,277.6,879.6205311306043
8,277.7,871.081338446657
8,277.8,871.9198620574477
8,277.90000000000003,870.1139592613002
8,278.0,873.1105153683568
8,278.1,883.273510483725
8,278.2,860.3212745911063
8,278.3,849.7776468584411
8,278.40000000000003,864.3092736991141
8,278.5,877.1882065143832
8,278.6,868.0254276844413
8,278.7,868.7062379961131
8,278.8,876.2868184672417
8,278.90000000000003,867.6051773134924
8,279.0,878.7555290305055
8,279.1,877.8976411504491
8,279.2,856.6039079063269
8,279.3,872.8771573441471
8,279.40000000000003,870.0840238841595
8,279.5,866.6965837052535
8,279.6,881.1468300257347
8,279.7,877.409278932081
8,279.8,871.6752030557554
8,279.90000000000003,873.2266597568066
8,280.0,883.643031020276
8,280.1,953.9857039856163
8,280.2,937.8730438391054
8,280.3,875.0072371947522
8,280.40000000000003,876.888850503856
8,280.5,879.8132614015732
8,280.6,886.0062157715219
8,280.7,891.2833081709896
8,280.8,886.9391681162444
8,280.90000000000003,859.0537575328517
8,281.0,858.5894336543823
8,281.1,882.6030268087842
8,281.2,874.8395194145753
8,281.3,864.2797528518057
8,281.40000000000003,876.8021117024922
8,281.5,887.8748292944456
8,281.6,884.3337977897004
8,281.7,880.7971247415186
8,281.8,879.4282705936173
8,281.90000000000003,882.5037736111475
8,282.0,879.5698923731661
8,282.1,877.5158157741628
8,282.2,878.7499938512576
8,282.3,880.9600342585236
8,282.40000000000003,877.8573153699829
8,282.5,868.9690924826704
8,282.6,885.0519014783613
8,282.7,900.7533262635169
8,282.8,879.4082664970049
8,282.90000000000003,869.4863623704404
8,283.0,872.3210217211044
8,283.1,876.040992406769
8,283.2,877.2873670298948
8,283.3,873.734844383338
8,283.40000000000003,883.964474642817
8,283.5,882.4507550457273
8,283.6,911.9737118209017
8,283.7,922.4872993523477
8,283.8,889.2230185859412
8,283.90000000000003,872.1978152967024
8,284.0,877.1936699042082
8,284.1,882.8433669615828
8,284.2,895.8774719860224
8,284.3,968.8136089338897
8,284.40000000000003,964.3070069779579
8,284.5,891.6240167802507
8,284.6,880.616250737159
8,284.7,884.0315531823234
8,284.8,879.1357430833781
8,284.90000000000003,878.1603379699343
8,285.0,883.3414371745902
8,285.1,877.5768009612434
8,285.2,881.535341625918
8,285.3,881.0550706909751
8,285.40000000000003,881.0394929917668
8,285.5,891.4390246388174
8,285.6,877.8276791073678
8,285.7,870.4357863479627
8,285.8,874.0969308551604
8,285.90000000000003,874.8740870903562
8,286.0,875.2054451926674
8,286.1,875.0890618782214
8,286.2,873.7969158232105
8,286.3,879.2312903446123
8,286.40000000000003,876.7549731821571
8,286.5,874.444970409379
8,286.6,888.4539250540352
8,286.7,922.5576393858598
8,286.8,917.0450542191792
8,286.90000000000003,880.1150302044948
8,287.0,867.6244535821596
8,287.1,933.9941266927542
8,287.2,1029.4330241906625
8,287.3,974.4748844633426
8,287.40000000000003,881.3754078624294
8,287.5,864.1176366053813
8,287.6,869.9713029179803
8,287.7,870.1172451468092
8,287.8,879.869544812832
8,287.90000000000003,885.3683029023442
8,288.0,872.2485420505074
8,288.1,870.2662126682314
8,288.2,869.9903814636201
8,288.3,879.1483924930452
8,288.40000000000003,888.3772136366849
8,288.5,884.0004333466774
8,288.6,874.4595546621437
8,288.7,862.6516764362749
8,288.8,852.4255127979749
8,288.90000000000003,847.7121514864175
8,289.0,863.4074477605894
8,289.1,882.1135294869271
8,289.2,885.9699599090708
8,289.3,872.3739387294762
8,289.40000000000003,876.4714703571318
8,289.5,889.0685252868961
8,289.6,873.0922538331142
8,289.7,867.8372140728251
8,289.8,874.1096430109355
8,289.90000000000003,948.4899843273715
8,290.0,951.7639364579337
8,290.1,849.3409966129782
8,290.2,854.6288705869993
8,290.3,875.6821219896844
8,290.40000000000003,879.5647172481451
8,290.5,861.6825614887888
8,290.6,855.874782844563
8,290.7,867.9008436686393
8,290.8,906.7964117237844
8,290.90000000000003,909.4548798239298
8,291.0,877.468105727691
8,291.1,877.7726071042676
8,291.2,865.0277865691602
8,291.3,865.478496673562
8,291.40000000000003,870.2379955602155
8,291.5,873.4480389831034
8,291.6,869.6009745800842
8,291.7,855.3277561008518
8,291.8,862.8834274054569
8,291.90000000000003,871.9089030357853
8,292.0,863.0866550540084
8,292.1,867.8198837691668
8,292.2,864.4587486597602
8,292.3,858.594368025698
8,292.40000000000003,867.3542332875062
8,292.5,858.2245410380989
8,292.6,862.6428904942194
8,292.7,884.5467525230601
8,292.8,885.2234573364825
8,292.90000000000003,882.2125000581382
8,293.0,880.4295407967288
8,293.1,883.5048042324623
8,293.2,876.032627677447
8,293.3,975.509001155225
8,293.40000000000003,999.6106556408923
8,293.5,950.4764153362246
8,293.6,966.9388794655459
8,293.7,871.8233307925489
8,293.8,861.2363442138101
8,293.90000000000003,857.7411773952538
8,294.0,870.7013560964916
8,294.1,889.7969647377266
8,294.2,868.3438116746096
8,294.3,857.0167676603207
8,294.40000000000003,870.7285201115216
8,294.5,880.10847761066
8,294.6,875.6655355983199
8,294.7,864.6055437153881
8,294.8,867.2272080138393
8,294.90000000000003,857.3608539143702
8,295.0,857.7138147895747
8,295.1,865.6881422005715
8,295.2,868.7035345755966
8,295.3,880.3192842349553
8,295.40000000000003,877.1811942391208
8,295.5,877.2882527444509
8,295.6,869.648996136908
8,295.7,867.6998771086113
8,295.8,879.1745986117323
8,295.90000000000003,900.3504663797737
8,296.0,899.9354554708592
8,296.1,884.0968736864679
8,296.2,878.9035456855914
8,296.3,879.2541792665684
8,296.40000000000003,885.7067574872024
8,296.5,864.406504291508
8,296.6,851.5902139158999
8,296.7,876.9033161224186
8,296.8,888.108291914998
8,296.90000000000003,882.9128591736708
8,297.0,884.3633815385642
8,297.1,875.217993072416
8,297.2,863.4353174869295
8,297.3,958.1376396201977
8,297.40000000000003,993.1024784726068
8,297.5,881.3520899104517
8,297.6,879.9564584999913
8,297.7,886.0190029003707
8,297.8,870.486717779506
8,297.90000000000003,854.1708123083516
8,298.0,883.84179006715
8,298.1,872.2515117465383
8,298.2,874.3057731115648
8,298.3,868.4180317020999
8,298.40000000000003,856.8430804178705
8,298.5,870.9407540883216
8,298.6,860.9905394822547
8,298.7,852.0735030362503
8,298.8,865.6442011418684
8,298.90000000000003,860.469103813789
8,299.0,855.8219936663467
8,299.1,872.3627494152545
8,299.2,891.190152707179
8,299.3,877.7196158384811
8,299.40000000000003,881.6467355454101
8,299.5,894.6721026099265
8,299.6,859.6916669146369
8,299.7,846.0307956570515
8,299.8,872.380731541428
8,299.90000000000003,886.9312008068396
8,300.0,874.7384812146889
8,300.1,870.9945077059077
8,300.2,879.1211147836669
8,300.3,880.6272744234558
8,300.40000000000003,859.8433721266679
8,300.5,865.4649281605498
8,300.6,860.0106753356062
8,300.7,852.7071598230905
8,300.8,875.7007155471763
16,0.0,900.011
16,0.1,948.9105864200002
16,0.2,969.5938361806363
16,0.30000000000000004,954.8193680053564
16,0.4,964.0588261076972
16,0.5,958.910005861539
16,0.6000000000000001,949.8308759719882
16,0.7000000000000001,990.4536508110865
16,0.8,998.4905603989697
16,0.9,977.9971734888775
16,1.0,959.2740521337178
16,1.1,956.4239704607028
16,1.2000000000000002,971.505122920762
16,1.3,971.8422775924801
16,1.4000000000000001,1013.5983445170914
16,1.5,1015.1366253922566
16,1.6,962.7054686116221
16,1.7000000000000002,961.0815355613324
16,1.8,968.9101721658574
16,1.9000000000000001,972.2708091893168
16,2.0,950.8440309590811
16,2.1,947.7749646720756
16,2.2,975.5099079578542
16,2.3000000000000003,1038.8317300184426
16,2.4000000000000004,999.2220367282359
16,2.5,960.082666895408
16,2.6,977.0327467427875
16,2.7,958.7761516861616
16,2.8000000000000003,978.0280131688302
16,2.9000000000000004,965.3160845069884
16,3.0,970.732422800162
16,3.1,968.0512947389238
16,3.2,974.6687371021738
16,3.3000000000000003,955.1971384136999
16,3.4000000000000004,977.974963336439
16,3.5,980.6886761430511
16,3.6,978.87997274458
16,3.7,972.1060442089763
16,3.8000000000000003,965.3277333115707
16,3.9000000000000004,935.9557058133661
16,4.0,944.1324041312133
16,4.1000000000000005,960.3633525877988
16,4.2,976.2239955528763
16,4.3,970.2398627983779
16,4.4,957.4518454966546
16,4.5,954.5374425424843
16,4.6000000000000005,965.709570097787
16,4.7,977.2859557644928
16,4.800000000000001,966.590779067861
16,4.9,992.5775206118877
16,5.0,982.9972502889058
16,5.1000000000000005,962.9622915565044
16,5.2,964.9252187208856
16,5.300000000000001,983.657705777204
16,5.4,992.4696867013597
16,5.5,966.9247168175331
16,5.6000000000000005,957.4439913439636
16,5.7,969.1686825121938
16,5.800000000000001,1075.041709690195
16,5.9,1016.8566269666075
16,6.0,977.3647930515215
16,6.1000000000000005,996.6812914068681
16,6.2,968.3470250110796
16,6.300000000000001,966.5763470035862
16,6.4,990.1505371471462
16,6.5,978.243529704138
16,6.6000000000000005,983.7148994464844
16,6.7,986.3522201808499
16,6.800000000000001,1022.9952876145734
16,6.9,1069.4226122818934
16,7.0,1085.3438493741794
16,7.1000000000000005,1019.6538002358907
16,7.2,1052.9149903511764
16,7.300000000000001,997.0472378076869
16,7.4,960.5508952207582
16,7.5,961.2021785668333
16,7.6000000000000005,975.6951097570799
16,7.7,984.3708883455171
16,7.800000000000001,956.2376852941103
16,7.9,950.7779253987543
16,8.0,1001.0476090553414
16,8.1,1004.6739543110125
16,8.200000000000001,978.9271665652406
16,8.3,969.3874228670006
16,8.4,983.6801759075303
16,8.5,971.1892600002859
16,8.6,963.282977994715
16,8.700000000000001,990.5832273061503
16,8.8,991.8600864881864
16,8.9,983.9758851525679
16,9.0,981.9125354479302
16,9.1,984.2896818920901
16,9.200000000000001,988.6672823675739
16,9.3,968.3535384310761
16,9.4,990.7202120352457
16,9.5,996.7336002015778
16,9.600000000000001,972.3833349085014
16,9.700000000000001,990.7577233888036
16,9.8,994.7449686351504
16,9.9,964.6011227992087
16,10.0,962.1882938530234
16,10.100000000000001,953.2848142617162
16,10.200000000000001,959.6081537828104
16,10.3,959.476288046086
16,10.4,968.3686693137251
16,10.5,989.5256987016514
16,10.600000000000001,983.8076623523299
16,10.700000000000001,968.3201650259838
16,10.8,974.1824222323887
16,10.9,960.1826589937381
16,11.0,954.657329380312
16,11.100000000000001,981.9729430391847
16,11.200000000000001,987.3504141025486
16,11.3,988.3356377621045
16,11.4,970.6758904739326
16,11.5,1047.2104870156327
16,11.600000000000001,1025.0622890840498
16,11.700000000000001,994.7945030854243
16,11.8,1028.6689319060124
16,11.9,1025.7397963516273
16,12.0,995.3858273476253
16,12.100000000000001,969.085986471611
16,12.200000000000001,967.7644831829436
16,12.3,963.6843174580104
16,12.4,1059.271623387962
16,12.5,1018.1000020372034
16,12.600000000000001,959.3216974757199
16,12.700000000000001,963.862103588886
16,12.8,957.7567207969198
16,12.9,973.7311107403165
16,13.0,996.2710139577551
16,13.100000000000001,991.8596576852968
16,13.200000000000001,970.9181820484836
16,13.3,971.5067491279237
16,13.4,962.7336825408095
16,13.5,974.7124388417898
16,13.600000000000001,975.063317502162
16,13.700000000000001,967.8173098966611
16,13.8,986.9186134734387
16,13.9,978.3843972302903
16,14.0,962.1237539678947
16,14.100000000000001,961.8855816188964
16,14.200000000000001,973.170574802298
16,14.3,982.4370920583183
16,14.4,1003.710605098941
16,14.5,1009.400252103303
16,14.600000000000001,1005.2672504518757
16,14.700000000000001,987.4735407435643
16,14.8,994.4719287515488
16,14.9,994.3995008573157
16,15.0,995.9772597447158
16,15.100000000000001,1003.2847513439715
16,15.200000000000001,995.3096020101124
16,15.3,968.3927696985
16,15.4,966.6950330275187
16,15.5,993.2825725355268
16,15.600000000000001,1051.3560199214285
16,15.700000000000001,1029.1944459455005
16,15.8,975.6537336794278
16,15.9,995.0032088205863
16,16.0,1050.141904574123
16,16.1,1077.1304039501622
16,16.2,1032.9734104090483
16,16.3,999.8021674768314
16,16.400000000000002,979.8342395204725
16,16.5,974.3997357414448
16,16.6,988.583871599356
16,16.7,997.0471555418966
16,16.8,1070.3088803166202
16,16.900000000000002,1037.8498482764835
16,17.0,977.8460800869102
16,17.1,984.4273501113769
16,17.2,980.3266911928037
16,17.3,976.8294283124563
16,17.400000000000002,981.9014522279912
16,17.5,973.5936064882868
16,17.6,973.7197347047697
16,17.7,986.3644067645811
16,17.8,980.5382015320831
16,17.900000000000002,980.5748795677766
16,18.0,985.0215910937542
16,18.1,976.2757393100094
16,18.2,966.1729128405764
16,18.3,978.5932536662777
16,18.400000000000002,989.4322904438568
16,18.5,969.8107456426483
16,18.6,957.3087163966222
16,18.7,979.1976993166252
16,18.8,1046.570099237482
16,18.900000000000002,1007.6693900877026
16,19.0,946.3592348398565
16,19.1,998.445467641685
16,19.200000000000003,1023.5093669795195
16,19.3,979.1718639744948
16,19.400000000000002,972.5625186074556
16,19.5,953.7897288873428
16,19.6,956.6382935893594
16,19.700000000000003,978.7235788011056
16,19.8,952.9148756769762
16,19.900000000000002,948.1257404056295
16,20.0,969.9388836529389
16,20.1,965.6883449251325
16,20.200000000000003,945.3522528464811
16,20.3,966.9739083070241
16,20.400000000000002,987.694041192869
16,20.5,987.5085230745037
16,20.6,977.7121491797534
16,20.700000000000003,972.0254781477847
16,20.8,971.8615237581251
16,20.900000000000002,958.2279456423058
16,21.0,955.271291058379
16,21.1,1026.1174902045832
16,21.200000000000003,1019.2728159282475
16,21.3,968.0431919454835
16,21.400000000000002,957.7379281844412
16,21.5,948.3242005718506
16,21.6,954.6054368694561
16,21.700000000000003,946.8827491468553
16,21.8,949.6182932527327
16,21.900000000000002,973.9578179282939
16,22.0,967.5583464938406
16,22.1,950.8218636529347
16,22.200000000000003,962.6267409343816
16,22.3,976.5784245831279
16,22.400000000000002,968.7810783818032
16,22.5,972.6671073725737
16,22.6,982.3524642840979
16,22.700000000000003,969.1827963636357
16,22.8,972.7258598796318
16,22.900000000000002,975.0096796291087
16,23.0,978.8237467464081
16,23.1,986.8114114413837
16,23.200000000000003,994.1862781477629
16,23.3,1000.686229300395
16,23.400000000000002,999.2896770862025
16,23.5,997.4196994169658
16,23.6,966.7640563333358
16,23.700000000000003,962.9944268141767
16,23.8,1002.625142473522
16,23.900000000000002,996.9443094314257
16,24.0,978.2479562171629
16,24.1,993.2041365843667
16,24.200000000000003,981.7223053469808
16,24.3,980.0647655396231
16,24.400000000000002,981.0723641586484
16,24.5,973.2121280344259
16,24.6,979.0095415684771
16,24.700000000000003,986.1242015221123
16,24.8,994.6867371993616
16,24.900000000000002,999.4125306794192
16,25.0,998.5929623720479
16,25.1,992.9356878033553
16,25.200000000000003,967.6837353521576
16,25.3,937.2594268609415
16,25.400000000000002,944.7760491840316
16,25.5,966.3045220045464
16,25.6,970.0434128401369
16,25.700000000000003,975.7142802093017
16,25.8,955.0283568274797
16,25.900000000000002,966.710617940123
16,26.0,1001.4906087713822
16,26.1,1001.2210622106155
16,26.200000000000003,983.5773922469493
16,26.3,1038.733505992662
16,26.400000000000002,1042.8123272329544
16,26.5,997.2803236369182
16,26.6,981.0488407201863
16,26.700000000000003,972.2932389403056
16,26.8,972.9308095180907
16,26.900000000000002,994.693007510295
16,27.0,999.023675719082
16,27.1,988.2624390623996
16,27.200000000000003,989.8083940466657
16,27.3,988.516941301276
16,27.400000000000002,987.1996905542223
16,27.5,993.9619638214017
16,27.6,994.6528220008291
16,27.700000000000003,992.1746737985629
16,27.8,1051.3686273730018
16,27.900000000000002,1023.4152036085636
16,28.0,992.868269439904
16,28.1,1006.9770195327685
16,28.200000000000003,979.0841313669979
16,28.3,976.3024019825197
16,28.400000000000002,977.8907517928285
16,28.5,958.7209424743968
16,28.6,1022.2388588124863
16,28.700000000000003,1029.2993306307108
16,28.8,977.6030757850292
16,28.900000000000002,995.1863032633121
16,29.0,996.7731231727305
16,29.1,988.7437590125692
16,29.200000000000003,965.3842154290072
16,29.3,969.0734686750465
16,29.400000000000002,976.3064338161665
16,29.5,976.5713196500224
16,29.6,980.6929412184055
16,29.700000000000003,985.2657419711297
16,29.8,988.2597370846852
16,29.900000000000002,974.2497382087438
16,30.0,989.0447726513486
16,30.1,1003.1253553101614
16,30.200000000000003,985.405648058092
16,30.3,976.691044608461
16,30.400000000000002,978.3503773759406
16,30.5,989.2100807844969
16,30.6,994.2995611527243
16,30.700000000000003,969.6535185097466
16,30.8,948.6313561781126
16,30.900000000000002,951.1965130885864
16,31.0,1015.6575261275473
16,31.1,1043.263728064297
16,31.200000000000003,985.5494522542641
16,31.3,971.1445182342402
16,31.400000000000002,983.027971477112
16,31.5,1029.8026204068406
16,31.6,1035.2552027373747
16,31.700000000000003,978.8150122038155
16,31.8,973.0629620313008
16,31.900000000000002,985.9307244249692
16,32.0,987.4306809475927
16,32.1,993.0541460553627
16,32.2,1030.609111512161
16,32.300000000000004,1028.1090540468388
16,32.4,966.9180661159199
16,32.5,950.8332361826288
16,32.6,987.6620266835694
16,32.7,1006.77722358511
16,32.800000000000004,1011.7440359852463
16,32.9,1009.6368983181947
16,33.0,980.2398561397071
16,33.1,982.953490695198
16,33.2,1006.9967691500466
16,33.300000000000004,1010.0204640573212
16,33.4,983.2799621118405
16,33.5,966.4221313513282
16,33.6,981.993267566093
16,33.7,995.183457607984
16,33.800000000000004,996.3610365026179
16,33.9,987.1767659719972
16,34.0,992.6127994795949
16,34.1,1005.0306169708322
16,34.2,1020.1228391845045
16,34.300000000000004,1014.1511436959539
16,34.4,991.1714144883131
16,34.5,986.0006513596203
16,34.6,968.892790782889
16,34.7,950.443841123277
16,34.800000000000004,973.310379292073
16,34.9,993.8117905944923
16,35.0,997.3078165121001
16,35.1,1031.0026891302439
16,35.2,1018.0240315786939
16,35.300000000000004,976.112947055474
16,35.4,989.8194424372248
16,35.5,998.883458701977
16,35.6,1002.3280716188589
16,35.7,1006.8203544743383
16,35.800000000000004,1000.9464456257396
16,35.9,990.7548473430505
16,36.0,968.251396866623
16,36.1,976.8682221794379
16,36.2,993.9820229034831
16,36.300000000000004,982.9125508470623
16,36.4,966.9553442378037
16,36.5,978.2062669846928
16,36.6,1002.0608433476615
16,36.7,1024.8127220615977
16,36.800000000000004,1038.9583427212524
16,36.9,982.442071095184
16,37.0,977.0924207759776
16,37.1,997.9992572777917
16,37.2,971.0507337045707
16,37.300000000000004,996.4947391718798
16,37.4,1011.0012476284894
16,37.5,983.8529721564955
16,37.6,1002.096076936127
16,37.7,996.9888215573629
16,37.800000000000004,1001.7681155724366
16,37.9,992.2183528833167
16,38.0,979.7971314852015
16,38.1,990.1377691271013
16,38.2,1013.6553660905977
16,38.300000000000004,1010.2753439608814
16,38.400000000000006,999.0235529453544
16,38.5,990.7179906642934
16,38.6,974.3300313985824
16,38.7,981.317942959876
16,38.800000000000004,964.5041072368576
16,38.900000000000006,951.5827339288745
16,39.0,960.5557311114183
16,39.1,955.100376850603
16,39.2,951.5861563153043
16,39.300000000000004,987.4872161557079
16,39.400000000000006,1019.7181598049882
16,39.5,1005.3244851026516
16,39.6,979.4385651971887
16,39.7,978.0466042728824
16,39.800000000000004,986.6530871161885
16,39.900000000000006,1010.8461571927991
16,40.0,1041.7661434140484
16,40.1,997.3550863142036
16,40.2,955.3467031338746
16,40.300000000000004,943.3931900685303
16,40.400000000000006,960.2057944676502
16,40.5,952.8453979231251
16,40.6,950.8999544280033
16,40.7,956.4184569403868
16,40.800000000000004,967.8955368303933
16,40.900000000000006,968.2770082397068
16,41.0,948.7340716852369
16,41.1,946.3444392527459
16,41.2,944.4455153492767
16,41.300000000000004,966.2892603772966
16,41.400000000000006,973.5881617261881
16,41.5,959.138012664411
16,41.6,948.5583025541192
16,41.7,972.2182863344922
16,41.800000000000004,993.2949031373969
16,41.900000000000006,978.9847837408678
16,42.0,980.527418584037
16,42.1,977.638373531521
16,42.2,981.7828563304645
16,42.300000000000004,992.2672583725301
16,42.400000000000006,984.3483752452482
16,42.5,977.6664329925156
16,42.6,967.4215988603229
16,42.7,983.1214457070977
16,42.800000000000004,1000.8249069382092
16,42.900000000000006,995.0808298878892
16,43.0,990.2039621707273
16,43.1,994.7596351477
16,43.2,993.9420843102533
16,43.300000000000004,985.0368445477534
16,43.400000000000006,995.8573623689764
16,43.5,990.7893516062468
16,43.6,1045.4779562495405
16,43.7,1075.6361709974776
16,43.800000000000004,996.0715713037816
16,43.900000000000006,983.4453395922485
16,44.0,991.8239049545717
16,44.1,1001.640040696624
16,44.2,988.1991371335575
16,44.300000000000004,1001.116517701613
16,44.400000000000006,1002.3917404474522
16,44.5,975.1576713433348
16,44.6,971.2693288476295
16,44.7,984.6669007808575
16,44.800000000000004,990.9678366052533
16,44.900000000000006,1052.1531359939088
16,45.0,1069.2429659619183
16,45.1,976.0727844522178
16,45.2,986.3842608955486
16,45.300000000000004,997.2929260656979
16,45.400000000000006,984.4819716687579
16,45.5,967.4384090948083
16,45.6,971.2263670811998
16,45.7,987.1990550228879
16,45.800000000000004,1002.5889902184816
16,45.900000000000006,982.9899683120211
16,46.0,968.6541501485688
16,46.1,979.8493322469267
16,46.2,991.13679304631
16,46.300000000000004,1007.3872145442492
16,46.400000000000006,1062.8120693615044
16,46.5,1071.833068279497
16,46.6,966.5392923037338
16,46.7,981.43327559672
16,46.800000000000004,978.7918300141306
16,46.900000000000006,986.7917212994914
16,47.0,983.0649499543697
16,47.1,981.5896357996425
16,47.2,982.522705672102
16,47.300000000000004,976.447903812997
16,47.400000000000006,984.0626510441577
16,47.5,979.2566416105016
16,47.6,992.7199346425352
16,47.7,1003.2659242035335
16,47.800000000000004,1003.3837657789762
16,47.900000000000006,1003.7669944551018
16,48.0,1014.1143777292211
16,48.1,1013.0795883354857
16,48.2,987.9623068449985
16,48.300000000000004,975.3577603442703
16,48.400000000000006,997.4887209096737
16,48.5,999.3774617523644
16,48.6,997.9296066733702
16,48.7,998.7174702196259
16,48.800000000000004,1008.2546471086671
16,48.900000000000006,981.6619980417673
16,49.0,1018.2479870897947
16,49.1,1084.6092500900702
16,49.2,999.8816563438538
16,49.300000000000004,985.5589486318978
16,49.400000000000006,978.5429812567459
16,49.5,981.580191680646
16,49.6,1000.6971607803332
16,49.7,993.1238678688942
16,49.800000000000004,976.2968228952417
16,49.900000000000006,984.5540248617938
16,50.0,995.4995513143723
16,50.1,1003.3872084696121
16,50.2,994.6834131900454
16,50.300000000000004,994.3004868709857
16,50.400000000000006,979.1882163454596
16,50.5,994.5381568311141
16,50.6,1007.3871809233565
16,50.7,1007.8338589478269
16,50.800000000000004,961.5224665955009
16,50.900000000000006,987.3945715306236
16,51.0,982.7042794052469
16,51.1,984.994438892834
16,51.2,984.0992891723413
16,51.300000000000004,973.4823124577343
16,51.400000000000006,963.4328421272829
16,51.5,956.7230222080311
16,51.6,983.5584939396905
16,51.7,1006.5803345501685
16,51.800000000000004,1008.2068814431436
16,51.900000000000006,996.0818079539625
16,52.0,977.1735668470478
16,52.1,977.6486198253849
16,52.2,1002.0646757184894
16,52.300000000000004,981.9184763811038
16,52.400000000000006,975.3809986103216
16,52.5,994.4703606708159
16,52.6,1000.4416719922224
16,52.7,1046.1331001525061
16,52.800000000000004,1071.3882813410646
16,52.900000000000006,1019.6993548957172
16,53.0,1034.1073331744767
16,53.1,989.3182619777106
16,53.2,981.042284858031
16,53.300000000000004,990.6817316141883
16,53.400000000000006,992.4622625787841
16,53.5,1002.803364876296
16,53.6,1010.9492776017901
16,53.7,1010.8328840786913
16,53.800000000000004,1016.6516179650318
16,53.900000000000006,1023.8230384534353
16,54.0,994.6884439951485
16,54.1,985.3749234756298
16,54.2,995.0841945751962
16,54.300000000000004,978.9428537529667
16,54.400000000000006,985.5219452903887
16,54.5,995.4694221316748
16,54.6,992.3347701627969
16,54.7,997.6741506556459
16,54.800000000000004,1007.4103472108765
16,54.900000000000006,992.1067988129129
16,55.0,983.3794383444135
16,55.1,994.2764535526214
16,55.2,1011.1080401208573
16,55.300000000000004,1007.3819145660086
16,55.400000000000006,1018.9370406090501
16,55.5,999.8561272356852
16,55.6,971.0998401621299
16,55.7,987.2007116195617
16,55.800000000000004,986.41749817187
16,55.900000000000006,980.2342273665259
16,56.0,1000.150368769822
16,56.1,1063.996408849897
16,56.2,1101.1059305967085
16,56.300000000000004,996.0712996189807
16,56.400000000000006,973.9712188845408
16,56.5,961.6401223464206
16,56.6,981.934029749515
16,56.7,1010.8907396056813
16,56.800000000000004,989.4220474974098
16,56.900000000000006,996.852251625569
16,57.0,1042.486375515884
16,57.1,1095.2414392313826
16,57.2,987.3644267943864
16,57.300000000000004,990.2743851535371
16,57.400000000000006,989.3480650185516
16,57.5,993.8537331296823
16,57.6,981.2236950999363
16,57.7,1031.6226140387867
16,57.800000000000004,1088.6126255202923
16,57.900000000000006,1033.656541378477
16,58.0,994.9430763675095
16,58.1,1004.3792011876145
16,58.2,1012.7159542604414
16,58.300000000000004,980.3573775963615
16,58.400000000000006,967.2976690904941
16,58.5,983.5255750906673
16,58.6,998.6417932947319
16,58.7,1008.4773047730927
16,58.800000000000004,996.6260428183018
16,58.900000000000006,981.980074458326
16,59.0,987.8369415061429
16,59.1,990.7478494263308
16,59.2,1030.0278495709665
16,59.300000000000004,1069.757916559235
16,59.400000000000006,1001.9589092332287
16,59.5,996.4166558232521
16,59.6,993.8704245119322
16,59.7,991.7818943384892
16,59.800000000000004,986.1776301167619
16,59.900000000000006,999.5554338543806
16,60.0,1030.5466786500629
16,60.1,1056.856246788017
16,60.2,1012.3218400205881
16,60.300000000000004,1003.0834826707
16,60.400000000000006,976.3890869770553
16,60.5,981.1461648739712
16,60.6,989.5519769037385
16,60.7,978.8436488650503
16,60.800000000000004,996.7047761410838
16,60.900000000000006,1005.4962250290115
16,61.0,994.5550438820978
16,61.1,971.4797955683806
16,61.2,987.4165123557494
16,61.300000000000004,1011.4177844876649
16,61.400000000000006,1020.9285844717188
16,61.5,1005.0577642092771
16,61.6,983.7256737275025
16,61.7,978.30355087737
16,61.800000000000004,1002.1076362098781
16,61.900000000000006,992.8284862133892
16,62.0,993.8398860830073
16,62.1,969.0691651783548
16,62.2,990.549001654173
16,62.300000000000004,1004.2149561209587
16,62.400000000000006,998.648967101678
16,62.5,981.5943292929052
16,62.6,1001.54714928909
16,62.7,1017.2554424513474
16,62.800000000000004,978.2587144703476
16,62.900000000000006,976.5015670058991
16,63.0,1003.9984391786919
16,63.1,1009.092218138927
16,63.2,998.6118364181391
16,63.300000000000004,1010.9116619771186
16,63.400000000000006,987.0871589924442
16,63.5,1002.2486685348146
16,63.6,1028.7378327211034
16,63.7,1021.2048013376185
16,63.800000000000004,1017.565302067182
16,63.900000000000006,1021.0643637976732
16,64.0,988.9419457172264
16,64.10000000000001,981.4918980311836
16,64.2,1000.4228586065835
16,64.3,1023.7915217788425
16,64.4,1062.0401750803428
16,64.5,1006.9490337412204
16,64.60000000000001,1000.4120641469052
16,64.7,986.175913420759
16,64.8,984.608263825073
16,64.9,984.544471309995
16,65.0,985.4750214855476
16,65.10000000000001,983.3656389824382
16,65.2,967.7334723738011
16,65.3,991.4241743659743
16,65.4,1003.9228677173297
16,65.5,992.1495665921643
16,65.60000000000001,995.3493291867109
16,65.7,1014.9490308702664
16,65.8,1050.6621940933592
16,65.9,972.292818815557
16,66.0,991.5573969023649
16,66.10000000000001,1017.8292527003485
16,66.2,995.7123362150603
16,66.3,1003.5431750456924
16,66.4,977.8393379975067
16,66.5,978.6038114356246
16,66.60000000000001,1002.539446445685
16,66.7,996.5520165883504
16,66.8,993.9710267218201
16,66.9,1017.70330997815
16,67.0,1016.7776732504109
16,67.10000000000001,994.771662132118
16,67.2,987.8192808524835
16,67.3,984.0764995846754
16,67.4,985.0319101333695
16,67.5,1015.3618995718094
16,67.60000000000001,973.7102097982907
16,67.7,966.9522999699763
16,67.8,971.2549282473958
16,67.9,987.3968643788496
16,68.0,1003.7209125459883
16,68.10000000000001,989.0841139197045
16,68.2,958.1449182960849
16,68.3,947.2544128044065
16,68.4,970.8192915289786
16,68.5,997.0477309749781
16,68.60000000000001,1023.4879644366456
16,68.7,1000.2281194372708
16,68.8,1032.1557341277728
16,68.9,1047.4384177365314
16,69.0,1068.7303970047894
16,69.10000000000001,1003.9280054305071
16,69.2,968.6694529281251
16,69.3,938.3285474150732
16,69.4,975.0353080496077
16,69.5,973.2259751713226
16,69.60000000000001,996.1195156533258
16,69.7,1006.6501274953724
16,69.8,1014.3969324392932
16,69.9,978.3804290083101
16,70.0,1018.3969308958684
16,70.10000000000001,1003.6130457973017
16,70.2,1002.41189477088
16,70.3,1022.2945430451814
16,70.4,993.9038578694788
16,70.5,999.4899316772702
16,70.60000000000001,1010.5347186712276
16,70.7,970.5475609447489
16,70.8,980.721030617938
16,70.9,1019.7066403818257
16,71.0,1022.3859591182679
16,71.10000000000001,990.9227898925812
16,71.2,990.9858401410645
16,71.3,1021.3381445271549
16,71.4,1004.04553739313
16,71.5,973.8786590139013
16,71.60000000000001,967.1147970791354
16,71.7,986.0738486092482
16,71.8,990.196758525311
16,71.9,971.272709106158
16,72.0,975.2023835244332
16,72.10000000000001,1008.1506002497171
16,72.2,970.2520399688334
16,72.3,979.8255276675458
16,72.4,952.9123183062901
16,72.5,970.2578725219215
16,72.60000000000001,959.9274410302476
16,72.7,970.3708385490783
16,72.8,979.5408471713484
16,72.9,988.718349167671
16,73.0,993.9857864725183
16,73.10000000000001,1013.5983209086186
16,73.2,1001.3418771284043
16,73.3,1015.4698599039739
16,73.4,991.9021039556786
16,73.5,984.4928346669082
16,73.60000000000001,1012.8605165058261
16,73.7,1025.055866349592
16,73.8,1049.6249098455235
16,73.9,1017.4199051733365
16,74.0,991.1177008956973
16,74.10000000000001,972.9097472554478
16,74.2,962.1356461008764
16,74.3,976.4695127342911
16,74.4,988.6472295795746
16,74.5,1009.0325177049978
16,74.60000000000001,994.0398886604049
16,74.7,1021.1237374524636
16,74.8,1053.5574928260469
16,74.9,1046.6435289041049
16,75.0,1013.0467228909921
16,75.10000000000001,1000.4330942214791
16,75.2,976.167368289997
16,75.3,965.3292698995381
16,75.4,1006.8215169324103
16,75.5,1009.0607297719764
16,75.60000000000001,1006.0893900094343
16,75.7,1018.498645837268
16,75.8,1068.9001479799122
16,75.9,979.8573750120927
16,76.0,976.8950360564722
16,76.10000000000001,978.6986389514669
16,76.2,999.2515360990114
16,76.3,994.4717459734318
16,76.4,998.1454093739435
16,76.5,1015.7149267119877
16,76.60000000000001,1045.5999257647109
16,76.7,1062.7108181420433
16,76.80000000000001,976.565204351915
16,76.9,963.8669041008628
16,77.0,999.4516457994276
16,77.10000000000001,1018.1498045900969
16,77.2,1007.4018540711849
16,77.30000000000001,1012.0870921674726
16,77.4,1003.3264148574224
16,77.5,982.3209335477723
16,77.60000000000001,973.96064818363
16,77.7,1018.9168935254914
16,77.80000000000001,1010.8130185059697
16,77.9,998.0466507954924
16,78.0,951.2519058615242
16,78.10000000000001,991.03557307612
16,78.2,1014.6268343278415
16,78.30000000000001,984.5740491752009
16,78.4,970.0468014049266
16,78.5,972.4633646230719
16,78.60000000000001,997.0581445410575
16,78.7,1016.218617904886
16,78.80000000000001,999.6260050305201
16,78.9,987.8725985179036
16,79.0,1022.3197530886849
16,79.10000000000001,1017.6343581308373
16,79.2,1033.6694574016967
16,79.30000000000001,1011.192512769642
16,79.4,1000.5909655654884
16,79.5,995.7267033919912
16,79.60000000000001,1008.9013226770605
16,79.7,995.0747802295572
16,79.80000000000001,991.589317184851
16,79.9,1001.4910617214634
16,80.0,986.2551811527381
16,80.10000000000001,1005.8815776532999
16,80.2,1082.0457269861347
16,80.30000000000001,961.6560605240335
16,80.4,971.1960821220605
16,80.5,990.046726123331
16,80.60000000000001,961.8513001715646
16,80.7,996.1672361160821
16,80.80000000000001,995.8387655015467
16,80.9,984.840224476733
16,81.0,979.2524934187012
16,81.10000000000001,1016.0573064456203
16,81.2,1004.8082995004434
16,81.30000000000001,992.1779692719346
16,81.4,980.4493509034463
16,81.5,982.4610882691442
16,81.60000000000001,970.6836190817538
16,81.7,995.6166639337378
16,81.80000000000001,971.971507207127
16,81.9,973.0671366476892
16,82.0,949.4072472490028
16,82.10000000000001,984.9389926565954
16,82.2,1002.2493986646526
16,82.30000000000001,999.1048494865062
16,82.4,972.1458551294262
16,82.5,998.4611467707153
16,82.60000000000001,978.489576523849
16,82.7,968.2779413741919
16,82.80000000000001,973.5518678267417
16,82.9,951.6685101734473
16,83.0,976.0797533955413
16,83.10000000000001,971.0557575585296
16,83.2,975.9293446475415
16,83.30000000000001,963.0071478314959
16,83.4,973.7792886328664
16,83.5,995.9857975966373
16,83.60000000000001,1012.6799291835418
16,83.7,992.6419867693855
16,83.80000000000001,1029.6660072066982
16,83.9,1014.3932393481457
16,84.0,1014.2296970321567
16,84.10000000000001,989.9466048266975
16,84.2,1005.1671688075007
16,84.30000000000001,995.2797975224507
16,84.4,999.8215492066054
16,84.5,985.5890211252672
16,84.60000000000001,986.1149656192734
16,84.7,989.0354941983273
16,84.80000000000001,1014.1617155585404
16,84.9,1007.4682361768251
16,85.0,1018.3616682654164
16,85.10000000000001,982.2080207901931
16,85.2,972.868283150453
16,85.30000000000001,983.1595092230501
16,85.4,1009.2037256612344
16,85.5,982.7271158639161
16,85.60000000000001,1013.2218223766224
16,85.7,988.9002209856202
16,85.80000000000001,1019.6365972407165
16,85.9,989.5945875561172
16,86.0,1015.8733882671114
16,86.10000000000001,983.1579536398019
16,86.2,1011.5480281430581
16,86.30000000000001,1014.2060959346671
16,86.4,974.4390358458193
16,86.5,975.2786370013486
16,86.60000000000001,1007.6945667034475
16,86.7,1076.048028270917
16,86.80000000000001,1140.8696751767288
16,86.9,1023.0497228439187
16,87.0,975.5090328808317
16,87.10000000000001,969.7342452716106
16,87.2,1005.9675350824836
16,87.30000000000001,1056.172727828086
16,87.4,994.686505980471
16,87.5,1009.0734127637674
16,87.60000000000001,1018.5409058666828
16,87.7,1014.6531914415327
16,87.80000000000001,985.6170255727699
16,87.9,995.375269803248
16,88.0,965.4879389776631
16,88.10000000000001,997.1467581698911
16,88.2,966.9943146280206
16,88.30000000000001,963.8119360732583
16,88.4,974.6045893915145
16,88.5,996.0996387498302
16,88.60000000000001,1005.9468374555897
16,88.7,1005.0496985030736
16,88.80000000000001,999.8308042218713
16,88.9,1018.3452799801743
16,89.0,1005.4599044909417
16,89.10000000000001,1001.7268292772914
16,89.2,1012.8330669178132
16,89.30000000000001,976.9060084981388
16,89.4,1001.4440788579572
16,89.5,1018.85892070451
16,89.60000000000001,1000.1440150022615
16,89.7,982.6766870701944
16,89.80000000000001,997.1495046153248
16,89.9,990.5578915050132
16,90.0,998.2496898597691
16,90.10000000000001,963.7163620519972
16,90.2,960.6607512130971
16,90.30000000000001,1000.1678602927134
16,90.4,1037.3696926440364
16,90.5,1043.369335144293
16,90.60000000000001,969.0134693173273
16,90.7,1026.3008089799755
16,90.80000000000001,981.7955071720456
16,90.9,972.5708890173489
16,91.0,978.4693291911406
16,91.10000000000001,1033.3672332775723
16,91.2,1005.1958788584392
16,91.30000000000001,1009.3022802597267
16,91.4,1017.3148415183338
16,91.5,994.1200704556936
16,91.60000000000001,1029.8017616068857
16,91.7,1027.5376011897333
16,91.80000000000001,991.8038123352995
16,91.9,966.9568652357099
16,92.0,998.430234495182
16,92.10000000000001,1004.9768631133942
16,92.2,969.5040450077458
16,92.30000000000001,1016.5449664936725
16,92.4,1001.5122411621572
16,92.5,976.9114339333113
16,92.60000000000001,1028.449042168844
16,92.7,1003.0749082349249
16,92.80000000000001,1018.8720168565712
16,92.9,974.7316076464494
16,93.0,998.9943114338477
16,93.10000000000001,991.0410487677227
16,93.2,972.2415862420485
16,93.30000000000001,1004.5650440781745
16,93.4,989.4576049800661
16,93.5,972.3858968625573
16,93.60000000000001,1022.2346206800078
16,93.7,1011.9448434238086
16,93.80000000000001,1011.6904624352745
16,93.9,997.315950072439
16,94.0,1016.1557220560868
16,94.10000000000001,986.2855169130896
16,94.2,977.7833277105573
16,94.30000000000001,1005.2908223507856
16,94.4,989.686066875721
16,94.5,1012.609957161171
16,94.60000000000001,986.0709807346751
16,94.7,951.3591547071011
16,94.80000000000001,1012.7047108578419
16,94.9,1009.2185183257213
16,95.0,1019.7703444175712
16,95.10000000000001,988.7120176683001
16,95.2,1041.8177186676123
16,95.30000000000001,1007.4771143764683
16,95.4,1013.4403394348359
16,95.5,989.3842676685603
16,95.60000000000001,1004.5820928564796
16,95.7,1011.1704693268655
16,95.80000000000001,1018.0078235123934
16,95.9,1007.3951441220227
16,96.0,1039.31055289551
16,96.10000000000001,1019.7725962713587
16,96.2,1045.9646882297434
16,96.30000000000001,1037.8453564056367
16,96.4,987.5489501716833
16,96.5,995.7737046100617
16,96.60000000000001,1013.7022765620623
16,96.7,1026.9050211895055
16,96.80000000000001,1015.0333593872317
16,96.9,1045.331625814166
16,97.0,1006.0071022996694
16,97.10000000000001,992.6323967993746
16,97.2,994.7541228704602
16,97.30000000000001,1017.8283896542788
16,97.4,1028.1742181048287
16,97.5,1000.831070970386
16,97.60000000000001,1018.1355540707276
16,97.7,1015.8932688101065
16,97.80000000000001,999.6327297765629
16,97.9,1005.916963679688
16,98.0,1000.3283754542313
16,98.10000000000001,979.3193161675431
16,98.2,998.5214559744579
16,98.30000000000001,1044.3816609696164
16,98.4,994.0711058522753
16,98.5,1026.455967771681
16,98.60000000000001,991.5327521139176
16,98.7,991.5359080854392
16,98.80000000000001,1000.4461471097452
16,98.9,994.4043256253177
16,99.0,1005.8235045631092
16,99.10000000000001,1030.1379977649144
16,99.2,1014.2203486177497
16,99.30000000000001,1009.5524897015976
16,99.4,1017.4385332666147
16,99.5,1056.0573544036563
16,99.60000000000001,1231.7331250076654
16,99.7,1028.5387431360016
16,99.80000000000001,990.0884357971252
16,99.9,998.9631807695604
16,100.0,1008.5947512688663
16,100.10000000000001,1113.5610865375852
16,100.2,1002.8150089794784
16,100.30000000000001,985.6881777651229
16,100.4,999.6907652553967
16,100.5,1058.311833144295
16,100.60000000000001,976.7821332520055
16,100.7,1028.249111767186
16,100.80000000000001,1005.9075514237526
16,100.9,1013.6722240290504
16,101.0,995.3209678530835
16,101.10000000000001,996.1598826916415
16,101.2,1021.8462692135934
16,101.30000000000001,994.9269190625174
16,101.4,1076.3020436895606
16,101.5,998.6751717341162
16,101.60000000000001,995.5603103878475
16,101.7,975.4480620506924
16,101.80000000000001,997.9781734592119
16,101.9,1011.4927762361447
16,102.0,980.2507566808285
16,102.10000000000001,1009.571721520886
16,102.2,994.6021581230883
16,102.30000000000001,1012.7234770200415
16,102.4,1025.499789899754
16,102.5,1001.0007009378753
16,102.60000000000001,978.3411580443798
16,102.7,1001.9846234361451
16,102.80000000000001,999.1226801038871
16,102.9,1007.3724048837213
16,103.0,1017.0108266274932
16,103.10000000000001,1059.5228895376538
16,103.2,1088.6210486134446
16,103.30000000000001,990.7723434614227
16,103.4,979.6825634015138
16,103.5,1100.9358236364978
16,103.60000000000001,970.9936323353309
16,103.7,989.8508828869966
16,103.80000000000001,1011.796737435247
16,103.9,1005.9440808024326
16,104.0,979.5083195438289
16,104.10000000000001,976.3897704408646
16,104.2,961.3894452970643
16,104.30000000000001,971.1755115679246
16,104.4,959.4159129332267
16,104.5,967.8202742410127
16,104.60000000000001,983.4000780676537
16,104.7,953.940250063622
16,104.80000000000001,989.9583147289147
16,104.9,961.5406887398332
16,105.0,995.3985090427764
16,105.10000000000001,1048.0006653316475
16,105.2,988.7709366514791
16,105.30000000000001,951.4651297916681
16,105.4,939.9332986170189
16,105.5,999.0242114831988
16,105.60000000000001,995.7302161345451
16,105.7,1010.7783939824282
16,105.80000000000001,981.7363724505227
16,105.9,992.633266661582
16,106.0,971.5435002764076
16,106.10000000000001,977.9534770804887
16,106.2,975.5510302396895
16,106.30000000000001,958.7761006326463
16,106.4,973.2119650921188
16,106.5,973.9676097351754
16,106.60000000000001,960.2342559741173
16,106.7,1008.616142830319
16,106.80000000000001,1005.2030173211475
16,106.9,1015.1070509855301
16,107.0,991.8763285645525
16,107.10000000000001,988.2401117439322
16,107.2,976.2087592582802
16,107.30000000000001,994.5039215019269
16,107.4,987.9021860624155
16,107.5,984.3695581705671
16,107.60000000000001,962.5194254800228
16,107.7,993.3966820317916
16,107.80000000000001,988.0111130966013
16,107.9,976.0886562190226
16,108.0,952.8646782351974
16,108.10000000000001,967.9818573780079
16,108.2,988.331346745839
16,108.30000000000001,1004.0237623993849
16,108.4,992.897791034946
16,108.5,991.7827542503533
16,108.60000000000001,1017.1389755275592
16,108.7,1061.3451723511969
16,108.80000000000001,997.9492223736612
16,108.9,979.6859295740747
16,109.0,977.3900690794803
16,109.10000000000001,1068.97302773022
16,109.2,986.6789161246971
16,109.30000000000001,985.6859506701645
16,109.4,986.1215972049878
16,109.5,1005.5421264684157
16,109.60000000000001,1029.515811540915
16,109.7,998.6617573255178
16,109.80000000000001,1004.2463397941223
16,109.9,990.510495416692
16,110.0,998.9495466481126
16,110.10000000000001,1000.8595749671148
16,110.2,974.8418029832891
16,110.30000000000001,969.7213321403312
16,110.4,982.7704576085238
16,110.5,969.026663144877
16,110.60000000000001,993.2702984056525
16,110.7,958.3734168638076
16,110.80000000000001,989.558240289752
16,110.9,994.4640044453765
16,111.0,995.504419146381
16,111.10000000000001,997.4424837060442
16,111.2,980.3770052576793
16,111.30000000000001,1035.1930685996101
16,111.4,1001.6850812851013
16,111.5,992.8676946853734
16,111.60000000000001,1003.1762229318822
16,111.7,1004.6124463534528
16,111.80000000000001,994.6322426549517
16,111.9,1008.2740272887128
16,112.0,988.1920592251055
16,112.10000000000001,985.5050835388523
16,112.2,1005.4539003984071
16,112.30000000000001,1029.5402011318347
16,112.4,991.8932308280671
16,112.5,986.8230202204568
16,112.60000000000001,989.2044069497285
16,112.7,975.9597084564829
16,112.80000000000001,964.2903920928537
16,112.9,963.6995200689094
16,113.0,945.2572661167146
16,113.10000000000001,1020.5227370063433
16,113.2,1021.4923293446516
16,113.30000000000001,965.6926262363368
16,113.4,1035.3725476289749
16,113.5,1013.0102435342054
16,113.60000000000001,1001.6651898610811
16,113.7,998.6644040627159
16,113.80000000000001,994.6090301342205
16,113.9,957.3134074596173
16,114.0,958.686978302206
16,114.10000000000001,1017.5046674415585
16,114.2,986.2084951917317
16,114.30000000000001,956.2596834965578
16,114.4,966.005705733249
16,114.5,1016.0293532457567
16,114.60000000000001,1000.5018402092087
16,114.7,963.8870530717003
16,114.80000000000001,998.6708042085327
16,114.9,981.959361078667
16,115.0,1021.9098383710818
16,115.10000000000001,1006.2817758316767
16,115.2,1020.0733702948434
16,115.30000000000001,959.7393919246282
16,115.4,972.1481584690936
16,115.5,968.9300585887516
16,115.60000000000001,1014.6398839683984
16,115.7,958.5058825860385
16,115.80000000000001,975.3935634167973
16,115.9,985.0693405443538
16,116.0,1002.4788461982034
16,116.10000000000001,968.715493019697
16,116.2,953.6282509138232
16,116.30000000000001,995.5458477348799
16,116.4,1026.3110424228516
16,116.5,948.5551522998913
16,116.60000000000001,945.7355293585302
16,116.7,955.9162500216245
16,116.80000000000001,966.6237096824216
16,116.9,1017.6416886187288
16,117.0,981.66921662175
16,117.10000000000001,1020.7644370828207
16,117.2,993.0741659281438
16,117.30000000000001,1024.5446658685742
16,117.4,997.3759107098435
16,117.5,1000.1708091171417
16,117.60000000000001,987.0876464691146
16,117.7,998.0274497138756
16,117.80000000000001,995.07504100251
16,117.9,1001.4167057577107
16,118.0,925.7003626130366
16,118.10000000000001,974.4464697546872
16,118.2,997.5921862062065
16,118.30000000000001,1001.2440421929753
16,118.4,988.053982683889
16,118.5,974.8413808629679
16,118.60000000000001,954.7804556053088
16,118.7,1008.9606663926398
16,118.80000000000001,1005.865232050742
16,118.9,984.7022700512546
16,119.0,978.5031641555247
16,119.10000000000001,976.1814516881401
16,119.2,991.7052202908501
16,119.30000000000001,995.4450560886229
16,119.4,1029.7418335834955
16,119.5,1064.0791686156442
16,119.60000000000001,966.9890039154676
16,119.7,971.1699601589829
16,119.80000000000001,1006.6527801461203
16,119.9,1015.467093873953
16,120.0,996.7303625747019
16,120.10000000000001,970.6323943641007
16,120.2,985.2897383020352
16,120.30000000000001,992.9956965875333
16,120.4,956.5522286143179
16,120.5,948.6857571729832
16,120.60000000000001,987.6944881833813
16,120.7,999.2862826046555
16,120.80000000000001,987.8223556987892
16,120.9,959.9337279076401
16,121.0,959.1662659959778
16,121.10000000000001,1085.5831171348211
16,121.2,1020.7827928424697
16,121.30000000000001,1125.0766884532657
16,121.4,1009.462312091189
16,121.5,1002.6285993614031
16,121.60000000000001,933.2456216552073
16,121.7,1092.413256742342
16,121.80000000000001,962.7778589572607
16,121.9,988.0851999442435
16,122.0,986.5613023468608
16,122.10000000000001,991.9629462482432
16,122.2,947.7638722424749
16,122.30000000000001,984.626889627996
16,122.4,974.2758833671293
16,122.5,954.6856731431839
16,122.60000000000001,963.9723547359099
16,122.7,990.0176547726056
16,122.80000000000001,1012.3598408817451
16,122.9,1017.994322002526
16,123.0,1016.1369807182293
16,123.10000000000001,984.4849841023439
16,123.2,967.7337499444808
16,123.30000000000001,935.042764914894
16,123.4,1064.6981715338995
16,123.5,1001.0763481106763
16,123.60000000000001,969.1058288125672
16,123.7,981.7464004737049
16,123.80000000000001,1109.2677161019906
16,123.9,1095.5144780743506
16,124.0,1018.3375615983987
16,124.10000000000001,964.2752293316131
16,124.2,953.2547168672601
16,124.30000000000001,954.2768403160587
16,124.4,941.1959333498534
16,124.5,923.0162477309499
16,124.60000000000001,934.516536097755
16,124.7,945.8107991576728
16,124.80000000000001,957.067355420742
16,124.9,944.368932752244
16,125.0,998.2549063549932
16,125.10000000000001,971.7552386087959
16,125.2,952.8225990516398
16,125.30000000000001,947.7854879857406
16,125.4,988.469015902535
16,125.5,957.8573185956685
16,125.60000000000001,916.7313641548602
16,125.7,959.8656080892142
16,125.80000000000001,991.1925513354608
16,125.9,976.3461406264884
16,126.0,1002.4441049112514
16,126.10000000000001,958.8946055791548
16,126.2,1001.1706401008431
16,126.30000000000001,951.7941080334488
16,126.4,959.206792341657
16,126.5,975.3007414552317
16,126.60000000000001,997.4376462274938
16,126.7,983.0467006385935
16,126.80000000000001,999.4719386111078
16,126.9,1004.6412032673215
16,127.0,936.8577473574348
16,127.10000000000001,989.6592786891623
16,127.2,981.7648207853291
16,127.30000000000001,957.207602804575
16,127.4,975.6926707943948
16,127.5,992.2794610769312
16,127.60000000000001,976.8411748021049
16,127.7,975.3445103837583
16,127.80000000000001,1020.7252152163918
16,127.9,985.8531044304364
16,128.0,927.8956238473087
16,128.1,986.3575156952602
16,128.20000000000002,934.957118155879
16,128.3,973.4534245717508
16,128.4,969.0244108542422
16,128.5,948.933965839501
16,128.6,943.4837665688118
16,128.70000000000002,978.9844993454429
16,128.8,951.3699561994364
16,128.9,950.5237009626658
16,129.0,1046.3635033240405
16,129.1,1009.3525946310222
16,129.20000000000002,1130.0727138347677
16,129.3,970.491971093458
16,129.4,957.7270063850167
16,129.5,927.7705412954433
16,129.6,952.5987494331243
16,129.70000000000002,956.1959920637647
16,129.8,1008.7019769429522
16,129.9,976.0485635747555
16,130.0,991.2513398670385
16,130.1,1053.9732187908614
16,130.20000000000002,1006.2486697975224
16,130.3,954.9480539185657
16,130.4,921.3524582615495
16,130.5,989.1771075500698
16,130.6,1001.5137329007719
16,130.70000000000002,999.1232782408118
16,130.8,1001.5448923629192
16,130.9,1004.3607871372593
16,131.0,967.6460298973716
16,131.1,996.7648952843882
16,131.20000000000002,965.762148482019
16,131.3,978.5643041782748
16,131.4,995.9982276942736
16,131.5,990.2759810659855
16,131.6,968.8983781061845
16,131.70000000000002,997.0961345828921
16,131.8,958.9007970596175
16,131.9,973.1326754503528
16,132.0,1017.0161128654079
16,132.1,961.8127013646375
16,132.20000000000002,984.4261716757064
16,132.3,970.6152008749713
16,132.4,954.4959349777913
16,132.5,965.3705826931508
16,132.6,985.568311075743
16,132.70000000000002,995.1047079247239
16,132.8,988.3139901366054
16,132.9,1004.7565984378288
16,133.0,996.2340260801394
16,133.1,997.2066542001156
16,133.20000000000002,970.5453020292181
16,133.3,985.1786163738976
16,133.4,978.6557610568224
16,133.5,973.3839544540442
16,133.6,1002.5881295376547
16,133.70000000000002,997.7755848305328
16,133.8,989.4349280926443
16,133.9,987.7956652776255
16,134.0,966.9376567778738
16,134.1,1015.4447928233374
16,134.20000000000002,1007.8816360502664
16,134.3,981.935093028517
16,134.4,1004.2314535756851
16,134.5,998.536750116759
16,134.6,998.3373121311475
16,134.70000000000002,980.1296096571541
16,134.8,986.245811337984
16,134.9,1004.9794749466853
16,135.0,945.9107984416327
16,135.1,971.5062587743565
16,135.20000000000002,963.7403829864276
16,135.3,973.315148258658
16,135.4,978.3046003188191
16,135.5,1083.634790147138
16,135.6,989.3997973522877
16,135.70000000000002,983.4830209759327
16,135.8,996.4194177015711
16,135.9,1006.1795882283424
16,136.0,958.922990239904
16,136.1,959.9916645147912
16,136.20000000000002,987.4484905822552
16,136.3,994.2828903284998
16,136.4,960.097900000951
16,136.5,977.077981356647
16,136.6,998.5370061066435
16,136.70000000000002,1101.2543475468779
16,136.8,995.5517003831452
16,136.9,1003.3598780647297
16,137.0,1004.7209645716574
16,137.1,1001.6118607508795
16,137.20000000000002,963.5352701805148
16,137.3,980.6994421647615
16,137.4,1037.5252132400879
16,137.5,974.5155883021538
16,137.6,972.5949563417229
16,137.70000000000002,1053.3616290190607
16,137.8,1028.2831002637738
16,137.9,1024.110476274692
16,138.0,985.7635248554803
16,138.1,951.2411701845288
16,138.20000000000002,958.9319775636955
16,138.3,961.1517800663867
16,138.4,953.8877868442054
16,138.5,952.6849746942821
16,138.6,978.3414609024868
16,138.70000000000002,998.5613356165428
16,138.8,1015.7202357070372
16,138.9,996.7313914332268
16,139.0,994.0908979762527
16,139.1,981.2156544817258
16,139.20000000000002,984.715215989669
16,139.3,991.1625988290835
16,139.4,975.1981720806427
16,139.5,988.3429388541407
16,139.6,988.8938168625322
16,139.70000000000002,984.8825538373554
16,139.8,989.688347947837
16,139.9,991.3543545586466
16,140.0,1020.9132640728949
16,140.1,971.027759874764
16,140.20000000000002,985.3588117615143
16,140.3,980.4565906536524
16,140.4,1013.9939317908575
16,140.5,1074.658714276183
16,140.6,1014.9390147745052
16,140.70000000000002,976.5616291643975
16,140.8,993.3046584118099
16,140.9,993.6582386463713
16,141.0,992.6441697563812
16,141.1,971.0980488157431
16,141.20000000000002,956.6178646946529
16,141.3,1022.0657095574027
16,141.4,1077.3446271662626
16,141.5,979.6361275496101
16,141.6,962.0195790122311
16,141.70000000000002,983.201927070669
16,141.8,978.5435021976833
16,141.9,988.0690673649856
16,142.0,1011.4992706694719
16,142.1,1019.1209763714908
16,142.20000000000002,999.8284240892275
16,142.3,998.0549774548281
16,142.4,973.1744274325702
16,142.5,960.1361646011499
16,142.6,990.7128086095172
16,142.70000000000002,989.7867983634709
16,142.8,1024.2394073957628
16,142.9,975.5725755618056
16,143.0,1010.8280223960084
16,143.1,999.1971481777664
16,143.20000000000002,1007.3808752912437
16,143.3,1035.0233561472894
16,143.4,1024.0792403210114
16,143.5,1000.6786068510482
16,143.6,1046.7243593888616
16,143.70000000000002,1013.1651543655231
16,143.8,1007.1284110671882
16,143.9,970.0586818120707
16,144.0,962.6948876556567
16,144.1,959.246813311793
16,144.20000000000002,946.2328703405032
16,144.3,960.7787370092309
16,144.4,942.4798224634696
16,144.5,990.8356939166488
16,144.6,981.7081661489646
16,144.70000000000002,992.051997417974
16,144.8,1007.7885079219405
16,144.9,987.3860368412384
16,145.0,993.0348748751992
16,145.1,1024.8692355841474
16,145.20000000000002,1013.0985947559137
16,145.3,1006.9118987337665
16,145.4,988.049527244392
16,145.5,995.1994658585637
16,145.6,967.3374627869537
16,145.70000000000002,993.6251927807015
16,145.8,974.4916069368755
16,145.9,963.4698706117825
16,146.0,964.0348597367444
16,146.1,972.5338056196263
16,146.20000000000002,1004.7701951228175
16,146.3,955.1948770460243
16,146.4,973.9731066264146
16,146.5,981.0394873020488
16,146.6,966.9980795282017
16,146.70000000000002,1001.9004419163522
16,146.8,977.599918003103
16,146.9,971.5243444538963
16,147.0,994.1027290186836
16,147.1,989.1572027254754
16,147.20000000000002,1021.2730023484964
16,147.3,1000.3722127912926
16,147.4,987.7771062223595
16,147.5,988.0271722074755
16,147.6,975.7728042938098
16,147.70000000000002,996.1988508744972
16,147.8,993.4952778134394
16,147.9,990.639271779182
16,148.0,963.9021034490975
16,148.1,996.2304903895434
16,148.20000000000002,994.1730045349898
16,148.3,1002.7345286133668
16,148.4,970.0335462178683
16,148.5,943.5206583744963
16,148.6,980.3664995937246
16,148.70000000000002,965.1464470206374
16,148.8,971.6699465288135
16,148.9,971.4871470418493
16,149.0,950.8124353648453
16,149.1,1062.968626530648
16,149.20000000000002,1007.3802056625415
16,149.3,987.3941267446954
16,149.4,1009.5913669842964
16,149.5,983.665652186345
16,149.6,1000.182806379266
16,149.70000000000002,969.0132390152116
16,149.8,986.9102288060388
16,149.9,1002.2633238186019
16,150.0,992.9009500562344
16,150.1,978.3278861791339
16,150.20000000000002,952.9031536993305
16,150.3,984.5362240200778
16,150.4,969.6620371490985
16,150.5,1085.2325832187596
16,150.6,971.4318056284095
16,150.70000000000002,1000.1919387385451
16,150.8,975.7489638532346
16,150.9,1041.8684389507948
16,151.0,995.224459027331
16,151.1,986.6331788980066
16,151.20000000000002,993.0891105883709
16,151.3,993.5319924931134
16,151.4,967.7248920367123
16,151.5,959.4199308701516
16,151.6,1029.8313072466067
16,151.70000000000002,995.114699534873
16,151.8,1005.7002406393519
16,151.9,990.1490173428599
16,152.0,995.6471622981758
16,152.1,985.3226640398769
16,152.20000000000002,993.4233706475557
16,152.3,984.5216592419779
16,152.4,960.9172815729578
16,152.5,982.1337277226424
16,152.6,994.3283751490425
16,152.70000000000002,992.5183607298073
16,152.8,993.5833709786264
16,152.9,977.0611859528047
16,153.0,961.9475500867344
16,153.1,955.2350681052644
16,153.20000000000002,961.8160911480254
16,153.3,994.2582159924938
16,153.4,966.1734318689987
16,153.5,973.65403213216
16,153.60000000000002,987.5667346519679
16,153.70000000000002,963.4223976796262
16,153.8,968.653992556787
16,153.9,956.7131744407138
16,154.0,976.1848677760968
16,154.10000000000002,1000.6565651749524
16,154.20000000000002,994.7998399092851
16,154.3,1002.4278842882375
16,154.4,989.7574346485607
16,154.5,983.06157507784
16,154.60000000000002,965.9088849091079
16,154.70000000000002,983.3940192237095
16,154.8,1003.8611952472522
16,154.9,977.5662258761062
16,155.0,945.32391424188
16,155.10000000000002,951.310543815651
16,155.20000000000002,977.0529441255912
16,155.3,971.9621533469588
16,155.4,961.6647194852646
16,155.5,953.6135409362715
16,155.60000000000002,946.7047832837399
16,155.70000000000002,1007.4436742843936
16,155.8,1042.567206565409
16,155.9,980.2728665567654
16,156.0,980.1268821454179
16,156.10000000000002,978.719861152786
16,156.20000000000002,985.0256870302892
16,156.3,942.9519984471164
16,156.4,1095.695061444426
16,156.5,1013.3026110073516
16,156.60000000000002,980.8095719887287
16,156.70000000000002,964.9854346755977
16,156.8,971.6836981048034
16,156.9,1003.1431472714255
16,157.0,978.3739635201006
16,157.10000000000002,960.4307692738737
16,157.20000000000002,971.0905085806479
16,157.3,964.8907123861469
16,157.4,983.35723852781
16,157.5,959.5913491993158
16,157.60000000000002,946.2291089578858
16,157.70000000000002,992.378607937823
16,157.8,961.2451633740476
16,157.9,973.5099034587596
16,158.0,1015.2059576820543
16,158.10000000000002,1116.4935876074674
16,158.20000000000002,1036.918142967723
16,158.3,986.9225519418861
16,158.4,991.5957346951423
16,158.5,986.5721260027684
16,158.60000000000002,998.8013972590384
16,158.70000000000002,1006.9324152370614
16,158.8,974.1302949105248
16,158.9,978.6292764859635
16,159.0,998.5466444423531
16,159.10000000000002,969.6791664934389
16,159.20000000000002,1021.27821403725
16,159.3,994.7244776547143
16,159.4,990.6082173645369
16,159.5,962.6515024682182
16,159.60000000000002,973.134136161399
16,159.70000000000002,978.0839923996223
16,159.8,965.0591845745918
16,159.9,979.9662151323265
16,160.0,981.769481393066
16,160.10000000000002,965.0218715970279
16,160.20000000000002,967.9871424948503
16,160.3,992.7411148061166
16,160.4,984.0429839278937
16,160.5,963.3210146544843
16,160.60000000000002,970.8901852704039
16,160.70000000000002,968.8063693849233
16,160.8,961.6680522795809
16,160.9,981.3368761878912
16,161.0,986.4638871518389
16,161.10000000000002,985.9393241006682
16,161.20000000000002,991.5209286132572
16,161.3,991.1307966478048
16,161.4,975.8867328346179
16,161.5,977.7545107510871
16,161.60000000000002,996.612931506254
16,161.70000000000002,996.228022476299
16,161.8,1038.2745934751395
16,161.9,1017.8616059967572
16,162.0,988.5822787236781
16,162.10000000000002,952.1907666331306
16,162.20000000000002,950.6416500030989
16,162.3,1000.4253276580712
16,162.4,970.6986752140585
16,162.5,972.2445852438943
16,162.60000000000002,971.7732526269127
16,162.70000000000002,982.0811938420658
16,162.8,988.326345047823
16,162.9,995.0303998970824
16,163.0,1013.4658262416078
16,163.10000000000002,1030.2195500291882
16,163.20000000000002,1016.8609282494248
16,163.3,983.6520069374615
16,163.4,962.9930448925902
16,163.5,982.3062474069344
16,163.60000000000002,997.1520444048915
16,163.70000000000002,985.1237336149799
16,163.8,990.0998842668322
16,163.9,1008.5707694224577
16,164.0,1032.4239415256238
16,164.10000000000002,1007.3216318525602
16,164.20000000000002,950.6276995053198
16,164.3,986.6941197355179
16,164.4,990.2091631313949
16,164.5,995.3818566625524
16,164.60000000000002,998.7950264951661
16,164.70000000000002,988.5636445889475
16,164.8,974.8593744144248
16,164.9,937.0282165557443
16,165.0,954.9082545273451
16,165.10000000000002,976.8689640803519
16,165.20000000000002,989.7897668454597
16,165.3,993.9690534223238
16,165.4,974.926718344801
16,165.5,1010.9950933840086
16,165.60000000000002,1004.7978578140525
16,165.70000000000002,981.3108522230582
16,165.8,980.2108765174428
16,165.9,992.5184730551487
16,166.0,988.3848142211399
16,166.10000000000002,991.4747531881758
16,166.20000000000002,977.4262910417882
16,166.3,967.9476672013759
16,166.4,1012.7518213767996
16,166.5,981.6462968432791
16,166.60000000000002,969.9491876069616
16,166.70000000000002,999.5026438149673
16,166.8,975.8197591088181
16,166.9,983.8693142173641
16,167.0,1011.7596172835389
16,167.10000000000002,970.5232967519482
16,167.20000000000002,959.4275129295618
16,167.3,975.340668792476
16,167.4,994.8691448357054
16,167.5,983.8524493620063
16,167.60000000000002,993.4253668306894
16,167.70000000000002,1000.4719987070702
16,167.8,965.2552917388201
16,167.9,967.2715123843759
16,168.0,992.8595881052231
16,168.10000000000002,993.9582556625153
16,168.20000000000002,994.6427502776579
16,168.3,999.7378093515782
16,168.4,1001.8425205655846
16,168.5,1001.7476284234905
16,168.60000000000002,994.9030217352225
16,168.70000000000002,985.7242478664072
16,168.8,997.0029748748532
16,168.9,979.6076371492546
16,169.0,1063.6536540902982
16,169.10000000000002,1033.7708715350566
16,169.20000000000002,1009.6006766435237
16,169.3,1035.6704826075702
16,169.4,1015.0460737513528
16,169.5,992.9604279791462
16,169.60000000000002,987.2121370225982
16,169.70000000000002,988.4385312638502
16,169.8,979.713666134023
16,169.9,979.0087879071942
16,170.0,981.8589821575368
16,170.10000000000002,970.8720663608706
16,170.20000000000002,1001.491832815558
16,170.3,986.2956178634265
16,170.4,996.6552327282625
16,170.5,994.8180733833246
16,170.60000000000002,990.1332264520868
16,170.70000000000002,980.8996395559333
16,170.8,1081.6512887694466
16,170.9,1030.4257438906677
16,171.0,979.8003676960468
16,171.10000000000002,999.0332068153458
16,171.20000000000002,1027.7371073427662
16,171.3,1015.2714427194471
16,171.4,989.059116141729
16,171.5,982.1448072971273
16,171.60000000000002,988.9737253788127
16,171.70000000000002,1003.8316814101082
16,171.8,999.663008215958
16,171.9,998.0960235377939
16,172.0,989.0319776640941
16,172.10000000000002,998.5005453646102
16,172.20000000000002,987.9109981800158
16,172.3,966.5385934296442
16,172.4,972.7372602584886
16,172.5,978.9363806153839
16,172.60000000000002,987.1375154947593
16,172.70000000000002,987.5996027249779
16,172.8,1002.9456449443104
16,172.9,1028.209183008576
16,173.0,1018.0733248330239
16,173.10000000000002,1008.1816116203096
16,173.20000000000002,1011.7968396037869
16,173.3,1000.1228923788078
16,173.4,1002.7727964257809
16,173.5,1008.3079869826602
16,173.60000000000002,1022.6096250225223
16,173.70000000000002,988.6554831982968
16,173.8,1017.832315422491
16,173.9,1022.3434316071382
16,174.0,996.803234982951
16,174.10000000000002,985.0319817876804
16,174.20000000000002,1018.2744393579824
16,174.3,1000.3844246406658
16,174.4,1024.0731182249942
16,174.5,1014.8306559217675
16,174.60000000000002,1001.0666480407184
16,174.70000000000002,1020.1154588051725
16,174.8,1013.5830463824863
16,174.9,982.9247006247688
16,175.0,1013.7201349291828
16,175.10000000000002,986.0764300946528
16,175.20000000000002,986.3953277979456
16,175.3,1023.7445305536999
16,175.4,1017.8990011103841
16,175.5,982.0501103883261
16,175.60000000000002,1104.9133211159744
16,175.70000000000002,1069.3702525819394
16,175.8,1019.1556057454403
16,175.9,997.8277365788663
16,176.0,988.9786388077412
16,176.10000000000002,1000.4450389663339
16,176.20000000000002,989.9204374878436
16,176.3,996.197687248894
16,176.4,986.9906677143013
16,176.5,1004.4858400811115
16,176.60000000000002,1040.4700207089882
16,176.70000000000002,1026.9584290437658
16,176.8,1011.6861563013794
16,176.9,998.5985845469785
16,177.0,1010.8907225125276
16,177.10000000000002,1006.170279759999
16,177.20000000000002,1002.382077480325
16,177.3,1000.4185092689265
16,177.4,1010.8149408112022
16,177.5,995.7371202555322
16,177.60000000000002,1018.8549782186127
16,177.70000000000002,1027.382369649888
16,177.8,1024.2277478496255
16,177.9,1024.9400508242109
16,178.0,1021.05116713449
16,178.10000000000002,1035.9462849182996
16,178.20000000000002,1027.2249267486782
16,178.3,1016.4518098468077
16,178.4,1047.4318735388615
16,178.5,1009.7975919346729
16,178.60000000000002,1005.3918558116355
16,178.70000000000002,1030.2512626047571
16,178.8,1010.8574138341327
16,178.9,1041.5117691925382
16,179.0,1023.654844092004
16,179.10000000000002,1013.3018991643505
16,179.20000000000002,988.9251396131644
16,179.3,982.4208917248894
16,179.4,999.6386130949894
16,179.5,997.8023420711511
16,179.60000000000002,1089.4272187719266
16,179.70000000000002,1065.6389537342134
16,179.8,1034.7723370854817
16,179.9,1010.2378078818479
16,180.0,990.0106925963786
16,180.10000000000002,994.7006028150507
16,180.20000000000002,1005.5009500795873
16,180.3,982.5351739812901
16,180.4,980.2441936845328
16,180.5,980.1670243499685
16,180.60000000000002,1088.4340906944183
16,180.70000000000002,1073.843937153156
16,180.8,1010.2143574666795
16,180.9,985.9452790619305
16,181.0,1004.4774323784651
16,181.10000000000002,1008.5366473518749
16,181.20000000000002,1018.6327754941418
16,181.3,1008.7182726128088
16,181.4,982.2185810278588
16,181.5,993.7457234754347
16,181.60000000000002,995.1850730722545
16,181.70000000000002,984.0508337064823
16,181.8,992.4906437614247
16,181.9,992.9445033080669
16,182.0,994.0533403975467
16,182.10000000000002,1013.6153521131989
16,182.20000000000002,1069.9312172376372
16,182.3,1030.072802150689
16,182.4,1002.0384163739359
16,182.5,991.5700511062131
16,182.60000000000002,961.110403920674
16,182.70000000000002,978.7049535921161
16,182.8,991.8376632852569
16,182.9,984.2675971768559
16,183.0,1000.2862935149354
16,183.10000000000002,990.7849637768104
16,183.20000000000002,987.8016319772044
16,183.3,1011.9962706348293
16,183.4,1019.4086806210413
16,183.5,992.9163052002516
16,183.60000000000002,989.6761583129646
16,183.70000000000002,1007.7087108970843
16,183.8,1006.8632287369974
16,183.9,976.6696143656047
16,184.0,987.683902562233
16,184.10000000000002,998.1676072746395
16,184.20000000000002,1026.9198592025753
16,184.3,1034.4993676810252
16,184.4,996.0928045407295
16,184.5,977.6142349615058
16,184.60000000000002,977.8037925256092
16,184.70000000000002,958.7072637926298
16,184.8,948.7042746494853
16,184.9,987.5475879104471
16,185.0,991.7171140197249
16,185.10000000000002,1000.2951601165753
16,185.20000000000002,996.9303030695496
16,185.3,1013.369146331426
16,185.4,1007.2958121695015
16,185.5,984.1695024674208
16,185.60000000000002,970.5221107412932
16,185.70000000000002,986.7504212572352
16,185.8,994.5413034772628
16,185.9,993.5117377914503
16,186.0,989.6744737901834
16,186.10000000000002,1004.194413861719
16,186.20000000000002,995.551663799342
16,186.3,1022.2160133876058
16,186.4,1006.6738748893745
32,0.0,884.261
32,0.1,894.3384692158133
32,0.2,1035.4122932071407
32,0.30000000000000004,1139.4197002068183
32,0.4,1082.9176594920966
32,0.5,1036.9061411525036
32,0.6000000000000001,1091.275758316912
32,0.7000000000000001,1010.8354201462574
32,0.8,1071.0113687000833
32,0.9,1075.7176980692755
32,1.0,1055.7255128860083
32,1.1,1138.6060561354348
32,1.2000000000000002,1065.3454138875718
32,1.3,1068.339463873103
32,1.4000000000000001,1074.3091285869502
32,1.5,1070.0422952546153
32,1.6,1092.2431809727134
32,1.7000000000000002,1076.1768417982144
32,1.8,1049.7877052332356
32,1.9000000000000001,1029.1663466371526
32,2.0,1052.3050804405166
32,2.1,1073.4323905195788
32,2.2,1062.6723930720789
32,2.3000000000000003,1059.185547928918
32,2.4000000000000004,1059.05575146419
32,2.5,1136.7005282746427
32,2.6,1077.435333820691
32,2.7,1092.3335186200782
32,2.8000000000000003,1011.2099236256197
32,2.9000000000000004,1087.0304740517656
32,3.0,1154.1869144817103
32,3.1,1154.6682302869724
32,3.2,1099.4120319209317
32,3.3000000000000003,1107.590537905695
32,3.4000000000000004,1072.1916333769382
32,3.5,1074.7018813308937
32,3.6,1019.0027116240946
32,3.7,1000.4038591232078
32,3.8000000000000003,1087.1684718436977
32,3.9000000000000004,1001.7032911913346
32,4.0,1019.9110572562737
32,4.1000000000000005,996.0261068905957
32,4.2,1048.2902698216956
32,4.3,986.2254184199428
32,4.4,1045.471399113716
32,4.5,1014.192184087568
32,4.6000000000000005,1075.2764716504967
32,4.7,1091.9997212465603
32,4.800000000000001,1071.9448477087042
32,4.9,1092.4019605501176
32,5.0,1029.5983467222936
32,5.1000000000000005,1056.7005679229328
32,5.2,1110.3785930047536
32,5.300000000000001,1078.1246261795723
32,5.4,1063.883807516715
32,5.5,1051.4458788252084
32,5.6000000000000005,1021.7630479941677
32,5.7,1143.5687389716463
32,5.800000000000001,1120.843910696637
32,5.9,1084.9169421157721
32,6.0,1085.319640679953
32,6.1000000000000005,1018.7352318623718
32,6.2,1094.3448720309561
32,6.300000000000001,1047.0176019633818
32,6.4,1012.4490240393253
32,6.5,1016.539944018986
32,6.6000000000000005,1087.5230968976068
32,6.7,1109.3382597260743
32,6.800000000000001,1083.5099109568223
32,6.9,1148.6648145140534
32,7.0,1075.653197199308
32,7.1000000000000005,1117.078847561249
32,7.2,1155.8512373995982
32,7.300000000000001,1099.7649626004013
32,7.4,1068.5990513144443
32,7.5,1049.452130123881
32,7.6000000000000005,1106.9017161613156
32,7.7,1155.9306660488899
32,7.800000000000001,1059.9837334805827
32,7.9,1086.3015695739196
32,8.0,1078.710222413637
32,8.1,1038.9936832534356
32,8.200000000000001,1084.9610480786687
32,8.3,1061.3493144876327
32,8.4,1076.461614425208
32,8.5,1106.7710947206413
32,8.6,1170.0712733386392
32,8.700000000000001,1065.536046424164
32,8.8,1117.8552119783074
32,8.9,1039.7154893432487
32,9.0,1058.5016083599003
32,9.1,976.1873986847525
32,9.200000000000001,1093.3291850260778
32,9.3,1080.481996463563
32,9.4,1024.7829456639217
32,9.5,1040.5821505966396
32,9.600000000000001,1042.5119796019903
32,9.700000000000001,1067.3386646323133
32,9.8,1102.4899461234386
32,9.9,1042.0732430732937
32,10.0,1007.117443089702
32,10.100000000000001,1059.4183326186617
32,10.200000000000001,1047.3949614181724
32,10.3,1012.9716347811589
32,10.4,1080.7118514159768
32,10.5,1046.6428239594354
32,10.600000000000001,1025.1545592885952
32,10.700000000000001,1113.4638603229055
32,10.8,992.7290688746936
32,10.9,1086.708647882713
32,11.0,1156.9398085580917
32,11.100000000000001,1020.2975050841328
32,11.200000000000001,1088.4389855252716
32,11.3,1066.1834082577202
32,11.4,1062.3080426706383
32,11.5,1114.311579105758
32,11.600000000000001,1133.895857208348
32,11.700000000000001,1045.1666593128089
32,11.8,1092.4673042120967
32,11.9,1065.1433521590154
32,12.0,1088.102420388965
32,12.100000000000001,1079.614828275632
32,12.200000000000001,1116.5342912197705
32,12.3,1053.72406225453
32,12.4,1107.562081205892
32,12.5,1063.0469105398347
32,12.600000000000001,1053.9646998496498
32,12.700000000000001,1095.6288042079884
32,12.8,1138.0153862811069
32,12.9,1081.0596108367763
32,13.0,1112.9404661980557
32,13.100000000000001,1082.5394413955455
32,13.200000000000001,1100.4109190659328
32,13.3,1086.6259708577963
32,13.4,1095.0633775611593
32,13.5,1079.7378276673871
32,13.600000000000001,1135.6789643082327
32,13.700000000000001,1033.4233588254626
32,13.8,1127.8826316195048
32,13.9,1050.0169142385403
32,14.0,1048.04357504557
32,14.100000000000001,1121.489216102938
32,14.200000000000001,1036.3532271015356
32,14.3,1123.195981438937
32,14.4,964.3752500284736
32,14.5,1048.5971545767557
32,14.600000000000001,1136.6271286014867
32,14.700000000000001,1098.8183704956155
32,14.8,1056.9530120880559
32,14.9,1008.5822283453383
32,15.0,1073.7546737896048
32,15.100000000000001,1092.2976616100918
32,15.200000000000001,1094.135339108037
32,15.3,1000.4813928589463
32,15.4,1102.8166658768703
32,15.5,1047.458563462771
32,15.600000000000001,1080.3555816296048
32,15.700000000000001,1069.3668983015873
32,15.8,1071.811249044753
32,15.9,1077.2796336857455
32,16.0,1181.6436249714068
32,16.1,1056.094129828439
32,16.2,1100.309881959588
32,16.3,1057.3676495568131
32,16.400000000000002,1060.7149732571495
32,16.5,1096.54642112863
32,16.6,1084.018839531171
32,16.7,1063.4706193851537
32,16.8,1104.8887999957115
32,16.900000000000002,1031.9137628158312
32,17.0,1073.3860899941387
32,17.1,1074.8913006955215
32,17.2,1117.9276876144907
32,17.3,1055.444889076647
32,17.400000000000002,1080.829617434505
32,17.5,1096.228775042115
32,17.6,1036.3048385121072
32,17.7,1082.2761240939567
32,17.8,1075.7399394003078
32,17.900000000000002,1012.3736340051883
32,18.0,1080.263097520992
32,18.1,1057.0752545282116
32,18.2,1053.918108082582
32,18.3,1073.6858152783836
32,18.400000000000002,1014.9955604513838
32,18.5,1027.8081720476737
32,18.6,1192.628681109419
32,18.7,962.8006419032115
32,18.8,1084.9806802540952
32,18.900000000000002,1094.7465987199682
32,19.0,1123.6259293957019
32,19.1,1088.2486280810601
32,19.200000000000003,1039.7486324302672
32,19.3,1068.652219499096
32,19.400000000000002,1071.175468443576
32,19.5,1136.4715610484302
32,19.6,1112.3575071339894
32,19.700000000000003,1083.5921937459634
32,19.8,1105.0673895527405
32,19.900000000000002,1048.579014808901
32,20.0,1067.8693221416063
32,20.1,1041.9858236902046
32,20.200000000000003,1174.4864076799947
32,20.3,1105.03288644871
32,20.400000000000002,1027.2947427615588
32,20.5,1063.5049500944738
32,20.6,1106.1252660606688
32,20.700000000000003,1090.0676762418059
32,20.8,1047.8934329241383
32,20.900000000000002,1079.2352764519471
32,21.0,1076.560493241263
32,21.1,1075.4919717810765
32,21.200000000000003,1095.597508938069
32,21.3,1038.45015868047
32,21.400000000000002,1046.1187437003643
32,21.5,1095.8883772439394
32,21.6,1071.8335669867467
32,21.700000000000003,1100.0020498266574
32,21.8,1019.209109295088
32,21.900000000000002,1085.2691991383908
32,22.0,1084.7786898970644
32,22.1,1010.7074000038112
32,22.200000000000003,1059.514469761326
32,22.3,1086.4785528333357
32,22.400000000000002,1099.8629482881456
32,22.5,1065.965948260949
32,22.6,1054.7834925354496
32,22.700000000000003,1062.7138834080336
32,22.8,1084.6570719836257
32,22.900000000000002,1037.6449037580824
32,23.0,1060.9840009721854
32,23.1,1075.6617578379512
32,23.200000000000003,1151.0854145842738
32,23.3,1081.8580933863261
32,23.400000000000002,1074.633789777046
32,23.5,1066.4919982224808
32,23.6,1029.1769773389785
32,23.700000000000003,1131.1850322721336
32,23.8,1117.781111010558
32,23.900000000000002,1099.8035680326086
32,24.0,1067.0171399828441
32,24.1,1150.3547708890421
32,24.200000000000003,1061.7352807652503
32,24.3,1037.8076627508447
32,24.400000000000002,1075.7582327554335
32,24.5,1058.1973127878744
32,24.6,1055.2972887738251
32,24.700000000000003,1087.154559631153
32,24.8,1081.8910363471302
32,24.900000000000002,1113.687385864026
32,25.0,1070.8091474000491
32,25.1,1108.3851785710208
32,25.200000000000003,1085.6946433420692
32,25.3,1065.606757089687
32,25.400000000000002,1060.6833186489866
32,25.5,1097.7930147302707
32,25.6,1087.9250904159335
32,25.700000000000003,1101.3074612107384
32,25.8,1075.1338849331974
32,25.900000000000002,1099.0473045895262
32,26.0,1126.6639907737472
32,26.1,1043.6400424840574
32,26.200000000000003,1070.7541672004281
32,26.3,1049.2580402126437
32,26.400000000000002,1033.3600677524428
32,26.5,1080.3197143061388
32,26.6,1100.5497888415762
32,26.700000000000003,1122.8648628446165
32,26.8,1079.9976749313746
32,26.900000000000002,1057.4104162735832
32,27.0,1085.8626627143926
32,27.1,1194.4140123783284
32,27.200000000000003,1143.5662403559002
32,27.3,1099.6501825681664
32,27.400000000000002,1052.8967675452384
32,27.5,1065.0430853783196
32,27.6,1071.7182675046288
32,27.700000000000003,1134.9853484345088
32,27.8,1032.1651892119733
32,27.900000000000002,1091.00486022575
32,28.0,1118.4681860780427
32,28.1,1018.8063811241251
32,28.200000000000003,1047.482652371025
32,28.3,1056.3530851038684
32,28.400000000000002,1113.8260643753767
32,28.5,1065.2236659597636
32,28.6,1029.998390730247
32,28.700000000000003,1043.2472937972846
32,28.8,1084.617776495062
32,28.900000000000002,1108.251144562817
32,29.0,1050.445477396418
32,29.1,1105.3838520655672
32,29.200000000000003,1070.2818752256694
32,29.3,1070.0066264973252
32,29.400000000000002,1111.0998164486393
32,29.5,1097.0431069924823
32,29.6,1152.5553994395525
32,29.700000000000003,1107.4943484676185
32,29.8,1074.8104624964255
32,29.900000000000002,1047.5790184207885
32,30.0,1075.0292730158124
32,30.1,1038.071960880308
32,30.200000000000003,1092.838615990509
32,30.3,1076.4698548814774
32,30.400000000000002,1105.3621326599477
32,30.5,1064.75221754702
32,30.6,1065.9100368615193
32,30.700000000000003,1033.4167134030533
32,30.8,1102.689912336987
32,30.900000000000002,1158.7598976202798
32,31.0,1129.2338403320696
32,31.1,1135.1534218201055
32,31.200000000000003,1104.431634105216
32,31.3,1100.478745428984
32,31.400000000000002,1120.3657966249918
32,31.5,1098.8093765321487
32,31.6,1119.156852091053
32,31.700000000000003,1055.2279715641844
32,31.8,1069.401228467197
32,31.900000000000002,1168.8170428075819
32,32.0,1079.173901328911
32,32.1,1084.3925279192126
32,32.2,1109.6658043891637
32,32.300000000000004,1114.9298952757897
32,32.4,1139.15801362641
32,32.5,1072.1369795055698
32,32.6,1051.6704138240632
32,32.7,1061.1984505647324
32,32.800000000000004,1080.2096702165743
32,32.9,1084.334176978743
32,33.0,1097.0465184598302
32,33.1,1060.853254131837
32,33.2,1049.0718945546305
32,33.300000000000004,1041.8689834645677
32,33.4,1084.0988252566258
32,33.5,1173.907878818206
32,33.6,1134.9275784486774
32,33.7,1107.7553470997375
32,33.800000000000004,1119.6575410961555
32,33.9,1081.4737538483541
32,34.0,1065.0103956156029
32,34.1,1116.8857909337867
32,34.2,1080.7129653403026
32,34.300000000000004,1094.7740931612618
32,34.4,1096.9747069133955
32,34.5,1054.3175309614528
32,34.6,1022.6661859664251
32,34.7,1068.4493303936956
32,34.800000000000004,1058.0456751919965
32,34.9,1088.3830985805544
32,35.0,1092.7834489170061
32,35.1,1085.5541806746776
32,35.2,1080.6843375359804
32,35.300000000000004,1090.4652384330923
32,35.4,1080.9304476311202
32,35.5,1071.801349662947
32,35.6,1081.1857571767275
32,35.7,1088.0837775595112
32,35.800000000000004,1082.5282966943307
32,35.9,1087.2323937841934
32,36.0,1069.3013467644894
32,36.1,1096.4664503182305
32,36.2,1061.5368499251776
32,36.300000000000004,1050.8456300045987
32,36.4,1049.305729780116
32,36.5,1045.0590237948866
32,36.6,1084.9251873987312
32,36.7,1087.0145088031488
32,36.800000000000004,1122.948521757656
32,36.9,1082.3051839223983
32,37.0,1113.078915633109
32,37.1,1091.8597686404487
32,37.2,1084.068309478229
32,37.300000000000004,1092.6693978840372
32,37.4,1060.2091840396313
32,37.5,1053.6656711670066
32,37.6,1078.6299144680347
32,37.7,1100.448353739111
32,37.800000000000004,1141.0012382893162
32,37.9,1217.004594630142
32,38.0,1117.9372310756971
32,38.1,1122.4069508885643
32,38.2,1110.9404056816877
32,38.300000000000004,1058.8781403924536
32,38.400000000000006,1039.392024273357
32,38.5,1066.203818814144
32,38.6,1101.282203722961
32,38.7,1099.3288283865218
32,38.800000000000004,1145.2982338654015
32,38.900000000000006,1076.301771184295
32,39.0,1073.833829660183
32,39.1,1094.6721851730065
32,39.2,1095.9775556964075
32,39.300000000000004,1075.1383578533496
32,39.400000000000006,1072.3279367037512
32,39.5,1072.561069405359
32,39.6,1073.4022974370216
32,39.7,1142.858169537859
32,39.800000000000004,1117.2874425970033
32,39.900000000000006,1028.201338840181
32,40.0,1053.0877594944552
32,40.1,1043.9506563184618
32,40.2,1204.511163007907
32,40.300000000000004,1101.4940989479635
32,40.400000000000006,1079.6518591245174
32,40.5,1064.4906578969942
32,40.6,1109.211717285652
32,40.7,1110.6796623713253
32,40.800000000000004,1084.6055970252664
32,40.900000000000006,1086.7905380900418
32,41.0,1130.587778312857
32,41.1,1108.8103268864447
32,41.2,1076.187686533576
32,41.300000000000004,1107.327597071945
32,41.400000000000006,1198.7806405093572
32,41.5,1124.224909142898
32,41.6,1057.3470855044623
32,41.7,1060.9845631597136
32,41.800000000000004,1096.8681096924252
32,41.900000000000006,1104.2607747089407
32,42.0,1058.1512787032095
32,42.1,1097.0805191168456
32,42.2,1046.2463152103185
32,42.300000000000004,1064.129434538403
32,42.400000000000006,1156.4009345981426
32,42.5,1142.1072429640644
32,42.6,1087.3105638480024
32,42.7,1057.8545753332992
32,42.800000000000004,1076.7183301609628
32,42.900000000000006,1126.8197053813485
32,43.0,1077.2419444729062
32,43.1,1063.1373704992875
32,43.2,1059.583090431053
32,43.300000000000004,1056.9136317977434
32,43.400000000000006,1121.763695351568
32,43.5,1115.3748120009434
32,43.6,1087.2663655089257
32,43.7,1058.4688992169954
32,43.800000000000004,1054.5733604526426
32,43.900000000000006,1063.254823799959
32,44.0,1100.160408062602
32,44.1,1067.0967170485162
32,44.2,1126.197517852967
32,44.300000000000004,1223.5669448219703
32,44.400000000000006,1081.4408690866346
32,44.5,1051.8168692028166
32,44.6,1114.4961237447797
32,44.7,1108.063310063096
32,44.800000000000004,1089.6778718186251
32,44.900000000000006,1094.0732934416078
32,45.0,1060.0853128297265
32,45.1,1080.2573243662243
32,45.2,1107.0384850786818
32,45.300000000000004,1096.7757176861646
32,45.400000000000006,1107.1946902584152
32,45.5,1068.9630252221384
32,45.6,1088.3652685621428
32,45.7,1103.08649067982
32,45.800000000000004,1041.4822052755703
32,45.900000000000006,1079.0781040431614
32,46.0,1091.5899907545304
32,46.1,1090.6205330013224
32,46.2,1122.7676015297966
32,46.300000000000004,1098.614604243403
32,46.400000000000006,1091.741408419929
32,46.5,1127.3484583164545
32,46.6,1063.7358088869812
32,46.7,1104.3170208916054
32,46.800000000000004,1097.1795961355708
32,46.900000000000006,1048.8181919027209
32,47.0,1068.2968134559708
32,47.1,1070.619288294179
32,47.2,1096.8263325163296
32,47.300000000000004,1090.3308111746267
32,47.400000000000006,1138.6610477511904
32,47.5,1069.0942685785092
32,47.6,1075.5035396714052
32,47.7,1082.1559318817165
32,47.800000000000004,1057.5988907071103
32,47.900000000000006,1073.34280118521
32,48.0,1079.966887918278
32,48.1,1063.0679405368048
32,48.2,1070.3640929893331
32,48.300000000000004,1078.048862215074
32,48.400000000000006,1093.6293063413668
32,48.5,1113.0704935007684
32,48.6,1109.7363402571098
32,48.7,1098.1550175167035
32,48.800000000000004,1126.9835599222263
32,48.900000000000006,1193.2377610439598
32,49.0,1162.5415695454503
32,49.1,1034.8401790239093
32,49.2,1091.4105813998958
32,49.300000000000004,1083.922807746195
32,49.400000000000006,1113.2331574192315
32,49.5,1120.3549974909038
32,49.6,1110.953086334912
32,49.7,1102.1414111110844
32,49.800000000000004,1077.6251695681792
32,49.900000000000006,1043.0953537562646
32,50.0,1069.0519718966987
32,50.1,1089.9919599653058
32,50.2,1071.9368357032386
32,50.300000000000004,1056.782031380267
32,50.400000000000006,1121.4883970138562
32,50.5,1083.5233424445037
32,50.6,1095.701135684535
32,50.7,1095.698388465589
32,50.800000000000004,1075.1343908566273
32,50.900000000000006,1073.4843653247428
32,51.0,1014.2732761335395
32,51.1,1046.6185674378382
32,51.2,1126.3109742441595
32,51.300000000000004,1091.142115767423
32,51.400000000000006,1066.4419411461938
32,51.5,1051.2669951961568
32,51.6,1038.2884366762612
32,51.7,1070.0564015135785
32,51.800000000000004,1054.3474773767696
32,51.900000000000006,1065.8406204148462
32,52.0,1089.244694625475
32,52.1,1069.827452320156
32,52.2,1080.8653675732614
32,52.300000000000004,1060.5725678248111
32,52.400000000000006,1070.2948878113768
32,52.5,1091.5703421935539
32,52.6,1102.3047949974505
32,52.7,1109.0769581462403
32,52.800000000000004,1091.032820953079
32,52.900000000000006,1105.7288160849441
32,53.0,1138.4506596817469
32,53.1,1096.1543228748565
32,53.2,1048.218291099545
32,53.300000000000004,1119.9521067282442
32,53.400000000000006,1123.009108457079
32,53.5,1111.0432106542378
32,53.6,1050.9211305665617
32,53.7,1049.9687876757314
32,53.800000000000004,1044.9938233587177
32,53.900000000000006,1131.700962751959
32,54.0,1135.910490210095
32,54.1,1093.075318067224
32,54.2,1062.4793436661528
32,54.300000000000004,1077.5097219716783
32,54.400000000000006,1094.004966360156
32,54.5,1109.2908411947624
32,54.6,1077.3367775697275
32,54.7,1092.164327500746
32,54.800000000000004,1110.2365653741222
32,54.900000000000006,1242.5522021373934
32,55.0,1148.4745062549146
32,55.1,1148.5573252256554
32,55.2,1104.226094458951
32,55.300000000000004,1067.4170740420373
32,55.400000000000006,1078.0423103680982
32,55.5,1123.9921381595407
32,55.6,1089.986490221317
32,55.7,1120.8038921675827
32,55.800000000000004,1061.4066006138141
32,55.900000000000006,1044.2087721948867
32,56.0,1086.6992584656002
32,56.1,1078.8858483380786
32,56.2,1072.6717628533167
32,56.300000000000004,1143.357159125497
32,56.400000000000006,1112.7642692451718
32,56.5,1087.3994725973864
32,56.6,1097.8356733692508
32,56.7,1090.3700921802654
32,56.800000000000004,1093.2672334288843
32,56.900000000000006,1039.1901976472113
32,57.0,1088.289322294475
32,57.1,1129.9915582603394
32,57.2,1085.1067225290508
32,57.300000000000004,1096.5855484287447
32,57.400000000000006,1121.8708742098063
32,57.5,1123.8388534984797
32,57.6,1116.5059487958251
32,57.7,1085.1246768128779
32,57.800000000000004,1022.9272343369762
32,57.900000000000006,1055.912555907167
32,58.0,1111.1464337939365
32,58.1,1079.1235039343276
32,58.2,1102.2457645244244
32,58.300000000000004,1080.850742306499
32,58.400000000000006,1065.1030864010786
32,58.5,1084.4101746468602
32,58.6,1046.7981396718803
32,58.7,1020.5976369013376
32,58.800000000000004,1067.3298420725082
32,58.900000000000006,1075.4540622111122
32,59.0,1079.197493989425
32,59.1,1077.7966735990046
32,59.2,1071.8290257113988
32,59.300000000000004,1086.4455728522216
32,59.400000000000006,1111.742207837532
32,59.5,1078.5117164299313
32,59.6,1044.7008613457429
32,59.7,1090.1992290100075
32,59.800000000000004,1096.1301101437803
32,59.900000000000006,1131.9489182655225
32,60.0,1086.2823428058102
32,60.1,1140.6691326114842
32,60.2,1103.741707205472
32,60.300000000000004,1068.7536081159774
32,60.400000000000006,1116.8337098235113
32,60.5,1130.1120388581776
32,60.6,1120.0843671043945
32,60.7,1124.9295469556498
32,60.800000000000004,1131.028258292528
32,60.900000000000006,1093.8773715560142
32,61.0,1106.139571283559
32,61.1,1090.9056559486446
32,61.2,1107.7547313581224
32,61.300000000000004,1107.707760101509
32,61.400000000000006,1097.577844732076
32,61.5,1089.4625826802423
32,61.6,1090.3137464593347
32,61.7,1123.5529596354247
32,61.800000000000004,1129.7575981399577
32,61.900000000000006,1134.904981485065
32,62.0,1107.8992550933363
32,62.1,1068.9090658707971
32,62.2,1076.7937901660603
32,62.300000000000004,1139.328426872802
32,62.400000000000006,1078.9086254352162
32,62.5,1062.1923818329985
32,62.6,1081.5796975290111
32,62.7,1102.562661337388
32,62.800000000000004,1068.6067752090905
32,62.900000000000006,1039.6550743496132
32,63.0,1112.6245761755097
32,63.1,1122.1590919433736
32,63.2,1099.5031772547145
32,63.300000000000004,1087.3922368311062
32,63.400000000000006,1106.6079567663414
32,63.5,1068.970416677985
32,63.6,1071.9532532053913
32,63.7,1087.6413313963965
32,63.800000000000004,1113.1720916099562
32,63.900000000000006,1132.5960116968379
32,64.0,1140.6104642886078
32,64.10000000000001,1077.5809516016038
32,64.2,1066.9223724337276
32,64.3,1088.8565748600072
32,64.4,1142.421720744866
32,64.5,1106.6841843513653
32,64.60000000000001,1051.3030482335917
32,64.7,1060.7582831843656
32,64.8,1101.7056382871333
32,64.9,1135.4419404993905
32,65.0,1074.1288815942164
32,65.10000000000001,1051.820309854699
32,65.2,1061.0739172055055
32,65.3,1149.0392075106954
32,65.4,1095.298517567241
32,65.5,1080.619126781472
32,65.60000000000001,1088.758614436718
32,65.7,1089.4159914680788
32,65.8,1120.6171229396698
32,65.9,1090.7223504787014
32,66.0,1058.4130759340144
32,66.10000000000001,1046.8959940504922
32,66.2,1040.6878922126352
32,66.3,1087.3264232885178
32,66.4,1105.7123286476437
32,66.5,1094.219398607464
32,66.60000000000001,1079.8557008785483
32,66.7,1062.1293321106116
32,66.8,1034.68473262102
32,66.9,1112.8432966717573
32,67.0,1076.505425284508
32,67.10000000000001,1074.2023587513356
32,67.2,1099.3809370057431
32,67.3,1078.3822168504237
32,67.4,1090.6373618844082
32,67.5,1094.5782988062049
32,67.60000000000001,1060.6593537385556
32,67.7,1079.5897146578484
32,67.8,1076.3708749230943
32,67.9,1082.9927371016834
32,68.0,1108.8219090007935
32,68.10000000000001,1092.0305259763684
32,68.2,1088.5940437110555
32,68.3,1088.1281466274293
32,68.4,1107.30765465654
32,68.5,1099.7133495199766
32,68.60000000000001,1045.0616427732273
32,68.7,1093.3773136309944
32,68.8,1120.2411707619287
32,68.9,1060.7379104645713
32,69.0,1071.4818311168724
32,69.10000000000001,1041.645660559481
32,69.2,1086.8418380624944
32,69.3,1122.8038896320018
32,69.4,1070.6677846248015
32,69.5,1076.898308797213
32,69.60000000000001,1115.832603426957
32,69.7,1184.9114296321914
32,69.8,1133.1034320411982
32,69.9,1119.2036246851121
32,70.0,1081.1263471027512
32,70.10000000000001,1106.109070840399
32,70.2,1070.3308670129695
32,70.3,1080.117188274539
32,70.4,1076.8358428007366
32,70.5,1059.8295037874727
32,70.60000000000001,1057.3987883093582
32,70.7,1061.9086659076615
32,70.8,1010.5410572659493
32,70.9,1057.0487156946442
32,71.0,1096.1586667802483
32,71.10000000000001,1066.6091654320478
32,71.2,1070.5600272121399
32,71.3,1110.1936544729285
32,71.4,1090.8229509819496
32,71.5,1056.5956545691524
32,71.60000000000001,1052.9748799057843
32,71.7,1060.2711597122047
32,71.8,1058.587304343703
32,71.9,1041.7928478580045
32,72.0,1044.9442534608652
32,72.10000000000001,1069.7989976858364
32,72.2,1092.0401359652305
32,72.3,1067.5037679031657
32,72.4,1080.3303221062338
32,72.5,1097.9192853480115
32,72.60000000000001,1096.0300989701282
32,72.7,1092.889876876154
32,72.8,1071.7969112099724
32,72.9,1088.909070664957
32,73.0,1088.3453964061011
32,73.10000000000001,1101.7735400188276
32,73.2,1114.518614204119
32,73.3,1108.1109762001552
32,73.4,1093.3075396107445
32,73.5,1035.244863391689
32,73.60000000000001,1058.7753518178465
32,73.7,1093.8829973617244
32,73.8,1101.0290690847569
32,73.9,1126.5795223078997
32,74.0,1093.483079010763
32,74.10000000000001,1102.6007779253598
32,74.2,1106.6287632525937
32,74.3,1103.2018327274632
32,74.4,1116.0777720035082
32,74.5,1082.8788196563498
32,74.60000000000001,1048.0360109725336
32,74.7,1073.2570795905349
32,74.8,1091.6567947017027
32,74.9,1081.9090797685815
32,75.0,1055.0702657386314
32,75.10000000000001,1063.515689565187
32,75.2,1108.9275483653603
32,75.3,1107.1720412802663
32,75.4,1070.6529078885019
32,75.5,1056.858802742161
32,75.60000000000001,1064.1657519147334
32,75.7,1061.2875354877447
32,75.8,1043.466476639336
32,75.9,1055.4443145977698
32,76.0,1046.2441973074403
32,76.10000000000001,1092.286364483308
32,76.2,1163.1733238937186
32,76.3,1148.2856157791414
32,76.4,1070.0008595117088
32,76.5,1061.5371119527817
32,76.60000000000001,1064.9344446321031
32,76.7,1101.5225083453886
32,76.80000000000001,1115.0358047232553
32,76.9,1120.2993440412522
32,77.0,1101.2148404960017
32,77.10000000000001,1066.6860620389232
32,77.2,1090.4606374192551
32,77.30000000000001,1096.0536604665099
32,77.4,1120.5360568593048
32,77.5,1098.22284788084
32,77.60000000000001,1066.8337090881357
32,77.7,1149.6981771277472
32,77.80000000000001,1123.1872022970065
32,77.9,1041.333214435217
32,78.0,1086.5598474176445
32,78.10000000000001,1058.4509703995368
32,78.2,1050.9534538463204
32,78.30000000000001,1162.2707597530598
32,78.4,1152.4807869911704
32,78.5,1092.7559189718563
32,78.60000000000001,1061.5352850278284
32,78.7,1070.2565486496544
32,78.80000000000001,1090.913532398811
32,78.9,1053.4496022150593
32,79.0,1071.2461436124963
32,79.10000000000001,1075.165140515498
32,79.2,1049.595086992782
32,79.30000000000001,1158.729312250332
32,79.4,1161.755475146893
32,79.5,1131.8737529570994
32,79.60000000000001,1088.9027547787473
32,79.7,1065.1356750654684
32,79.80000000000001,1032.1154440038335
32,79.9,1025.017635519169
32,80.0,1064.468645891811
32,80.10000000000001,1122.0788302895908
32,80.2,1096.1283874301512
32,80.30000000000001,1054.7453868862056
32,80.4,1123.9526181409703
32,80.5,1109.2417933509346
32,80.60000000000001,1084.006180236902
32,80.7,1064.4695775867806
32,80.80000000000001,1037.8018760729226
32,80.9,1053.75748364938
32,81.0,1053.326466447127
32,81.10000000000001,1066.7196936299224
32,81.2,1090.4767841792861
32,81.30000000000001,1074.593209221527
32,81.4,1044.129753653107
32,81.5,1072.5483940819322
32,81.60000000000001,1107.6171622001852
32,81.7,1112.3925489819405
32,81.80000000000001,1086.5540380433104
32,81.9,1053.5709461269369
32,82.0,1105.1308197690073
32,82.10000000000001,1116.5266761259531
32,82.2,1078.182148110163
32,82.30000000000001,1056.2944321388895
32,82.4,1071.3132947110594
32,82.5,1056.3065623533057
32,82.60000000000001,1078.2978295458831
32,82.7,1089.3863859920593
32,82.80000000000001,1105.3426818183173
32,82.9,1072.3132034332093
32,83.0,1061.241042038192
32,83.10000000000001,1091.4193815369235
32,83.2,1114.839290628262
32,83.30000000000001,1111.2164417646386
32,83.4,1078.9296545709274
32,83.5,1145.832270394243
32,83.60000000000001,1141.5228457348235
32,83.7,1092.2903937016429
32,83.80000000000001,1083.0202508146945
32,83.9,1042.7760930637498
32,84.0,1028.1650077609709
32,84.10000000000001,1042.9113365439982
32,84.2,1050.4812243126678
32,84.30000000000001,1066.4731000147763
32,84.4,1091.6922753471806
32,84.5,1109.0244469834977
32,84.60000000000001,1120.109207302466
32,84.7,1117.8813960735345
32,84.80000000000001,1103.653797967439
32,84.9,1090.0589947893006
32,85.0,1097.191888296884
32,85.10000000000001,1094.9522762822025
32,85.2,1042.0087160639248
32,85.30000000000001,1051.7532724662974
32,85.4,1080.7592120713605
32,85.5,1061.9824311142247
32,85.60000000000001,1088.154265879544
32,85.7,1073.5095975985814
32,85.80000000000001,992.3775527017882
32,85.9,995.3253767995045
32,86.0,1043.9079610765602
32,86.10000000000001,1059.9071134041992
32,86.2,1048.7645827501321
32,86.30000000000001,1073.1046591624875
32,86.4,1081.69648032616
32,86.5,1085.4661353072793
32,86.60000000000001,1018.8176737845035
32,86.7,1045.7487759066735
32,86.80000000000001,1094.4798791482756
32,86.9,1113.4437297244779
32,87.0,1168.7853786645126
32,87.10000000000001,1129.7740659235355
32,87.2,1074.6570273691882
32,87.30000000000001,1097.2969125192174
32,87.4,1111.9624098549557
32,87.5,1091.9181600217314
32,87.60000000000001,1061.7341292636056
32,87.7,1065.9207311867374
32,87.80000000000001,1118.7961110030435
32,87.9,1090.3368356049427
32,88.0,1056.6640778655712
32,88.10000000000001,1096.7159390152763
32,88.2,1109.9077567910172
32,88.30000000000001,1109.6282554299564
32,88.4,1061.7632434640414
32,88.5,1030.9247338653374
32,88.60000000000001,1046.0268130312231
32,88.7,1158.0778619169312
32,88.80000000000001,1138.574963970069
32,88.9,1105.734857906794
32,89.0,1121.0954637988511
32,89.10000000000001,1051.6827525848828
32,89.2,1033.713386233125
32,89.30000000000001,1078.0379658568256
32,89.4,1076.4579060788938
32,89.5,1047.127808863652
32,89.60000000000001,1054.6191491468342
32,89.7,1090.1093419109038
32,89.80000000000001,1068.1403633777963
32,89.9,1115.412804241446
32,90.0,1154.1393847823654
32,90.10000000000001,1155.482755055166
32,90.2,1147.3508800244942
32,90.30000000000001,1130.8722225869035
32,90.4,1112.749467502714
32,90.5,1057.4311841010465
32,90.60000000000001,1061.9305227813468
32,90.7,1096.5941484182888
32,90.80000000000001,1066.2386078599404
32,90.9,1099.109493106528
32,91.0,1135.3650827314727
32,91.10000000000001,1085.9330217808654
32,91.2,1081.6101928758665
32,91.30000000000001,1093.781318387886
32,91.4,1101.6540632871956
32,91.5,1120.4883926585173
32,91.60000000000001,1101.9905622632032
32,91.7,1100.0412448692784
32,91.80000000000001,1153.0668667759664
32,91.9,1138.839156697464
32,92.0,1082.6218570751166
32,92.10000000000001,1074.5417095856733
32,92.2,1071.512808300847
32,92.30000000000001,1063.4248014215996
32,92.4,1076.8950056444767
32,92.5,1080.9623463435557
32,92.60000000000001,1108.6955857267503
32,92.7,1088.3020072700472
32,92.80000000000001,1091.7984941545485
32,92.9,1115.9285840513526
32,93.0,1073.0229701575047
32,93.10000000000001,1091.5450607457885
32,93.2,1114.9637706573506
32,93.30000000000001,1094.4968581056528
32,93.4,1132.9598842566563
32,93.5,1098.7123289251078
32,93.60000000000001,1047.9602025591744
32,93.7,1080.1166296956435
32,93.80000000000001,1103.8994439717985
32,93.9,1123.4129222499434
32,94.0,1132.1760688436702
32,94.10000000000001,1128.6556313469075
32,94.2,1128.0188218154437
32,94.30000000000001,1076.694953178134
32,94.4,1028.5781242233684
32,94.5,1075.9156030209665
32,94.60000000000001,1122.2096698487137
32,94.7,1089.471923861173
32,94.80000000000001,1092.2686960998003
32,94.9,1100.0668573848866
32,95.0,1078.8667327481032
32,95.10000000000001,1084.5121270682487
32,95.2,1093.499851330576
32,95.30000000000001,1077.4641992508302
32,95.4,1064.3874668309265
32,95.5,1065.748441328482
32,95.60000000000001,1063.870997728188
32,95.7,1061.2845748175328
32,95.80000000000001,1105.699585623511
32,95.9,1141.4940971851213
32,96.0,1101.0984745870546
32,96.10000000000001,1104.594826746195
32,96.2,1126.8293321088847
32,96.30000000000001,1121.2095234152473
32,96.4,1085.0798892546816
32,96.5,1096.8604747267516
32,96.60000000000001,1110.9044807062555
32,96.7,1069.317492882979
32,96.80000000000001,1114.074637340869
32,96.9,1150.4407054965775
32,97.0,1102.6390271760497
32,97.10000000000001,1064.625003367907
32,97.2,1054.8504082131392
32,97.30000000000001,1056.8181651678713
32,97.4,1063.3373017534332
32,97.5,1066.9612963452776
32,97.60000000000001,1075.1340775433448
32,97.7,1122.2294349827268
32,97.80000000000001,1143.0536673354434
32,97.9,1083.9564666537947
32,98.0,1103.8456111839191
32,98.10000000000001,1129.2935648638997
32,98.2,1081.5452771561525
32,98.30000000000001,1096.191588616777
32,98.4,1112.4451181318195
32,98.5,1097.685725932704
32,98.60000000000001,1144.774535096979
32,98.7,1179.2968824102968
32,98.80000000000001,1127.345583180902
32,98.9,1111.879826369633
32,99.0,1166.0683992536958
32,99.10000000000001,1132.5845328664452
32,99.2,1045.396335761618
32,99.30000000000001,1057.5806850522038
32,99.4,1105.384321190071
32,99.5,1120.9110072557182
32,99.60000000000001,1095.814335721583
32,99.7,1098.983648217887
32,99.80000000000001,1111.6718765211422
32,99.9,1092.26640060428
32,100.0,1065.6257864592642
32,100.10000000000001,1081.691451035943
32,100.2,1116.4129211501386
32,100.30000000000001,1087.5739497177508
32,100.4,1079.5050527441488
32,100.5,1087.364608407022
32,100.60000000000001,1097.9901472624751
32,100.7,1156.152452984364
32,100.80000000000001,1163.4481438727669
32,100.9,1076.4075827435786
32,101.0,1039.262442650451
32,101.10000000000001,1098.3498944637004
32,101.2,1115.43424830521
32,101.30000000000001,1087.1554142575635
32,101.4,1081.1709328593065
32,101.5,1071.00500501581
32,101.60000000000001,1073.3478301671535
32,101.7,1065.7374993607013
32,101.80000000000001,1093.4535066916794
32,101.9,1125.6828672580784
32,102.0,1088.4853314654792
32,102.10000000000001,1085.2734653275336
32,102.2,1107.4715283780108
32,102.30000000000001,1096.4852761625627
32,102.4,1079.8076736739501
32,102.5,1069.3517749284558
32,102.60000000000001,1078.5389454149479
32,102.7,1094.9664037153009
32,102.80000000000001,1070.9570367654576
32,102.9,1058.7409668786595
32,103.0,1080.9664798842905
32,103.10000000000001,1082.6706682966833
32,103.2,1079.5018251925303
32,103.30000000000001,1080.6196366343752
32,103.4,1115.4373639395453
32,103.5,1094.6495671170924
32,103.60000000000001,1092.137391947947
32,103.7,1090.309424465167
32,103.80000000000001,1064.540477346493
32,103.9,1084.7582839421682
32,104.0,1079.9870592518814
32,104.10000000000001,1084.426910837505
32,104.2,1065.2226190547892
32,104.30000000000001,1030.1182838746688
32,104.4,1050.0002383784563
32,104.5,1118.1797141304892
32,104.60000000000001,1136.8035337085435
32,104.7,1099.0585340843982
32,104.80000000000001,1150.1073823008333
32,104.9,1152.4880358851071
32,105.0,1085.7185521089239
32,105.10000000000001,1143.3542130802798
32,105.2,1144.2594964876992
32,105.30000000000001,1110.6869333714544
32,105.4,1090.2443836242762
32,105.5,1113.1061617290686
32,105.60000000000001,1107.6191365768514
32,105.7,1078.5960743924934
32,105.80000000000001,1076.2954784709716
32,105.9,1077.287916870041
32,106.0,1078.5342439070885
32,106.10000000000001,1084.3043555148402
32,106.2,1107.99676531028
32,106.30000000000001,1085.9716683111492
32,106.4,1119.5090616846064
32,106.5,1147.2141365347682
32,106.60000000000001,1077.993366769438
32,106.7,1084.1477682127972
32,106.80000000000001,1101.449204612675
32,106.9,1125.8246075374843
32,107.0,1134.2803644434914
32,107.10000000000001,1085.8063154183108
32,107.2,1085.8116961870016
32,107.30000000000001,1068.4599542361323
32,107.4,1104.0533995672813
32,107.5,1088.0007554584424
32,107.60000000000001,1061.4383543147972
32,107.7,1073.0175156682785
32,107.80000000000001,1082.8666278545404
32,107.9,1073.7732937718038
32,108.0,1067.8905251698964
32,108.10000000000001,1070.6083965201353
32,108.2,1085.5937958167126
32,108.30000000000001,1052.600984651232
32,108.4,1055.1515881564967
32,108.5,1083.8460135820355
32,108.60000000000001,1086.393462181632
32,108.7,1103.817921986137
32,108.80000000000001,1077.681686251028
32,108.9,1064.353409289163
32,109.0,1067.201388589184
32,109.10000000000001,1071.7056633974873
32,109.2,1092.538702247001
32,109.30000000000001,1059.6644215710194
32,109.4,1072.6712613985706
32,109.5,1102.4100016822622
32,109.60000000000001,1123.9056985481493
32,109.7,1078.1328113107106
32,109.80000000000001,1091.144042419901
32,109.9,1174.7922571304057
32,110.0,1183.8288961958658
32,110.10000000000001,1093.329951606245
32,110.2,1083.7305177488188
32,110.30000000000001,1104.8747296453435
32,110.4,1105.5345325428755
32,110.5,1078.6053734961577
32,110.60000000000001,1086.9708209182415
32,110.7,1100.1065153313689
32,110.80000000000001,1121.2664781325307
32,110.9,1122.4021130265694
32,111.0,1096.1535256998936
32,111.10000000000001,1105.993852942401
32,111.2,1123.2156497447984
32,111.30000000000001,1118.2089706986776
32,111.4,1114.2184328531157
32,111.5,1081.3780680912714
32,111.60000000000001,1083.4269327551037
32,111.7,1104.1231136898155
32,111.80000000000001,1112.7457454342634
32,111.9,1092.4544524728074
32,112.0,1100.601560328826
32,112.10000000000001,1097.0809346370513
32,112.2,1124.8404518877715
32,112.30000000000001,1142.5546240147141
32,112.4,1079.8922072893563
32,112.5,1038.5936293774946
32,112.60000000000001,1073.5644243804672
32,112.7,1088.7208843907129
32,112.80000000000001,1109.5272858139515
32,112.9,1074.8543173720532
32,113.0,1059.663820451112
32,113.10000000000001,1071.4994460196397
32,113.2,1062.1046483580105
32,113.30000000000001,1071.030378330652
32,113.4,1123.5749287218528
32,113.5,1125.068877295234
32,113.60000000000001,1084.384420946683
32,113.7,1070.6501133355891
32,113.80000000000001,1084.6237785262952
32,113.9,1104.5560460471704
32,114.0,1129.8797283657914
32,114.10000000000001,1130.8632078266567
32,114.2,1124.3706427659852
32,114.30000000000001,1184.9581948474556
32,114.4,1143.8490553874017
32,114.5,1091.06231932709
32,114.60000000000001,1081.0469680880994
32,114.7,1121.3162573647396
32,114.80000000000001,1232.2782792191801
32,114.9,1153.1856651334083
32,115.0,1087.949531190728
32,115.10000000000001,1083.2116829456513
32,115.2,1094.6092275626902
32,115.30000000000001,1078.126627939306
32,115.4,1091.2963364907062
32,115.5,1115.2465237637964
32,115.60000000000001,1112.0634952505955
32,115.7,1096.3028454351588
32,115.80000000000001,1102.994556882889
32,115.9,1109.908513205203
32,116.0,1114.2195762980436
32,116.10000000000001,1075.8075120650346
32,116.2,1077.792116815378
32,116.30000000000001,1089.642913880282
32,116.4,1121.9855079367974
32,116.5,1116.6372957394797
32,116.60000000000001,1107.4519622176074
32,116.7,1138.3590618103563
32,116.80000000000001,1111.9281613084634
32,116.9,1116.0214116038517
32,117.0,1114.497371301532
32,117.10000000000001,1098.810129447729
32,117.2,1093.0394164845386
32,117.30000000000001,1098.3386068502714
32,117.4,1082.0812473420722
32,117.5,1067.8715285404858
32,117.60000000000001,1057.0606058960925
32,117.7,1103.6577010658366
32,117.80000000000001,1126.1432141154394
32,117.9,1090.0039622863494
32,118.0,1070.1124621834724
32,118.10000000000001,1082.6408566573757
32,118.2,1112.9617129678709
32,118.30000000000001,1106.1609825938087
32,118.4,1069.0551043963135
32,118.5,1086.1892405091644
64,0.0,1180.6889999999999
64,0.1,1128.2789849833937
64,0.2,1094.2664600076248
64,0.30000000000000004,1125.086550557814
64,0.4,1128.0940552600352
64,0.5,1121.9970869033748
64,0.6000000000000001,1125.827924183352
64,0.7000000000000001,1124.588772139991
64,0.8,1124.62871629729
64,0.9,1129.8116930045035
64,1.0,1134.8927749695
64,1.1,1122.9686989098811
64,1.2000000000000002,1123.9815934834824
64,1.3,1131.1214969025104
64,1.4000000000000001,1126.3140596097492
64,1.5,1127.2070694384884
64,1.6,1136.3290919000958
64,1.7000000000000002,1149.1794920618129
64,1.8,1139.2249193195462
64,1.9000000000000001,1130.619621569926
64,2.0,1148.1352540635587
64,2.1,1147.2373832373164
64,2.2,1134.5331093556717
64,2.3000000000000003,1119.349105045268
64,2.4000000000000004,1108.4265902717952
64,2.5,1156.6677135457617
64,2.6,1162.8515193385988
64,2.7,1141.6327453978406
64,2.8000000000000003,1147.9849685246559
64,2.9000000000000004,1138.40576731183
64,3.0,1131.4497591553425
64,3.1,1114.5584969461866
64,3.2,1121.4077892783191
64,3.3000000000000003,1148.5341845488858
64,3.4000000000000004,1132.6372789425277
64,3.5,1147.7696114116059
64,3.6,1158.5668860435194
64,3.7,1135.401012334006
64,3.8000000000000003,1134.4855944528108
64,3.9000000000000004,1133.35086209442
64,4.0,1138.1159792550795
64,4.1000000000000005,1141.6846301729436
64,4.2,1127.8620112113724
64,4.3,1146.1839142478625
64,4.4,1142.5218239291175
64,4.5,1168.4223018737996
64,4.6000000000000005,1191.1471776621343
64,4.7,1144.64658974783
64,4.800000000000001,1155.5577165020602
64,4.9,1154.9809431997862
64,5.0,1139.1591590448777
64,5.1000000000000005,1141.1865870513163
64,5.2,1143.740470202728
64,5.300000000000001,1152.3539767861228
64,5.4,1150.8119081214004
64,5.5,1171.0160481589237
64,5.6000000000000005,1160.9438223970678
64,5.7,1143.19560913484
64,5.800000000000001,1161.6975877313125
64,5.9,1140.1679918522666
64,6.0,1146.7711316358211
64,6.1000000000000005,1159.588074770194
64,6.2,1158.6880782951814
64,6.300000000000001,1155.2582018775806
64,6.4,1146.6997562829865
64,6.5,1150.27485758944
64,6.6000000000000005,1150.6987518077801
64,6.7,1155.6006741502677
64,6.800000000000001,1154.7853582292687
64,6.9,1129.0957566256675
64,7.0,1135.5003571266884
64,7.1000000000000005,1165.7197196649945
64,7.2,1179.4152087637365
64,7.300000000000001,1191.907958661262
64,7.4,1161.6238304602466
64,7.5,1154.6098531129446
64,7.6000000000000005,1141.0804133730142
64,7.7,1150.2520785711222
64,7.800000000000001,1152.4559722796016
64,7.9,1137.0376996954835
64,8.0,1146.4474766418384
64,8.1,1146.4105207115933
64,8.200000000000001,1120.572435285035
64,8.3,1140.6996860400507
64,8.4,1164.4993359027817
64,8.5,1128.371825363315
64,8.6,1141.7182329655138
64,8.700000000000001,1164.4387511314756
64,8.8,1138.3677140508394
64,8.9,1148.7504036809173
64,9.0,1134.5150378937888
64,9.1,1130.9860687959283
64,9.200000000000001,1146.6826564808596
64,9.3,1141.7377441631716
64,9.4,1126.9320835060414
64,9.5,1148.4548844617148
64,9.600000000000001,1150.7170230447418
64,9.700000000000001,1148.4659201444747
64,9.8,1161.3728966804456
64,9.9,1163.0819476381414
64,10.0,1125.1224307810335
64,10.100000000000001,1115.8038339176085
64,10.200000000000001,1162.6969779657506
64,10.3,1163.212765989954
64,10.4,1150.6472528307822
64,10.5,1144.7598422990825
64,10.600000000000001,1136.3923317190101
64,10.700000000000001,1145.7133894590368
64,10.8,1160.987739068565
64,10.9,1155.09530852056
64,11.0,1133.1341692221913
64,11.100000000000001,1125.3196080128105
64,11.200000000000001,1150.8182146845916
64,11.3,1160.8690227632087
64,11.4,1207.9940138681195
64,11.5,1206.481128805894
64,11.600000000000001,1155.1659359583496
64,11.700000000000001,1181.1877269136194
64,11.8,1182.3458755345762
64,11.9,1154.2154479616465
64,12.0,1153.3914917842949
64,12.100000000000001,1163.9474516522268
64,12.200000000000001,1156.3733258070356
64,12.3,1166.7745877079826
64,12.4,1203.5427697605262
64,12.5,1197.1147130378217
64,12.600000000000001,1146.5793499229171
64,12.700000000000001,1147.2756800645268
64,12.8,1200.986913117903
64,12.9,1225.3861758991416
64,13.0,1188.42946318862
64,13.100000000000001,1169.9945647472584
64,13.200000000000001,1141.8776833832924
64,13.3,1131.3097394509232
64,13.4,1136.294624043023
64,13.5,1149.2016502910487
64,13.600000000000001,1170.569275793937
64,13.700000000000001,1189.240814816564
64,13.8,1224.6509523222223
64,13.9,1135.5369618448988
64,14.0,1137.8010098719012
64,14.100000000000001,1149.8631878454726
64,14.200000000000001,1151.0695109710562
64,14.3,1144.3022331894128
64,14.4,1138.822782962257
64,14.5,1132.6132862350955
64,14.600000000000001,1142.1354106047722
64,14.700000000000001,1155.966138367471
64,14.8,1161.693623731221
64,14.9,1169.1130432092527
64,15.0,1140.367684728219
64,15.100000000000001,1131.699310723187
64,15.200000000000001,1131.066771690264
64,15.3,1143.4984134817003
64,15.4,1141.9169203428237
64,15.5,1160.0825982057972
64,15.600000000000001,1166.0161024680474
64,15.700000000000001,1163.7489468794304
64,15.8,1146.512918222347
64,15.9,1134.6951000907825
64,16.0,1141.8063491875896
64,16.1,1155.8017258779353
64,16.2,1153.3639478206173
64,16.3,1123.4912150220648
64,16.400000000000002,1141.8296916369227
64,16.5,1181.8362249216077
64,16.6,1194.0120896773408
64,16.7,1180.4655306133052
64,16.8,1156.140398035674
64,16.900000000000002,1135.4740454605678
64,17.0,1170.022735687207
64,17.1,1189.2741920839871
64,17.2,1181.6916469471394
64,17.3,1165.9384805543107
64,17.400000000000002,1144.3663237256528
64,17.5,1191.1681833953648
64,17.6,1191.0467025264425
64,17.7,1181.2351374609225
64,17.8,1170.4564980416262
64,17.900000000000002,1153.930801769916
64,18.0,1145.8674480201853
64,18.1,1135.236611314254
64,18.2,1160.950579438063
64,18.3,1175.8603816863288
64,18.400000000000002,1165.6590912837353
64,18.5,1169.271182753404
64,18.6,1144.8506779820923
64,18.7,1148.5313666316458
64,18.8,1173.0007963334617
64,18.900000000000002,1159.189935937601
64,19.0,1163.7052959944347
64,19.1,1161.0820618561718
64,19.200000000000003,1168.4024609062742
64,19.3,1155.6043304804427
64,19.400000000000002,1168.1329471820832
64,19.5,1147.6968210549637
64,19.6,1179.5556073747953
64,19.700000000000003,1223.6042667824527
64,19.8,1145.607695700154
64,19.900000000000002,1134.1878000524166
64,20.0,1148.776416002573
64,20.1,1131.6096724663237
64,20.200000000000003,1160.5147075389123
64,20.3,1151.7137810292572
64,20.400000000000002,1131.2788230100139
64,20.5,1145.381172233552
64,20.6,1159.314974022924
64,20.700000000000003,1175.6998972907033
64,20.8,1155.3493884812485
64,20.900000000000002,1159.0909858764965
64,21.0,1192.6582931491673
64,21.1,1166.4555098513324
64,21.200000000000003,1151.3215113109816
64,21.3,1146.0769947375816
64,21.400000000000002,1148.4974839312993
64,21.5,1165.9386879778335
64,21.6,1143.5923664484342
64,21.700000000000003,1147.5254504934035
64,21.8,1165.5227529202107
64,21.900000000000002,1154.7211827666783
64,22.0,1134.9639261390166
64,22.1,1177.0062001863153
64,22.200000000000003,1192.6572033773857
64,22.3,1174.5711018376223
64,22.400000000000002,1137.749294626649
64,22.5,1180.9939066842016
64,22.6,1186.5029024260525
64,22.700000000000003,1152.6554403882858
64,22.8,1142.5329793981127
64,22.900000000000002,1138.0966322997567
64,23.0,1165.6006691018786
64,23.1,1157.5908592943126
64,23.200000000000003,1173.936538122086
64,23.3,1198.8196365511355
64,23.400000000000002,1174.3648584172856
64,23.5,1170.5967102902387
64,23.6,1150.425213138422
64,23.700000000000003,1156.325237243598
64,23.8,1178.0054497851913
64,23.900000000000002,1206.4029165030913
64,24.0,1178.4274457788263
64,24.1,1146.3949274308577
64,24.200000000000003,1144.212354998284
64,24.3,1143.7863640654414
64,24.400000000000002,1150.3232020525495
64,24.5,1139.5159427583594
64,24.6,1152.6707611814822
64,24.700000000000003,1139.439495186038
64,24.8,1158.0875709830532
64,24.900000000000002,1153.942817357096
64,25.0,1186.4358997197824
64,25.1,1183.5789381048485
64,25.200000000000003,1159.1571222947414
64,25.3,1148.4206550149522
64,25.400000000000002,1178.1497369116332
64,25.5,1198.0225274974027
64,25.6,1173.3697168503022
64,25.700000000000003,1165.1699240296032
64,25.8,1149.665064179645
64,25.900000000000002,1162.8708890491753
64,26.0,1184.8119240467117
64,26.1,1175.0489291589022
64,26.200000000000003,1160.8422944251172
64,26.3,1164.494978522876
64,26.400000000000002,1159.3139074998387
64,26.5,1194.8142871676357
64,26.6,1252.3216071420215
64,26.700000000000003,1157.705092479307
64,26.8,1147.7448906342397
64,26.900000000000002,1163.2259694654306
64,27.0,1174.1144021781602
64,27.1,1161.1081730428248
64,27.200000000000003,1120.2372726412398
64,27.3,1136.8822595716704
64,27.400000000000002,1164.5969670192837
64,27.5,1154.486558275558
64,27.6,1190.4095285941646
64,27.700000000000003,1205.6898019260175
64,27.8,1183.6521550371676
64,27.900000000000002,1185.5589019706233
64,28.0,1182.7180894968706
64,28.1,1165.1914898586708
64,28.200000000000003,1172.7225239961965
64,28.3,1151.5271800534317
64,28.400000000000002,1157.819455835075
64,28.5,1174.0902321305618
64,28.6,1182.772019671928
64,28.700000000000003,1167.2873902675287
64,28.8,1147.4461897227459
64,28.900000000000002,1168.5301844694989
64,29.0,1182.240487983398
64,29.1,1191.7713180818369
64,29.200000000000003,1194.5398662189004
64,29.3,1162.5391620826608
64,29.400000000000002,1145.8092243992294
64,29.5,1175.2388120725727
64,29.6,1195.191038393995
64,29.700000000000003,1162.741609629069
64,29.8,1132.5504827891702
64,29.900000000000002,1150.6538447855098
64,30.0,1204.7361116996562
64,30.1,1193.3547881409065
64,30.200000000000003,1137.6427725926224
64,30.3,1196.97953021128
64,30.400000000000002,1221.9532280444898
64,30.5,1162.5736910600294
64,30.6,1159.3645316203717
64,30.700000000000003,1171.6418552049847
64,30.8,1180.6032228635293
64,30.900000000000002,1194.662647166079
64,31.0,1173.4221893155418
64,31.1,1174.602386696341
64,31.200000000000003,1164.1545593144017
64,31.3,1189.0107672082083
64,31.400000000000002,1181.3395264340043
64,31.5,1158.86851688839
64,31.6,1129.5652138706562
64,31.700000000000003,1165.50920251724
64,31.8,1182.3692937488388
64,31.900000000000002,1180.6788911692083
64,32.0,1125.2939842444632
64,32.1,1147.6045199929476
64,32.2,1175.2622804303373
64,32.300000000000004,1146.9498476802275
64,32.4,1132.2278679679941
64,32.5,1138.2443503845823
64,32.6,1158.871587868622
64,32.7,1195.5605657248504
64,32.800000000000004,1170.5766294429236
64,32.9,1167.6398646453722
64,33.0,1161.1935861852044
64,33.1,1158.672456868351
64,33.2,1131.8429707564671
64,33.300000000000004,1173.6278411811402
64,33.4,1197.871899903257
64,33.5,1168.9240138205473
64,33.6,1167.5566868110843
64,33.7,1165.9251265819157
64,33.800000000000004,1152.3136613716256
64,33.9,1171.9376392937224
64,34.0,1168.6692134728114
64,34.1,1193.3225664812837
64,34.2,1226.1702948513675
64,34.300000000000004,1174.409724744737
64,34.4,1187.5847640916636
64,34.5,1208.4183538695058
64,34.6,1192.4225674899262
64,34.7,1158.269470493986
64,34.800000000000004,1151.6504095247192
64,34.9,1186.758685852968
64,35.0,1187.4535481671053
64,35.1,1177.5136651243147
64,35.2,1179.0973150868365
64,35.300000000000004,1148.2431996454306
64,35.4,1155.3726345355424
64,35.5,1152.3702343621192
64,35.6,1177.6419784602183
64,35.7,1165.9802121525508
64,35.800000000000004,1167.8619610606845
64,35.9,1150.4417724025536
64,36.0,1165.7993116353423
64,36.1,1139.7431993514788
64,36.2,1143.0783594071481
64,36.300000000000004,1153.9807398434289
64,36.4,1196.8183859686326
64,36.5,1169.456481234052
64,36.6,1133.5642115873047
64,36.7,1178.2959313481267
64,36.800000000000004,1164.5064671487125
64,36.9,1132.8163226412667
64,37.0,1152.429697919322
64,37.1,1204.8319085005455
64,37.2,1202.353155439739
64,37.300000000000004,1184.344410206729
64,37.4,1150.3268667575187
64,37.5,1174.7669131988623
64,37.6,1142.9777530198842
64,37.7,1140.0845507426375
64,37.800000000000004,1199.7567844096773
64,37.9,1140.7486817013287
64,38.0,1149.9709351504855
64,38.1,1174.9865962937995
64,38.2,1181.5102912315465
64,38.300000000000004,1150.5908647646734
64,38.400000000000006,1163.8497509140345
64,38.5,1175.1328593347216
64,38.6,1162.6126036952676
64,38.7,1151.1842503546254
64,38.800000000000004,1166.6859130090074
64,38.900000000000006,1185.7285749060095
64,39.0,1158.10048280134
64,39.1,1174.2995292572507
64,39.2,1161.5063494263372
64,39.300000000000004,1131.102800697215
64,39.400000000000006,1168.5034037610326
64,39.5,1167.2066924332503
64,39.6,1156.0903328319762
64,39.7,1157.3549353784435
64,39.800000000000004,1198.3105046158678
64,39.900000000000006,1176.614858898825
64,40.0,1140.1635362013217
64,40.1,1165.1150718986244
64,40.2,1215.7957423083787
64,40.300000000000004,1184.2813576685166
64,40.400000000000006,1153.6321030738818
64,40.5,1170.3455510437464
64,40.6,1157.0450351727513
64,40.7,1121.1246161649094
64,40.800000000000004,1147.1304858570986
64,40.900000000000006,1148.0059072882052
64,41.0,1187.0285376960207
64,41.1,1260.005256635383
64,41.2,1176.7108799000298
64,41.300000000000004,1167.326542282485
64,41.400000000000006,1206.0775952384274
64,41.5,1230.8953916040266
64,41.6,1176.0948749998217
64,41.7,1173.378535668862
64,41.800000000000004,1105.5768908117527
64,41.900000000000006,1121.8006113255187
64,42.0,1207.630936652252
64,42.1,1140.1665401510083
64,42.2,1174.3227307090074
64,42.300000000000004,1190.317203236577
64,42.400000000000006,1176.6775262373865
64,42.5,1177.512851573334
64,42.6,1189.7021683923074
64,42.7,1141.7167926296563
64,42.800000000000004,1116.974257988422
64,42.900000000000006,1170.3004830882596
64,43.0,1186.1842476397896
64,43.1,1163.8958247301427
64,43.2,1165.705962239792
64,43.300000000000004,1160.032152714326
64,43.400000000000006,1142.8866725898054
64,43.5,1158.8335279153223
64,43.6,1145.7694689551806
64,43.7,1170.415238253734
64,43.800000000000004,1180.6905434421735
64,43.900000000000006,1137.6947874609805
64,44.0,1139.8458988426428
64,44.1,1167.9611285671056
64,44.2,1177.4885750321685
64,44.300000000000004,1163.9625118531633
64,44.400000000000006,1168.3356695038842
64,44.5,1166.5807739218515
64,44.6,1159.6240163136654
64,44.7,1171.6396241574027
64,44.800000000000004,1172.964645316969
64,44.900000000000006,1142.575364271847
64,45.0,1202.011292538096
64,45.1,1216.4726751205133
64,45.2,1246.670025039969
64,45.300000000000004,1154.3333393463834
64,45.400000000000006,1154.4653807771858
64,45.5,1160.1257288129132
64,45.6,1179.7534373166088
64,45.7,1172.6657410750445
64,45.800000000000004,1145.570956316481
64,45.900000000000006,1153.3507288245983
64,46.0,1207.1068004360675
64,46.1,1153.0062202486283
64,46.2,1191.6519225614927
64,46.300000000000004,1251.2819934631914
64,46.400000000000006,1177.273945235667
64,46.5,1178.2872160953339
64,46.6,1184.898382458824
64,46.7,1175.49818008297
64,46.800000000000004,1129.9439445055525
64,46.900000000000006,1142.4605933150501
64,47.0,1167.1879994185742
64,47.1,1188.5468838535496
64,47.2,1171.9593196222654
64,47.300000000000004,1145.070937357718
64,47.400000000000006,1161.162283780203
64,47.5,1161.4002530744908
64,47.6,1165.4940462035936
64,47.7,1168.5804007077063
64,47.800000000000004,1140.4451932541122
64,47.900000000000006,1161.4531734698262
64,48.0,1181.0913950691993
64,48.1,1202.5925030136393
64,48.2,1166.2310943118212
64,48.300000000000004,1153.6375499534156
64,48.400000000000006,1149.371039041734
64,48.5,1201.9953011768853
64,48.6,1285.3383544519131
64,48.7,1134.550144893316
64,48.800000000000004,1157.8221777427775
64,48.900000000000006,1178.2760836735624
64,49.0,1184.9817114208306
64,49.1,1168.6178977631944
64,49.2,1159.3647612317525
64,49.300000000000004,1217.7020185761996
64,49.400000000000006,1186.1487745983093
64,49.5,1173.546273125864
64,49.6,1194.8000785038396
64,49.7,1162.6805074852969
64,49.800000000000004,1133.622028448498
64,49.900000000000006,1173.576645723161
64,50.0,1149.6477747376848
64,50.1,1133.3038403772068
64,50.2,1141.0946530611566
64,50.300000000000004,1152.2788287350782
64,50.400000000000006,1183.1076638925938
64,50.5,1163.3593035967006
64,50.6,1159.045969110009
64,50.7,1177.3851564232145
64,50.800000000000004,1209.9168502237194
64,50.900000000000006,1263.3701640815407
64,51.0,1137.543489324899
64,51.1,1125.6448155470327
64,51.2,1203.4982197887648
64,51.300000000000004,1179.8310297738497
64,51.400000000000006,1144.9703182868852
64,51.5,1130.6280860673119
64,51.6,1152.6607325230932
64,51.7,1151.435432709338
64,51.800000000000004,1139.8196653967657
64,51.900000000000006,1141.0511143201634
64,52.0,1193.6646485783313
64,52.1,1176.9162575753244
64,52.2,1172.0829767176117
64,52.300000000000004,1152.7415931402882
64,52.400000000000006,1170.6176009530184
64,52.5,1144.1118288374576
64,52.6,1176.99165019918
64,52.7,1149.3331795647823
64,52.800000000000004,1165.997773298417
64,52.900000000000006,1113.7613683026825
64,53.0,1176.667879824645
64,53.1,1152.8062737260436
64,53.2,1158.3450065814827
64,53.300000000000004,1144.9794503733456
64,53.400000000000006,1200.273155830291
64,53.5,1162.7094771750424
64,53.6,1162.09533585758
64,53.7,1167.3638826122176
64,53.800000000000004,1173.980587354549
64,53.900000000000006,1212.471978556981
64,54.0,1212.5684584338942
64,54.1,1151.8191386921696
64,54.2,1159.0007333662222
64,54.300000000000004,1151.7512991794447
64,54.400000000000006,1142.7304769404884
64,54.5,1156.540349362426
64,54.6,1203.6315264007862
64,54.7,1249.183607131538
64,54.800000000000004,1196.4085526878694
64,54.900000000000006,1186.2514155187714
64,55.0,1149.524148557855
64,55.1,1131.8312933441027
64,55.2,1166.3235343452802
64,55.300000000000004,1229.1383731348803
64,55.400000000000006,1166.18643169657
64,55.5,1136.6924559078607
64,55.6,1153.5672393875789
64,55.7,1167.314449063347
64,55.800000000000004,1137.0765516076558
64,55.900000000000006,1173.4512367210189
64,56.0,1150.796673315591
64,56.1,1166.90904497248
64,56.2,1107.5953005858696
64,56.300000000000004,1151.2830373931718
64,56.400000000000006,1172.7524222696643
64,56.5,1199.0749114232276
64,56.6,1170.022602343993
64,56.7,1132.5612974013197
64,56.800000000000004,1146.521645395091
64,56.900000000000006,1186.503285184131
64,57.0,1245.3213162247357
64,57.1,1139.1844623668471
64,57.2,1171.2685389110995
64,57.300000000000004,1185.7625370399312
64,57.400000000000006,1181.2082706313176
64,57.5,1194.6067873801883
64,57.6,1184.0671927350354
64,57.7,1173.9188268419884
64,57.800000000000004,1166.6547226334765
64,57.900000000000006,1170.1029547221317
64,58.0,1159.9217355468777
64,58.1,1188.7192464670236
64,58.2,1142.8900092300962
64,58.300000000000004,1185.1072122224928
64,58.400000000000006,1193.0739642824117
64,58.5,1187.6179209466577
64,58.6,1196.996063475262
64,58.7,1156.8624085643269
64,58.800000000000004,1126.316094519729
64,58.900000000000006,1135.903689414772
64,59.0,1168.6243189139986
64,59.1,1158.0279795786191
64,59.2,1158.3106186713821
64,59.300000000000004,1180.2752621843947
64,59.400000000000006,1203.2965726356604
64,59.5,1171.595987516263
64,59.6,1159.1923475797419
64,59.7,1151.289674835525
64,59.800000000000004,1178.6783192824792
64,59.900000000000006,1216.7635384360235
64,60.0,1179.8984337734378
64,60.1,1171.4309603438
64,60.2,1140.7235769619365
64,60.300000000000004,1158.035063948932
64,60.400000000000006,1190.753060987135
64,60.5,1190.1073379881143
64,60.6,1150.526538399344
64,60.7,1144.6271296945447
64,60.800000000000004,1169.3238337247421
64,60.900000000000006,1156.3471948817298
64,61.0,1164.807867817571
64,61.1,1171.8717316496052
64,61.2,1154.8213185079628
64,61.300000000000004,1136.3046319236548
64,61.400000000000006,1149.0538318352835
64,61.5,1151.075622473902
64,61.6,1165.7081034532057
64,61.7,1165.8216961195262
64,61.800000000000004,1229.8072385955427
64,61.900000000000006,1156.886592040282
64,62.0,1182.587386252779
64,62.1,1129.498806651559
64,62.2,1136.0071811908474
64,62.300000000000004,1177.2083280062716
64,62.400000000000006,1177.894892893107
64,62.5,1175.9442185616042
64,62.6,1158.8457557415256
64,62.7,1176.6889064151023
64,62.800000000000004,1198.039748721834
64,62.900000000000006,1180.96066093299
64,63.0,1162.4606328586679
64,63.1,1167.9197724622557
64,63.2,1177.0481819915683
64,63.300000000000004,1141.6787010854055
64,63.400000000000006,1154.8299106435718
64,63.5,1172.5009634972057
64,63.6,1186.464093337082
64,63.7,1172.390362156573
64,63.800000000000004,1201.6673016606178
64,63.900000000000006,1186.9665371090862
64,64.0,1152.3698660582377
64,64.10000000000001,1156.4767390771515
64,64.2,1144.2996517008064
64,64.3,1141.00688587271
64,64.4,1210.3304053556983
64,64.5,1177.7865418230429
64,64.60000000000001,1156.4774468654775
64,64.7,1171.3573884225593
64,64.8,1156.2676754692418
64,64.9,1201.9610555961692
64,65.0,1186.6909492546417
64,65.10000000000001,1185.708819318404
64,65.2,1186.4398390235065
64,65.3,1174.2575878059006
64,65.4,1180.8438223254232
64,65.5,1131.8536159847306
64,65.60000000000001,1141.885969226736
64,65.7,1135.7484021960486
64,65.8,1156.335768181916
64,65.9,1151.3905052255354
64,66.0,1169.9368558425035
64,66.10000000000001,1168.4626949740714
64,66.2,1132.631539306062
64,66.3,1126.3294102801524
64,66.4,1160.0447627096605
64,66.5,1182.6501599073554
64,66.60000000000001,1191.2147326094146
64,66.7,1179.1806382477198
64,66.8,1163.7390189763146
64,66.9,1145.6030158640826
64,67.0,1158.6866411146007
64,67.10000000000001,1188.4476766772395
96,0.0,1033.438
96,0.1,1108.3096153861918
96,0.2,1150.8194640114564
96,0.30000000000000004,1187.006880298232
96,0.4,1125.0464421616725
96,0.5,1136.1016645538705
96,0.6000000000000001,1127.883505845966
96,0.7000000000000001,1185.8249667016148
96,0.8,1144.3952685346378
96,0.9,1094.4878923641095
96,1.0,1161.1762941902525
96,1.1,1191.1099492179608
96,1.2000000000000002,1228.636738822369
96,1.3,1198.4931420986538
96,1.4000000000000001,1190.0787809224023
96,1.5,1185.8357614617908
96,1.6,1186.6684902345396
96,1.7000000000000002,1175.737254383076
96,1.8,1130.593214964294
96,1.9000000000000001,1148.7648417003634
96,2.0,1152.0689831342067
96,2.1,1244.668359190793
96,2.2,1191.0390256870808
96,2.3000000000000003,1188.32952173422
96,2.4000000000000004,1127.589759640005
96,2.5,1124.2105010889613
96,2.6,1179.8361395192903
96,2.7,1243.1059206985542
96,2.8000000000000003,1191.8320358000683
96,2.9000000000000004,1178.6774796995708
96,3.0,1161.8395643264264
96,3.1,1191.6207931994188
96,3.2,1202.3019617873006
96,3.3000000000000003,1145.2657877004237
96,3.4000000000000004,1144.9006828365145
96,3.5,1159.4040440304625
96,3.6,1177.0513195831484
96,3.7,1205.554571053174
96,3.8000000000000003,1164.1384168017325
96,3.9000000000000004,1149.4784751130037
96,4.0,1189.269648919972
96,4.1000000000000005,1156.8229512566954
96,4.2,1175.9998484059133
96,4.3,1194.2402801548856
96,4.4,1138.6422198120915
96,4.5,1095.1826475618823
96,4.6000000000000005,1176.052138684313
96,4.7,1202.069025059809
96,4.800000000000001,1187.3241187267229
96,4.9,1163.780424925239
96,5.0,1144.5217504169923
96,5.1000000000000005,1205.0726637613961
96,5.2,1214.2113021331347
96,5.300000000000001,1176.007940544675
96,5.4,1183.7412346105457
96,5.5,1198.1100767854207
96,5.6000000000000005,1205.3442382909063
96,5.7,1206.898589359005
96,5.800000000000001,1243.9078652024834
96,5.9,1279.6933641864023
96,6.0,1209.5814404503485
96,6.1000000000000005,1121.029172805905
96,6.2,1154.7063764331363
96,6.300000000000001,1183.040331102713
96,6.4,1187.5852741040092
96,6.5,1188.4556802375178
96,6.6000000000000005,1195.0701740131008
96,6.7,1227.8648742470457
96,6.800000000000001,1274.2634880866378
96,6.9,1219.2766451098828
96,7.0,1210.911630273006
96,7.1000000000000005,1221.2263819041377
96,7.2,1211.7263933585277
96,7.300000000000001,1206.2767859489932
96,7.4,1170.885352767677
96,7.5,1193.6713137036243
96,7.6000000000000005,1198.6985960153645
96,7.7,1178.974626851737
96,7.800000000000001,1188.636613596809
96,7.9,1174.9584193707497
96,8.0,1195.2671731578935
96,8.1,1257.0711599534873
96,8.200000000000001,1233.9906980019864
96,8.3,1172.9661175239648
96,8.4,1180.8798029308534
96,8.5,1184.6352347605
96,8.6,1237.4297592309395
96,8.700000000000001,1274.847622143007
96,8.8,1183.8854772277125
96,8.9,1148.2868133074087
96,9.0,1161.691295633422
96,9.1,1220.9043292818046
96,9.200000000000001,1210.849267391376
96,9.3,1139.3215909069677
96,9.4,1126.3163444622367
96,9.5,1138.2277749056389
96,9.600000000000001,1169.1671600427017
96,9.700000000000001,1241.0336368998212
96,9.8,1248.8067284167182
96,9.9,1182.4308258548463
96,10.0,1175.0507269105397
96,10.100000000000001,1160.4462300763696
96,10.200000000000001,1185.297987980919
96,10.3,1216.6506276775267
96,10.4,1218.2662006514659
96,10.5,1189.6390414132943
96,10.600000000000001,1138.313515052159
96,10.700000000000001,1155.1767945452646
96,10.8,1246.3490085281096
96,10.9,1160.9420480893268
96,11.0,1119.899215532463
96,11.100000000000001,1183.382669728785
96,11.200000000000001,1211.0824685760988
96,11.3,1183.8061355215812
96,11.4,1235.3659446029285
96,11.5,1200.708094402745
96,11.600000000000001,1186.3380886196364
96,11.700000000000001,1244.179568348564
96,11.8,1183.8642069687912
96,11.9,1151.3849525132546
96,12.0,1140.9137652317706
96,12.100000000000001,1136.2533748790156
96,12.200000000000001,1219.187391745003
96,12.3,1175.5594177832834
96,12.4,1196.6153886206646
96,12.5,1300.1639481103416
96,12.600000000000001,1207.571343871669
96,12.700000000000001,1136.9474187062156
96,12.8,1135.1276836980219
96,12.9,1154.52845622227
96,13.0,1194.6690135891515
96,13.100000000000001,1191.3339664387115
96,13.200000000000001,1246.9156198421638
96,13.3,1229.56048607511
96,13.4,1206.69046555263
96,13.5,1260.5943504728682
96,13.600000000000001,1192.5960796333295
96,13.700000000000001,1137.2862283424947
96,13.8,1168.332385232859
96,13.9,1230.964908692503
96,14.0,1164.5204393478716
96,14.100000000000001,1179.8197150045057
96,14.200000000000001,1183.3514587198622
96,14.3,1185.6895757135308
96,14.4,1218.3600766936643
96,14.5,1204.6644553116355
96,14.600000000000001,1213.5074265115595
96,14.700000000000001,1246.4749852819098
96,14.8,1207.1728306891312
96,14.9,1233.9082888333428
96,15.0,1250.0947314825185
96,15.100000000000001,1261.887789094818
96,15.200000000000001,1270.3364793515009
96,15.3,1203.184449044851
96,15.4,1220.31718990521
96,15.5,1282.661642037291
96,15.600000000000001,1287.2346099765048
96,15.700000000000001,1234.8440156135166
96,15.8,1226.0699379648872
96,15.9,1241.6317797013319
96,16.0,1195.1782939605216
96,16.1,1204.3774321973733
96,16.2,1218.7496537172597
96,16.3,1198.845946635737
96,16.400000000000002,1189.5715456387413
96,16.5,1188.1849353146936
96,16.6,1207.2092291184547
96,16.7,1189.5960627131126
96,16.8,1220.882060108655
96,16.900000000000002,1246.4124231431456
96,17.0,1218.0387573027442
96,17.1,1204.2381437645354
96,17.2,1174.8722769819506
96,17.3,1163.848925637818
96,17.400000000000002,1216.99030186525
96,17.5,1223.555826715911
96,17.6,1155.3855279607494
96,17.7,1217.5775665124977
96,17.8,1226.3217253624855
96,17.900000000000002,1200.144403925457
96,18.0,1191.551368158066
96,18.1,1149.8950519595387
96,18.2,1137.2542547623757
96,18.3,1180.295813010409
96,18.400000000000002,1184.2982052141328
96,18.5,1163.6868608260934
96,18.6,1197.2375408409632
96,18.7,1190.814513403025
96,18.8,1191.8887661646022
96,18.900000000000002,1233.8046191187411
96,19.0,1221.6071923958575
96,19.1,1230.9937004291505
96,19.200000000000003,1199.7172545630413
96,19.3,1170.6168897651457
96,19.400000000000002,1222.4018372081068
96,19.5,1199.5899473498603
96,19.6,1178.8694264146634
96,19.700000000000003,1221.001774963306
96,19.8,1233.9220329213458
96,19.900000000000002,1236.5628082273975
96,20.0,1245.5865257837838
96,20.1,1230.0366193567754
96,20.200000000000003,1226.0126291125282
96,20.3,1243.9312619009495
96,20.400000000000002,1249.1569031517845
96,20.5,1203.1710206968694
96,20.6,1204.329536797559
96,20.700000000000003,1235.5396077120308
96,20.8,1239.0233882154746
96,20.900000000000002,1237.1000753726717
96,21.0,1180.3422344870314
96,21.1,1160.463180232229
96,21.200000000000003,1152.0823390919147
96,21.3,1178.309435974858
96,21.400000000000002,1259.046196065472
96,21.5,1259.0908458136553
96,21.6,1251.002522278351
96,21.700000000000003,1227.9270533015913
96,21.8,1218.3704104890692
96,21.900000000000002,1280.4920546775943
96,22.0,1312.935529561463
96,22.1,1266.0671278235538
96,22.200000000000003,1215.268455348675
96,22.3,1206.8176810063242
96,22.400000000000002,1179.6751099893713
96,22.5,1252.7983620689245
96,22.6,1250.0099593874181
96,22.700000000000003,1192.3739142633847
96,22.8,1223.982132912044
96,22.900000000000002,1207.7324301158274
96,23.0,1169.892038220962
96,23.1,1220.430683099221
96,23.200000000000003,1253.1141711467146
96,23.3,1204.5652775507476
96,23.400000000000002,1193.694106976811
96,23.5,1256.854441575802
96,23.6,1238.8436962256221
96,23.700000000000003,1209.5320951340937
96,23.8,1253.5027650565808
96,23.900000000000002,1194.9754101817095
96,24.0,1160.408079780973
96,24.1,1205.2486944642224
96,24.200000000000003,1263.525238335544
96,24.3,1266.6616607254334
96,24.400000000000002,1229.9112564620548
96,24.5,1258.0994324602539
96,24.6,1271.8803631629987
96,24.700000000000003,1293.407864750737
96,24.8,1274.3480165566568
96,24.900000000000002,1176.62529601155
96,25.0,1149.65892278145
96,25.1,1192.8677785790032
96,25.200000000000003,1213.941605102201
96,25.3,1239.2069917172232
96,25.400000000000002,1279.6243405312675
96,25.5,1284.200376801441
96,25.6,1242.3239451109803
96,25.700000000000003,1194.3421981270676
96,25.8,1177.0200718463536
96,25.900000000000002,1160.8951580171658
96,26.0,1191.2332008606886
96,26.1,1241.5339165262023
96,26.200000000000003,1225.5162104461524
96,26.3,1225.2535968317666
96,26.400000000000002,1242.7151193924649
96,26.5,1256.0208203601946
96,26.6,1263.5235594705234
96,26.700000000000003,1239.1111310039976
96,26.8,1231.683005841312
96,26.900000000000002,1226.0588318750024
96,27.0,1172.0536643037215
96,27.1,1205.0766661918524
96,27.200000000000003,1272.9922123755555
96,27.3,1234.2966020425715
96,27.400000000000002,1226.89457537738
96,27.5,1243.2398159930804
96,27.6,1244.251742374586
96,27.700000000000003,1252.9998547409357
96,27.8,1195.1080719297527
96,27.900000000000002,1172.6980629660886
96,28.0,1189.0047254797303
96,28.1,1185.233055632018
96,28.200000000000003,1230.3912517213787
96,28.3,1222.0524909518947
96,28.400000000000002,1198.2962458178254
96,28.5,1237.0416095304815
96,28.6,1241.147461004291
96,28.700000000000003,1219.771584445027
96,28.8,1219.3645112289832
96,28.900000000000002,1216.109347184738
96,29.0,1207.5402555140402
96,29.1,1227.2541109209103
96,29.200000000000003,1242.5827355733988
96,29.3,1241.3699317690682
96,29.400000000000002,1261.6256262983889
96,29.5,1227.9254047594652
96,29.6,1206.2660148368795
96,29.700000000000003,1227.0156172507545
96,29.8,1222.0656032297497
96,29.900000000000002,1253.3917373402292
96,30.0,1219.1447489902853
96,30.1,1179.4540251747796
96,30.200000000000003,1227.260412991804
96,30.3,1234.9615877571637
96,30.400000000000002,1207.2387316329123
96,30.5,1218.6002243986131
96,30.6,1243.3068513326166
96,30.700000000000003,1250.702066999634
96,30.8,1245.8191873126164
96,30.900000000000002,1206.0269113038582
96,31.0,1214.0002773128467
96,31.1,1256.2278656070841
96,31.200000000000003,1228.7121988543404
96,31.3,1188.268913768774
96,31.400000000000002,1206.1427296414736
96,31.5,1226.1354648825366
96,31.6,1223.6888715717432
96,31.700000000000003,1217.4078721335154
96,31.8,1234.7757067754849
96,31.900000000000002,1277.5223950965203
96,32.0,1276.7938709246966
96,32.1,1219.6214754407115
96,32.2,1199.3489338203888
96,32.300000000000004,1191.9196793309036
96,32.4,1194.1017786942828
96,32.5,1223.5301595973845
96,32.6,1275.1871499168365
96,32.7,1291.3199094297543
96,32.800000000000004,1254.6363322181357
96,32.9,1211.3517540884384
96,33.0,1223.6091057577974
96,33.1,1241.643355476973
96,33.2,1224.561249029483
96,33.300000000000004,1203.92045124598
96,33.4,1227.904892992844
96,33.5,1231.6513907582548
96,33.6,1221.5833291123072
96,33.7,1219.470755606019
96,33.800000000000004,1203.2652029881604
96,33.9,1185.0234562732026
96,34.0,1182.3423133363833
96,34.1,1224.7282703458282
96,34.2,1254.7995953638867
96,34.300000000000004,1216.8307691045857
96,34.4,1204.8370307240298
96,34.5,1193.4016456192692
96,34.6,1204.1592403174006
96,34.7,1238.7609063379577
96,34.800000000000004,1256.2920874683682
96,34.9,1218.7545972048683
96,35.0,1187.6994452919232
96,35.1,1230.0933043352072
96,35.2,1237.5938705349167
96,35.300000000000004,1238.406663997941
96,35.4,1211.7029598189977
96,35.5,1180.5542047413333
96,35.6,1210.519922717623
96,35.7,1239.3840337844786
96,35.800000000000004,1238.5730456952108
96,35.9,1252.5940104663937
96,36.0,1239.0793472302644
96,36.1,1215.412883127095
96,36.2,1214.5288940664584
96,36.300000000000004,1217.0380957359446
96,36.4,1223.1410181202964
96,36.5,1254.3122197207263
96,36.6,1244.158174006743
96,36.7,1253.3895279026676
96,36.800000000000004,1243.2424540524262
96,36.9,1199.5007170459005
96,37.0,1243.2721703557906
96,37.1,1266.2785525127365
96,37.2,1266.5239722623735
96,37.300000000000004,1229.8243916980578
96,37.4,1200.2717119579665
96,37.5,1239.162628000629
96,37.6,1261.1477166132902
96,37.7,1232.4375658130436
96,37.800000000000004,1214.6907177730448
96,37.9,1220.8787333555736
96,38.0,1195.7662256736276
96,38.1,1227.2802816939484
96,38.2,1265.8703103319256
96,38.300000000000004,1242.545004509789
96,38.400000000000006,1252.0465780052602
96,38.5,1218.228405354658
96,38.6,1211.5659451685249
96,38.7,1220.8135271549677
96,38.800000000000004,1216.1311228747102
96,38.900000000000006,1222.5244733480727
96,39.0,1194.781205644133
96,39.1,1218.6546473987096
96,39.2,1268.9218534791353
96,39.300000000000004,1283.7384659908776
96,39.400000000000006,1222.4113135995851
96,39.5,1166.3244889591033
96,39.6,1217.255222090212
96,39.7,1250.5293225240246
96,39.800000000000004,1256.5548823050622
96,39.900000000000006,1257.5818672553896
96,40.0,1223.430563741422
96,40.1,1221.1771009586307
96,40.2,1200.9995136743369
96,40.300000000000004,1202.0341883495537
96,40.400000000000006,1228.088902940419
96,40.5,1233.5007913317813
96,40.6,1209.2273560828444
96,40.7,1168.6397671345826
96,40.800000000000004,1214.1136689024643
96,40.900000000000006,1252.1640668742932
96,41.0,1251.594186744634
96,41.1,1229.511047061654
96,41.2,1198.2867217361477
96,41.300000000000004,1247.459636178424
96,41.400000000000006,1267.2969835882964
96,41.5,1245.3674357185407
96,41.6,1231.2887637075455
96,41.7,1219.6666719891928
96,41.800000000000004,1251.2455915813202
96,41.900000000000006,1251.0280740729968
96,42.0,1230.6178001887238
96,42.1,1192.7107007046025
96,42.2,1232.1220525646138
96,42.300000000000004,1304.6905413905088
96,42.400000000000006,1254.4054264083904
96,42.5,1215.8183678124217
96,42.6,1241.8647992622691
96,42.7,1246.0996448484148
96,42.800000000000004,1245.25918756282
96,42.900000000000006,1252.212739373936
96,43.0,1236.677328934639
96,43.1,1233.1384056741574
96,43.2,1223.634501534576
96,43.300000000000004,1203.2324633215828
96,43.400000000000006,1190.5619591741845
96,43.5,1228.5806386750257
128,0.0,1076.786
128,0.1,1119.4662969618419
128,0.2,1180.702766930042
128,0.30000000000000004,1172.3454649688329
128,0.4,1185.0272274837137
128,0.5,1199.7012050186574
128,0.6000000000000001,1132.9993375374988
128,0.7000000000000001,1169.7646014115583
128,0.8,1222.8859612951806
128,0.9,1144.7475775831122
128,1.0,1204.2136689235083
128,1.1,1131.8729939451696
128,1.2000000000000002,1192.653112353715
128,1.3,1241.0480703166584
128,1.4000000000000001,1167.427515477535
128,1.5,1229.1305283023362
128,1.6,1128.609736577823
128,1.7000000000000002,1187.6192886110332
128,1.8,1245.3827739639473
128,1.9000000000000001,1138.0569337342392
128,2.0,1212.7427328498352
128,2.1,1146.1679651167442
128,2.2,1164.1566126115051
128,2.3000000000000003,1217.2724833348425
128,2.4000000000000004,1173.2119649477265
128,2.5,1137.4594823534176
128,2.6,1223.5416509483637
128,2.7,1194.0045752021613
128,2.8000000000000003,1176.05019678596
128,2.9000000000000004,1192.9801739028296
128,3.0,1186.2761953054082
128,3.1,1208.905488032117
128,3.2,1199.5461472343468
128,3.3000000000000003,1163.8588567987476
128,3.4000000000000004,1164.567384970159
128,3.5,1226.6555453126787
128,3.6,1207.1133482055768
128,3.7,1172.3033663233384
128,3.8000000000000003,1225.1045452042458
128,3.9000000000000004,1231.8508293204993
128,4.0,1173.0672150385972
128,4.1000000000000005,1180.400444390653
128,4.2,1214.3717058676636
128,4.3,1221.7228125097697
128,4.4,1173.9929786177906
128,4.5,1163.2576807575276
128,4.6000000000000005,1209.9260798133814
128,4.7,1189.9470266187254
128,4.800000000000001,1165.4110689277381
128,4.9,1207.7920506037992
128,5.0,1195.7312823294503
128,5.1000000000000005,1188.3215695193028
128,5.2,1214.4683947880455
128,5.300000000000001,1188.8217863077605
128,5.4,1166.2139468312023
128,5.5,1201.4955182494448
128,5.6000000000000005,1197.723782421227
128,5.7,1185.906655050528
128,5.800000000000001,1169.9602010851097
128,5.9,1176.7468142384334
128,6.0,1219.419512710481
128,6.1000000000000005,1190.836154959016
128,6.2,1179.8308060112608
128,6.300000000000001,1221.5839107260636
128,6.4,1211.016152625898
128,6.5,1221.615149704066
128,6.6000000000000005,1204.2248650122356
128,6.7,1199.1964310890312
128,6.800000000000001,1195.4294190118326
128,6.9,1197.7872658311096
128,7.0,1185.6587595034414
128,7.1000000000000005,1205.703210486467
128,7.2,1212.3314428349174
128,7.300000000000001,1163.4396681606886
128,7.4,1203.34490002454
128,7.5,1209.52736648329
128,7.6000000000000005,1228.0792821802538
128,7.7,1218.1658172745617
128,7.800000000000001,1203.4916101038546
128,7.9,1182.976995021049
128,8.0,1180.3404254095997
128,8.1,1230.689236233897
128,8.200000000000001,1176.4533366150831
128,8.3,1208.7968255174783
128,8.4,1184.882212794152
128,8.5,1174.766968605496
128,8.6,1205.9201007879078
128,8.700000000000001,1199.0939470978133
128,8.8,1187.2598765239145
128,8.9,1179.3060413224914
128,9.0,1227.695419273526
128,9.1,1211.9278637602984
128,9.200000000000001,1209.0881789302894
128,9.3,1193.6816382770378
128,9.4,1205.6910867714507
128,9.5,1179.7121916826495
128,9.600000000000001,1189.065066295639
128,9.700000000000001,1194.5994969780718
128,9.8,1172.6537187268004
128,9.9,1198.5156226247343
128,10.0,1207.608256848034
128,10.100000000000001,1179.8877007733538
128,10.200000000000001,1217.6188253417645
128,10.3,1207.4117302188833
128,10.4,1205.652078437259
128,10.5,1184.8863017568772
128,10.600000000000001,1155.4876495086112
128,10.700000000000001,1269.5512907172788
128,10.8,1230.0117870314773
128,10.9,1201.4810762862771
128,11.0,1276.49433782673
128,11.100000000000001,1215.3042542405337
128,11.200000000000001,1193.752439785
128,11.3,1188.2980696058041
128,11.4,1164.809631234389
128,11.5,1200.4936635876297
128,11.600000000000001,1218.3405966906193
128,11.700000000000001,1166.07092296454
128,11.8,1217.6776890237923
128,11.9,1272.0998941379682
128,12.0,1225.2661846956646
128,12.100000000000001,1212.7898706074093
128,12.200000000000001,1199.1274926861115
128,12.3,1202.4609762369066
128,12.4,1199.4511485558114
128,12.5,1204.212408867359
128,12.600000000000001,1155.1881569728287
128,12.700000000000001,1226.2315520853995
128,12.8,1206.0291903078764
128,12.9,1233.775503791388
128,13.0,1199.841636393962
128,13.100000000000001,1197.277353448054
128,13.200000000000001,1176.814537490141
128,13.3,1236.5047063363593
128,13.4,1211.8915389000347
128,13.5,1168.900737403678
128,13.600000000000001,1149.8734260192043
128,13.700000000000001,1223.914519710065
128,13.8,1222.2438768692991
128,13.9,1185.4560660693903
128,14.0,1185.2262732540685
128,14.100000000000001,1250.9412990626606
128,14.200000000000001,1176.5241563995576
128,14.3,1192.7199041711744
128,14.4,1216.182386526021
128,14.5,1239.1272223077383
128,14.600000000000001,1188.6266816993223
128,14.700000000000001,1170.240944113321
128,14.8,1208.334469434993
128,14.9,1197.4503521210995
128,15.0,1205.831231734224
128,15.100000000000001,1170.213331526452
128,15.200000000000001,1204.138717842192
128,15.3,1210.0105983716126
128,15.4,1202.2344526175584
128,15.5,1174.8614659009947
128,15.600000000000001,1203.3293483969974
128,15.700000000000001,1191.9151394074124
128,15.8,1174.2477738303726
128,15.9,1220.7132842780934
128,16.0,1216.207696471928
128,16.1,1201.3261011901668
128,16.2,1176.8317037125112
128,16.3,1236.4336804497152
128,16.400000000000002,1237.166576259476
128,16.5,1218.499657943765
128,16.6,1207.147623879466
128,16.7,1220.9948783754742
128,16.8,1192.9524808081385
128,16.900000000000002,1174.2886112943224
128,17.0,1216.1586961804562
128,17.1,1234.0801209562408
128,17.2,1225.7803161905988
128,17.3,1189.2121216325884
128,17.400000000000002,1217.314184962758
128,17.5,1207.4657941784078
128,17.6,1230.0033546478912
128,17.7,1204.5693933568277
128,17.8,1244.367577871765
128,17.900000000000002,1221.7315743859406
128,18.0,1210.8828583029135
128,18.1,1227.2740379976512
128,18.2,1259.5136940316604
128,18.3,1226.2713568028205
128,18.400000000000002,1221.439689728764
128,18.5,1219.90788115547
128,18.6,1216.8199249192296
128,18.7,1203.1230388486467
128,18.8,1217.8707169725724
128,18.900000000000002,1199.5026903450703
128,19.0,1193.971848055392
128,19.1,1218.1931724911071
128,19.200000000000003,1247.8875114422012
128,19.3,1248.4073274621226
128,19.400000000000002,1220.3616607180459
128,19.5,1203.0644986240402
128,19.6,1234.896710461133
128,19.700000000000003,1214.9276964793219
128,19.8,1256.7781260259485
128,19.900000000000002,1226.8509891881577
128,20.0,1185.5844546884157
128,20.1,1220.658232890082
128,20.200000000000003,1240.9527561984735
128,20.3,1186.7356069447649
128,20.400000000000002,1225.3712524728212
128,20.5,1232.9888394680786
128,20.6,1224.2690373935814
128,20.700000000000003,1215.832356283369
128,20.8,1222.9703930710432
128,20.900000000000002,1206.512622053476
128,21.0,1239.5563899454255
128,21.1,1219.5167679799852
128,21.200000000000003,1204.3948339349577
128,21.3,1215.5054423085996
128,21.400000000000002,1218.2760033744678
128,21.5,1235.1503679367343
128,21.6,1208.1386989952175
128,21.700000000000003,1196.5859186893308
128,21.8,1223.3057022374087
128,21.900000000000002,1236.9454168877835
128,22.0,1208.9310420678664
128,22.1,1230.423368981761
128,22.200000000000003,1223.2615077942899
128,22.3,1196.7489135514306
128,22.400000000000002,1240.0147098486054
128,22.5,1254.1140048226418
128,22.6,1248.0614074555917
128,22.700000000000003,1237.6084037846529
128,22.8,1244.9508009588144
128,22.900000000000002,1224.1986570013219
128,23.0,1200.048963110516
128,23.1,1224.7491851978934
128,23.200000000000003,1200.9123330369193
128,23.3,1193.6257205516533
128,23.400000000000002,1217.591213839116
128,23.5,1230.5137368490025
128,23.6,1187.5495992527722
128,23.700000000000003,1202.086877739972
128,23.8,1220.5130691472455
128,23.900000000000002,1186.3378532791328
128,24.0,1231.6052862105607
128,24.1,1233.9908081232156
128,24.200000000000003,1211.7816593101797
128,24.3,1231.6950985061897
128,24.400000000000002,1198.634696555765
128,24.5,1234.4538654479786
128,24.6,1227.3216834018683
128,24.700000000000003,1247.618759085777
128,24.8,1212.934543786019
128,24.900000000000002,1221.4183493756839
128,25.0,1186.7803351670475
128,25.1,1242.4192347345463
128,25.200000000000003,1207.3105339305393
128,25.3,1213.3388801366568
128,25.400000000000002,1232.4483583958531
128,25.5,1210.081257311669
128,25.6,1232.2212619669995
128,25.700000000000003,1240.4467251953572
128,25.8,1202.5593006353854
128,25.900000000000002,1209.6946867123943
128,26.0,1202.2973418885276
128,26.1,1219.8790232070612
128,26.200000000000003,1223.4186270312644
128,26.3,1202.7302141631717
128,26.400000000000002,1176.8955881624088
128,26.5,1220.604855710095
128,26.6,1213.0941330017986
128,26.700000000000003,1220.005832201799
128,26.8,1239.0332212747605
128,26.900000000000002,1214.1866317168767
128,27.0,1175.395143986961
128,27.1,1239.756777485323
128,27.200000000000003,1262.497060431634
128,27.3,1278.7312675617518
128,27.400000000000002,1213.7843229387158
128,27.5,1209.2913266939106
128,27.6,1197.2160603505624
128,27.700000000000003,1210.304731943032
128,27.8,1238.123223306352
128,27.900000000000002,1214.9559647077317
128,28.0,1235.7684564794693
128,28.1,1231.6319794688618
128,28.200000000000003,1238.209923644336
128,28.3,1256.7751810518942
128,28.400000000000002,1314.8371205109827
128,28.5,1208.33304586992
128,28.6,1232.343685311717
128,28.700000000000003,1218.2111183262828
128,28.8,1226.9064283816856
128,28.900000000000002,1231.2869757861126
128,29.0,1220.9655983615542
128,29.1,1220.657778670238
128,29.200000000000003,1232.3564989462955
128,29.3,1249.6687480433018
128,29.400000000000002,1200.3390088794831
128,29.5,1196.971069746107
128,29.6,1220.2848668188506
128,29.700000000000003,1208.6986918487164
128,29.8,1222.6134912596237
128,29.900000000000002,1233.9279316381555
192,0.0,560.22
192,0.1,604.900504414088
192,0.2,1176.1896915843802
192,0.30000000000000004,1225.739566670082
192,0.4,1225.547043935495
192,0.5,1217.9260001667974
192,0.6000000000000001,1232.6199694792074
192,0.7000000000000001,1216.0758517879228
192,0.8,1220.1584781520894
192,0.9,1213.6554121085328
192,1.0,1261.4431628221164
192,1.1,1243.9853226925277
192,1.2000000000000002,1232.3691901495206
192,1.3,1230.9951339944766
192,1.4000000000000001,1191.1639501183074
192,1.5,1190.3455222403584
192,1.6,1238.7254549180327
192,1.7000000000000002,1212.4786119251692
192,1.8,1225.4614997200213
192,1.9000000000000001,1218.7806368453907
192,2.0,1213.3508599603972
192,2.1,1180.8138710634546
192,2.2,1189.4315152739784
192,2.3000000000000003,1190.0418598384447
192,2.4000000000000004,1219.262607549157
192,2.5,1218.7231997521862
192,2.6,1193.2340060218744
192,2.7,1194.7114110478071
192,2.8000000000000003,1202.7679814669902
192,2.9000000000000004,1222.8464886482725
192,3.0,1204.0420309639203
192,3.1,1254.8722055596195
192,3.2,1209.1678353404277
192,3.3000000000000003,1221.327580521978
192,3.4000000000000004,1232.7510459258272
192,3.5,1282.6298166912495
192,3.6,1235.7271746532974
192,3.7,1275.8358835717756
192,3.8000000000000003,1249.2943801330562
192,3.9000000000000004,1252.5712293567926
192,4.0,1243.1011876052887
192,4.1000000000000005,1225.4014656501538
192,4.2,1246.223936353087
192,4.3,1208.4924943726573
192,4.4,1292.400339737889
192,4.5,1168.1776104529251
192,4.6000000000000005,1285.4867048714634
192,4.7,1176.1749848277834
192,4.800000000000001,1270.0401338319734
192,4.9,1164.4792208529025
192,5.0,1261.8865402482902
192,5.1000000000000005,1163.8385037868034
192,5.2,1268.7522051792828
192,5.300000000000001,1179.0906199424787
192,5.4,1252.7143713352395
192,5.5,1254.561037419942
192,5.6000000000000005,1221.162087949238
192,5.7,1237.5340788717224
192,5.800000000000001,1235.3987098088558
192,5.9,1306.4010164472081
192,6.0,1178.8260274136785
192,6.1000000000000005,1261.3477995691837
192,6.2,1205.9143535439412
192,6.300000000000001,1259.222976824005
192,6.4,1189.3876502167143
192,6.5,1245.0884413467725
192,6.6000000000000005,1214.3245627969043
192,6.7,1223.0330429808469
192,6.800000000000001,1279.635710001095
192,6.9,1170.1103998451156
192,7.0,1280.7508627081406
192,7.1000000000000005,1130.772629302536
192,7.2,1274.0808060755076
192,7.300000000000001,1159.8000073523217
192,7.4,1290.0193351507583
192,7.5,1214.4871742139026
192,7.6000000000000005,1241.9991548797402
192,7.7,1264.1841448006194
192,7.800000000000001,1209.7276409063297
192,7.9,1304.3117359867126
192,8.0,1164.0380298332484
192,8.1,1281.528308548703
192,8.200000000000001,1190.6810259017361
192,8.3,1264.5364901283867
192,8.4,1209.7349292941956
192,8.5,1266.6489169684896
192,8.6,1265.548427402529
192,8.700000000000001,1225.564422424603
192,8.8,1307.2339729867795
192,8.9,1200.0923321733665
192,9.0,1315.0253889737764
192,9.1,1161.80443915477
192,9.200000000000001,1274.9412150243975
192,9.3,1223.976047190101
192,9.4,1249.9295730741555
192,9.5,1281.3662200247807
192,9.600000000000001,1203.6943011995152
192,9.700000000000001,1288.05027974133
192,9.8,1195.4640390294587
192,9.9,1294.5628055633256
192,10.0,1164.6060858797039
192,10.100000000000001,1253.8681532579426
192,10.200000000000001,1231.6077039473873
192,10.3,1247.3391321524903
192,10.4,1297.9786900523482
192,10.5,1171.7175242004084
192,10.600000000000001,1320.4791279391522
192,10.700000000000001,1159.623755962163
192,10.8,1277.1981180478642
192,10.9,1234.2016991617463
192,11.0,1253.2010490887
192,11.100000000000001,1276.8582726900147
192,11.200000000000001,1198.1173350206602
192,11.3,1315.6515792155421
192,11.4,1169.3805238725636
192,11.5,1270.9115092819616
192,11.600000000000001,1262.1330017903945
192,11.700000000000001,1255.2847857494837
192,11.8,1321.4412197964587
192,11.9,1186.6277811070793
192,12.0,1306.9529689202745
192,12.100000000000001,1169.9749975119923
192,12.200000000000001,1274.5969834197401
192,12.3,1212.7064821554086
192,12.4,1248.2790638200943
192,12.5,1284.9685688177883
192,12.600000000000001,1194.09937760908
192,12.700000000000001,1301.6036199535865
192,12.8,1211.9491864835172
192,12.9,1256.881715773823
192,13.0,1303.904370409024
192,13.100000000000001,1209.5042395419473
192,13.200000000000001,1324.009392874604
192,13.3,1166.0026902683617
192,13.4,1288.3453832722566
192,13.5,1250.2970511089086
192,13.600000000000001,1256.3222832954084
192,13.700000000000001,1307.0333732374202
192,13.8,1160.1281964831007
192,13.9,1256.1582424294127
192,14.0,1171.9933055002919
192,14.100000000000001,1222.050080778221
192,14.200000000000001,1254.8462772022779
192,14.3,1248.015924650471
192,14.4,1281.6584778000415
192,14.5,1263.3997422654377
192,14.600000000000001,1232.3799310636996
192,14.700000000000001,1197.0698329495633
192,14.8,1235.1486765502405
192,14.9,1233.3660575721544
192,15.0,1258.5312322237842
192,15.100000000000001,1268.7613038071981
192,15.200000000000001,1269.9943473124479
192,15.3,1243.3058122043735
192,15.4,1216.4442299663806
192,15.5,1277.042456863619
192,15.600000000000001,1257.0879001768035
192,15.700000000000001,1298.5864314785697
192,15.8,1234.389486999349
192,15.9,1241.2027232276253
192,16.0,1233.5914969119035
192,16.1,1269.1122060728096
192,16.2,1313.4613835984178
192,16.3,1262.9934296138326
192,16.400000000000002,1287.4705113573823
192,16.5,1280.9005933723456
192,16.6,1258.022511017496
192,16.7,1224.772113023215
192,16.8,1245.8254910530165
192,16.900000000000002,1260.2526234978213
192,17.0,1282.7814105070279
192,17.1,1252.673354665764
192,17.2,1245.5255343757224
192,17.3,1235.0396043262458
192,17.400000000000002,1252.1367172677715
192,17.5,1298.8176089946435
192,17.6,1246.8944213118807
192,17.7,1232.6440944749052
192,17.8,1292.0160723711083
192,17.900000000000002,1244.6361023837198
192,18.0,1225.8770586174937
192,18.1,1303.936310870877
192,18.2,1278.550547174289
192,18.3,1266.4747271320969
192,18.400000000000002,1199.3727749870127
192,18.5,1253.8395784132447
192,18.6,1249.8010671120885
192,18.7,1273.9276071393679
192,18.8,1268.9179539228392
192,18.900000000000002,1292.6407690547449
192,19.0,1241.876689343938
192,19.1,1249.3260625852126
192,19.200000000000003,1267.6901551499677
192,19.3,1300.264753078419
192,19.400000000000002,1253.1886575679298
192,19.5,1249.471695525375
192,19.6,1227.2650375547119
192,19.700000000000003,1276.3707020811955
192,19.8,1254.2227323452883
192,19.900000000000002,1258.110636202349
192,20.0,1236.4615303599255
192,20.1,1251.5528334753399
192,20.200000000000003,1309.925276926671
192,20.3,1256.6215985803735
192,20.400000000000002,1233.3856229767946
192,20.5,1261.7349365420127
192,20.6,1292.746664362914
192,20.700000000000003,1294.77737964059
192,20.8,1265.6989939319135
192,20.900000000000002,1244.3353975195973
192,21.0,1292.0807978555601
192,21.1,1243.9018702327903
192,21.200000000000003,1254.1368993307046
192,21.3,1298.6207195375462
192,21.400000000000002,1270.546320461677
192,21.5,1279.0842720217686
192,21.6,1238.5409186639529
192,21.700000000000003,1273.4338405697727
192,21.8,1280.4744769633635
192,21.900000000000002,1272.2948069936165
192,22.0,1233.0199535708246
192,22.1,1280.6809262913612
192,22.200000000000003,1299.2238407952427
192,22.3,1287.873719691197
192,22.400000000000002,1264.6060658273266
192,22.5,1245.1217478693063
192,22.6,1257.6755942054954
192,22.700000000000003,1276.892047397503
192,22.8,1258.9622348491996
192,22.900000000000002,1276.5556950910764
192,23.0,1275.4217470961748
192,23.1,1268.8283982153282
192,23.200000000000003,1222.8427700534414
192,23.3,1249.4990145036586
192,23.400000000000002,1282.469249585407
192,23.5,1223.4406311554508
192,23.6,1236.0557558440262
192,23.700000000000003,1278.5771729091025
192,23.8,1257.7057704105775
192,23.900000000000002,1284.9058956530034
192,24.0,1215.0112044659004
192,24.1,1241.1933551861687
192,24.200000000000003,1277.0581894447657
192,24.3,1265.9488280705684
192,24.400000000000002,1256.9657858655607
192,24.5,1243.6969327277754
192,24.6,1222.490154860032
192,24.700000000000003,1306.2418616308437
192,24.8,1233.1985516804743
192,24.900000000000002,1261.7579275289047
192,25.0,1256.6669782781194
192,25.1,1249.6873624115974
192,25.200000000000003,1295.0392884786227
192,25.3,1255.3932407037973
192,25.400000000000002,1262.006475141759
192,25.5,1279.2008746342278
192,25.6,1265.6173275192828
192,25.700000000000003,1255.2207523833122
192,25.8,1302.2382341149114
192,25.900000000000002,1337.4075238137684
192,26.0,1228.640841426655
192,26.1,1258.321512686783
192,26.200000000000003,1277.7515496739118
192,26.3,1245.1342837208633
192,26.400000000000002,1252.7262577927418
192,26.5,1265.8339252409048
192,26.6,1284.3980160936744
192,26.700000000000003,1251.6854788030844
192,26.8,1262.3086358839453
192,26.900000000000002,1334.5062728628805
192,27.0,1303.3523552745391
192,27.1,1262.5890843730112
192,27.200000000000003,1269.793864445382
192,27.3,1299.7580154393845
192,27.400000000000002,1224.996251023076
192,27.5,1248.7572028289296
192,27.6,1263.5407300115094
192,27.700000000000003,1272.2717968122347
192,27.8,1267.4421864665094
192,27.900000000000002,1296.2496273282698
192,28.0,1243.374093355192
192,28.1,1191.4481864549741
192,28.200000000000003,1277.6294662577739
192,28.3,1271.725778271613
192,28.400000000000002,1291.0932245267063
192,28.5,1252.790274778274
192,28.6,1252.891237107816
192,28.700000000000003,1220.692920812264
192,28.8,1243.140421515938
192,28.900000000000002,1301.709851618439
192,29.0,1286.6293891251873
192,29.1,1270.70196184451
192,29.200000000000003,1286.4727590039918
192,29.3,1244.592299745748
192,29.400000000000002,1255.1938943207222
192,29.5,1285.8439242133607
192,29.6,1271.1200816980208
192,29.700000000000003,1272.0034776474906
192,29.8,1299.0613377414736
192,29.900000000000002,1231.5435285745925
192,30.0,1257.6849188644358
192,30.1,1266.136311811564
192,30.200000000000003,1323.914215948513
192,30.3,1215.4440091769081
192,30.400000000000002,1308.3503892656336
192,30.5,1323.185307153597
192,30.6,1198.7346976881595
192,30.700000000000003,1246.5665125627586
192,30.8,1341.528082319217
192,30.900000000000002,1236.62382590897
192,31.0,1217.78962227851
192,31.1,1287.2947602871702
192,31.200000000000003,1304.7782148575652
192,31.3,1221.9784584620659
192,31.400000000000002,1264.5772585390741
192,31.5,1355.5147847992682
192,31.6,1224.7900981390117
192,31.700000000000003,1274.8494441495025
192,31.8,1327.441055529503
192,31.900000000000002,1224.7846816624701
192,32.0,1280.1663500352656
192,32.1,1330.0807759926233
192,32.2,1226.2483522643947
192,32.300000000000004,1275.2609830550184
192,32.4,1278.550356734268
192,32.5,1235.0117364769071
192,32.6,1316.8897739996964
192,32.7,1297.8284469299826
192,32.800000000000004,1247.5249173031993
192,32.9,1305.511083183094
192,33.0,1275.9525213121863
192,33.1,1235.4451265249998
192,33.2,1302.8937358894955
192,33.300000000000004,1273.389560639916
192,33.4,1255.6491263815055
192,33.5,1287.5608855405467
192,33.6,1309.220075746413
192,33.7,1249.4924270156139
192,33.800000000000004,1329.2778541031812
192,33.9,1248.5799113386454
192,34.0,1232.0156725252102
192,34.1,1312.2434562796218
192,34.2,1201.3285447045523
192,34.300000000000004,1246.408401627015
192,34.4,1254.4819941013043
192,34.5,1290.5954734802904
192,34.6,1250.8877619453372
192,34.7,1242.5415055822564
192,34.800000000000004,1317.076790630417
192,34.9,1210.6714438196107
192,35.0,1199.7399995305777
192,35.1,1291.6740197181368
192,35.2,1255.3181008892557
192,35.300000000000004,1219.5445426903468
192,35.4,1284.7949065639814
192,35.5,1310.9361781676162
192,35.6,1224.6027601143712
192,35.7,1282.559490437897
192,35.800000000000004,1324.370101493812
192,35.9,1229.0617234369877
192,36.0,1288.5357944510897
192,36.1,1325.6505755359003
192,36.2,1218.9291017434884
192,36.300000000000004,1286.6964576732857
192,36.4,1295.700865071914
192,36.5,1225.672149661647
192,36.6,1306.6823065424762
192,36.7,1267.292916292722
192,36.800000000000004,1250.2618343704573
192,36.9,1283.2502490511722
192,37.0,1325.2124814781278
192,37.1,1242.5989905568422
192,37.2,1316.4885198638
192,37.300000000000004,1275.1420664844732
192,37.4,1259.20015049253
192,37.5,1275.864940176093
192,37.6,1223.8029024121724
192,37.7,1274.7744873070849
192,37.800000000000004,1259.9634391441712
192,37.9,1248.7900079158755
192,38.0,1352.1956987461458
192,38.1,1327.0790750954925
192,38.2,1248.2651415612243
192,38.300000000000004,1303.8243566464796
192,38.400000000000006,1235.038981745911
192,38.5,1243.987199079259
192,38.6,1346.0454207144712
192,38.7,1219.1760080073152
192,38.800000000000004,1268.175267525131
192,38.900000000000006,1299.9673587107795
192,39.0,1250.141402256069
192,39.1,1299.0898195876225
192,39.2,1238.2321530433846
192,39.300000000000004,1265.3689594064026
192,39.400000000000006,1368.638722352914
192,39.5,1269.7708494310934
192,39.6,1275.7077318329343
192,39.7,1272.8855890889158
192,39.800000000000004,1348.6891092078024
192,39.900000000000006,1261.3113783750741
192,40.0,1226.970041933447
192,40.1,1272.9024459144607
192,40.2,1271.9360248423498
192,40.300000000000004,1231.0673076458233
192,40.400000000000006,1311.2090994360517
192,40.5,1268.089815558595
192,40.6,1260.779880865067
192,40.7,1332.8136020678276
192,40.800000000000004,1209.1777634202992
192,40.900000000000006,1205.5230374003088
192,41.0,1260.801749462076
192,41.1,1325.6472614076274
192,41.2,1210.9024580259284
192,41.300000000000004,1277.8464849101836
192,41.400000000000006,1353.7594683467314
192,41.5,1211.0646915693885
192,41.6,1276.579001130882
192,41.7,1312.0796833763434
192,41.800000000000004,1228.8140825347307
192,41.900000000000006,1273.594554690118
192,42.0,1343.601860747913
192,42.1,1235.1902635202273
192,42.2,1282.096907937524
192,42.300000000000004,1317.672287165412
192,42.400000000000006,1260.7228660140831
192,42.5,1204.036403751528
192,42.6,1242.0356046364234
192,42.7,1342.6805318169286
192,42.800000000000004,1306.706376024416
192,42.900000000000006,1234.8481651287314
192,43.0,1315.8890240359526
192,43.1,1249.4375126870832
192,43.2,1280.3525902459849
192,43.300000000000004,1294.9375838697995
192,43.400000000000006,1314.4670731054543
192,43.5,1249.6120857584704
192,43.6,1316.073917188678
192,43.7,1308.408383455693
192,43.800000000000004,1206.1123207561868
192,43.900000000000006,1290.2037391306908
192,44.0,1313.4898770497664
192,44.1,1239.478673426069
192,44.2,1235.5379519915366
192,44.300000000000004,1268.1249685974572
192,44.400000000000006,1333.9223350289042
192,44.5,1207.1929146557948
192,44.6,1259.0792194390383
192,44.7,1307.789864868279
192,44.800000000000004,1222.3831145125537
192,44.900000000000006,1285.5441399051695
192,45.0,1308.2506049372125
192,45.1,1203.633802647774
192,45.2,1322.9326217375608
192,45.300000000000004,1369.0545936692217
192,45.400000000000006,1240.9337319260064
192,45.5,1250.764682844534
192,45.6,1339.2447209342681
192,45.7,1252.8846603564218
192,45.800000000000004,1243.3368199664026
192,45.900000000000006,1328.9960104958216
192,46.0,1292.5632282192478
192,46.1,1291.9400413961523
192,46.2,1302.9728629965168
192,46.300000000000004,1269.7893156485584
192,46.400000000000006,1284.1510057343278
192,46.5,1288.1997487079163
192,46.6,1273.7648272250483
192,46.7,1258.697450213743
192,46.800000000000004,1292.765611063986
192,46.900000000000006,1275.6318345314328
192,47.0,1273.2278938822778
192,47.1,1292.9317241899591
192,47.2,1271.2251876561909
192,47.300000000000004,1232.4702941177013
192,47.400000000000006,1265.54785305831
192,47.5,1287.2113759298884
192,47.6,1283.2097592803868
192,47.7,1312.215525100081
192,47.800000000000004,1283.370306974592
192,47.900000000000006,1277.6848243562097
192,48.0,1300.6855216492045
192,48.1,1279.9228384921482
192,48.2,1253.772719817095
192,48.300000000000004,1291.6588693495642
192,48.400000000000006,1318.9186019577392
192,48.5,1282.9043051243254
192,48.6,1285.0888730032862
192,48.7,1304.2113499846316
192,48.800000000000004,1279.571657016907
192,48.900000000000006,1266.0496041842198
192,49.0,1229.7771989167627
192,49.1,1266.5043419534404
192,49.2,1317.8360484195741
192,49.300000000000004,1202.9867368756588
192,49.400000000000006,1284.0270092573483
192,49.5,1334.4688854227725
192,49.6,1241.728946195635
192,49.7,1271.466384052175
192,49.800000000000004,1282.0694300942139
192,49.900000000000006,1215.6051773449535
192,50.0,1293.0777281521937
192,50.1,1261.1571630995402
192,50.2,1236.476310157525
192,50.300000000000004,1315.9364384456514
192,50.400000000000006,1265.871609727952
192,50.5,1200.2960313310887
192,50.6,1281.1958396759414
192,50.7,1261.6560687949432
192,50.800000000000004,1247.8792013791394
192,50.900000000000006,1301.4037203065245
192,51.0,1250.4470631298268
192,51.1,1283.181935260202
192,51.2,1322.1260268842937
192,51.300000000000004,1239.8077316006888
192,51.400000000000006,1269.6969094364026
192,51.5,1326.140877860722
192,51.6,1205.1493790203301
192,51.7,1257.1599035050715
192,51.800000000000004,1302.1579718189519
192,51.900000000000006,1220.8864645181673
192,52.0,1299.323801647477
192,52.1,1308.2133822058388
192,52.2,1235.0620828524839
192,52.300000000000004,1273.7201539581133
192,52.400000000000006,1291.5711442464067
192,52.5,1214.7933686166866
192,52.6,1291.0743861742628
192,52.7,1299.730912585242
192,52.800000000000004,1271.2987126644432
192,52.900000000000006,1270.7458432066646
192,53.0,1290.7002786485637
192,53.1,1203.132320710692
192,53.2,1266.2817870107133
192,53.300000000000004,1277.4205185974365
192,53.400000000000006,1224.4189640228292
192,53.5,1259.6705583048636
192,53.6,1311.5527537467751
192,53.7,1261.005070522496
192,53.800000000000004,1308.035043998965
192,53.900000000000006,1318.85296615386
192,54.0,1227.9404284311997
192,54.1,1295.2015352984358
192,54.2,1306.6691733633174
192,54.300000000000004,1234.6899785388548
192,54.400000000000006,1327.956664773085
192,54.5,1338.159246349191
192,54.6,1220.765565081042
192,54.7,1290.6376051114353
192,54.800000000000004,1333.9963913253957
192,54.900000000000006,1260.994766813967
192,55.0,1286.0216943685425
192,55.1,1309.9510499573582
192,55.2,1248.9830181649236
192,55.300000000000004,1269.9363931502435
192,55.400000000000006,1335.4251646287396
192,55.5,1234.2722508929742
192,55.6,1263.0641922099412
192,55.7,1330.3110976748858
192,55.800000000000004,1271.3128923073582
192,55.900000000000006,1266.4542874997335
192,56.0,1296.179484759236
192,56.1,1244.699220827591
192,56.2,1264.449465025003
192,56.300000000000004,1322.9834321262563
192,56.400000000000006,1260.7574047714077
192,56.5,1269.8375212974834
192,56.6,1303.6923948373726
192,56.7,1238.7636426083468
192,56.800000000000004,1275.803118456868
192,56.900000000000006,1321.157604562667
192,57.0,1227.8550654475964
192,57.1,1279.3809157538083
192,57.2,1303.4100058332515
192,57.300000000000004,1233.05397474801
192,57.400000000000006,1264.2026025934335
192,57.5,1368.63957858016
192,57.6,1255.826442769451
192,57.7,1264.6501848357068
192,57.800000000000004,1310.3388468552162
192,57.900000000000006,1248.888995832067
192,58.0,1262.6493602146438
192,58.1,1330.8619202275127
192,58.2,1247.748144691727
192,58.300000000000004,1276.1052567282436
192,58.400000000000006,1317.7102577689361
192,58.5,1238.3195388752404
192,58.6,1274.0371637875667
192,58.7,1319.2756687486158
192,58.800000000000004,1239.7779403973584
192,58.900000000000006,1250.8970601929198
192,59.0,1322.6606416708366
192,59.1,1260.4733382451743
192,59.2,1281.4422580401672
192,59.300000000000004,1331.492153102119
192,59.400000000000006,1251.4592297158117
192,59.5,1274.193338697917
192,59.6,1332.6657945375355
192,59.7,1286.6690736355663
192,59.800000000000004,1248.5493489700114
192,59.900000000000006,1289.6774992589453
192,60.0,1313.104118644916
192,60.1,1252.1961131481553
192,60.2,1316.109555012859
192,60.300000000000004,1297.948075216063
192,60.400000000000006,1225.8866347106216
192,60.5,1313.109922372155
192,60.6,1344.17305988791
192,60.7,1269.0758233199708
192,60.800000000000004,1296.8414136179433
192,60.900000000000006,1296.4752211003363
192,61.0,1216.4677364715133
192,61.1,1274.7911293133127
192,61.2,1348.4817759076811
192,61.300000000000004,1261.1626709885513
192,61.400000000000006,1242.8964203311175
192,61.5,1343.6669810589724
192,61.6,1278.2275246248807
192,61.7,1278.628061275766
192,61.800000000000004,1326.5727958119294
192,61.900000000000006,1235.0134850391892
192,62.0,1239.3425800482282
192,62.1,1308.3125559853702
192,62.2,1256.8212550946657
192,62.300000000000004,1257.0119216841822
192,62.400000000000006,1317.503241586649
192,62.5,1247.6824362084124
192,62.6,1243.3926171010155
192,62.7,1307.1763124240804
192,62.800000000000004,1267.4099119128032
192,62.900000000000006,1255.1209330424704
192,63.0,1298.1011464636838
192,63.1,1314.9655936696977
192,63.2,1254.2289011344683
192,63.300000000000004,1279.569213517387
192,63.400000000000006,1352.9726566150266
192,63.5,1293.6687278985482
192,63.6,1287.0381577737912
192,63.7,1312.5166601280998
192,63.800000000000004,1278.673689874112
192,63.900000000000006,1230.3122118331607
192,64.0,1296.6244102251283
192,64.10000000000001,1338.5972183860508
192,64.2,1249.3137785073436
192,64.3,1273.2728923388502
192,64.4,1318.937555850396
192,64.5,1243.9466806999817
192,64.60000000000001,1257.7993024562336
192,64.7,1305.0047489217525
192,64.8,1262.307620755753
192,64.9,1243.8242779702055
192,65.0,1299.8397499011119
192,65.10000000000001,1234.0168578714495
192,65.2,1277.1644219468758
192,65.3,1351.8138171899818
192,65.4,1240.5128678939814
192,65.5,1249.7343087750319
192,65.60000000000001,1322.3921582406847
192,65.7,1231.4584607113197
192,65.8,1262.0902469927457
192,65.9,1308.5916088470153
192,66.0,1259.5897205450988
192,66.10000000000001,1256.2666802958556
192,66.2,1312.7061145724736
192,66.3,1296.9542160565031
192,66.4,1249.295558999578
256,0.0,1063.729
256,0.1,1097.091309779682
256,0.2,1159.6345102259647
256,0.30000000000000004,1185.5267728104768
256,0.4,1187.748820080015
256,0.5,1181.1229789617912
256,0.6000000000000001,1182.3469295748337
256,0.7000000000000001,1218.9198264579313
256,0.8,1237.288196137103
256,0.9,1209.0590180406696
256,1.0,1223.2006712019006
256,1.1,1261.264064385948
256,1.2000000000000002,1234.6196479791454
256,1.3,1184.497379145221
256,1.4000000000000001,1240.539838990054
256,1.5,1196.9100236521424
256,1.6,1154.2702246670592
256,1.7000000000000002,1252.8730102577667
256,1.8,1221.4325611488264
256,1.9000000000000001,1158.33932669677
256,2.0,1255.057184402909
256,2.1,1237.0920518437501
256,2.2,1173.43096126897
256,2.3000000000000003,1213.0504784409038
256,2.4000000000000004,1196.060341084776
256,2.5,1169.8163086676277
256,2.6,1238.5338666800103
256,2.7,1234.210181186394
256,2.8000000000000003,1192.0759312620776
256,2.9000000000000004,1240.9215338931358
256,3.0,1244.6238368220777
256,3.1,1182.3463112197123
256,3.2,1230.0647513902493
256,3.3000000000000003,1241.2285242389796
256,3.4000000000000004,1184.567148720527
256,3.5,1180.8900722579785
256,3.6,1216.0197030483982
256,3.7,1220.7716697122703
256,3.8000000000000003,1192.3990290500983
256,3.9000000000000004,1221.4731446919948
256,4.0,1232.7934838715826
256,4.1000000000000005,1189.070449020519
256,4.2,1203.3265752130196
256,4.3,1238.2312568257364
256,4.4,1194.218175249242
256,4.5,1183.4109954917603
256,4.6000000000000005,1222.1381054086385
256,4.7,1212.6493567143161
256,4.800000000000001,1200.9069067709697
256,4.9,1205.377758105809
256,5.0,1229.7891721548003
256,5.1000000000000005,1208.4276356077253
256,5.2,1198.2258003355053
256,5.300000000000001,1251.2406675127118
256,5.4,1237.236655867362
256,5.5,1214.1026871445013
256,5.6000000000000005,1170.0681423432868
256,5.7,1214.452363313088
256,5.800000000000001,1256.6961429514317
256,5.9,1197.5944779344063
256,6.0,1204.4983157275205
256,6.1000000000000005,1255.9205914464906
256,6.2,1220.5999924715782
256,6.300000000000001,1194.7993089988877
256,6.4,1258.2681788598052
256,6.5,1240.549550838532
256,6.6000000000000005,1181.5343858212404
256,6.7,1222.0261995639403
256,6.800000000000001,1222.1597080464362
256,6.9,1161.8187646947813
256,7.0,1214.7801492479698
256,7.1000000000000005,1234.2553492346256
256,7.2,1193.5924561647394
256,7.300000000000001,1201.0725004639223
256,7.4,1260.9908893825889
256,7.5,1224.1331929560786
256,7.6000000000000005,1158.1507899064513
256,7.7,1179.5857121957613
256,7.800000000000001,1231.0615259283618
256,7.9,1208.6889192996416
256,8.0,1170.1641246944114
256,8.1,1244.8301923863755
256,8.200000000000001,1270.1755731303801
256,8.3,1206.5668742141477
256,8.4,1195.0549212877343
256,8.5,1256.7142476958195
256,8.6,1220.481284524505
256,8.700000000000001,1186.9433727892658
256,8.8,1249.7290779040873
256,8.9,1241.9680572179464
256,9.0,1174.1847158246637
256,9.1,1166.6941485138461
256,9.200000000000001,1228.0933978368512
256,9.3,1198.2626601444954
256,9.4,1175.8648987823708
256,9.5,1220.2501722167547
256,9.600000000000001,1214.3738010608422
256,9.700000000000001,1159.9659714297288
256,9.8,1198.8456726540985
256,9.9,1246.1199639577858
256,10.0,1212.1343727833773
256,10.100000000000001,1193.1236756105302
256,10.200000000000001,1246.2349699333292
256,10.3,1216.4816692080765
256,10.4,1176.4375621525026
256,10.5,1233.7510189908405
256,10.600000000000001,1282.0579391724968
256,10.700000000000001,1269.8483774923623
256,10.8,1221.5184979228666
256,10.9,1203.4771220883324
256,11.0,1238.277300743459
256,11.100000000000001,1260.2747469094027
256,11.200000000000001,1218.1945412994255
256,11.3,1173.0522719957112
256,11.4,1236.1263934963188
256,11.5,1273.9178302125977
256,11.600000000000001,1220.9076205995175
256,11.700000000000001,1193.1302105404131
256,11.8,1256.5961516225811
256,11.9,1256.97153845285
256,12.0,1187.8069306386892
256,12.100000000000001,1219.5687177713291
256,12.200000000000001,1243.8780058301281
256,12.3,1205.0743685926147
256,12.4,1190.4886013567416
256,12.5,1241.1974253424069
256,12.600000000000001,1288.1665803885417
256,12.700000000000001,1310.591446476295
256,12.8,1230.9639001980115
256,12.9,1197.6846016574889
256,13.0,1265.2053357193236
256,13.100000000000001,1276.5742130511128
256,13.200000000000001,1208.795592192801
256,13.3,1195.735577634966
256,13.4,1264.32574834931
256,13.5,1225.2967510579892
256,13.600000000000001,1166.495434649835
256,13.700000000000001,1224.0306424781975
256,13.8,1271.9713709089694
256,13.9,1261.579324017099
256,14.0,1239.9360525815398
256,14.100000000000001,1215.9772781979013
256,14.200000000000001,1233.5665384654599
256,14.3,1170.2900103765764
256,14.4,1212.1332176794795
256,14.5,1271.1108060836502
256,14.600000000000001,1295.5961454094486
256,14.700000000000001,1283.1243802317451
256,14.8,1204.2413712939112
256,14.9,1207.9920632214778
256,15.0,1250.5365938239395
256,15.100000000000001,1233.3739268039176
256,15.200000000000001,1217.3495542410674
256,15.3,1189.6693326539466
256,15.4,1242.2742611959256
256,15.5,1260.510098161439
256,15.600000000000001,1232.2719166257218
256,15.700000000000001,1206.087363345232
256,15.8,1241.3221131799605
256,15.9,1247.1683745076502
256,16.0,1270.1244946157128
256,16.1,1231.500886924405
256,16.2,1205.1474036331401
256,16.3,1246.753561437613
256,16.400000000000002,1258.1070717493644
256,16.5,1189.2719529447363
256,16.6,1178.8501036122943
256,16.7,1242.742989157826
256,16.8,1276.9053847513521
256,16.900000000000002,1240.6985364613518
256,17.0,1192.1887333803545
256,17.1,1259.0477304298106
256,17.2,1300.3558135217174
256,17.3,1280.4382354069512
256,17.400000000000002,1246.5641013832205
256,17.5,1235.6052756089948
256,17.6,1196.1204076513422
256,17.7,1267.2325909575925
256,17.8,1267.0345022820577
256,17.900000000000002,1201.3467301385845
256,18.0,1185.5328361443258
256,18.1,1248.523621457371
256,18.2,1282.1365306390005
256,18.3,1266.1404475980783
256,18.400000000000002,1207.5466937684062
256,18.5,1192.0626536102518
256,18.6,1257.927547187831
256,18.7,1278.0558048581374
256,18.8,1282.9893666945463
256,18.900000000000002,1270.2596101926706
256,19.0,1185.513463586195
256,19.1,1219.5182473235373
256,19.200000000000003,1260.4231875100988
256,19.3,1246.0288238094092
256,19.400000000000002,1150.1177421279897
256,19.5,1227.8183251601283
256,19.6,1286.9945230057306
256,19.700000000000003,1245.4620382229566
256,19.8,1186.7404852932698
256,19.900000000000002,1217.5210165025703
256,20.0,1281.911513786563
256,20.1,1291.7106664125035
256,20.200000000000003,1213.005490088783
256,20.3,1191.9973945604365
256,20.400000000000002,1263.6903732328844
256,20.5,1287.2150394618022
256,20.6,1202.8879929621555
256,20.700000000000003,1162.0517631636005
256,20.8,1178.9524272904682
256,20.900000000000002,1241.4722465271009
256,21.0,1296.098191164697
256,21.1,1296.3265140006622
256,21.200000000000003,1282.7311743866032
256,21.3,1258.4559783790987
256,21.400000000000002,1190.687520077772
256,21.5,1234.5517136869644
256,21.6,1264.8996251841936
256,21.700000000000003,1256.6267088444333
256,21.8,1191.9684664736535
256,21.900000000000002,1202.985479289156
256,22.0,1266.2724823573144
256,22.1,1266.8736731886793
256,22.200000000000003,1290.9074706164922
256,22.3,1249.6215838694607
256,22.400000000000002,1201.2047716113598
256,22.5,1213.2689444768764
256,22.6,1269.2481960179198
256,22.700000000000003,1303.162203728579
256,22.8,1249.3675608399778
256,22.900000000000002,1266.5520148441128
256,23.0,1197.2944802704942
256,23.1,1211.7677832877034
256,23.200000000000003,1295.4229029732326
256,23.3,1292.0882075006368
256,23.400000000000002,1211.803465702411
256,23.5,1183.9809542408907
256,23.6,1253.0399648903426
256,23.700000000000003,1289.5551799830814
256,23.8,1258.8960094120669
256,23.900000000000002,1206.976957912998
256,24.0,1245.3897410303884
256,24.1,1287.669354639834
256,24.200000000000003,1279.007322376899
256,24.3,1195.3934933083312
256,24.400000000000002,1218.337475968112
256,24.5,1293.582379154068
256,24.6,1253.8079057613356
256,24.700000000000003,1275.3067565587671
256,24.8,1282.1323348511592
256,24.900000000000002,1199.0417063284078
256,25.0,1200.7796441433177
256,25.1,1249.0773379354064
256,25.200000000000003,1287.9257950686592
256,25.3,1291.7191242491176
256,25.400000000000002,1285.308368507663
256,25.5,1291.2711492806184
256,25.6,1301.1121648783358
256,25.700000000000003,1214.3631427552914
256,25.8,1199.0496178230615
256,25.900000000000002,1246.64204587656
256,26.0,1215.0233798693253
256,26.1,1267.192734333011
256,26.200000000000003,1323.8255130870755
256,26.3,1331.6982652058286
256,26.400000000000002,1272.668959525501
256,26.5,1265.356739108162
256,26.6,1188.8434969649597
256,26.700000000000003,1195.727517955649
256,26.8,1273.1314764640708
256,26.900000000000002,1301.6460630994281
256,27.0,1299.9706933597986
256,27.1,1248.867820884524
256,27.200000000000003,1190.443396071687
256,27.3,1263.0843839338352
256,27.400000000000002,1303.2129222015449
256,27.5,1279.9708222911663
256,27.6,1176.277055333365
256,27.700000000000003,1185.2626512182421
256,27.8,1240.8642262276487
256,27.900000000000002,1201.0186451869315
256,28.0,1181.3174269231595
256,28.1,1228.5534182342412
256,28.200000000000003,1240.3217188981578
256,28.3,1304.185414913694
256,28.400000000000002,1307.6748319389385
256,28.5,1220.3567931601447
256,28.6,1199.3547040591518
256,28.700000000000003,1243.4789659858004
256,28.8,1294.161810840924
256,28.900000000000002,1255.3243446093365
256,29.0,1271.2153064257477
256,29.1,1229.7064254404038
256,29.200000000000003,1186.474031721893
256,29.3,1188.3458646213603
256,29.400000000000002,1233.468415346234
256,29.5,1284.7617614168444
256,29.6,1299.042083079914
256,29.700000000000003,1250.0019958767873
256,29.8,1201.0213407956694
256,29.900000000000002,1260.2626790535426
256,30.0,1285.635233826827
256,30.1,1308.367205736398
256,30.200000000000003,1310.238719867609
256,30.3,1321.3869284532034
256,30.400000000000002,1265.5194963980098
256,30.5,1266.417596654833
256,30.6,1306.3377098180495
256,30.700000000000003,1266.9615328623386
256,30.8,1201.8607487771285
256,30.900000000000002,1193.7536988026013
256,31.0,1276.4673730913667
256,31.1,1309.0880230309153
256,31.200000000000003,1318.6762951100613
256,31.3,1324.1060025743968
256,31.400000000000002,1250.4286837303491
256,31.5,1207.0863742002664
256,31.6,1258.879232079622
256,31.700000000000003,1300.2352522964752
256,31.8,1301.7520002463766
256,31.900000000000002,1245.9880082136924
256,32.0,1187.9710402412377
256,32.1,1218.3481003119207
256,32.2,1267.344355108208
256,32.300000000000004,1292.5805006803078
256,32.4,1267.8133210361786
256,32.5,1197.4961017599887
256,32.6,1233.9286555955853
256,32.7,1254.189629405473
256,32.800000000000004,1303.9645162862862
256,32.9,1316.1080724427582
256,33.0,1257.4507946357085
256,33.1,1202.8157056710952
256,33.2,1198.9330474153028
256,33.300000000000004,1266.366953948876
256,33.4,1316.6244141008042
256,33.5,1314.4190334506497
256,33.6,1248.6652446309934
256,33.7,1202.8136292559834
256,33.800000000000004,1216.8853534232496
256,33.9,1260.2744251492265
256,34.0,1276.3366925225182
256,34.1,1263.3504377221436
256,34.2,1185.5184349264523
256,34.300000000000004,1194.2985077357876
256,34.4,1230.6189071436222
256,34.5,1275.9901545023674
256,34.6,1296.138501729269
256,34.7,1258.0014981514023
256,34.800000000000004,1193.6770420492285
256,34.9,1206.412791116913
256,35.0,1293.6622117418303
256,35.1,1299.2622057574763
256,35.2,1264.3197675307554
256,35.300000000000004,1223.8480378266293
256,35.4,1186.9711235258087
256,35.5,1246.7825489813426
256,35.6,1290.581073799743
256,35.7,1313.139958834013
256,35.800000000000004,1282.9222977746858
256,35.9,1275.3199305988048
256,36.0,1224.8041361095356
256,36.1,1260.516409726621
256,36.2,1296.6785806872238
256,36.300000000000004,1303.4386707871631
256,36.4,1262.077986792575
256,36.5,1212.9532286253502
256,36.6,1191.1263517112657
256,36.7,1237.715403260674
256,36.800000000000004,1280.3475885357018
256,36.9,1312.0069332021176
256,37.0,1269.3135984330581
256,37.1,1222.1334234268925
256,37.2,1220.1260731059297
256,37.300000000000004,1220.377039102608
256,37.4,1260.0186315124527
256,37.5,1308.6901675975523
256,37.6,1247.8538943286258
256,37.7,1230.3815393839432
256,37.800000000000004,1176.0247124605692
256,37.9,1287.5478940916594
256,38.0,1290.7917659860411
256,38.1,1249.5013924720545
256,38.2,1216.242612766049
256,38.300000000000004,1220.5011866486825
256,38.400000000000006,1214.8662528686436
256,38.5,1288.1141545540545
256,38.6,1295.678823582957
256,38.7,1309.1854196494266
256,38.800000000000004,1280.3435540108248
256,38.900000000000006,1221.5355458206827
256,39.0,1212.7174330014082
256,39.1,1284.7605106082854
256,39.2,1326.4788322462884
256,39.300000000000004,1311.1529486599047
256,39.400000000000006,1274.4962386248128
256,39.5,1205.2462473713178
256,39.6,1209.2297510261567
256,39.7,1249.4321858166486
256,39.800000000000004,1290.5270579383318
256,39.900000000000006,1303.2835672966064
256,40.0,1275.654757313063
256,40.1,1218.5875217337843
256,40.2,1218.9443466209177
256,40.300000000000004,1270.508931371753
256,40.400000000000006,1324.9697397092875
256,40.5,1295.3190517119363
256,40.6,1236.5590659886575
256,40.7,1226.4714727223761
256,40.800000000000004,1213.0455312710756
256,40.900000000000006,1268.3454294365358
256,41.0,1314.3822490278121
256,41.1,1279.962145747978
256,41.2,1230.7851663441827
256,41.300000000000004,1217.4092031739247
256,41.400000000000006,1269.8880727693872
256,41.5,1321.2809188529081
256,41.6,1323.2225421056764
256,41.7,1284.5497164192036
256,41.800000000000004,1241.8719241346762
256,41.900000000000006,1225.1730120778734
256,42.0,1251.3470358807438
256,42.1,1308.2900163178258
256,42.2,1275.8892582934384
256,42.300000000000004,1213.7043547608423
256,42.400000000000006,1196.6033614790038
256,42.5,1260.2696571724728
256,42.6,1290.9809048687034
256,42.7,1302.087564667588
256,42.800000000000004,1282.533380163368
256,42.900000000000006,1220.3664238748713
256,43.0,1222.365213802339
256,43.1,1220.1195209336802
256,43.2,1276.7484207891928
256,43.300000000000004,1305.7291967736467
256,43.400000000000006,1262.4956821533615
256,43.5,1176.9558276748653
256,43.6,1193.1797516837453
256,43.7,1274.3995350174089
