batch_size,relative_time_s,power_total_W
8,0.0,608.368
8,0.1,608.368
8,0.2,608.7131783451958
8,0.30000000000000004,608.8191245649803
8,0.4,611.7647268495429
8,0.5,620.7664789441981
8,0.6000000000000001,607.6830573604013
8,0.7000000000000001,618.924026339342
8,0.8,614.8950640314738
8,0.9,618.4762421534724
8,1.0,615.5313190001382
8,1.1,624.1658901821629
8,1.2000000000000002,619.0162891118208
8,1.3,599.3045828632662
8,1.4000000000000001,623.090247770869
8,1.5,630.7566520008954
8,1.6,611.9566127484073
8,1.7000000000000002,623.1611448808608
8,1.8,633.8933728826152
8,1.9000000000000001,625.8602843170883
8,2.0,617.881138846519
8,2.1,508.88582650767614
8,2.2,214.69330104526125
8,2.3000000000000003,194.6190314434326
8,2.4000000000000004,193.962827319899
8,2.5,193.49593496620415
8,2.6,286.8715933587883
8,2.7,607.8105811023286
8,2.8000000000000003,585.8902679548099
8,2.9000000000000004,517.4985956197222
8,3.0,618.2518873310538
8,3.1,635.9542765904163
8,3.2,627.8599782325847
8,3.3000000000000003,612.2976022303187
8,3.4000000000000004,614.4865358248821
8,3.5,618.4019517886619
8,3.6,630.9560028943678
8,3.7,632.5407406220089
8,3.8000000000000003,636.8902837605699
8,3.9000000000000004,629.1169735391982
8,4.0,620.4545887945937
8,4.1000000000000005,622.573301848789
8,4.2,620.2178814044839
8,4.3,632.4382258302231
8,4.4,649.2144664348538
8,4.5,637.9002253962434
8,4.6000000000000005,628.6137232083836
8,4.7,616.5657831467195
8,4.800000000000001,609.3043609444697
8,4.9,621.3028797789013
8,5.0,594.7414228363857
8,5.1000000000000005,508.4992925149166
8,5.2,609.1934662228867
8,5.300000000000001,628.0747741627637
8,5.4,613.592328673085
8,5.5,578.1963885376999
8,5.6000000000000005,474.18269064377944
8,5.7,622.0413427665184
8,5.800000000000001,634.0764634229618
8,5.9,633.1047404689529
8,6.0,620.7924787700412
8,6.1000000000000005,627.7554840295201
8,6.2,591.98171988401
8,6.300000000000001,624.6249503463283
8,6.4,575.1353799397126
8,6.5,420.4940682438364
8,6.6000000000000005,622.953256733201
8,6.7,632.569264118811
8,6.800000000000001,612.4095146514139
8,6.9,633.6941774323515
8,7.0,647.2076264221721
8,7.1000000000000005,639.2184186376874
8,7.2,645.6824771093569
8,7.300000000000001,634.4633826543009
8,7.4,653.4395503143741
8,7.5,647.708089531028
8,7.6000000000000005,660.8066360536278
8,7.7,644.0284571579625
8,7.800000000000001,661.9186207813234
8,7.9,636.111802949042
8,8.0,660.4349705676477
8,8.1,640.6059051649565
8,8.200000000000001,636.4809669041441
8,8.3,627.6576016309034
8,8.4,645.986327803302
8,8.5,639.7177626592065
8,8.6,565.2525925974238
8,8.700000000000001,649.1229873405267
8,8.8,636.2170669166899
8,8.9,635.0363064735732
8,9.0,661.231167888858
8,9.1,637.9201366344696
8,9.200000000000001,626.7377202343308
8,9.3,636.6455787433035
8,9.4,640.6657280512713
8,9.5,577.8450648184498
8,9.600000000000001,627.1705675960413
8,9.700000000000001,641.4804511294648
8,9.8,654.1219523543557
8,9.9,633.56199841257
8,10.0,654.3043372153849
8,10.100000000000001,637.5667298102582
8,10.200000000000001,636.8352919312248
8,10.3,635.7925787070868
8,10.4,637.3815243914504
8,10.5,635.5608086459738
8,10.600000000000001,643.1844981664856
8,10.700000000000001,657.8917487361663
8,10.8,646.789105061273
8,10.9,639.936240938144
8,11.0,656.305463169534
8,11.100000000000001,642.1218508569281
8,11.200000000000001,640.0501920799142
8,11.3,636.5755489115136
8,11.4,604.3559561577589
8,11.5,385.7911747468757
8,11.600000000000001,651.123062078756
8,11.700000000000001,644.906338235294
8,11.8,637.1054334307555
8,11.9,648.305266796246
8,12.0,648.191796025979
8,12.100000000000001,637.4278526751067
8,12.200000000000001,625.7016794857808
8,12.3,626.5282544331114
8,12.4,619.9797677932027
8,12.5,625.7552821229848
8,12.600000000000001,645.6789114977322
8,12.700000000000001,627.3736422293586
8,12.8,634.3330224043717
8,12.9,646.5354833572849
8,13.0,650.9668937691206
8,13.100000000000001,639.7458068004688
8,13.200000000000001,642.4233269972151
8,13.3,644.2033883967177
8,13.4,630.7670238934054
8,13.5,640.8331413582406
8,13.600000000000001,638.2399070860175
8,13.700000000000001,622.5385648503498
8,13.8,627.4930683710178
8,13.9,624.919024753316
8,14.0,655.5564986320028
8,14.100000000000001,638.6497092863251
8,14.200000000000001,648.9412603362255
8,14.3,658.6544022079839
8,14.4,651.0773923457831
8,14.5,634.9709738774421
8,14.600000000000001,632.0776381220019
8,14.700000000000001,520.8038650894744
8,14.8,622.3246110155367
8,14.9,644.4764208008763
8,15.0,628.8912616858638
8,15.100000000000001,650.4515650373327
8,15.200000000000001,629.8242949370409
8,15.3,672.0380143618186
8,15.4,660.9408337696751
8,15.5,626.6094766987193
8,15.600000000000001,639.3655307820835
8,15.700000000000001,292.07574740944386
8,15.8,654.1711272018973
8,15.9,648.7328363208658
8,16.0,630.1599012268068
8,16.1,614.253124779965
8,16.2,601.3344983652927
8,16.3,673.3928785978972
8,16.400000000000002,630.2714314658805
8,16.5,628.3293909725728
8,16.6,636.9602216368644
8,16.7,681.3842859226057
8,16.8,625.3043311375491
8,16.900000000000002,663.8918188749165
8,17.0,633.9805148865352
8,17.1,640.8191950059827
8,17.2,638.3326890285291
8,17.3,667.6731679183813
8,17.400000000000002,642.8301922242782
8,17.5,639.6582907395191
8,17.6,620.764002466872
8,17.7,629.3966687883382
8,17.8,674.248860418128
8,17.900000000000002,656.183037531615
8,18.0,644.0028449461936
8,18.1,640.3714227144071
8,18.2,637.0306338343072
8,18.3,620.9291770259165
8,18.400000000000002,639.4729867837224
8,18.5,650.4566306984048
8,18.6,624.193553595613
8,18.7,642.0419121386951
8,18.8,632.8036649840603
8,18.900000000000002,640.5057272107824
8,19.0,337.5334155019967
8,19.1,616.3667786524971
8,19.200000000000003,670.7405770186509
8,19.3,656.5582092314991
8,19.400000000000002,694.9650488187524
8,19.5,654.3587257799085
8,19.6,670.8951481689796
8,19.700000000000003,648.5884008231563
8,19.8,640.0849273025634
8,19.900000000000002,653.2510178775663
8,20.0,636.3110804129539
8,20.1,631.2316471336185
8,20.200000000000003,640.1660943591575
8,20.3,649.5202613323489
8,20.400000000000002,647.202998693047
8,20.5,655.2269664648078
8,20.6,682.1429504202005
8,20.700000000000003,649.6282824542067
8,20.8,649.6078867048502
8,20.900000000000002,656.695110533311
8,21.0,644.1588309759244
8,21.1,663.8564262978518
8,21.200000000000003,652.9028994674458
8,21.3,663.6662772718613
8,21.400000000000002,660.3363393482754
8,21.5,663.0369763755332
8,21.6,344.96897411252684
8,21.700000000000003,320.2059569572938
8,21.8,578.1118550082689
8,21.900000000000002,650.7605171608228
8,22.0,560.4777483859748
8,22.1,590.1519950826657
8,22.200000000000003,629.4425942975814
8,22.3,648.6256823125866
8,22.400000000000002,658.0191410797386
8,22.5,652.0674472983027
8,22.6,651.0511639963814
8,22.700000000000003,652.0674585766657
8,22.8,648.0554982388619
8,22.900000000000002,665.8307484426393
8,23.0,657.7451824502917
8,23.1,654.7582825224796
8,23.200000000000003,642.8549001898451
8,23.3,638.5955557798549
8,23.400000000000002,648.870786590497
8,23.5,655.2533104567079
8,23.6,635.6898050081576
8,23.700000000000003,641.4669056566922
8,23.8,633.085562464212
8,23.900000000000002,647.885661021315
8,24.0,661.1995872126539
8,24.1,641.211669094529
8,24.200000000000003,649.4865074010645
8,24.3,653.9165795107521
8,24.400000000000002,653.5863881602737
8,24.5,453.97064146816786
8,24.6,575.4438414622448
8,24.700000000000003,651.2934059141464
8,24.8,652.4429125851539
8,24.900000000000002,650.7939206675592
8,25.0,662.7492466800176
8,25.1,650.7891992310584
8,25.200000000000003,640.4366470648787
8,25.3,612.6849619607084
8,25.400000000000002,540.2439613694709
8,25.5,601.1905735377843
8,25.6,644.481647987193
8,25.700000000000003,643.0066648003276
8,25.8,635.3231070776394
8,25.900000000000002,640.860387352713
8,26.0,627.5531967110403
8,26.1,637.4312812923079
8,26.200000000000003,413.1318461008616
8,26.3,544.5040325346772
8,26.400000000000002,648.0163085425603
8,26.5,630.1662877303653
8,26.6,641.5561199724522
8,26.700000000000003,661.1462603407089
8,26.8,653.586214365312
8,26.900000000000002,660.1926998585011
8,27.0,667.1293075217287
8,27.1,642.8493086386683
8,27.200000000000003,438.6495623912284
8,27.3,558.036379076789
8,27.400000000000002,649.5379228537544
8,27.5,628.9007064215813
8,27.6,639.4052597526904
8,27.700000000000003,617.650490260152
8,27.8,638.6869034272963
8,27.900000000000002,635.233745551299
8,28.0,642.1427990662322
8,28.1,443.3149112697951
8,28.200000000000003,526.8168602219963
8,28.3,641.1430202417905
8,28.400000000000002,673.1841685385988
8,28.5,672.5959684427166
8,28.6,653.3290829306637
8,28.700000000000003,641.631560868146
8,28.8,630.5932862597601
8,28.900000000000002,641.5698998737862
8,29.0,439.8646792501844
8,29.1,498.75831498424617
8,29.200000000000003,639.0387729539867
8,29.3,659.2452957135544
8,29.400000000000002,677.4895639333333
8,29.5,665.621349186018
8,29.6,672.1283776199649
8,29.700000000000003,648.9095158345583
8,29.8,633.1700308699031
8,29.900000000000002,652.3396547824268
8,30.0,659.0901063372078
8,30.1,655.9478249164986
8,30.200000000000003,658.0529067993084
8,30.3,648.290926994043
8,30.400000000000002,654.1732326774444
8,30.5,660.6158402261863
8,30.6,661.4535795965814
8,30.700000000000003,674.7528538657527
8,30.8,658.7498311045262
8,30.900000000000002,634.5067089812883
8,31.0,647.3314391336766
8,31.1,637.9580889750329
8,31.200000000000003,656.6604225479097
8,31.3,669.9165818181816
8,31.400000000000002,648.1768218839973
8,31.5,659.7435619531705
8,31.6,664.1703711627749
8,31.700000000000003,653.8325765972378
8,31.8,658.8952986544949
8,31.900000000000002,658.6154411409874
8,32.0,668.0896746429204
8,32.1,662.0735057943119
8,32.2,597.6718630153407
8,32.300000000000004,591.4104387214685
8,32.4,639.4018087512504
8,32.5,641.4207033154739
8,32.6,643.3605069593931
8,32.7,628.846742247848
8,32.800000000000004,636.1464766812645
8,32.9,664.8147406290583
8,33.0,656.7600342188204
8,33.1,648.2933707890328
8,33.2,492.7408940331377
8,33.300000000000004,435.7390099594181
8,33.4,604.4810896934687
8,33.5,645.8392488911228
8,33.6,648.7429241552478
8,33.7,652.835200339704
8,33.800000000000004,655.945817297068
8,33.9,651.2528897977359
8,34.0,628.0933383850653
8,34.1,633.0890746591466
8,34.2,647.250587346783
8,34.300000000000004,637.3371878538114
8,34.4,640.0158258088755
8,34.5,652.3384703503851
8,34.6,646.8749199257817
8,34.7,649.4524535858501
8,34.800000000000004,508.8701716388075
8,34.9,464.3510682449405
8,35.0,485.3797728028509
8,35.1,433.2271128224238
8,35.2,640.4415429023675
8,35.300000000000004,590.4297764532636
8,35.4,564.4094512514476
8,35.5,627.2424639867991
8,35.6,641.233582609296
8,35.7,645.1678970614889
8,35.800000000000004,661.6409951307127
8,35.9,549.2286883481577
8,36.0,503.54220465662763
8,36.1,656.2612565282539
8,36.2,663.9062917255517
8,36.300000000000004,601.0797750668911
8,36.4,547.750772594533
8,36.5,664.0583120973737
8,36.6,565.017582844141
8,36.7,486.9627800308354
8,36.800000000000004,586.2933414192563
8,36.9,557.0402823809671
8,37.0,664.1219938416457
8,37.1,670.2886636113614
8,37.2,655.4015877469081
8,37.300000000000004,656.7949120534014
8,37.4,644.5694241557494
8,37.5,656.6052579367158
8,37.6,666.6262749629373
8,37.7,649.2244907461886
8,37.800000000000004,647.0981964124414
8,37.9,654.3261371960169
8,38.0,648.5352693891844
8,38.1,647.8751056100324
8,38.2,643.3121573718482
8,38.300000000000004,656.4321889918745
8,38.400000000000006,647.4966531017042
8,38.5,640.0626619854202
8,38.6,647.5852076875249
8,38.7,652.7064919533386
8,38.800000000000004,665.6174748540892
8,38.900000000000006,677.2993625384718
8,39.0,673.112284853596
8,39.1,667.8197138302163
8,39.2,643.5492155191671
8,39.300000000000004,643.4722695152506
8,39.400000000000006,641.1786972561932
8,39.5,662.2568822142127
8,39.6,650.6060976276578
8,39.7,638.2733764545563
8,39.800000000000004,611.3499209939503
8,39.900000000000006,583.7203245082516
8,40.0,653.8582551579549
8,40.1,648.8025424553173
8,40.2,628.3139630129134
8,40.300000000000004,654.2130017165789
8,40.400000000000006,544.1206305352391
8,40.5,411.7196595477088
8,40.6,647.1091346985451
8,40.7,649.6368116965967
8,40.800000000000004,645.6649493651122
8,40.900000000000006,664.0429475015824
8,41.0,641.0999900740514
8,41.1,642.7390437993868
8,41.2,637.9399386978268
8,41.300000000000004,613.2414930055754
8,41.400000000000006,608.8818258868597
8,41.5,661.3067527808815
8,41.6,635.9807710898489
8,41.7,652.4204475033899
8,41.800000000000004,658.6777170160387
8,41.900000000000006,639.1225693725045
8,42.0,656.7727348381425
8,42.1,645.206022469356
8,42.2,573.8210635887983
8,42.300000000000004,508.3565448653172
8,42.400000000000006,623.5411124837467
8,42.5,642.8006477947115
8,42.6,654.7860368021917
8,42.7,637.8388064134018
8,42.800000000000004,632.8422850872231
8,42.900000000000006,729.843825848397
8,43.0,844.2795310070594
8,43.1,602.5165631377405
8,43.2,476.6225353621474
8,43.300000000000004,645.9648251340087
8,43.400000000000006,663.9058327625951
8,43.5,680.9987173185875
8,43.6,652.0603644531456
8,43.7,653.5387860377465
8,43.800000000000004,602.2970319534338
8,43.900000000000006,536.8356419232593
8,44.0,562.6171205400216
8,44.1,409.23297815303494
8,44.2,644.6386996033249
8,44.300000000000004,645.0101263188238
8,44.400000000000006,631.8146772250974
8,44.5,604.2420163193542
8,44.6,605.976259011136
8,44.7,610.8422674124927
8,44.800000000000004,634.7440119530842
8,44.900000000000006,632.7165788985199
8,45.0,668.7073058791023
8,45.1,658.355360539668
8,45.2,672.4748218919309
8,45.300000000000004,644.5939942668851
8,45.400000000000006,632.195974016651
8,45.5,643.9338737653366
8,45.6,647.1683804695708
8,45.7,643.1702744687284
8,45.800000000000004,640.0830929945896
8,45.900000000000006,639.2435729999619
8,46.0,640.8127199003209
8,46.1,647.6081093702649
8,46.2,647.2349255324675
8,46.300000000000004,641.5905654645811
8,46.400000000000006,630.2124514673162
8,46.5,634.2499954249082
8,46.6,636.5775941909079
8,46.7,630.32282119268
8,46.800000000000004,618.0242909659652
8,46.900000000000006,640.3557782916325
8,47.0,533.1860658593473
8,47.1,364.02134380343
8,47.2,621.9254174192293
8,47.300000000000004,609.0967209417531
8,47.400000000000006,549.2426771620667
8,47.5,382.26336837067
8,47.6,652.3512058229758
8,47.7,641.7596262112768
8,47.800000000000004,648.0868402957175
8,47.900000000000006,593.9562568438165
8,48.0,416.62395552312734
8,48.1,645.3587299497798
8,48.2,591.4228896934206
8,48.300000000000004,544.2282089074856
8,48.400000000000006,576.8178963092367
8,48.5,440.71649433385255
8,48.6,627.3056098859081
8,48.7,594.4455736346254
8,48.800000000000004,504.39554959664895
8,48.900000000000006,638.069263407591
8,49.0,640.0579051092977
8,49.1,643.2727290195771
8,49.2,643.5366083247558
8,49.300000000000004,628.9647500661132
8,49.400000000000006,599.586886776933
8,49.5,492.2445858684775
8,49.6,634.3194209566279
8,49.7,580.0008949372435
8,49.800000000000004,540.5203616640421
8,49.900000000000006,617.6962649316742
8,50.0,615.4763090221194
8,50.1,578.4160835234171
8,50.2,618.7626032022177
8,50.300000000000004,597.6547392971075
8,50.400000000000006,618.3951417267008
8,50.5,554.9421446576844
8,50.6,330.49479276529746
8,50.7,397.55994225438855
8,50.800000000000004,601.0516839807533
8,50.900000000000006,508.54385922328123
8,51.0,587.1723927293433
8,51.1,531.9597696779517
8,51.2,396.7666127039652
8,51.300000000000004,641.9238977774596
8,51.400000000000006,636.8113761854855
8,51.5,647.3587416901731
8,51.6,635.5817625091727
8,51.7,651.8191881089888
8,51.800000000000004,645.0515189114234
8,51.900000000000006,645.9901598078853
8,52.0,645.8589845255962
8,52.1,637.4782710223157
8,52.2,633.6459486372779
8,52.300000000000004,641.8490863061385
8,52.400000000000006,643.468055276054
8,52.5,643.3382557571686
8,52.6,632.5700467061672
8,52.7,632.1719378374975
8,52.800000000000004,656.1572932267911
8,52.900000000000006,644.5360690536426
8,53.0,642.0389211324449
8,53.1,641.7585732080194
8,53.2,654.5661161752989
8,53.300000000000004,647.2232623431729
8,53.400000000000006,642.811473197295
8,53.5,632.8169474082897
8,53.6,596.0244966703264
8,53.7,445.65864753517536
8,53.800000000000004,643.1688313723812
8,53.900000000000006,638.5239677243536
8,54.0,641.5071325674916
8,54.1,646.5766950176416
8,54.2,630.8050930553374
8,54.300000000000004,636.3700000933914
8,54.400000000000006,636.0994384348367
8,54.5,627.8714447131421
8,54.6,613.289887810701
8,54.7,646.1749482176508
8,54.800000000000004,660.5164219229778
8,54.900000000000006,654.7564395172546
8,55.0,647.2771900521053
8,55.1,631.0883405352469
8,55.2,642.3333124204428
8,55.300000000000004,660.444920079099
8,55.400000000000006,650.6681792904311
8,55.5,643.4722895912402
8,55.6,633.9133697184982
8,55.7,652.8278738650004
8,55.800000000000004,640.6900695943857
8,55.900000000000006,647.1969212209702
8,56.0,633.969880243387
8,56.1,632.0816859357731
8,56.2,646.335218147382
8,56.300000000000004,636.5826757711772
8,56.400000000000006,640.4097859708756
8,56.5,649.2811440857654
8,56.6,639.4927243318119
8,56.7,648.3487254445474
8,56.800000000000004,592.7872318629359
8,56.900000000000006,437.74882601424554
8,57.0,567.1006038295429
8,57.1,646.4643218539446
8,57.2,632.2412654209221
8,57.300000000000004,650.2428659426263
8,57.400000000000006,639.8964217762389
8,57.5,578.3610632092757
8,57.6,654.3970518632793
8,57.7,653.648534713913
8,57.800000000000004,641.0548583176502
8,57.900000000000006,660.8083850189391
8,58.0,659.4349767968173
8,58.1,650.7551423173685
8,58.2,656.5231527082141
8,58.300000000000004,651.2531767372826
8,58.400000000000006,641.6708100255173
8,58.5,671.5721997331777
8,58.6,633.9102982470357
8,58.7,669.8677070123011
8,58.800000000000004,654.5936159162737
8,58.900000000000006,611.0330941648459
8,59.0,640.17491209053
8,59.1,664.5576078525086
8,59.2,657.6409726770015
8,59.300000000000004,645.1935716016882
8,59.400000000000006,652.6868358220569
8,59.5,688.0973184019399
8,59.6,630.457008621295
8,59.7,649.1735334279944
8,59.800000000000004,653.1249537011807
8,59.900000000000006,589.4322657661166
8,60.0,644.0958799186196
8,60.1,634.6145769624051
8,60.2,617.0692013122452
8,60.300000000000004,652.3638728955956
8,60.400000000000006,297.6364298036879
8,60.5,652.1178960579006
8,60.6,641.1497188041291
8,60.7,653.3010542679837
8,60.800000000000004,638.0078890579958
8,60.900000000000006,647.3444400158185
8,61.0,664.4182804419341
8,61.1,659.692454271972
8,61.2,648.5887944637482
8,61.300000000000004,665.0029834509314
8,61.400000000000006,656.4958536653344
8,61.5,510.56830099696265
8,61.6,647.5086676534584
8,61.7,462.4869935366286
8,61.800000000000004,626.7820416319083
8,61.900000000000006,657.299443437834
8,62.0,644.155007144354
8,62.1,663.3891068047158
8,62.2,337.6854549368292
8,62.300000000000004,604.5481465914604
8,62.400000000000006,652.382984349468
8,62.5,672.1850565372677
8,62.6,655.0048374785589
8,62.7,646.7671336222029
8,62.800000000000004,664.0567685760714
8,62.900000000000006,668.6315188230926
8,63.0,638.8178487017798
8,63.1,654.5894182264268
8,63.2,642.8379812518443
8,63.300000000000004,619.664985914747
8,63.400000000000006,607.9205169873208
8,63.5,635.5822391129398
8,63.6,668.017606995156
8,63.7,667.8512360010844
8,63.800000000000004,648.9607413551773
8,63.900000000000006,538.7652288180948
8,64.0,634.3595549782499
8,64.10000000000001,643.1912169491274
8,64.2,379.5948198762737
8,64.3,332.0826352346716
8,64.4,602.9461360393573
8,64.5,690.6280536377216
8,64.60000000000001,661.4228983078143
8,64.7,666.9876387070387
8,64.8,657.2436347815343
8,64.9,656.4091301321015
8,65.0,558.4213837707648
8,65.10000000000001,625.3962260739777
8,65.2,653.3413790306163
8,65.3,642.0608360409385
8,65.4,387.88812928529893
8,65.5,574.6187789288181
8,65.60000000000001,652.2381724771797
8,65.7,374.0505447395016
8,65.8,409.4894447658472
8,65.9,590.603266691444
8,66.0,649.8175190068823
8,66.10000000000001,652.8138322499491
8,66.2,664.3852967339417
8,66.3,658.5989074552557
8,66.4,533.1251656685313
8,66.5,644.438127302648
8,66.60000000000001,660.2998051133984
8,66.7,625.4353311518357
8,66.8,649.0600439503256
8,66.9,661.752676471261
8,67.0,662.3769835382122
8,67.10000000000001,651.9230427598209
8,67.2,649.9415429055986
8,67.3,660.9705774352929
8,67.4,684.07805940997
8,67.5,654.0147352212525
8,67.60000000000001,652.0684508527467
8,67.7,652.3516004888088
8,67.8,655.6368831078634
8,67.9,626.602816071826
8,68.0,444.6268722100365
8,68.10000000000001,573.745400896757
8,68.2,658.025578698
8,68.3,657.1438672651127
8,68.4,652.3289712957094
8,68.5,655.4643533688779
8,68.60000000000001,648.2137975885468
8,68.7,662.2660072192266
8,68.8,552.3289131415113
8,68.9,599.0721317565941
8,69.0,654.7598196843941
8,69.10000000000001,634.2904580504211
8,69.2,634.8701541777646
8,69.3,645.947442676335
8,69.4,653.2453992873055
8,69.5,632.9545143827521
8,69.60000000000001,657.5041937544114
8,69.7,678.2056580687429
8,69.8,598.2603193804947
8,69.9,609.9362035313641
8,70.0,651.3556957483
8,70.10000000000001,668.0980805456436
8,70.2,661.4413411790487
8,70.3,663.3616834209262
8,70.4,653.0996005246161
8,70.5,651.579897238343
8,70.60000000000001,643.7416746391184
8,70.7,634.374702956186
8,70.8,627.61410609892
8,70.9,634.9883873399758
8,71.0,653.4507488850771
8,71.10000000000001,665.0587177248142
8,71.2,641.7617103233864
8,71.3,637.0888570786009
8,71.4,643.6028841713097
8,71.5,648.992741940402
8,71.60000000000001,657.2122925794993
8,71.7,660.2126088349079
8,71.8,645.8084429471213
8,71.9,489.20119436578767
8,72.0,560.6993033671998
8,72.10000000000001,544.2316578202579
8,72.2,577.2658377073014
8,72.3,650.4600711400568
8,72.4,655.1901419041313
8,72.5,665.9712973021253
8,72.60000000000001,649.1750071013329
8,72.7,651.265463893965
8,72.8,648.9223074866915
8,72.9,413.48429607037195
8,73.0,492.26266099802126
8,73.10000000000001,640.5190029706531
8,73.2,637.5417441092135
8,73.3,637.128181436364
8,73.4,636.3965184005399
8,73.5,643.9539542596858
8,73.60000000000001,653.1191333341158
8,73.7,590.9117466187821
8,73.8,604.6009260991025
8,73.9,658.7859298652849
8,74.0,639.8653045367278
8,74.10000000000001,636.8819563176459
8,74.2,656.1791390801844
8,74.3,664.9158974296311
8,74.4,667.9800374462255
8,74.5,661.4605383620474
8,74.60000000000001,654.964051609645
8,74.7,654.1988830793176
8,74.8,645.8596218315594
8,74.9,632.923523353971
8,75.0,639.3716715793179
8,75.10000000000001,647.0666318247212
8,75.2,652.0745050777417
8,75.3,647.6939891572819
8,75.4,641.419479908711
8,75.5,476.90529465212444
8,75.60000000000001,441.711650945396
8,75.7,651.8418731289589
8,75.8,656.6766502237904
8,75.9,652.8026480635226
8,76.0,651.8440244894657
8,76.10000000000001,649.5079695093863
8,76.2,642.7848554363695
8,76.3,645.2021773571684
8,76.4,514.0436012485796
8,76.5,342.0976776027236
8,76.60000000000001,472.6714136731964
8,76.7,637.8636069829557
8,76.80000000000001,652.9278820775588
8,76.9,653.9616816634593
8,77.0,548.5813598849854
8,77.10000000000001,489.8505664570959
8,77.2,636.9699698637183
8,77.30000000000001,643.5655948833697
8,77.4,672.5497051513219
8,77.5,692.5846788584089
8,77.60000000000001,664.3492758704158
8,77.7,644.4276744549201
8,77.80000000000001,509.7818342367794
8,77.9,434.84299389352566
8,78.0,629.2383109625656
8,78.10000000000001,635.8240124113822
8,78.2,643.5900368854519
8,78.30000000000001,666.3832351256128
8,78.4,665.2149899484932
8,78.5,662.0811906734424
8,78.60000000000001,664.4964492349823
8,78.7,664.4151538443957
8,78.80000000000001,668.5455812066047
8,78.9,659.496645226952
8,79.0,676.9236843825666
8,79.10000000000001,668.762181487095
8,79.2,680.0335199962904
8,79.30000000000001,665.9578746965022
8,79.4,654.5659960263772
8,79.5,673.3718025496344
8,79.60000000000001,682.2427912421969
8,79.7,657.0142879786674
8,79.80000000000001,594.999609902388
8,79.9,518.2778760474826
8,80.0,658.2437159948543
8,80.10000000000001,658.2478757499654
8,80.2,657.0582875988293
8,80.30000000000001,670.02178544504
8,80.4,683.6256386606534
8,80.5,686.1986355778932
8,80.60000000000001,670.3131564321301
8,80.7,673.6929942487413
8,80.80000000000001,654.2359176489284
8,80.9,630.3082874866695
8,81.0,646.838779736323
8,81.10000000000001,665.3247326051932
8,81.2,661.9583865334504
8,81.30000000000001,631.0926363993761
8,81.4,654.7661149198486
8,81.5,640.5090449628248
8,81.60000000000001,586.5749235969321
8,81.7,448.4093463632229
8,81.80000000000001,659.010688786393
8,81.9,641.7565898216633
8,82.0,535.9225756955693
8,82.10000000000001,418.5010951893678
8,82.2,685.1197025485619
8,82.30000000000001,664.0317838200962
8,82.4,666.5586589407812
8,82.5,669.41418516135
8,82.60000000000001,650.8255660787119
8,82.7,657.1308470985083
8,82.80000000000001,668.583028664716
8,82.9,654.711980369457
8,83.0,653.6797028354337
8,83.10000000000001,663.6578415812768
8,83.2,671.2543020407096
8,83.30000000000001,667.2024964400815
8,83.4,658.7882955898613
8,83.5,673.1130585211057
8,83.60000000000001,674.7554657344803
8,83.7,657.9274886658831
8,83.80000000000001,603.0673775292299
8,83.9,401.4777088533971
8,84.0,676.7972965175836
8,84.10000000000001,664.6416769699148
8,84.2,650.3535493931533
8,84.30000000000001,655.6228451043634
8,84.4,665.1321270119532
8,84.5,665.28197021159
8,84.60000000000001,649.7036408021195
8,84.7,652.9389481308086
8,84.80000000000001,664.4398672005028
8,84.9,664.979526395346
8,85.0,677.9856281559988
8,85.10000000000001,674.8265087194969
8,85.2,669.0043050365133
8,85.30000000000001,627.5162339164425
8,85.4,326.31203624893345
8,85.5,363.3337744524626
8,85.60000000000001,405.25213010975335
8,85.7,639.7485542168681
8,85.80000000000001,657.8428526251828
8,85.9,582.718530163841
8,86.0,320.19219281861666
8,86.10000000000001,644.6784263446137
8,86.2,634.0481055096949
8,86.30000000000001,632.3866752531073
8,86.4,660.6498694637762
8,86.5,669.4730219651417
8,86.60000000000001,620.4984534475999
8,86.7,429.76227712946775
8,86.80000000000001,627.8095318054602
8,86.9,645.8671980520704
8,87.0,649.7852681234172
8,87.10000000000001,662.254725963976
8,87.2,664.3100389653396
8,87.30000000000001,677.6117335215172
8,87.4,645.4113189463882
8,87.5,652.0693161386152
8,87.60000000000001,671.7804224050299
8,87.7,653.473951448849
8,87.80000000000001,650.758646861843
8,87.9,636.7365426732395
8,88.0,656.4249309351593
8,88.10000000000001,667.4791290094814
8,88.2,684.38433747957
8,88.30000000000001,644.8413246209728
8,88.4,663.8925434857491
8,88.5,644.9217549290474
8,88.60000000000001,645.4598185350105
8,88.7,656.6611690369091
8,88.80000000000001,665.0795244838644
8,88.9,654.3490371805412
8,89.0,673.8596581536947
8,89.10000000000001,655.8715358516833
8,89.2,674.0325923336903
8,89.30000000000001,662.2679335517707
8,89.4,368.92967810691505
8,89.5,623.7731292853662
8,89.60000000000001,630.8982030703922
8,89.7,662.0600370809439
8,89.80000000000001,645.6952933728477
8,89.9,638.3431762841551
8,90.0,658.0862316616116
8,90.10000000000001,636.4590906073144
8,90.2,704.7396124059247
8,90.30000000000001,694.9018256356253
8,90.4,656.0220740369381
8,90.5,638.4985968246859
8,90.60000000000001,652.0958156384103
8,90.7,646.3168146239765
8,90.80000000000001,653.4848166785397
8,90.9,497.34719637590456
8,91.0,636.4839892262021
8,91.10000000000001,658.7388818942895
8,91.2,671.417296765894
8,91.30000000000001,672.8590882432965
8,91.4,634.2521071409828
8,91.5,659.591499024417
8,91.60000000000001,665.8972657313975
8,91.7,676.7077273269908
8,91.80000000000001,687.953886092494
8,91.9,644.8317787557593
8,92.0,648.8663116890542
8,92.10000000000001,661.203902437875
8,92.2,532.3323154972419
8,92.30000000000001,647.7684891676788
8,92.4,658.368415324104
8,92.5,661.2619172573171
8,92.60000000000001,659.1252810237303
8,92.7,647.3487017539092
8,92.80000000000001,648.0920810489656
8,92.9,627.045011521815
8,93.0,653.9939956273533
8,93.10000000000001,657.5196083953315
8,93.2,665.9231992324462
8,93.30000000000001,649.636202654047
8,93.4,655.2944448224359
8,93.5,659.7775059855489
8,93.60000000000001,643.6322423859817
8,93.7,623.7794345566297
8,93.80000000000001,642.7144517787641
8,93.9,652.0391907564912
8,94.0,496.4878178422188
8,94.10000000000001,600.6829673933573
8,94.2,659.712131089315
8,94.30000000000001,634.0869560647386
8,94.4,662.5632195082537
8,94.5,388.5116341273311
8,94.60000000000001,560.7650575570027
8,94.7,573.5571330499804
8,94.80000000000001,587.9602735728945
8,94.9,618.2157634020797
8,95.0,587.7664056947641
8,95.10000000000001,625.8398661269545
8,95.2,633.7425943960772
8,95.30000000000001,645.2704951019844
8,95.4,577.1383713720703
8,95.5,630.0448947040744
8,95.60000000000001,363.7268338645618
8,95.7,547.7372631745349
8,95.80000000000001,673.1721522461153
8,95.9,658.387792245025
8,96.0,646.0708111959906
8,96.10000000000001,655.9300158172989
8,96.2,645.5439981702779
8,96.30000000000001,652.934762266598
8,96.4,667.3867757413177
8,96.5,504.8190165076704
8,96.60000000000001,610.6235779241786
8,96.7,658.9024103240773
8,96.80000000000001,664.3575505059441
8,96.9,683.7340391556892
8,97.0,671.3017818696362
8,97.10000000000001,651.0016199149861
8,97.2,647.9498666595193
8,97.30000000000001,616.4524200055696
8,97.4,638.7471417713346
8,97.5,654.0530198417993
8,97.60000000000001,619.0485803040729
8,97.7,643.6252874906409
8,97.80000000000001,653.2235240945216
8,97.9,661.7605192468451
8,98.0,672.8320558003707
8,98.10000000000001,665.454835491947
8,98.2,650.837543770197
8,98.30000000000001,644.437679419262
8,98.4,654.9200750123953
8,98.5,645.3365184167766
8,98.60000000000001,625.1774964221032
8,98.7,643.2905819217959
8,98.80000000000001,423.50304910036516
8,98.9,546.6776553915704
8,99.0,429.98080581670723
8,99.10000000000001,310.3311813672664
8,99.2,528.4204489294981
8,99.30000000000001,646.589550961712
8,99.4,647.9971969831906
8,99.5,648.4816627561231
8,99.60000000000001,653.6007111759161
8,99.7,664.5002655056585
8,99.80000000000001,651.0820139846448
8,99.9,463.1625740694204
8,100.0,546.2511722773362
8,100.10000000000001,429.7337354656725
8,100.2,528.7230859869011
8,100.30000000000001,632.4972302899813
8,100.4,641.2739777874677
8,100.5,632.4768924520179
8,100.60000000000001,628.6749625697449
8,100.7,643.2813391332793
8,100.80000000000001,642.4870080453622
8,100.9,646.4621774145369
8,101.0,613.8947297100258
8,101.10000000000001,642.3353994601432
8,101.2,474.5704161575983
8,101.30000000000001,541.5176904023539
8,101.4,624.6866416428802
8,101.5,641.076902172411
8,101.60000000000001,651.1474390212521
8,101.7,651.8418611530317
8,101.80000000000001,650.6605761090909
8,101.9,641.4049586861164
8,102.0,637.7701499821313
8,102.10000000000001,611.6698615825136
8,102.2,615.6034201993738
8,102.30000000000001,633.4107084975986
8,102.4,551.7236988380853
8,102.5,572.2396988254354
8,102.60000000000001,631.9801340356667
8,102.7,625.4912761557825
8,102.80000000000001,626.7739713109207
8,102.9,636.9165406969183
8,103.0,637.7253056065696
8,103.10000000000001,640.6482239516455
8,103.2,644.9635761629359
8,103.30000000000001,644.2213472806235
8,103.4,646.970837051191
8,103.5,637.96336721099
8,103.60000000000001,643.731120651751
8,103.7,644.6910677366938
8,103.80000000000001,632.6823010204678
8,103.9,641.5736052701311
8,104.0,646.6228427301471
8,104.10000000000001,643.2192986939035
8,104.2,648.4062479268274
8,104.30000000000001,658.8694122811878
8,104.4,649.5695462009606
8,104.5,645.0352066939686
8,104.60000000000001,645.4418998865895
8,104.7,639.4346888546845
8,104.80000000000001,445.716090769406
8,104.9,503.74306143568253
8,105.0,655.2272823522965
8,105.10000000000001,654.5314676017333
8,105.2,658.1536167184113
8,105.30000000000001,650.6650898914178
8,105.4,657.1502752466914
8,105.5,668.0059004033228
8,105.60000000000001,645.8264239501901
8,105.7,644.4111411495147
8,105.80000000000001,652.9853789087509
8,105.9,636.7473779315638
8,106.0,630.91633149886
8,106.10000000000001,646.6488361840024
8,106.2,655.1910082213438
8,106.30000000000001,642.5008927466114
8,106.4,636.3288568105005
8,106.5,646.0510935345187
8,106.60000000000001,618.0650329651638
8,106.7,613.6800366504126
8,106.80000000000001,639.111700146983
8,106.9,666.0118716013286
8,107.0,671.2565400535167
8,107.10000000000001,651.5707178178699
8,107.2,646.1427230547126
8,107.30000000000001,643.9750704622863
8,107.4,656.4572518241482
8,107.5,665.2215773203
8,107.60000000000001,653.6684913217698
8,107.7,489.98674983559135
8,107.80000000000001,501.6983341510883
8,107.9,650.9196800313526
8,108.0,650.6337425267532
8,108.10000000000001,652.2289411110305
8,108.2,647.1320646561145
8,108.30000000000001,644.2390464558542
8,108.4,656.3890487014863
8,108.5,654.7244060323058
8,108.60000000000001,661.934167525047
8,108.7,653.3128196950555
8,108.80000000000001,648.3113429873578
8,108.9,646.8597146293218
8,109.0,652.4016566168903
8,109.10000000000001,658.5937416877289
8,109.2,652.7110256821986
8,109.30000000000001,645.6835386262467
8,109.4,649.2338604081261
8,109.5,655.768659081432
8,109.60000000000001,658.7829883072749
8,109.7,667.5322351907414
8,109.80000000000001,597.5098126516506
8,109.9,598.0514715317922
8,110.0,658.8807666588057
8,110.10000000000001,660.2519534762274
8,110.2,660.8701402417581
8,110.30000000000001,659.9019116264471
8,110.4,652.2801037066847
8,110.5,655.0499812035581
8,110.60000000000001,605.5116582655817
8,110.7,585.7759749559781
8,110.80000000000001,640.150717328626
8,110.9,645.2467218670565
8,111.0,652.0192139351487
8,111.10000000000001,654.6029164209332
8,111.2,655.4473277611003
8,111.30000000000001,647.1907933064098
8,111.4,644.6791518388986
8,111.5,649.8362885277929
8,111.60000000000001,635.0853712989597
8,111.7,605.7202535693511
8,111.80000000000001,606.0354730435424
8,111.9,644.8955888711541
8,112.0,654.1561361312761
8,112.10000000000001,518.3091864244423
8,112.2,478.51379389917673
8,112.30000000000001,522.831702134386
8,112.4,469.51587735579375
8,112.5,619.1996195936786
8,112.60000000000001,605.7851309385901
8,112.7,659.7469443236633
8,112.80000000000001,652.4297968834055
8,112.9,654.3747963833353
8,113.0,658.327662763349
8,113.10000000000001,612.5903852530452
8,113.2,577.1759603160988
8,113.30000000000001,659.8824351853538
8,113.4,637.5428243743183
8,113.5,604.3868733951642
8,113.60000000000001,641.9644435087807
8,113.7,554.2539788023154
8,113.80000000000001,474.434368821328
8,113.9,661.427893365543
8,114.0,647.8483991412895
8,114.10000000000001,656.669976400572
8,114.2,655.8255788206316
8,114.30000000000001,538.5783399836271
8,114.4,462.85859401804817
8,114.5,572.9914327432971
8,114.60000000000001,450.2033695619271
8,114.7,651.4825043880212
8,114.80000000000001,653.6049169805852
8,114.9,635.3428003349669
8,115.0,591.8630187519544
8,115.10000000000001,657.6144742854676
8,115.2,634.8524392635748
8,115.30000000000001,614.9118277297481
8,115.4,635.2648929357953
8,115.5,641.3331872144161
8,115.60000000000001,653.3233678064898
8,115.7,645.862127031805
8,115.80000000000001,659.6805845542116
8,115.9,665.025618537003
8,116.0,654.595624208616
8,116.10000000000001,651.5041635129976
8,116.2,642.0782894670134
8,116.30000000000001,640.6839895358031
8,116.4,652.775069781568
8,116.5,637.9940537171773
8,116.60000000000001,651.0367903997478
8,116.7,642.7043640309223
8,116.80000000000001,633.428322238054
8,116.9,653.8718175971306
8,117.0,664.2074257167701
8,117.10000000000001,659.308384943578
8,117.2,661.153320617874
8,117.30000000000001,663.0205019576484
8,117.4,661.8082900536994
8,117.5,644.8247787383979
8,117.60000000000001,659.6794074775914
8,117.7,682.4393501126603
8,117.80000000000001,616.2876820311002
8,117.9,478.2757864635947
8,118.0,551.9582951649095
8,118.10000000000001,346.36397905091127
8,118.2,588.2384271764089
8,118.30000000000001,402.9906432361976
8,118.4,669.506792356016
8,118.5,654.2465173690653
8,118.60000000000001,662.6026379605996
8,118.7,652.4160888857119
8,118.80000000000001,646.715821005413
8,118.9,663.9569981003287
8,119.0,651.0982321603766
8,119.10000000000001,642.5180117104229
8,119.2,633.7509386803945
8,119.30000000000001,652.4474216574258
8,119.4,635.7435336617483
8,119.5,656.917009007034
8,119.60000000000001,646.6733367910045
8,119.7,651.1866924257797
8,119.80000000000001,635.9783187562052
8,119.9,610.5045748487807
8,120.0,633.4949215907224
8,120.10000000000001,642.5994448246782
8,120.2,645.3150679053234
8,120.30000000000001,644.526471342083
8,120.4,598.8171434327899
8,120.5,468.22402874432674
8,120.60000000000001,501.4618827909696
8,120.7,598.2104469148894
8,120.80000000000001,368.416464959809
8,120.9,644.2497256594493
8,121.0,604.7819128481345
8,121.10000000000001,369.3156501801307
8,121.2,655.9825773494402
8,121.30000000000001,593.5142644065348
8,121.4,354.46659775008885
8,121.5,649.1673496527984
8,121.60000000000001,646.4550924852541
8,121.7,646.4697500694283
8,121.80000000000001,362.965223390942
8,121.9,645.0425850361042
8,122.0,353.1805164525959
8,122.10000000000001,636.720988786094
8,122.2,644.1510815647089
8,122.30000000000001,643.2338963482523
8,122.4,658.9499067905648
8,122.5,659.2541492003297
8,122.60000000000001,654.2772803150887
8,122.7,664.5933858062755
8,122.80000000000001,633.1539558718492
8,122.9,637.5144846237052
8,123.0,650.1507098465102
8,123.10000000000001,663.1472718987226
8,123.2,692.8788012168843
8,123.30000000000001,640.0143387024103
8,123.4,662.1521860679629
8,123.5,646.0950118927367
8,123.60000000000001,657.7803000581295
8,123.7,662.7940631010945
8,123.80000000000001,659.9310231548374
8,123.9,669.373926297614
8,124.0,680.529504444132
8,124.10000000000001,653.9859386352352
8,124.2,630.091770479526
8,124.30000000000001,643.4103309380502
8,124.4,655.8640701983752
8,124.5,645.4024972483883
8,124.60000000000001,642.452085519915
8,124.7,706.8780013650841
8,124.80000000000001,668.1998490515848
8,124.9,645.8218167851418
8,125.0,632.9873427340189
8,125.10000000000001,654.6030292885802
8,125.2,620.4103493180493
8,125.30000000000001,677.5084800614403
8,125.4,395.145926968653
8,125.5,655.5659519100428
8,125.60000000000001,646.4414683570612
8,125.7,649.5095641175758
8,125.80000000000001,664.4972847754839
8,125.9,644.7810646677248
8,126.0,630.6468063790709
8,126.10000000000001,648.4260731021224
8,126.2,648.2853501375043
8,126.30000000000001,668.8746723739762
8,126.4,661.831187185424
8,126.5,660.9051788867333
8,126.60000000000001,649.9638760182279
8,126.7,408.67200604295545
8,126.80000000000001,664.3153890392592
8,126.9,356.85442353345604
8,127.0,620.8221108521693
8,127.10000000000001,665.367818033721
8,127.2,674.4726657609435
8,127.30000000000001,645.0941051097809
8,127.4,663.2369560124272
8,127.5,651.5471552034227
8,127.60000000000001,649.6593079582707
8,127.7,657.7144714488477
8,127.80000000000001,660.0995959485797
8,127.9,620.0706009610308
8,128.0,537.2486772086309
8,128.1,636.6572596126251
8,128.20000000000002,358.105036635651
8,128.3,630.6413169011212
8,128.4,640.8292632507046
8,128.5,660.1060715641967
8,128.6,639.3210327549706
8,128.70000000000002,402.3252411357315
8,128.8,619.893357079107
8,128.9,649.1909386938554
8,129.0,321.1645594166585
8,129.1,617.8132152077168
8,129.20000000000002,362.98196961559063
8,129.3,621.3892686704469
8,129.4,635.7399122034298
8,129.5,646.7271420253454
8,129.6,402.41361269616704
8,129.70000000000002,663.0286430907005
8,129.8,593.5628317404222
8,129.9,633.8357030829739
8,130.0,647.95779934302
8,130.1,640.6495648365212
8,130.20000000000002,643.1513295269866
8,130.3,643.0249623645385
8,130.4,641.734850287842
8,130.5,627.7842276592668
8,130.6,399.5028983233665
8,130.70000000000002,589.7189091866718
8,130.8,613.906154027099
8,130.9,638.7251547441414
8,131.0,642.62177478107
8,131.1,641.1534700187232
8,131.20000000000002,658.5805779279165
8,131.3,630.5560552213834
8,131.4,643.2537181188816
8,131.5,642.7291445711243
8,131.6,645.9132951218118
8,131.70000000000002,633.939712813401
8,131.8,539.485790261511
8,131.9,628.0465428682404
8,132.0,669.8288653798966
8,132.1,658.5263573572839
8,132.20000000000002,648.1098808106299
8,132.3,374.0351762167139
8,132.4,559.6213271166739
8,132.5,638.0085632378865
8,132.6,588.6670265223652
8,132.70000000000002,648.0690058461257
8,132.8,639.7501476867288
8,132.9,627.0867897095814
8,133.0,645.4423071724792
8,133.1,673.1877738124892
8,133.20000000000002,651.5582662405448
8,133.3,652.5324463284729
8,133.4,640.7184137578276
8,133.5,647.0731179979655
8,133.6,648.1848435996153
8,133.70000000000002,421.307630752729
8,133.8,436.58781923735455
8,133.9,613.3219581620734
8,134.0,657.0861986108034
8,134.1,514.8583985187906
8,134.20000000000002,612.9487650960543
8,134.3,658.8612313206831
8,134.4,645.694295462177
8,134.5,637.6251003725886
8,134.6,527.6541732628563
8,134.70000000000002,591.1910109640635
8,134.8,672.8799423217888
8,134.9,680.6175400128171
8,135.0,667.4334518732345
8,135.1,676.212874200464
8,135.20000000000002,663.5669138547124
8,135.3,472.937895271328
8,135.4,595.4080045884123
8,135.5,689.4356565098273
8,135.6,541.5974995369703
8,135.70000000000002,617.8358126961964
8,135.8,690.4022092597091
8,135.9,679.5087209339106
8,136.0,442.0035958718088
8,136.1,544.8408608487883
8,136.20000000000002,671.7164028588285
8,136.3,666.0917587079542
8,136.4,545.3896088554424
8,136.5,590.8535020748963
8,136.6,590.364090894233
8,136.70000000000002,682.0250096938963
8,136.8,694.5965081724362
8,136.9,671.0755718146454
8,137.0,683.289402354849
8,137.1,683.5982282816592
8,137.20000000000002,680.5676729383299
8,137.3,654.9707054380457
8,137.4,665.0183920379254
8,137.5,667.2862417015883
8,137.6,677.1881624410865
8,137.70000000000002,662.2942212550615
8,137.8,650.0642493308736
8,137.9,491.36598215525515
8,138.0,539.531626697582
8,138.1,652.0173613305325
8,138.20000000000002,651.3490889397162
8,138.3,646.7275855746922
8,138.4,646.0037475610692
8,138.5,647.5479965359095
8,138.6,659.3676367727136
8,138.70000000000002,666.4967157055655
8,138.8,663.4771312552115
8,138.9,663.2804566333396
8,139.0,660.1507683396579
8,139.1,660.2432813556653
8,139.20000000000002,631.9469200857573
8,139.3,636.1897632577653
8,139.4,658.0488913537777
8,139.5,664.565197957341
8,139.6,659.1157969246101
8,139.70000000000002,678.6031789826131
8,139.8,675.7797832090812
8,139.9,661.3184865299261
8,140.0,463.96107823188413
8,140.1,491.2713055283117
8,140.20000000000002,637.3507307572455
8,140.3,659.674044921905
8,140.4,668.9229882243626
8,140.5,655.691321078443
8,140.6,659.679256849748
8,140.70000000000002,645.664920423696
8,140.8,642.0605463596888
8,140.9,650.6330161214934
8,141.0,660.4198985660205
8,141.1,635.6204464791889
8,141.20000000000002,636.6864614163488
8,141.3,658.0092044051705
8,141.4,658.0664641866783
8,141.5,655.5574581918763
8,141.6,654.7890526797231
8,141.70000000000002,657.9697679038532
8,141.8,654.228100042406
8,141.9,657.7804506679063
8,142.0,662.4314622885131
8,142.1,525.0657360189186
8,142.20000000000002,533.9798528222816
8,142.3,653.577358562265
8,142.4,665.7290570276114
8,142.5,663.3119711713257
8,142.6,672.5950720305623
8,142.70000000000002,665.2505247319757
8,142.8,651.6469664843347
8,142.9,658.4954515224149
8,143.0,665.7679846437521
8,143.1,668.5688968197444
8,143.20000000000002,670.7453456781666
8,143.3,667.4241470099863
8,143.4,505.2310716882243
8,143.5,477.06122136317964
8,143.6,634.142629425554
8,143.70000000000002,664.6577341427478
8,143.8,673.738468958119
8,143.9,653.8732036941092
8,144.0,665.3940444756811
8,144.1,660.7764786306883
8,144.20000000000002,661.5110880256784
8,144.3,678.0827872029985
8,144.4,671.446308497931
8,144.5,669.6388152463953
8,144.6,652.5750874929444
8,144.70000000000002,646.7483925393559
8,144.8,656.2049160991997
8,144.9,645.6792711302334
8,145.0,649.4276636854078
8,145.1,656.1215992528583
8,145.20000000000002,663.6364983570339
8,145.3,669.5280457954801
8,145.4,664.0508610902783
8,145.5,649.1334711889735
8,145.6,651.6703923377075
8,145.70000000000002,679.4667959142232
8,145.8,667.0543210993768
8,145.9,659.1950588923004
8,146.0,659.6642997076825
8,146.1,667.2231635909787
8,146.20000000000002,577.719656419672
8,146.3,506.740114486408
8,146.4,654.8637948863591
8,146.5,650.949262574983
8,146.6,656.3025646102789
8,146.70000000000002,660.7552818019184
8,146.8,664.0055398464314
8,146.9,656.8013513364252
8,147.0,616.6534256247766
8,147.1,592.0072012449413
8,147.20000000000002,621.4616856483739
8,147.3,586.9162818175168
8,147.4,631.9143523410879
8,147.5,649.0367669894817
8,147.6,650.1601020518447
8,147.70000000000002,650.0301705336683
8,147.8,654.4799057530081
8,147.9,650.8235330191732
8,148.0,644.7135228108211
8,148.1,656.4778796506329
8,148.20000000000002,683.0482192777056
8,148.3,620.3602256911984
8,148.4,431.79409000025277
8,148.5,420.7382614067354
8,148.6,649.5022413085368
8,148.70000000000002,667.7344363569658
8,148.8,668.3220980495389
8,148.9,664.514269042003
8,149.0,658.0975008017192
8,149.1,648.3114316416219
8,149.20000000000002,647.3521405439404
8,149.3,651.3383243537374
8,149.4,669.2868134357683
8,149.5,679.3052008365026
8,149.6,608.3459198026547
8,149.70000000000002,558.4624855644975
8,149.8,641.7620804200626
8,149.9,637.130941448574
8,150.0,648.1932728086912
8,150.1,554.8753390075908
8,150.20000000000002,378.66564624397387
8,150.3,641.9829465365818
8,150.4,653.027467343285
8,150.5,628.7790659818178
8,150.6,643.2253343720505
8,150.70000000000002,658.8266627806361
8,150.8,643.6857418690804
8,150.9,619.1856686512922
8,151.0,653.3558671854524
8,151.1,672.050787775999
8,151.20000000000002,670.4683908133061
8,151.3,660.333809954705
8,151.4,575.1352519535579
8,151.5,464.4022283946647
8,151.6,650.8351885039546
8,151.70000000000002,671.1518126976255
8,151.8,671.8163896806334
8,151.9,678.493999963787
8,152.0,664.711916719279
8,152.1,654.3655631696679
8,152.20000000000002,583.8439487088298
8,152.3,425.06645004386525
8,152.4,634.4069733382581
8,152.5,646.9622167797179
8,152.6,643.9579000900638
8,152.70000000000002,657.6158232298191
8,152.8,658.9544446814888
8,152.9,659.5734308131422
8,153.0,674.7937614174973
8,153.1,654.957408552661
8,153.20000000000002,640.3715835444123
8,153.3,610.9638010348809
8,153.4,676.5827542248227
8,153.5,657.7026441812209
8,153.60000000000002,645.4499747835671
8,153.70000000000002,665.3470590574362
8,153.8,666.8378791500961
8,153.9,659.8766616608431
8,154.0,633.3547127354681
8,154.10000000000002,540.2947498406659
8,154.20000000000002,677.2197926053661
8,154.3,655.3577033827818
8,154.4,667.1876807369867
8,154.5,667.9352154711928
8,154.60000000000002,686.6412309432571
8,154.70000000000002,663.3665629447355
8,154.8,671.9586138971607
8,154.9,665.0012404521735
8,155.0,662.1855631404278
8,155.10000000000002,675.9979817727074
8,155.20000000000002,686.4937576016316
8,155.3,685.5587348646627
8,155.4,678.2753166598367
8,155.5,671.8881367979365
8,155.60000000000002,660.6774563323613
8,155.70000000000002,676.9732924266704
8,155.8,684.2407695412664
8,155.9,669.9722604172808
8,156.0,653.8478551443505
8,156.10000000000002,661.2793132997738
8,156.20000000000002,763.5094295102725
8,156.3,1018.0944263497081
8,156.4,665.8571369083556
8,156.5,668.2111265625919
8,156.60000000000002,656.9765439147418
8,156.70000000000002,701.5162445652629
8,156.8,695.2220291978384
8,156.9,691.9027206798463
8,157.0,694.46170302158
8,157.10000000000002,697.9949798478597
8,157.20000000000002,691.6443615162492
8,157.3,676.8301926608459
8,157.4,665.9358767590627
8,157.5,677.5547752108597
8,157.60000000000002,683.825219396172
8,157.70000000000002,711.8754140746385
8,157.8,691.6044210224854
8,157.9,686.256597789066
8,158.0,691.0196895003169
8,158.10000000000002,680.0214432047268
8,158.20000000000002,690.479270873856
8,158.3,671.9170446798157
8,158.4,666.2407579731607
8,158.5,696.1407007228859
8,158.60000000000002,699.7132438472557
8,158.70000000000002,697.0638060625396
8,158.8,697.4156375620353
8,158.9,685.5878768643541
8,159.0,685.1869000826747
8,159.10000000000002,678.806545887184
8,159.20000000000002,695.5254060244381
8,159.3,695.5428369628497
8,159.4,690.9716964453851
8,159.5,698.6181252025083
8,159.60000000000002,701.1673673704428
8,159.70000000000002,666.9390130256984
8,159.8,701.4533532891116
8,159.9,690.3196680207917
8,160.0,702.3910156943567
8,160.10000000000002,690.8321871823978
8,160.20000000000002,678.0845176040095
8,160.3,678.5276510407182
8,160.4,693.5489415967575
8,160.5,688.1824456121713
8,160.60000000000002,692.3592304933119
8,160.70000000000002,676.1854350457626
8,160.8,690.6679134808056
8,160.9,686.5507998474573
8,161.0,436.2568520629142
8,161.10000000000002,687.6359493762903
8,161.20000000000002,701.415589644567
8,161.3,662.1038624755245
8,161.4,687.6762275148672
8,161.5,703.6831826589981
8,161.60000000000002,694.3936075805739
8,161.70000000000002,711.4548963216322
8,161.8,681.9474963409801
8,161.9,691.0072105758182
8,162.0,674.5882847742547
8,162.10000000000002,561.2153662494558
8,162.20000000000002,678.2719819896336
8,162.3,664.4381957708194
8,162.4,670.9337477110131
8,162.5,701.6859216730779
8,162.60000000000002,565.3754994949376
8,162.70000000000002,680.9412824194319
8,162.8,686.8207360632576
8,162.9,685.4994004395792
8,163.0,682.8141829762194
8,163.10000000000002,668.354629911034
8,163.20000000000002,704.8561309469301
8,163.3,686.2023942025373
8,163.4,687.546894221913
8,163.5,674.2565332202525
8,163.60000000000002,671.5601153113655
8,163.70000000000002,657.6549553193341
8,163.8,713.1949655969377
8,163.9,692.9827581789073
8,164.0,684.2729513669702
8,164.10000000000002,696.0492591105568
8,164.20000000000002,685.8658091765667
8,164.3,699.6689224679633
8,164.4,696.9835519399902
8,164.5,679.1765658011979
8,164.60000000000002,693.9748007090901
8,164.70000000000002,692.9695114572634
8,164.8,690.3662999385281
8,164.9,682.1337049939756
8,165.0,704.3857186941626
8,165.10000000000002,676.1676134507105
8,165.20000000000002,682.6874960829504
8,165.3,673.7733131958761
8,165.4,700.3745041663706
8,165.5,422.63438122986906
8,165.60000000000002,628.9011382318272
8,165.70000000000002,656.9659094581375
8,165.8,699.1167371487609
8,165.9,689.1050591783776
8,166.0,680.9522924775757
8,166.10000000000002,662.7970023351561
8,166.20000000000002,681.8385331084436
8,166.3,683.6024978947166
8,166.4,689.5091291931418
8,166.5,663.898043432375
8,166.60000000000002,677.0288167799187
8,166.70000000000002,702.6679360298525
8,166.8,692.3643474094988
8,166.9,692.652074366745
8,167.0,675.6340113282524
8,167.10000000000002,686.0611298175759
8,167.20000000000002,708.8987587725483
8,167.3,687.7367548514953
8,167.4,707.3951128683352
8,167.5,692.370643790873
8,167.60000000000002,683.1043905573512
8,167.70000000000002,678.662626990552
8,167.8,690.6464331695804
8,167.9,666.790543409889
8,168.0,639.852738659159
8,168.10000000000002,679.9888248123926
8,168.20000000000002,681.6654116749602
8,168.3,685.446142206996
8,168.4,676.3959315867215
8,168.5,691.5131315166273
8,168.60000000000002,696.4541452960957
8,168.70000000000002,692.2404837015605
8,168.8,686.9608745565
8,168.9,687.927206850595
8,169.0,676.7591770894883
8,169.10000000000002,681.7450703744313
8,169.20000000000002,676.0710717415907
8,169.3,699.2261574144918
8,169.4,683.753443615588
8,169.5,686.4109655457461
8,169.60000000000002,694.2478234766469
8,169.70000000000002,705.0050451829065
8,169.8,740.3607546808004
8,169.9,681.4753004235764
8,170.0,694.690137315915
8,170.10000000000002,701.8464727010246
8,170.20000000000002,697.2057272901831
8,170.3,687.907197695063
8,170.4,696.6138337378677
8,170.5,462.15694216363715
8,170.60000000000002,352.47897251232445
8,170.70000000000002,611.5393205697324
8,170.8,661.3883417488992
8,170.9,673.800447079174
8,171.0,690.8839168578734
8,171.10000000000002,694.7205437597684
8,171.20000000000002,683.1237244285587
8,171.3,460.8552372259487
8,171.4,631.2682520400143
8,171.5,688.4275992239805
8,171.60000000000002,687.1061851677902
8,171.70000000000002,694.7234598218424
8,171.8,691.0265769138764
8,171.9,679.5515434561353
8,172.0,671.6318653637713
8,172.10000000000002,662.355476761952
8,172.20000000000002,416.9973394096368
8,172.3,600.4940679992167
8,172.4,684.0363425865776
8,172.5,666.5758079907142
8,172.60000000000002,413.41528226043164
8,172.70000000000002,597.3931670557697
8,172.8,659.7014336385877
8,172.9,656.4179335347231
8,173.0,651.2981118421993
8,173.10000000000002,648.5778007957266
8,173.20000000000002,657.4028557048056
8,173.3,670.9038619044799
8,173.4,658.9868123373827
8,173.5,660.3338502078791
8,173.60000000000002,677.4528832775511
8,173.70000000000002,673.0693496617062
8,173.8,678.7926374745983
8,173.9,681.0118943028939
8,174.0,652.5960998487141
8,174.10000000000002,654.7067261408014
8,174.20000000000002,664.7974950656593
8,174.3,674.4241822540732
8,174.4,639.656815806262
8,174.5,670.795384906029
8,174.60000000000002,684.8499328540084
8,174.70000000000002,679.8333579576821
8,174.8,658.6873939235375
8,174.9,654.7546633501132
8,175.0,653.5984329480829
8,175.10000000000002,668.8813125006303
8,175.20000000000002,666.7067241487571
8,175.3,662.7214063400354
8,175.4,656.2352067584369
8,175.5,658.7123854686316
8,175.60000000000002,525.811044111152
8,175.70000000000002,616.1297018362245
8,175.8,660.7361266512276
8,175.9,669.6697308549644
8,176.0,638.677883863436
8,176.10000000000002,637.3274478524014
8,176.20000000000002,662.2069467521873
8,176.3,625.5983557458054
8,176.4,618.1923141646884
8,176.5,648.5009429775555
8,176.60000000000002,646.5096508421202
8,176.70000000000002,646.1962805940575
8,176.8,649.5425007917469
8,176.9,675.5831661914674
8,177.0,660.4648966709232
8,177.10000000000002,654.0042780534995
8,177.20000000000002,655.3771664634598
8,177.3,648.2727069802445
8,177.4,647.0582083184363
8,177.5,654.3539163313296
8,177.60000000000002,645.2803377830686
8,177.70000000000002,643.825530482553
8,177.8,656.9792152071018
8,177.9,676.5278443081435
8,178.0,651.3885739158602
8,178.10000000000002,655.467740055611
8,178.20000000000002,675.9662318093266
8,178.3,657.5374724114973
8,178.4,642.9740107656091
8,178.5,630.8998299691217
8,178.60000000000002,645.6585180239794
8,178.70000000000002,650.0550043480118
8,178.8,650.850866595191
8,178.9,642.5262724032109
8,179.0,643.571008025131
8,179.10000000000002,661.634593494197
8,179.20000000000002,656.0639630370428
8,179.3,651.3973930985359
8,179.4,653.0746090856138
8,179.5,659.986359192746
8,179.60000000000002,660.6230518979282
8,179.70000000000002,647.8019750909328
8,179.8,654.907019263419
8,179.9,654.139440198461
8,180.0,675.1397291138095
8,180.10000000000002,670.4946356968333
8,180.20000000000002,654.3373367602962
8,180.3,651.564448323784
8,180.4,648.8097841536937
8,180.5,661.5004628306103
8,180.60000000000002,665.7164301032387
8,180.70000000000002,670.4041129962094
8,180.8,669.5055727992216
8,180.9,668.572983187563
8,181.0,655.2634427774
8,181.10000000000002,671.1732606785944
8,181.20000000000002,666.6767432085067
8,181.3,648.8821775886087
8,181.4,470.2394457849652
8,181.5,542.0963917122491
8,181.60000000000002,650.2422790070735
8,181.70000000000002,653.4948575043186
8,181.8,660.8247839340141
8,181.9,610.2874507136942
8,182.0,624.7068535721347
8,182.10000000000002,618.8824574526142
8,182.20000000000002,484.1854338113846
8,182.3,559.4552884435059
8,182.4,642.58005253222
8,182.5,647.9057053009241
8,182.60000000000002,660.0865319574572
8,182.70000000000002,654.9401825935914
8,182.8,661.9891183576638
8,182.9,479.50413561020406
8,183.0,531.2234249475891
8,183.10000000000002,654.5448568183645
8,183.20000000000002,651.8744292254761
8,183.3,645.2528584140948
8,183.4,651.3802265713616
8,183.5,630.2005533572542
8,183.60000000000002,642.1147637428661
8,183.70000000000002,664.6052884261412
8,183.8,664.3514216260141
8,183.9,654.6429279124991
8,184.0,491.0822190116546
8,184.10000000000002,530.8867461378791
8,184.20000000000002,654.9167044638823
8,184.3,637.5654100891011
8,184.4,642.9157765052914
8,184.5,659.7752289427804
8,184.60000000000002,654.3797708161474
8,184.70000000000002,648.1544630183206
8,184.8,682.5739970887092
8,184.9,688.9899540213867
8,185.0,678.98611096658
8,185.10000000000002,664.355575631896
8,185.20000000000002,652.9936446702028
8,185.3,658.1184739768827
8,185.4,659.3931890087274
8,185.5,671.2179077938321
8,185.60000000000002,659.1656335828882
8,185.70000000000002,649.5673872008948
8,185.8,658.9449741902594
8,185.9,656.4374279153093
8,186.0,649.1304827051405
8,186.10000000000002,651.0703526521575
8,186.20000000000002,641.1667970182699
8,186.3,630.3962060023022
8,186.4,667.0821982871161
8,186.5,669.4726478319161
8,186.60000000000002,653.5006896911592
8,186.70000000000002,655.0250600562706
8,186.8,648.2901432925078
8,186.9,655.9783330842249
8,187.0,652.757204039966
8,187.10000000000002,635.9641899827709
8,187.20000000000002,618.3390737904896
8,187.3,635.5984276384278
8,187.4,655.1655745240646
8,187.5,649.5835451480633
8,187.60000000000002,500.27908099100694
8,187.70000000000002,501.74082846122593
8,187.8,650.8809513384585
8,187.9,652.9361603573002
8,188.0,665.6076662584815
8,188.10000000000002,679.904806985881
8,188.20000000000002,530.2525133872064
8,188.3,498.3644192238929
8,188.4,653.7818064789864
8,188.5,646.3303893898182
8,188.60000000000002,625.7632675511728
8,188.70000000000002,630.4052232518334
8,188.8,646.073805672759
8,188.9,640.4477863531138
8,189.0,639.3860085927804
8,189.10000000000002,632.5953842876064
8,189.20000000000002,653.1829814088502
8,189.3,646.3845327620284
8,189.4,621.9557314705276
8,189.5,640.2906514194192
8,189.60000000000002,648.0881235764558
8,189.70000000000002,641.8702006261639
8,189.8,651.0848742709707
8,189.9,652.6394461690219
8,190.0,639.4998512894065
8,190.10000000000002,628.0849655111311
8,190.20000000000002,645.7436260136075
8,190.3,490.5399089548567
8,190.4,438.94738235678733
8,190.5,630.4945131236941
8,190.60000000000002,620.034258667444
8,190.70000000000002,635.888669154554
8,190.8,638.6662707791686
8,190.9,627.3702954084018
8,191.0,633.7102107369791
8,191.10000000000002,646.8820328327554
8,191.20000000000002,658.9387248969038
8,191.3,651.4817303499768
8,191.4,641.0560000371506
8,191.5,650.1428951397614
8,191.60000000000002,650.3752417200601
8,191.70000000000002,640.4879924174411
8,191.8,634.9434682052923
8,191.9,627.9025644696846
8,192.0,633.691477114723
8,192.10000000000002,631.2630592605497
8,192.20000000000002,640.5574313511456
8,192.3,636.3433738750441
8,192.4,605.2393693223688
8,192.5,607.2659529030567
8,192.60000000000002,652.1631156900127
8,192.70000000000002,652.1756880087277
8,192.8,655.2231373194377
8,192.9,668.2065551191051
8,193.0,546.010393371463
8,193.10000000000002,399.6826727691046
8,193.20000000000002,631.8398729647942
8,193.3,650.6879547310598
8,193.4,645.4480799932346
8,193.5,650.5608159606986
8,193.60000000000002,648.7998729384641
8,193.70000000000002,646.182334644377
8,193.8,628.4890726439378
8,193.9,658.2150356926878
8,194.0,643.1549789586535
8,194.10000000000002,643.3659911071949
8,194.20000000000002,599.0358501159875
8,194.3,512.6812681957126
8,194.4,655.3571091770291
8,194.5,656.5641793739816
8,194.60000000000002,668.0470543470358
8,194.70000000000002,666.6153829290981
8,194.8,658.5572231172041
8,194.9,658.4815332696891
8,195.0,620.5333240224528
8,195.10000000000002,546.328610576137
8,195.20000000000002,612.8205509364043
8,195.3,657.6526706171702
8,195.4,632.3950955915118
8,195.5,639.8612946726137
8,195.60000000000002,645.9797125871107
8,195.70000000000002,596.9223049206623
8,195.8,444.76424285693133
8,195.9,636.6937770869329
8,196.0,651.6308156511753
8,196.10000000000002,650.9632081347557
8,196.20000000000002,658.6806398364698
8,196.3,657.6989847504079
8,196.4,667.9078373708915
8,196.5,656.7355992376323
8,196.60000000000002,646.2006908598523
8,196.70000000000002,674.5298431862824
8,196.8,666.0192628160936
8,196.9,676.746920030491
8,197.0,639.14891924803
8,197.10000000000002,648.6931631590178
8,197.20000000000002,667.1410006186588
8,197.3,637.7086684018326
8,197.4,654.1775353358244
8,197.5,663.385534350563
8,197.60000000000002,659.9478818460791
8,197.70000000000002,660.8265741896084
8,197.8,641.6511121064311
8,197.9,669.5105329356508
8,198.0,643.6420503718809
8,198.10000000000002,640.5692416759384
8,198.20000000000002,644.0262232816555
8,198.3,654.1989723678508
8,198.4,655.6325262635785
8,198.5,646.4061816332219
8,198.60000000000002,655.6049521233497
8,198.70000000000002,594.5808124903239
8,198.8,336.9260270609136
8,198.9,675.3649932307953
8,199.0,651.903485890692
8,199.10000000000002,645.6049103023066
8,199.20000000000002,398.7970524403185
8,199.3,508.34825159466715
8,199.4,613.4016074430212
8,199.5,641.96929842176
8,199.60000000000002,613.4245467247847
8,199.70000000000002,349.27675696558214
8,199.8,656.3020965370666
8,199.9,643.047775160935
8,200.0,685.8151092694642
8,200.10000000000002,663.6799123704754
8,200.20000000000002,670.7215820445322
8,200.3,668.6562739207499
8,200.4,664.7553657012306
8,200.5,651.914705922947
8,200.60000000000002,676.79211755887
8,200.70000000000002,675.0749985255975
8,200.8,663.0761189630653
8,200.9,662.5249741245955
8,201.0,624.9709913232415
8,201.10000000000002,678.996457978158
8,201.20000000000002,661.3315466310515
8,201.3,648.956369596014
8,201.4,658.0108910211719
8,201.5,647.5599874203947
8,201.60000000000002,687.2621261070557
8,201.70000000000002,631.2031585187393
8,201.8,331.109549561314
8,201.9,671.0720744140488
8,202.0,652.1915614402085
8,202.10000000000002,657.5426527555511
8,202.20000000000002,569.1784773822303
8,202.3,642.3145381793604
8,202.4,662.4527906989995
8,202.5,585.7912626624575
8,202.60000000000002,624.3067442599313
8,202.70000000000002,636.9985422243848
8,202.8,650.8352616470429
8,202.9,650.0462699174756
8,203.0,658.9128138555793
8,203.10000000000002,650.7819584374737
8,203.20000000000002,446.5725140024663
8,203.3,659.7955220606483
8,203.4,682.5585994434715
8,203.5,637.096865274254
8,203.60000000000002,661.3314129456011
8,203.70000000000002,652.8907714481065
8,203.8,644.9614854444685
8,203.9,291.8252779573856
8,204.0,694.1723060824364
8,204.10000000000002,682.9545763701312
8,204.20000000000002,685.4639317285843
8,204.3,347.06377083039604
8,204.4,662.780779710536
8,204.5,655.5971223459894
8,204.60000000000002,632.445588826254
8,204.70000000000002,645.4888348957015
8,204.8,648.2528664406573
8,204.9,658.1750226204977
8,205.0,676.0608364221134
8,205.10000000000002,657.064390152314
8,205.20000000000002,670.7287814741682
8,205.3,683.4454086002869
8,205.4,650.6268241525617
8,205.5,641.6820815441646
8,205.60000000000002,669.8637236863675
8,205.70000000000002,643.3040740432058
8,205.8,661.2987161179984
8,205.9,672.0571812998355
8,206.0,695.7921426148235
8,206.10000000000002,653.8427748219015
8,206.20000000000002,673.1127021546296
8,206.3,663.7952778537708
8,206.4,679.2053862480057
8,206.5,674.3439755708786
8,206.60000000000002,646.9247680985595
8,206.70000000000002,661.8541551124883
8,206.8,636.9311800403965
8,206.9,680.3165553083139
8,207.0,638.2778177126994
8,207.10000000000002,667.2454523076041
8,207.20000000000002,647.6397669835577
8,207.3,643.0771081164656
8,207.4,676.9623516468481
8,207.5,675.6269003921419
8,207.60000000000002,665.3106780508697
8,207.70000000000002,655.2772601923966
8,207.8,665.7669680277536
8,207.9,495.37242452444383
8,208.0,621.3357954337552
8,208.10000000000002,649.9189431393812
8,208.20000000000002,664.2843433203361
8,208.3,684.6835913388027
8,208.4,679.1701998651487
8,208.5,652.763578549849
8,208.60000000000002,659.2130755058831
8,208.70000000000002,653.2325888819379
8,208.8,663.6795600076139
8,208.9,664.8810688524746
8,209.0,669.9157329390778
8,209.10000000000002,454.36951634523626
8,209.20000000000002,626.0837029130151
8,209.3,655.1492574103507
8,209.4,677.6723520195933
8,209.5,646.1825646196914
8,209.60000000000002,655.5374412169577
8,209.70000000000002,339.5300661299203
8,209.8,646.2807169005384
8,209.9,659.9567145630092
8,210.0,658.9150669398745
8,210.10000000000002,656.9992221268157
8,210.20000000000002,692.4951000655278
8,210.3,662.3326605931164
8,210.4,653.9994477655318
8,210.5,668.5529348828234
8,210.60000000000002,667.679434882618
8,210.70000000000002,661.9309365156952
8,210.8,673.8519617112185
8,210.9,687.1172640180689
8,211.0,738.4726812913493
8,211.10000000000002,665.606244370621
8,211.20000000000002,646.6558730831772
8,211.3,673.6944799056605
8,211.4,666.4019029612859
8,211.5,664.9435247546689
8,211.60000000000002,674.0656246658907
8,211.70000000000002,684.6196383513621
8,211.8,664.2458066619156
8,211.9,648.2679112337217
8,212.0,527.0471766645226
8,212.10000000000002,653.6155478473784
8,212.20000000000002,662.7256139467386
8,212.3,673.1041691857598
8,212.4,628.3716125773639
8,212.5,645.3046860650446
8,212.60000000000002,660.8542335652045
8,212.70000000000002,678.4321865968507
8,212.8,696.9676036052693
8,212.9,662.3734810729392
8,213.0,471.7870811497807
8,213.10000000000002,633.266715153164
8,213.20000000000002,676.3258122259402
8,213.3,656.2348773832015
8,213.4,669.6376046627765
8,213.5,660.2505683587608
8,213.60000000000002,654.7444968339386
8,213.70000000000002,654.8323294982335
8,213.8,660.8372624488082
8,213.9,650.8842956083537
8,214.0,628.238138143146
8,214.10000000000002,661.1220758550813
8,214.20000000000002,666.1397308013783
8,214.3,646.729174644073
8,214.4,648.9861043850102
8,214.5,660.6446828833944
8,214.60000000000002,670.8993782842914
8,214.70000000000002,665.8875759901644
8,214.8,654.0187563955021
8,214.9,576.5483114243189
8,215.0,686.8552251737989
8,215.10000000000002,690.9514888016176
8,215.20000000000002,708.5433015311062
8,215.3,683.6099341340257
8,215.4,656.8614705200672
8,215.5,666.9205067575776
8,215.60000000000002,425.325693500338
8,215.70000000000002,610.1634711279012
8,215.8,680.007916472345
8,215.9,672.1535127403534
8,216.0,678.2120978977663
8,216.10000000000002,661.2733528277248
8,216.20000000000002,661.2537703067721
8,216.3,633.6388682409406
8,216.4,681.454243268126
8,216.5,665.1055987284655
8,216.60000000000002,643.1685314394041
8,216.70000000000002,666.5012801617214
8,216.8,653.5501014947107
8,216.9,670.6244516365704
8,217.0,395.64781749157225
8,217.10000000000002,614.6611556943382
8,217.20000000000002,650.5929316133328
8,217.3,668.1387151705663
8,217.4,685.1659440722711
8,217.5,668.4219581179274
8,217.60000000000002,674.2506155337254
8,217.70000000000002,662.1298253649067
8,217.8,685.0955504261495
8,217.9,671.1184118136348
8,218.0,673.8550172524677
8,218.10000000000002,677.8369542844885
8,218.20000000000002,685.4878001200283
8,218.3,677.5482464135969
8,218.4,681.7738573914376
8,218.5,682.96862189341
8,218.60000000000002,683.5898097094041
8,218.70000000000002,461.3479540991015
8,218.8,569.351365504362
8,218.9,703.4743555195615
8,219.0,692.019358807547
8,219.10000000000002,682.1020134055659
8,219.20000000000002,677.4116390655394
8,219.3,691.4704546891782
8,219.4,696.8977210769443
8,219.5,680.8931206014494
8,219.60000000000002,685.7238957787719
8,219.70000000000002,681.1139363681517
8,219.8,689.5560440292951
8,219.9,684.7456988579584
8,220.0,690.1516941173387
8,220.10000000000002,695.5090477042436
8,220.20000000000002,647.5430608077781
8,220.3,648.7314798783163
8,220.4,675.7193986534976
8,220.5,690.5985375316853
8,220.60000000000002,691.0515411823254
8,220.70000000000002,689.7212164541719
8,220.8,701.9612865501874
8,220.9,683.3324132950913
8,221.0,521.6022518672969
8,221.10000000000002,562.4910804047443
8,221.20000000000002,543.4520090801542
8,221.3,570.4928765671053
8,221.4,463.2671642161655
8,221.5,528.2063700615545
8,221.60000000000002,681.8476043056232
8,221.70000000000002,677.3238157117945
8,221.8,662.3752646361353
8,221.9,672.105895132089
8,222.0,676.3965682997256
8,222.10000000000002,684.3982875117387
8,222.20000000000002,676.0080829158087
8,222.3,676.5896342968393
8,222.4,678.8344891028671
8,222.5,671.1176758193092
8,222.60000000000002,671.6284006403451
8,222.70000000000002,664.4014075579377
8,222.8,673.1164474229244
8,222.9,660.8651531079158
8,223.0,673.8713484714996
8,223.10000000000002,694.6354648687484
8,223.20000000000002,668.6537987118173
8,223.3,658.3086476530509
8,223.4,652.9829681103711
8,223.5,655.4946742724175
8,223.60000000000002,667.2653265721899
8,223.70000000000002,662.7262753247226
8,223.8,663.0268188707848
8,223.9,654.7315547718689
8,224.0,668.9074733554717
8,224.10000000000002,695.4211495117667
8,224.20000000000002,661.2967142335041
8,224.3,648.3125575914129
8,224.4,672.0050309369421
8,224.5,662.3346996062307
8,224.60000000000002,657.6244208279186
8,224.70000000000002,667.9634182832659
8,224.8,665.5649003270985
8,224.9,659.8738354966736
8,225.0,665.499084155172
8,225.10000000000002,535.3371570671648
8,225.20000000000002,508.0104737000657
8,225.3,660.784828535286
8,225.4,658.1976564617669
8,225.5,664.6406859134223
8,225.60000000000002,667.4426903300483
8,225.70000000000002,656.2175331442833
8,225.8,642.9639207519288
8,225.9,642.2435820869318
8,226.0,652.9405376621273
8,226.10000000000002,659.5679543579641
8,226.20000000000002,665.3933606570653
8,226.3,521.7591172159382
8,226.4,462.2140734511534
8,226.5,666.5520693849837
8,226.60000000000002,661.9535569168282
8,226.70000000000002,652.5725287312142
8,226.8,637.4231630784034
8,226.9,518.6037524933485
8,227.0,461.8289672462346
8,227.10000000000002,624.3052086549279
8,227.20000000000002,654.5911543169302
8,227.3,687.9814791810555
8,227.4,668.4116281758326
8,227.5,672.6463084283155
8,227.60000000000002,673.7647520474031
8,227.70000000000002,664.3984529131262
8,227.8,643.2758424263789
8,227.9,641.1354840878391
8,228.0,663.4646167617169
8,228.10000000000002,680.7112299763812
8,228.20000000000002,667.291028924192
8,228.3,686.4441914908592
8,228.4,678.6484672298197
8,228.5,660.3851438680257
8,228.60000000000002,530.2491601920318
8,228.70000000000002,430.5429527165124
8,228.8,673.0903724290143
8,228.9,693.6097350949299
8,229.0,671.632479505225
8,229.10000000000002,587.2871911016804
8,229.20000000000002,474.01702141140885
8,229.3,676.821819707618
8,229.4,670.1595150688779
8,229.5,666.3686533119329
8,229.60000000000002,667.4330400141034
8,229.70000000000002,589.513521715179
8,229.8,477.7599436362463
8,229.9,659.944248464305
8,230.0,695.5713984012962
8,230.10000000000002,652.6015241810147
8,230.20000000000002,663.8649328610409
8,230.3,669.3570409039295
8,230.4,682.7449629349344
8,230.5,652.3677455737189
8,230.60000000000002,659.1112610970822
8,230.70000000000002,662.1339752551623
8,230.8,652.9108449617693
8,230.9,648.9554870994976
8,231.0,681.0875606927441
8,231.10000000000002,672.3333097937448
8,231.20000000000002,664.2537929631113
8,231.3,665.61070666921
8,231.4,678.9346655414535
8,231.5,676.3418524231594
8,231.60000000000002,664.050880681791
8,231.70000000000002,660.1373291847128
8,231.8,653.5905736795962
8,231.9,658.7444416225896
8,232.0,655.6098531853712
8,232.10000000000002,669.2863792121346
8,232.20000000000002,683.1888611671349
8,232.3,666.1018623481791
8,232.4,656.8084784925227
8,232.5,661.1769160120932
8,232.60000000000002,582.1115215203166
8,232.70000000000002,568.7257545349415
8,232.8,638.7043902564138
8,232.9,672.0451614505586
8,233.0,639.892298700216
8,233.10000000000002,578.0462069526753
8,233.20000000000002,556.5624306225682
8,233.3,665.8907910320843
8,233.4,667.1967100127937
8,233.5,667.8211363491255
8,233.60000000000002,653.4962561095939
8,233.70000000000002,662.8576875674162
8,233.8,647.4753678272431
8,233.9,666.3156379538157
8,234.0,673.1115968032515
8,234.10000000000002,655.6507218741027
8,234.20000000000002,626.0607840559261
8,234.3,656.0801521287789
8,234.4,664.6224294349505
8,234.5,620.8072422014196
8,234.60000000000002,513.8427139709879
8,234.70000000000002,599.19733940672
8,234.8,663.598774014265
8,234.9,656.9014730031156
8,235.0,661.0008547198447
8,235.10000000000002,666.528187917452
8,235.20000000000002,669.3118271240306
8,235.3,698.8537568659561
8,235.4,649.9665586011049
8,235.5,662.8759699638197
8,235.60000000000002,665.5254465643625
8,235.70000000000002,661.7482429182734
8,235.8,653.7288543409397
8,235.9,587.1222574802003
8,236.0,572.7166427870344
8,236.10000000000002,685.8871301770881
8,236.20000000000002,659.4559959107804
8,236.3,652.9171838083582
8,236.4,673.8721961600577
8,236.5,657.5008937065367
8,236.60000000000002,660.8885570343665
8,236.70000000000002,692.9506350109223
8,236.8,684.8136661331748
8,236.9,657.375311400644
8,237.0,661.1974302893722
8,237.10000000000002,658.0279818257409
8,237.20000000000002,655.1481337742331
8,237.3,646.6437388165269
8,237.4,656.5390821418363
8,237.5,654.7773701917807
8,237.60000000000002,615.5435495346179
8,237.70000000000002,659.9667324937922
8,237.8,679.7396812807197
8,237.9,659.3695526819757
8,238.0,686.5991318922679
8,238.10000000000002,336.5094451928621
8,238.20000000000002,660.7015967575585
8,238.3,680.6716733910131
8,238.4,698.8826307118336
8,238.5,669.3769481685309
8,238.60000000000002,680.9511153202694
8,238.70000000000002,649.9665604190222
8,238.8,693.8791848783192
8,238.9,670.3587929297529
8,239.0,655.9440502975779
8,239.10000000000002,646.5826944832316
8,239.20000000000002,659.6360367192027
8,239.3,662.0564862982033
8,239.4,655.3073187966352
8,239.5,671.8780240812875
8,239.60000000000002,657.147402278181
8,239.70000000000002,638.5505958180141
8,239.8,679.7935888058987
8,239.9,660.6561760670726
8,240.0,650.7385634047096
8,240.10000000000002,676.0353729838777
8,240.20000000000002,667.7183963315749
8,240.3,675.5899405622782
8,240.4,680.267547923221
8,240.5,646.3881520610083
8,240.60000000000002,655.8532935029855
8,240.70000000000002,632.53308648279
8,240.8,700.7459058292111
8,240.9,693.9898106747756
8,241.0,624.1398676458326
8,241.10000000000002,668.5165466554915
8,241.20000000000002,697.2118530425859
8,241.3,665.0251313974369
8,241.4,682.1368800954862
8,241.5,671.6273421598105
8,241.60000000000002,684.8652641684833
8,241.70000000000002,685.5095343258843
8,241.8,691.4345814852567
8,241.9,680.1822943160672
8,242.0,677.5399947846923
8,242.10000000000002,681.4862882796541
8,242.20000000000002,657.1644763619861
8,242.3,681.2142592285013
8,242.4,684.0811109564208
8,242.5,694.024981974551
8,242.60000000000002,685.6197970783045
8,242.70000000000002,667.8966388423224
8,242.8,669.4920481182804
8,242.9,655.8353885365909
8,243.0,696.6399801622096
8,243.10000000000002,659.0775075275642
8,243.20000000000002,643.2759767529486
8,243.3,671.5237898290986
8,243.4,647.4863430474607
8,243.5,675.4930144719663
8,243.60000000000002,702.1969422064833
8,243.70000000000002,656.7661811054645
8,243.8,365.834199132773
8,243.9,650.1866439170639
8,244.0,675.0511684919204
8,244.10000000000002,685.8707946947793
8,244.20000000000002,651.286420850778
8,244.3,661.1988201617467
8,244.4,669.2976531602874
8,244.5,672.7947526438545
8,244.60000000000002,675.9684206719243
8,244.70000000000002,674.967500861237
8,244.8,663.1515144406872
8,244.9,653.0053409345921
8,245.0,662.7353907625088
8,245.10000000000002,653.7157958894327
8,245.20000000000002,696.0032027977807
8,245.3,703.2058987597443
8,245.4,667.2493751042284
8,245.5,656.2383459686507
8,245.60000000000002,540.7101004483723
8,245.70000000000002,647.6035339281973
8,245.8,656.3319438386321
8,245.9,644.6211921510043
8,246.0,660.7491995496622
8,246.10000000000002,690.325262655994
8,246.20000000000002,681.2345322417161
8,246.3,675.315221095715
8,246.4,687.060724533715
8,246.5,700.3538401601995
8,246.60000000000002,641.2119652648635
8,246.70000000000002,651.4461878911808
8,246.8,664.9885483276806
8,246.9,681.3173198172237
8,247.0,668.3680707239155
8,247.10000000000002,630.0527932956356
8,247.20000000000002,665.4950162487564
8,247.3,681.5857983475736
8,247.4,532.9205047213254
8,247.5,651.9155418569582
8,247.60000000000002,681.2724375942574
8,247.70000000000002,667.830005159772
8,247.8,636.2273532336682
8,247.9,684.4789298703002
8,248.0,680.5589123160197
8,248.10000000000002,672.327419256635
8,248.20000000000002,672.1209890495344
8,248.3,674.4967313872546
8,248.4,660.0492332289019
8,248.5,645.6076468551879
8,248.60000000000002,693.1631363893362
8,248.70000000000002,671.8910172208186
8,248.8,685.073107736003
8,248.9,700.1505118828544
8,249.0,681.731172433263
8,249.10000000000002,687.8544061143427
8,249.20000000000002,649.2849682507156
8,249.3,650.6800194112866
8,249.4,651.1120056656008
8,249.5,662.6408888110589
8,249.60000000000002,665.444939851516
8,249.70000000000002,666.6763638155186
8,249.8,404.6667898649081
8,249.9,608.4112597143745
8,250.0,666.6875608670067
8,250.10000000000002,673.1344032214779
8,250.20000000000002,588.563260008068
8,250.3,647.5617830184698
8,250.4,633.3239379630049
8,250.5,670.8091656568206
8,250.60000000000002,682.4732845833873
8,250.70000000000002,656.2948063790903
8,250.8,659.4397039843726
8,250.9,646.4311224362706
8,251.0,668.4115924898911
8,251.10000000000002,611.0002134598021
8,251.20000000000002,648.6629897091839
8,251.3,650.2697874062321
8,251.4,613.4617198356492
8,251.5,644.9737948154113
8,251.60000000000002,689.0203862321595
8,251.70000000000002,668.488873895262
8,251.8,662.8266077221442
8,251.9,664.5978308164413
8,252.0,660.7256850210975
8,252.10000000000002,683.3728248445973
8,252.20000000000002,668.9512494257757
8,252.3,649.9670211178037
8,252.4,663.7983859093066
8,252.5,679.6950567139999
8,252.60000000000002,693.10465115732
8,252.70000000000002,663.7574496990298
8,252.8,671.4298763279791
8,252.9,674.8336585423494
8,253.0,670.2680378713619
8,253.10000000000002,649.9838253593075
8,253.20000000000002,657.4806957944627
8,253.3,669.6764845670567
8,253.4,677.5354049124048
8,253.5,662.1404522920042
8,253.60000000000002,646.4190926177282
8,253.70000000000002,641.9547844299905
8,253.8,654.5815078172928
8,253.9,659.0888565303983
8,254.0,674.265850549979
8,254.10000000000002,671.5802921489142
8,254.20000000000002,671.4812177398053
8,254.3,680.5702757416875
8,254.4,666.9049056393729
8,254.5,646.1874914588357
8,254.60000000000002,668.3462367853019
8,254.70000000000002,668.4228862005593
8,254.8,655.5000450769844
8,254.9,673.82905713156
8,255.0,687.3108582292232
8,255.10000000000002,661.9410074890679
8,255.20000000000002,665.9193996169237
8,255.3,677.3349828841559
8,255.4,679.2950303927314
8,255.5,657.258045128276
8,255.60000000000002,676.0249427101278
8,255.70000000000002,677.5387116383528
8,255.8,685.5360873707558
8,255.9,668.0886437013636
8,256.0,655.1220787037479
8,256.1,663.1855554712134
8,256.2,672.7218575195403
8,256.3,685.8745754578598
8,256.40000000000003,693.6612684511018
8,256.5,672.8974042541025
8,256.6,663.0461754680804
8,256.7,671.4780997893107
8,256.8,678.0646346435162
8,256.90000000000003,666.7843060416335
8,257.0,669.7389653365924
8,257.1,680.6004435422368
8,257.2,676.454153768214
8,257.3,670.9860490090741
8,257.40000000000003,675.9765444487623
8,257.5,671.7364671548845
8,257.6,687.8092374496204
8,257.7,678.347974617614
8,257.8,687.0890980785447
8,257.90000000000003,677.4897059775495
8,258.0,661.8351070304627
8,258.1,674.6085727269094
8,258.2,581.0722997316146
8,258.3,612.1841176428729
8,258.40000000000003,670.5826788048857
8,258.5,678.0032432229386
8,258.6,669.0409047004555
8,258.7,671.0351074377934
8,258.8,666.6364791777916
8,258.90000000000003,667.3365311365727
8,259.0,677.4474511077758
8,259.1,757.3189099800428
8,259.2,747.6877891340629
8,259.3,691.0209116967116
8,259.40000000000003,672.8384775544062
8,259.5,652.2364133229136
8,259.6,666.427943028371
8,259.7,684.2777452646726
8,259.8,681.9055800099344
8,259.90000000000003,674.4381976505367
8,260.0,671.3161557115188
8,260.1,705.8249037803644
8,260.2,693.2666874784492
8,260.3,660.7214399332915
8,260.40000000000003,669.4317896942927
8,260.5,673.7502184510549
8,260.6,670.4321993814932
8,260.7,499.7914832829711
8,260.8,513.1630153780512
8,260.90000000000003,657.2098419196512
8,261.0,661.3233208583748
8,261.1,673.1751443263125
8,261.2,676.5818668259722
8,261.3,671.4115360907707
8,261.40000000000003,666.4185717657211
8,261.5,677.9443470871762
8,261.6,684.6065327942551
8,261.7,683.5850380564143
8,261.8,678.8874597540005
8,261.90000000000003,686.5008069479566
8,262.0,562.9173472174242
8,262.1,576.7595671579444
8,262.2,641.9536076159383
8,262.3,612.8154095597536
8,262.40000000000003,678.5809346500972
8,262.5,696.3943303949854
8,262.6,662.6033421095451
8,262.7,651.2948448052822
8,262.8,657.7574270506947
8,262.90000000000003,653.9948273455193
8,263.0,652.3949032104975
8,263.1,647.4168389501922
8,263.2,650.1611065141591
8,263.3,661.5314045527963
8,263.40000000000003,665.61646068821
8,263.5,663.7870714862596
8,263.6,653.8721191422544
8,263.7,660.6352232166405
8,263.8,679.5845862563069
8,263.90000000000003,686.8284032691622
8,264.0,679.1936522122844
8,264.1,668.5869984805324
8,264.2,657.9920809936582
8,264.3,667.3049238450136
8,264.40000000000003,688.0721696273802
8,264.5,686.047326143794
8,264.6,674.9609394733257
8,264.7,652.8029637791652
8,264.8,650.3139221948879
8,264.90000000000003,666.9774393682462
8,265.0,669.3357332556687
8,265.1,671.9826443432196
8,265.2,672.0614562466195
8,265.3,684.758963817812
8,265.40000000000003,687.5286080606414
8,265.5,666.287913266042
8,265.6,657.8080409548685
8,265.7,505.06179616828155
8,265.8,481.1796605023339
8,265.90000000000003,670.5189457204804
8,266.0,661.9894497851133
8,266.1,660.9408786440508
8,266.2,669.414588583317
8,266.3,653.3692744875042
8,266.40000000000003,658.0669474334248
8,266.5,658.6682068032268
8,266.6,657.8175055507788
8,266.7,635.6352833787628
8,266.8,633.4342968736593
8,266.90000000000003,673.8873621513533
8,267.0,679.0601350978874
8,267.1,670.7176014813198
8,267.2,675.436522500845
8,267.3,669.0578238925272
8,267.40000000000003,662.8414502618756
8,267.5,582.300161282945
8,267.6,488.91029631688497
8,267.7,585.8325654801095
8,267.8,656.1580989519074
8,267.90000000000003,642.5954532285955
8,268.0,651.0174107424509
8,268.1,506.24506169666887
8,268.2,306.19988905211346
8,268.3,447.51112317893165
8,268.40000000000003,565.3303243323892
8,268.5,533.1162126863272
8,268.6,659.5626939884081
8,268.7,663.9108508028694
8,268.8,660.6405948591591
8,268.90000000000003,664.5885772037511
8,269.0,667.7800050458125
8,269.1,654.289218010852
8,269.2,659.5052730854459
8,269.3,658.1396572279442
8,269.40000000000003,649.7900024605633
8,269.5,638.5696417654416
8,269.6,650.2781991971501
8,269.7,673.4594868832045
8,269.8,666.4372446077111
8,269.90000000000003,646.6481316459402
8,270.0,662.0976161728059
8,270.1,657.9818562816293
8,270.2,655.5430918730124
8,270.3,665.4913661807213
8,270.40000000000003,532.4880455548844
8,270.5,467.4117401149327
8,270.6,660.555883427085
8,270.7,662.8583586340449
8,270.8,672.828562998415
8,270.90000000000003,671.5716738843329
8,271.0,674.1934713966497
8,271.1,659.631613585981
8,271.2,652.5276508971681
8,271.3,665.287851199808
8,271.40000000000003,660.168648142398
8,271.5,659.3836502480293
8,271.6,654.375402128893
8,271.7,662.6748741095987
8,271.8,663.5965833432981
8,271.90000000000003,646.8872731752457
8,272.0,638.6118001029132
8,272.1,644.6559932298354
8,272.2,636.9381347944695
8,272.3,645.9599871015282
8,272.40000000000003,663.5455908531843
8,272.5,650.1706719367588
8,272.6,664.8653404882634
8,272.7,682.2286360916239
8,272.8,665.9382768045848
8,272.90000000000003,662.8205905019803
8,273.0,687.4659410856701
8,273.1,672.3008125492137
8,273.2,641.7299181955477
8,273.3,654.974441245158
8,273.40000000000003,667.0923302272731
8,273.5,653.7039576876895
8,273.6,648.4622652831079
8,273.7,652.9381613040144
8,273.8,665.3432242105995
8,273.90000000000003,656.603713981067
8,274.0,545.2378005703232
8,274.1,385.58808499918905
8,274.2,655.0599445356878
8,274.3,662.6225457319719
8,274.40000000000003,662.636795835685
8,274.5,654.3187483824861
8,274.6,602.7902973157726
8,274.7,545.56054026647
8,274.8,646.8232777755284
8,274.90000000000003,653.8135679214154
8,275.0,656.9227104734584
8,275.1,666.6338083574026
8,275.2,700.6706818611794
8,275.3,675.4403834011522
8,275.40000000000003,648.7219881276193
8,275.5,636.3994980523983
8,275.6,669.1846189140163
8,275.7,660.7704247354498
8,275.8,612.4866904993982
8,275.90000000000003,656.3465352258886
8,276.0,679.3687578391152
8,276.1,677.244080174678
8,276.2,669.3185932720838
8,276.3,673.664770530587
8,276.40000000000003,663.0937386622621
8,276.5,637.9315164978657
8,276.6,537.1618957558283
8,276.7,561.0133341939195
8,276.8,337.3348999173467
8,276.90000000000003,505.43887013447943
8,277.0,645.3838238531806
8,277.1,665.6029718540634
8,277.2,692.6295539446925
8,277.3,670.606464784673
8,277.40000000000003,673.4723829405589
8,277.5,661.6397108379196
8,277.6,669.2752159387343
8,277.7,682.5039035525168
8,277.8,655.0228223413221
8,277.90000000000003,649.775973640361
8,278.0,677.9394639740202
8,278.1,672.227721518797
8,278.2,635.1173118072604
8,278.3,445.18707526192276
8,278.40000000000003,651.4522067738442
8,278.5,610.8970782176142
8,278.6,340.9355667383683
8,278.7,647.21695250228
8,278.8,663.8835430648815
8,278.90000000000003,617.1989633206208
8,279.0,466.17114457831326
8,279.1,656.1101522703508
8,279.2,661.5232880338273
8,279.3,672.8869973927403
8,279.40000000000003,556.1881994825698
8,279.5,606.1272127138025
8,279.6,603.653353628973
8,279.7,670.0318259145114
8,279.8,646.0116377952664
8,279.90000000000003,660.7166740955648
8,280.0,653.2957395596829
8,280.1,674.3527136386056
8,280.2,672.1773831436021
8,280.3,654.3463940373655
8,280.40000000000003,687.1469499295923
8,280.5,629.85848893341
8,280.6,496.3254128170073
8,280.7,635.9627341416565
8,280.8,599.67764468265
8,280.90000000000003,603.8440354487444
8,281.0,667.5197247136155
8,281.1,661.5396995261236
8,281.2,655.516196508124
8,281.3,649.140558292117
8,281.40000000000003,643.4082682332834
8,281.5,662.1559924238634
8,281.6,661.8514729467981
8,281.7,669.7044292826105
8,281.8,714.3897280469189
8,281.90000000000003,670.6512020999854
8,282.0,642.1165361924163
8,282.1,674.9811840127064
8,282.2,651.5517461885943
8,282.3,658.2223595330562
8,282.40000000000003,661.012762171569
8,282.5,634.3091842742242
8,282.6,672.3091567555265
8,282.7,649.4968281877874
8,282.8,682.1373539639839
8,282.90000000000003,653.9593451247638
8,283.0,455.26934205679623
8,283.1,660.1146475369519
8,283.2,672.0186570581743
8,283.3,662.2337755010426
8,283.40000000000003,655.0661267769464
8,283.5,656.361189428698
8,283.6,650.6282780165915
8,283.7,656.6923362206387
8,283.8,674.7455902147055
8,283.90000000000003,654.4951532691194
8,284.0,691.5741934457639
8,284.1,649.8180646274911
8,284.2,689.148601001178
8,284.3,662.926684404463
8,284.40000000000003,678.314763132876
8,284.5,673.5140822732785
8,284.6,696.5714133828507
8,284.7,687.0567553050792
8,284.8,710.3042687883948
8,284.90000000000003,661.374661746996
8,285.0,651.7900816735441
8,285.1,651.9508440652477
8,285.2,418.90208620742385
8,285.3,673.865017591817
8,285.40000000000003,659.8346003607337
8,285.5,653.6294525479095
8,285.6,678.9221352226449
8,285.7,653.2116908196317
8,285.8,628.7980447540875
8,285.90000000000003,303.5260356964474
8,286.0,677.0722043840485
8,286.1,653.8365194169874
8,286.2,667.8758176614962
8,286.3,535.1389987120289
8,286.40000000000003,638.3454332976765
8,286.5,639.8588731078023
8,286.6,627.5759121157934
8,286.7,670.0461565535542
8,286.8,640.9281268178361
8,286.90000000000003,666.2452201491801
8,287.0,666.8900388001169
8,287.1,655.6972606640466
8,287.2,659.5201327510538
8,287.3,675.2957238479646
8,287.40000000000003,703.7208463862753
8,287.5,602.4583822527386
8,287.6,663.2830629619185
8,287.7,660.9349397928726
8,287.8,686.4146573032854
8,287.90000000000003,667.915750112912
8,288.0,677.9942883468615
8,288.1,663.2033223367827
8,288.2,679.2016249398794
8,288.3,662.6189404560889
8,288.40000000000003,615.9505120161286
8,288.5,686.2303293126
8,288.6,646.4983291092244
8,288.7,634.8055358382878
8,288.8,656.3706200227774
8,288.90000000000003,659.4459523069158
8,289.0,650.7450861680381
8,289.1,660.3021625166211
8,289.2,683.4962160873174
8,289.3,673.5686071830338
8,289.40000000000003,679.7450851156322
8,289.5,672.0222717190125
8,289.6,608.2295844796009
8,289.7,629.3559482831708
8,289.8,323.5990434672026
8,289.90000000000003,623.1570048052582
8,290.0,649.8373014473149
8,290.1,659.6053924097881
8,290.2,683.2716834189407
8,290.3,673.0146866574532
8,290.40000000000003,677.866639514375
8,290.5,658.9332235649547
8,290.6,674.3501416858486
8,290.7,712.2005329361074
8,290.8,661.4391499083924
8,290.90000000000003,653.2500521261425
8,291.0,693.8030889804866
8,291.1,707.2329787777934
8,291.2,680.7387193648091
8,291.3,670.3258616917655
8,291.40000000000003,644.7649723721112
8,291.5,638.6635252889453
8,291.6,662.9452931089744
8,291.7,656.0593920477158
8,291.8,660.789088737121
8,291.90000000000003,659.1987963466395
8,292.0,637.7810660221887
8,292.1,640.7812282107676
8,292.2,662.6262766305084
8,292.3,644.4937553417367
8,292.40000000000003,658.5137222760667
8,292.5,648.6374320638593
8,292.6,642.2427901518894
8,292.7,672.4160045392572
8,292.8,656.552160660334
8,292.90000000000003,660.5358152389464
8,293.0,650.680715970229
8,293.1,654.0564861624312
8,293.2,674.3334152306608
8,293.3,689.4997234451281
8,293.40000000000003,694.9217489012024
8,293.5,686.4037517796392
8,293.6,662.7919151365118
8,293.7,649.3220408982535
8,293.8,652.6657645013526
8,293.90000000000003,665.4083493137223
8,294.0,655.1811483118665
8,294.1,351.8423379059152
8,294.2,596.1651389618016
8,294.3,656.9408839669528
8,294.40000000000003,659.7948343808671
8,294.5,658.0268728698469
8,294.6,684.1062965975957
8,294.7,678.4472909411
8,294.8,654.2162034697628
8,294.90000000000003,661.1016108933931
8,295.0,664.6551212866157
8,295.1,662.202571232063
8,295.2,657.2864174531363
8,295.3,682.7587109762352
8,295.40000000000003,653.505155609247
8,295.5,687.6406581758423
8,295.6,671.871690206739
8,295.7,682.2748556501798
8,295.8,668.9247936886413
8,295.90000000000003,479.5576173704677
8,296.0,614.1712669730147
8,296.1,671.4301107381415
8,296.2,664.0540632292285
8,296.3,662.5807162684745
8,296.40000000000003,666.8773515429035
8,296.5,663.2273640378564
8,296.6,670.49184626012
8,296.7,670.0495855704391
8,296.8,659.3332141372415
8,296.90000000000003,646.5497345153323
8,297.0,673.8907669964768
8,297.1,679.9952054789933
8,297.2,680.3164037062899
8,297.3,661.2450806220427
8,297.40000000000003,666.5228028543286
8,297.5,680.2005736866519
8,297.6,680.2755113695043
8,297.7,688.8886287975971
8,297.8,663.1376380993457
8,297.90000000000003,672.4369813706619
8,298.0,698.4292172160727
8,298.1,673.9215106248465
8,298.2,671.947604726568
8,298.3,674.1678948243
8,298.40000000000003,449.4723689567396
8,298.5,564.1857274731443
8,298.6,444.7711997692578
8,298.7,581.2449576470494
8,298.8,684.6480356776804
8,298.90000000000003,664.7486711938932
8,299.0,677.094591211299
8,299.1,681.2132096306661
8,299.2,675.893624472138
8,299.3,675.9079399812784
8,299.40000000000003,670.4975691978917
8,299.5,676.977852544636
8,299.6,676.1903965274164
8,299.7,683.0568240232094
8,299.8,676.6623883035409
8,299.90000000000003,685.8381506111887
8,300.0,686.6275627329429
8,300.1,691.9816264323308
8,300.2,686.4613559054353
8,300.3,527.4080054647134
8,300.40000000000003,579.3935855990399
8,300.5,683.3806485616001
8,300.6,683.349610767619
8,300.7,688.9171567414829
8,300.8,686.1110618767877
8,300.90000000000003,673.6699222410913
8,301.0,668.3812330546624
8,301.1,675.3087193234963
8,301.2,697.5118541747129
8,301.3,700.2382307614394
8,301.40000000000003,669.7416238441212
8,301.5,656.4585205936876
8,301.6,670.6091523114677
8,301.7,677.330197811078
8,301.8,678.8032996748325
8,301.90000000000003,674.8292184219611
8,302.0,676.183884812689
8,302.1,680.8427883229033
8,302.2,666.0535638430129
8,302.3,674.0799689660388
8,302.40000000000003,674.7975991982545
8,302.5,667.7337389897855
8,302.6,671.8440091228496
8,302.7,677.5077572977326
8,302.8,684.6000670568649
8,302.90000000000003,690.395810978689
8,303.0,695.5716721787103
8,303.1,658.0355629034088
8,303.2,645.2857039678067
8,303.3,675.9907814702703
8,303.40000000000003,672.2986865412153
8,303.5,669.2703776777314
8,303.6,684.4512970471402
8,303.7,694.2646901898003
8,303.8,692.3204896563873
8,303.90000000000003,665.7867548127218
8,304.0,661.4268672518938
8,304.1,685.492863869438
8,304.2,676.9931301721424
8,304.3,679.053026678169
8,304.40000000000003,693.4836529824838
8,304.5,690.1913156426577
8,304.6,686.5842509766169
8,304.7,673.7544189079827
8,304.8,671.0622567104525
8,304.90000000000003,686.0105381013797
8,305.0,692.8571607375555
8,305.1,694.7774564583345
8,305.2,695.9592112752692
8,305.3,680.598182376785
8,305.40000000000003,685.3801124857221
8,305.5,692.8086042212312
8,305.6,685.0927970173904
8,305.7,689.9847214469978
8,305.8,682.9358650047398
8,305.90000000000003,566.0773284537421
8,306.0,539.9859745686606
8,306.1,682.7375536649854
8,306.2,678.7818317682122
8,306.3,670.0381452883669
8,306.40000000000003,683.4504971377098
8,306.5,664.3445746970101
8,306.6,661.2693347600114
8,306.7,695.3665687602411
8,306.8,692.2378279024069
8,306.90000000000003,661.5365400627845
8,307.0,668.0571684537011
8,307.1,685.7983282795176
8,307.20000000000005,683.9617297495578
8,307.3,677.4592908231162
8,307.40000000000003,663.5410913504552
8,307.5,663.7730645244271
8,307.6,677.1677059067501
8,307.70000000000005,681.5769656305342
8,307.8,680.4947098684568
8,307.90000000000003,676.5057901320037
8,308.0,679.0972521028222
8,308.1,672.7260195815494
8,308.20000000000005,690.0015260460021
8,308.3,699.4551097315609
8,308.40000000000003,683.8240353983729
8,308.5,667.1215509034523
8,308.6,673.8202914146633
8,308.70000000000005,687.9329693526898
8,308.8,689.4285659704282
8,308.90000000000003,680.505126061029
8,309.0,694.6588420257099
8,309.1,690.5860611060381
8,309.20000000000005,677.8251690655153
8,309.3,673.5236876635422
8,309.40000000000003,702.9005073867913
8,309.5,693.9902250999859
8,309.6,691.389364393393
8,309.70000000000005,673.3190551043981
8,309.8,684.7098502617085
8,309.90000000000003,688.6345145495083
8,310.0,667.7526991506343
8,310.1,632.6724802542799
8,310.20000000000005,674.2638031296917
8,310.3,677.6170401850684
8,310.40000000000003,676.927098592201
8,310.5,666.6702598493912
8,310.6,670.2397022731682
8,310.70000000000005,661.9761343536596
8,310.8,667.6959441360908
8,310.90000000000003,673.4936274316867
8,311.0,690.0283783654362
8,311.1,677.1471795381287
8,311.20000000000005,683.5538804847777
8,311.3,700.2926586975145
8,311.40000000000003,685.1045725557552
8,311.5,681.3375407249466
8,311.6,673.4362566501812
8,311.70000000000005,676.8814999535449
8,311.8,683.5182687224575
8,311.90000000000003,687.8608562978545
8,312.0,679.5832641320267
8,312.1,662.5029268229006
8,312.20000000000005,664.2905065882006
8,312.3,654.7377032072709
8,312.40000000000003,652.0956677898316
8,312.5,602.5870509271481
8,312.6,679.8281495889693
8,312.70000000000005,685.5481209036162
8,312.8,692.1020723471771
8,312.90000000000003,690.6039687122521
8,313.0,679.4049736214961
8,313.1,610.7929285973045
8,313.20000000000005,425.18546393185846
8,313.3,668.7849353597148
8,313.40000000000003,667.7299392758601
8,313.5,665.7409678364663
8,313.6,678.6992864446956
8,313.70000000000005,695.5371729107977
8,313.8,692.3487131335683
8,313.90000000000003,700.0367079174749
8,314.0,676.4730070478745
8,314.1,687.0610435465392
8,314.20000000000005,675.5041219105509
8,314.3,687.5522672562803
8,314.40000000000003,669.2439211223225
8,314.5,684.0246728741524
8,314.6,695.1471542661893
8,314.70000000000005,671.9256060365584
8,314.8,675.9029306930186
8,314.90000000000003,683.904421657167
8,315.0,680.0801888466414
8,315.1,669.675746979872
8,315.20000000000005,679.1672673199027
8,315.3,647.2784414012237
8,315.40000000000003,552.2321832119193
8,315.5,679.934229158378
8,315.6,677.6933898781726
8,315.70000000000005,686.1212311504697
8,315.8,671.540999883986
8,315.90000000000003,693.8191281954772
8,316.0,652.4578350760331
8,316.1,531.0920494070739
8,316.20000000000005,694.7409480259488
8,316.3,676.5030634162755
8,316.40000000000003,697.1257638715175
8,316.5,663.77884549119
8,316.6,685.4943127552029
8,316.70000000000005,675.5848913825663
8,316.8,676.0738414444343
8,316.90000000000003,659.9716715805243
8,317.0,638.5515327709311
8,317.1,661.3833521899886
8,317.20000000000005,657.5810665122943
8,317.3,674.6090763274818
8,317.40000000000003,655.4135762050167
8,317.5,336.8088324216665
8,317.6,671.6184038720044
8,317.70000000000005,673.5515622934835
8,317.8,654.2670883382966
8,317.90000000000003,655.3394577513222
8,318.0,668.5434785907769
8,318.1,658.5542100100134
8,318.20000000000005,688.8336057598705
8,318.3,666.7646112071001
8,318.40000000000003,685.2831285714262
8,318.5,678.7491695087263
8,318.6,676.7970845611741
8,318.70000000000005,674.6652923000651
8,318.8,668.0078590643478
8,318.90000000000003,709.5314926265501
8,319.0,658.7052769002233
8,319.1,650.0832781191285
8,319.20000000000005,673.4056130017871
8,319.3,654.9379035166415
8,319.40000000000003,400.04033140914083
8,319.5,664.918466070729
8,319.6,669.5787425118466
8,319.70000000000005,686.1293784801171
8,319.8,539.3352841035296
8,319.90000000000003,681.8460346735257
8,320.0,673.5533943263357
8,320.1,685.4685107025407
8,320.20000000000005,684.865562866632
8,320.3,819.8645745608961
8,320.40000000000003,675.0971598175603
8,320.5,674.0085901419629
8,320.6,675.4141433809758
8,320.70000000000005,685.020526663232
8,320.8,667.930794302427
8,320.90000000000003,683.149602683687
8,321.0,682.3415141743614
8,321.1,695.2738964472333
8,321.20000000000005,675.9199275928493
8,321.3,661.3881817923692
8,321.40000000000003,668.7437802019242
8,321.5,346.62283472911264
8,321.6,645.7090441963448
8,321.70000000000005,682.9058441555594
8,321.8,664.3949524571627
8,321.90000000000003,673.5484026786651
8,322.0,687.3714430665593
8,322.1,601.2402396505304
8,322.20000000000005,691.1103942452927
8,322.3,661.1524140042773
8,322.40000000000003,682.304980334112
8,322.5,676.1327868951556
8,322.6,656.2493142342526
8,322.70000000000005,668.1189591714206
8,322.8,666.1205549765488
8,322.90000000000003,680.6171183186948
8,323.0,673.587371996236
8,323.1,697.0444582373281
8,323.20000000000005,676.5207880293777
8,323.3,666.5121074940612
8,323.40000000000003,667.2873769412377
8,323.5,650.2679897752314
8,323.6,641.2493953196298
8,323.70000000000005,670.7692801541934
8,323.8,678.9600637703813
8,323.90000000000003,647.3343855458248
8,324.0,570.5369776628413
8,324.1,667.5970316636876
8,324.20000000000005,667.6049277504746
8,324.3,657.3646408808501
8,324.40000000000003,659.448271061772
8,324.5,651.6592668474769
8,324.6,664.0222769353227
8,324.70000000000005,667.5746758514058
8,324.8,668.5778257621365
8,324.90000000000003,662.7207884793028
8,325.0,654.7840056491798
8,325.1,669.7581725138405
8,325.20000000000005,669.8144709747646
8,325.3,662.6208874540795
8,325.40000000000003,651.2732316773752
8,325.5,663.9181476833356
8,325.6,684.8706641823303
8,325.70000000000005,662.1272277782625
8,325.8,675.2323062811822
8,325.90000000000003,668.2369778311049
8,326.0,658.2371964446477
8,326.1,683.3293710973246
8,326.20000000000005,671.9685737485773
8,326.3,667.1349193502772
8,326.40000000000003,674.5170376065349
8,326.5,675.4295834095674
8,326.6,437.58606146636436
8,326.70000000000005,575.8086289493953
8,326.8,659.2099307883791
8,326.90000000000003,685.2645729919502
8,327.0,673.6611047426309
8,327.1,678.2231355746715
8,327.20000000000005,676.8632811757901
8,327.3,671.9539661562246
8,327.40000000000003,673.7613698999439
8,327.5,678.4442035876363
8,327.6,692.8500277447297
8,327.70000000000005,673.5435905856007
8,327.8,658.8703949891416
8,327.90000000000003,665.2335577620324
8,328.0,632.5019251561976
8,328.1,644.5986368792398
8,328.20000000000005,468.57676634373706
8,328.3,559.7149724312065
8,328.40000000000003,669.6472879391105
8,328.5,676.2431878594265
8,328.6,647.1351394051339
8,328.70000000000005,664.7969714427495
8,328.8,651.0203509445238
8,328.90000000000003,651.8983505677278
8,329.0,658.2631389411692
8,329.1,669.4584923353326
8,329.20000000000005,666.2021543304653
8,329.3,658.277081371542
8,329.40000000000003,623.1152217840145
8,329.5,650.7813836621987
8,329.6,669.0382235687068
8,329.70000000000005,662.5074972479229
8,329.8,658.7475569507343
8,329.90000000000003,646.3898895441253
8,330.0,662.6112124024729
8,330.1,660.7234969554271
8,330.20000000000005,674.3149807150938
8,330.3,686.5797373729058
8,330.40000000000003,677.0298439903032
8,330.5,676.4785437875239
8,330.6,566.6664977354549
8,330.70000000000005,563.0514179791902
8,330.8,635.1158717452983
8,330.90000000000003,648.8166170436909
8,331.0,642.6364692961558
8,331.1,665.6822652438696
8,331.20000000000005,685.9679247905365
8,331.3,663.6532736906262
8,331.40000000000003,656.4992911260372
8,331.5,683.196447275638
8,331.6,655.8891710684585
8,331.70000000000005,658.7029803532353
8,331.8,685.5797534706852
8,331.90000000000003,678.647586079362
8,332.0,513.5988300868809
8,332.1,540.2603435701213
8,332.20000000000005,610.9040708563589
8,332.3,624.9576127172114
8,332.40000000000003,623.5875961903962
8,332.5,634.4408100044789
8,332.6,676.1097296467477
8,332.70000000000005,641.4801458289419
8,332.8,641.1991458492012
8,332.90000000000003,679.9938269232026
8,333.0,653.8967044362656
8,333.1,665.680331261678
8,333.20000000000005,641.788214283472
8,333.3,626.7601096613507
8,333.40000000000003,677.6393889525785
8,333.5,670.375672099356
8,333.6,656.8942940071248
8,333.70000000000005,662.3939009829512
8,333.8,682.4841306190242
8,333.90000000000003,703.6110593572917
8,334.0,693.7997131704483
8,334.1,679.6821738497323
8,334.20000000000005,665.7191499277902
8,334.3,653.540583300492
8,334.40000000000003,671.3169373885103
8,334.5,683.076672716953
8,334.6,670.2109142921739
8,334.70000000000005,641.9459061620928
8,334.8,654.0672528040321
8,334.90000000000003,688.8564109400818
8,335.0,680.4148704392778
8,335.1,672.5678825003787
8,335.20000000000005,687.0744880323325
8,335.3,687.4827631203764
8,335.40000000000003,683.2465362840411
8,335.5,685.66133422193
8,335.6,686.1811160796371
8,335.70000000000005,695.8696238600596
8,335.8,692.7146580163889
8,335.90000000000003,683.7761247389766
8,336.0,521.814425279689
8,336.1,438.18632245489357
8,336.20000000000005,655.6597881111808
8,336.3,668.7125577174249
8,336.40000000000003,693.2061537907438
8,336.5,698.1485930781466
8,336.6,685.5773369704552
8,336.70000000000005,681.3626517723645
8,336.8,664.0219382858171
8,336.90000000000003,652.6576026520984
8,337.0,658.3610831326134
8,337.1,685.7283712769728
8,337.20000000000005,665.6837201710566
8,337.3,650.3661766160443
8,337.40000000000003,667.9731988411088
8,337.5,678.4529140371652
8,337.6,655.7325905543719
8,337.70000000000005,660.0374687281682
8,337.8,690.8818362294378
8,337.90000000000003,690.8444959221281
8,338.0,689.5692982120097
8,338.1,663.0592089313401
8,338.20000000000005,668.3540529505746
8,338.3,662.3536037922615
8,338.40000000000003,673.7514847740404
8,338.5,686.8079292915004
8,338.6,679.3693562936555
8,338.70000000000005,668.23509319645
8,338.8,669.9897273784281
8,338.90000000000003,661.7990217935065
8,339.0,643.816448344961
8,339.1,645.1923741974997
8,339.20000000000005,668.0336974224092
8,339.3,665.3235097581763
8,339.40000000000003,610.9765794375111
8,339.5,660.2524286867721
8,339.6,677.91015894901
8,339.70000000000005,677.0481563467275
8,339.8,652.0452665756729
8,339.90000000000003,655.7376508550519
8,340.0,556.3728070588069
8,340.1,431.95357908788964
8,340.20000000000005,644.2283338276562
8,340.3,655.7727394976494
8,340.40000000000003,658.9831560508334
8,340.5,655.4106059831361
8,340.6,640.0108768996018
8,340.70000000000005,599.8560953695664
8,340.8,645.8437032545213
8,340.90000000000003,665.2308183685559
8,341.0,574.6097623502895
8,341.1,440.5204050202149
8,341.20000000000005,631.3128505804805
8,341.3,635.9799161990134
8,341.40000000000003,655.3044303627322
8,341.5,677.3480309100526
8,341.6,666.3831879458814
8,341.70000000000005,657.1858957564624
8,341.8,641.2265155470611
8,341.90000000000003,634.1444484261789
8,342.0,641.3778733613136
8,342.1,629.5671706180678
8,342.20000000000005,634.350656086578
8,342.3,572.2615205784357
8,342.40000000000003,426.4706413055638
8,342.5,634.2035093930102
8,342.6,639.0031295459407
8,342.70000000000005,640.4430686661008
8,342.8,660.7404759071092
8,342.90000000000003,665.8973387560017
8,343.0,618.698598978386
8,343.1,523.2947402517294
8,343.20000000000005,556.3572236203369
8,343.3,429.1544659994682
8,343.40000000000003,637.4012492889021
8,343.5,649.7237279484639
8,343.6,661.7503757068483
8,343.70000000000005,654.0447928381635
8,343.8,650.2892729622903
8,343.90000000000003,651.2665107456551
8,344.0,596.2897753495421
8,344.1,497.9786631137991
8,344.20000000000005,659.3888970646016
8,344.3,663.9011884203671
8,344.40000000000003,657.3416179173304
8,344.5,652.3061224045382
8,344.6,646.3243066454143
8,344.70000000000005,645.5185890534202
8,344.8,639.3723149811202
8,344.90000000000003,660.1488060647946
8,345.0,660.9227995348992
8,345.1,656.2145953714135
8,345.20000000000005,657.3998472988259
8,345.3,617.3963076547157
8,345.40000000000003,501.7798067009134
8,345.5,655.4938557524844
8,345.6,660.5948371080212
8,345.70000000000005,667.7261189620108
8,345.8,652.9311393509525
8,345.90000000000003,652.08606379171
8,346.0,658.7897135429015
8,346.1,657.6290450461852
8,346.20000000000005,664.3703286672043
8,346.3,656.0232004912584
8,346.40000000000003,667.0172742003136
8,346.5,654.8564666234639
8,346.6,663.5812161947309
8,346.70000000000005,648.1513479769279
8,346.8,646.5520965291786
8,346.90000000000003,639.0269598913434
8,347.0,630.4503850264705
8,347.1,647.8259955949533
8,347.20000000000005,653.3886551501869
8,347.3,657.7933282916094
8,347.40000000000003,650.5926244655395
8,347.5,644.7238766252797
8,347.6,653.8972750643809
8,347.70000000000005,641.0319237987974
8,347.8,652.8857015979291
8,347.90000000000003,655.7434033602955
8,348.0,638.0009604810506
8,348.1,647.696717011342
8,348.20000000000005,653.3960515572825
8,348.3,662.5843465593273
8,348.40000000000003,661.8318977731633
8,348.5,665.6999205258255
8,348.6,658.811346756878
8,348.70000000000005,650.799142521144
8,348.8,631.1635655253926
8,348.90000000000003,645.0305443746367
8,349.0,655.7103259153729
8,349.1,653.1369456828185
8,349.20000000000005,653.3207935371813
8,349.3,652.6423203174176
8,349.40000000000003,675.0473091460905
8,349.5,657.2643637868905
8,349.6,617.6590311472094
8,349.70000000000005,648.8447999056508
8,349.8,650.3047911261907
8,349.90000000000003,665.3183262233052
8,350.0,670.8157232924485
8,350.1,655.0463723853478
8,350.20000000000005,614.2635683865627
8,350.3,412.374385784462
8,350.40000000000003,667.6108710539465
8,350.5,662.0699394228203
8,350.6,655.1146661888814
8,350.70000000000005,657.3764294831769
8,350.8,661.4744040671036
8,350.90000000000003,660.1040742617779
8,351.0,653.9373688453704
8,351.1,657.2585932889463
8,351.20000000000005,657.7432006370517
8,351.3,639.651738481774
8,351.40000000000003,668.8113470819023
8,351.5,662.9931032153536
8,351.6,652.7531021465797
8,351.70000000000005,518.3006894178701
8,351.8,672.4122238545206
8,351.90000000000003,627.3549852933654
8,352.0,389.64075125376127
8,352.1,649.8249737149024
8,352.20000000000005,607.9473708467222
8,352.3,393.74431190442095
8,352.40000000000003,662.6725859739086
8,352.5,682.5121248838418
8,352.6,648.4118984509904
8,352.70000000000005,656.5801319784177
8,352.8,657.9630812305671
8,352.90000000000003,638.7532723113031
8,353.0,669.7929771793277
8,353.1,664.2517389639952
8,353.20000000000005,652.6998426776507
8,353.3,673.4351684243868
8,353.40000000000003,663.7789046525855
8,353.5,674.2089058715352
8,353.6,636.3406371422541
8,353.70000000000005,387.5016386375341
8,353.8,669.9362893716077
8,353.90000000000003,678.4091771408389
8,354.0,668.1027030140746
8,354.1,665.8357531144006
8,354.20000000000005,661.9703688272873
8,354.3,392.0646026063122
8,354.40000000000003,645.9449601057738
8,354.5,636.8186542275164
8,354.6,657.1071729904805
8,354.70000000000005,687.8302098192862
8,354.8,650.8489513472332
8,354.90000000000003,673.8590387636314
8,355.0,685.3590899526364
8,355.1,679.5262350376834
8,355.20000000000005,625.6356545138066
8,355.3,655.8840852462582
8,355.40000000000003,698.7456375058248
8,355.5,663.3371094462882
8,355.6,653.3540681760744
8,355.70000000000005,674.225718744908
8,355.8,672.3395613680617
8,355.90000000000003,639.8317708962012
8,356.0,655.0621058986662
8,356.1,668.6629352179756
8,356.20000000000005,649.7930700648719
8,356.3,673.282471726464
8,356.40000000000003,641.3203426612267
8,356.5,664.5548219528581
8,356.6,672.1379066764528
8,356.70000000000005,685.3262445279951
8,356.8,658.0063394175003
8,356.90000000000003,629.4160551342677
8,357.0,659.0581411391665
8,357.1,653.6942772812051
8,357.20000000000005,698.0207197429128
8,357.3,674.0446851560482
8,357.40000000000003,705.4622813357055
8,357.5,659.3073502143859
8,357.6,690.084277502997
8,357.70000000000005,687.6584041226104
8,357.8,662.2064470226167
8,357.90000000000003,666.5761576568484
8,358.0,676.9816698346173
8,358.1,643.7980732186547
8,358.20000000000005,655.9144985103071
8,358.3,640.0840025130001
8,358.40000000000003,684.9807596915387
8,358.5,655.8468052070577
8,358.6,643.0345720127192
8,358.70000000000005,650.3255469423286
8,358.8,650.890743230565
8,358.90000000000003,666.4397649149781
8,359.0,656.3967153819581
8,359.1,651.8367376244573
8,359.20000000000005,665.7893228451427
8,359.3,621.2508918787754
8,359.40000000000003,679.8957409838013
8,359.5,663.2851054142594
8,359.6,665.8540121731352
8,359.70000000000005,606.5507781161484
8,359.8,649.5851146377084
8,359.90000000000003,646.1986219349585
8,360.0,322.91056665102286
8,360.1,635.0999535175289
8,360.20000000000005,677.1651360288607
8,360.3,702.5854809878043
8,360.40000000000003,666.9902160129271
8,360.5,656.8391571062695
8,360.6,669.6330653338575
8,360.70000000000005,662.4367011542951
8,360.8,674.1000527110594
8,360.90000000000003,651.6263716906936
8,361.0,676.2672040203793
8,361.1,684.8713763135213
8,361.20000000000005,670.1214306173607
8,361.3,688.9442599722694
8,361.40000000000003,684.9733810220969
8,361.5,380.0206878841591
8,361.6,552.3730555189984
8,361.70000000000005,659.8992969546356
8,361.8,671.3706238451138
8,361.90000000000003,648.0368501748459
8,362.0,676.9497871171549
8,362.1,680.4473783121864
8,362.20000000000005,666.5097434650572
8,362.3,688.3461998773632
8,362.40000000000003,673.8468595963176
8,362.5,651.8219337134253
8,362.6,671.066293835262
8,362.70000000000005,687.2274927290724
8,362.8,690.6650146263829
8,362.90000000000003,681.9587474816508
8,363.0,673.5564288144518
8,363.1,670.0203562201566
8,363.20000000000005,687.834955326513
8,363.3,693.1881023773786
8,363.40000000000003,935.0869688526595
8,363.5,731.0691496380972
8,363.6,672.3435533850188
8,363.70000000000005,658.7241117729809
8,363.8,677.7700668297954
8,363.90000000000003,682.7709320224722
8,364.0,566.7514319514507
8,364.1,637.012674136429
8,364.20000000000005,672.6364992090965
8,364.3,660.5117047676663
8,364.40000000000003,661.2486295629526
8,364.5,678.9571671900688
8,364.6,672.0659952622143
8,364.70000000000005,677.6725250909033
8,364.8,671.462144246766
8,364.90000000000003,677.6265100856266
8,365.0,676.3269114423498
8,365.1,676.0424757515834
8,365.20000000000005,686.4046265207961
8,365.3,678.6525916968853
8,365.40000000000003,708.8623553533745
8,365.5,688.9462539359573
8,365.6,684.3358257717769
8,365.70000000000005,659.7520492153914
8,365.8,672.2796195567357
8,365.90000000000003,687.0138867515108
8,366.0,663.389172714234
8,366.1,679.76459356644
8,366.20000000000005,675.4261511906377
8,366.3,670.7728065095888
8,366.40000000000003,667.0049666880292
8,366.5,678.9717903266541
8,366.6,666.2968125173277
8,366.70000000000005,679.150171555472
8,366.8,678.2125756107781
8,366.90000000000003,691.1841971662459
8,367.0,718.0330002430081
8,367.1,683.4999098924021
8,367.20000000000005,672.3580588396734
8,367.3,687.4334201986919
8,367.40000000000003,686.2404281421882
8,367.5,670.664429379056
8,367.6,676.3230758201797
8,367.70000000000005,688.3430613764584
8,367.8,682.4637826065192
8,367.90000000000003,683.8325169163194
8,368.0,687.9985871783877
8,368.1,684.1655687693856
8,368.20000000000005,680.7734905942823
8,368.3,684.8469102722257
8,368.40000000000003,677.8636954285339
8,368.5,656.850745820131
8,368.6,685.348599683631
8,368.70000000000005,695.8719297070139
8,368.8,678.0505798609513
8,368.90000000000003,677.0132860712347
8,369.0,669.9250257000165
8,369.1,689.7555407092993
8,369.20000000000005,673.9708123291882
8,369.3,673.7768383431908
8,369.40000000000003,684.9961253420472
8,369.5,669.756475816397
8,369.6,666.2615014353377
8,369.70000000000005,683.3714495438121
8,369.8,675.6556892323503
8,369.90000000000003,665.4428707690965
8,370.0,669.7551806996375
8,370.1,676.5032694210992
8,370.20000000000005,488.54270140785343
8,370.3,595.7291513208469
8,370.40000000000003,577.1453168795025
8,370.5,656.7173625940924
8,370.6,664.5149181172816
8,370.70000000000005,685.9755573226206
8,370.8,675.1133098663448
8,370.90000000000003,672.2218400615667
8,371.0,675.9980384324936
8,371.1,672.4377739778428
8,371.20000000000005,652.1183076705981
8,371.3,667.2283906297974
8,371.40000000000003,658.150741649528
8,371.5,662.8760216760458
8,371.6,669.1776667216211
8,371.70000000000005,675.6322596315385
8,371.8,689.8160434167755
8,371.90000000000003,683.2262906297595
8,372.0,656.8134913913249
8,372.1,666.5960206417643
8,372.20000000000005,679.0575574340883
8,372.3,681.8213716289077
8,372.40000000000003,666.4521048270823
8,372.5,678.9996119985503
8,372.6,684.6632689389957
8,372.70000000000005,685.0756380601197
8,372.8,666.7081377327846
8,372.90000000000003,584.0090139917949
8,373.0,601.3721462608853
8,373.1,669.5020158778176
8,373.20000000000005,682.2684246433835
8,373.3,673.3819263345738
8,373.40000000000003,672.6554299730061
8,373.5,595.3577670943735
8,373.6,821.1897941974447
8,373.70000000000005,780.8308279119402
8,373.8,673.3274283815116
8,373.90000000000003,666.8904898744498
8,374.0,677.1870249499666
8,374.1,686.5744404570094
8,374.20000000000005,694.5366073477596
8,374.3,694.0179092069204
8,374.40000000000003,680.0131627753125
8,374.5,683.5714299461316
8,374.6,685.3836306338577
8,374.70000000000005,688.7035411298351
8,374.8,689.7845673830375
8,374.90000000000003,683.6393518048382
8,375.0,683.0099889745471
8,375.1,685.9034403219126
8,375.20000000000005,675.2407818852307
8,375.3,672.7900094993038
8,375.40000000000003,681.3047563361962
8,375.5,683.9931095588865
8,375.6,678.3801168294123
8,375.70000000000005,676.836189982896
8,375.8,683.9483505852262
8,375.90000000000003,694.7612012183831
8,376.0,693.318262000705
8,376.1,691.4404471101672
8,376.20000000000005,672.6778385140083
8,376.3,675.5153880630661
8,376.40000000000003,673.0351883588248
8,376.5,671.0867137798957
8,376.6,666.0385048433062
8,376.70000000000005,666.130963934578
8,376.8,682.548845132807
8,376.90000000000003,678.3833902134019
8,377.0,656.4593202070794
8,377.1,668.5125377063791
8,377.20000000000005,684.3342562095775
8,377.3,674.3155545565195
8,377.40000000000003,678.1979285676575
8,377.5,669.8304130114225
8,377.6,668.3168365301901
8,377.70000000000005,665.0848094786649
8,377.8,661.0578834832999
8,377.90000000000003,688.5209655915353
8,378.0,704.5299120876504
8,378.1,696.7379252690683
8,378.20000000000005,684.6482196859489
8,378.3,661.0007740338272
8,378.40000000000003,661.3603524863196
8,378.5,679.498803706882
8,378.6,685.1842367345
8,378.70000000000005,678.2099376226504
8,378.8,671.1850270452867
8,378.90000000000003,675.014068919407
8,379.0,680.9368537090857
8,379.1,693.2142069474828
8,379.20000000000005,684.9625881661947
8,379.3,667.1757115349519
8,379.40000000000003,671.6878159012697
8,379.5,680.2672952457185
8,379.6,681.1379548804929
8,379.70000000000005,685.6712040861203
8,379.8,678.983977138321
8,379.90000000000003,673.270424057404
8,380.0,678.1304212792713
8,380.1,670.946017326265
8,380.20000000000005,656.0053801809763
8,380.3,660.4524982346348
8,380.40000000000003,682.2426441631114
8,380.5,690.7000469192656
8,380.6,682.5052752555854
8,380.70000000000005,656.1110305669771
8,380.8,650.8703409006002
8,380.90000000000003,666.617845177323
8,381.0,666.9461759307117
8,381.1,666.0653981869389
8,381.20000000000005,674.695576324232
8,381.3,682.1660735413441
8,381.40000000000003,677.6636228629084
8,381.5,678.8858863524505
8,381.6,680.121654914188
8,381.70000000000005,675.1943707052269
8,381.8,681.5907431110743
8,381.90000000000003,670.6785589868473
8,382.0,679.3629994758298
8,382.1,674.4964696490723
8,382.20000000000005,543.4616563488893
8,382.3,488.84191998633725
8,382.40000000000003,653.3006162736536
8,382.5,663.6965147742899
8,382.6,661.0628280499345
8,382.70000000000005,653.2532080707347
8,382.8,651.8599361500017
8,382.90000000000003,659.9925512421607
8,383.0,654.4506187617761
8,383.1,655.824545458794
8,383.20000000000005,523.4473632619901
8,383.3,442.5474280782158
8,383.40000000000003,669.5339901684148
8,383.5,683.5378396915836
8,383.6,692.6234363135126
8,383.70000000000005,690.0799435647299
8,383.8,675.3745153779801
8,383.90000000000003,665.8001506160607
8,384.0,675.8484567601412
8,384.1,682.9593337392629
8,384.20000000000005,665.6268140959891
8,384.3,666.9879809525872
8,384.40000000000003,674.4742517347238
8,384.5,667.9809757966153
8,384.6,673.0337357663432
8,384.70000000000005,679.4860805360972
8,384.8,669.4378092335394
8,384.90000000000003,662.4229664837541
8,385.0,665.4684725428397
8,385.1,667.6578734313465
8,385.20000000000005,544.1052624208755
8,385.3,331.1037258736919
8,385.40000000000003,481.4733624968137
8,385.5,700.9758076633537
8,385.6,688.3778568164103
8,385.70000000000005,679.9661969392396
8,385.8,678.1342158425458
8,385.90000000000003,676.9017714004631
8,386.0,677.9243424790671
8,386.1,672.1099506845577
8,386.20000000000005,671.4449421366148
8,386.3,680.3944471129594
8,386.40000000000003,677.8925613689992
8,386.5,676.2882526953794
8,386.6,681.6835556407906
8,386.70000000000005,679.1059562642334
8,386.8,689.7453372622782
8,386.90000000000003,693.3364441535394
8,387.0,674.8792935410955
8,387.1,673.116665520034
8,387.20000000000005,650.6146085209419
8,387.3,632.6642964988403
8,387.40000000000003,684.1921558352649
8,387.5,673.3167610212575
8,387.6,669.4045224657549
8,387.70000000000005,627.930632031631
8,387.8,450.40941917589845
8,387.90000000000003,427.69541412622146
8,388.0,679.1953456560472
8,388.1,677.431136145694
8,388.20000000000005,680.7199238975102
8,388.3,679.3819757057855
8,388.40000000000003,667.8158747554688
8,388.5,677.2202678938943
8,388.6,670.6714990218155
8,388.70000000000005,598.9988318733158
8,388.8,481.6126376719922
8,388.90000000000003,641.4165549337102
8,389.0,671.1992512809169
8,389.1,674.602101378653
8,389.20000000000005,662.8667349949296
8,389.3,674.0569421523559
8,389.40000000000003,665.8883244733288
8,389.5,670.4482019733065
8,389.6,666.3791245166193
8,389.70000000000005,680.6467864187837
8,389.8,688.1211925938081
8,389.90000000000003,678.1589829536367
8,390.0,680.8241792688127
8,390.1,666.6606141209285
8,390.20000000000005,672.9285487709476
8,390.3,674.0006509965746
8,390.40000000000003,687.9541011237046
8,390.5,679.2767608625868
8,390.6,678.124906070614
8,390.70000000000005,689.284901347878
8,390.8,683.1005683481611
8,390.90000000000003,678.2784054521443
8,391.0,682.0623969152134
8,391.1,703.0777206210319
8,391.20000000000005,683.9274342436512
8,391.3,679.4423275211036
8,391.40000000000003,684.3357153673946
8,391.5,683.9219044725942
8,391.6,678.9366571256231
8,391.70000000000005,677.0664555797593
8,391.8,688.6003528368649
8,391.90000000000003,697.0936196519616
8,392.0,688.154734561167
8,392.1,684.3266564575637
8,392.20000000000005,628.5351112889009
8,392.3,399.3581063817779
8,392.40000000000003,657.9785441192572
8,392.5,663.4023241021976
8,392.6,666.7391759182998
8,392.70000000000005,671.998355366694
8,392.8,668.1801268548658
8,392.90000000000003,657.1585673246975
8,393.0,670.7842580076508
8,393.1,675.5646616603447
8,393.20000000000005,643.1601969486319
8,393.3,657.2373602281027
8,393.40000000000003,670.8077413027606
8,393.5,672.7181286160766
8,393.6,650.4260951576314
8,393.70000000000005,668.9356129150702
8,393.8,664.0383337168327
8,393.90000000000003,657.3766161658442
8,394.0,617.8919595591914
8,394.1,381.7171208639479
8,394.20000000000005,669.1866408408146
8,394.3,667.6130609681181
8,394.40000000000003,652.0223622444524
8,394.5,676.6249536611856
8,394.6,684.7869092250456
8,394.70000000000005,649.6527625420122
8,394.8,658.4947327069453
8,394.90000000000003,662.87353797783
8,395.0,679.5053283556483
8,395.1,660.2023778684123
8,395.20000000000005,664.6597575280092
8,395.3,664.1054926552499
8,395.40000000000003,672.8261400693333
8,395.5,674.4155179112976
8,395.6,690.7047521241232
8,395.70000000000005,675.7733792820641
8,395.8,654.345502960633
8,395.90000000000003,661.0757555681332
8,396.0,641.6187104023137
8,396.1,456.34755266130446
8,396.20000000000005,676.9025882574509
8,396.3,621.1189453297447
8,396.40000000000003,646.3385246852339
8,396.5,635.6369095488841
8,396.6,625.5046284752951
8,396.70000000000005,657.7505108789862
8,396.8,680.8594388964042
8,396.90000000000003,661.8379655676796
8,397.0,670.192420648456
8,397.1,669.4037559274545
8,397.20000000000005,664.4667219637856
8,397.3,650.429500082668
8,397.40000000000003,657.0211066933153
8,397.5,661.7386350869419
8,397.6,668.7583275689253
8,397.70000000000005,658.2175657116125
8,397.8,444.33875747667776
8,397.90000000000003,674.3374818285963
8,398.0,679.6370508826732
8,398.1,651.008546790723
8,398.20000000000005,657.7760844661025
8,398.3,672.4591163856688
8,398.40000000000003,687.2109124460408
8,398.5,660.5173100372874
8,398.6,650.9998248375302
8,398.70000000000005,660.756195779192
8,398.8,669.4330975129056
8,398.90000000000003,672.1877118004628
8,399.0,689.7770865000465
8,399.1,656.2895383489587
8,399.20000000000005,679.6576840038796
8,399.3,652.9088074333081
8,399.40000000000003,652.9281333514335
8,399.5,663.9675310525802
8,399.6,648.0691310832174
8,399.70000000000005,672.1399509228129
8,399.8,679.9691442218499
8,399.90000000000003,666.014296247202
8,400.0,668.1692132574092
8,400.1,674.0043328621905
8,400.20000000000005,672.3108770366197
8,400.3,672.8781487858553
8,400.40000000000003,679.9155443187799
8,400.5,668.0468796921193
8,400.6,655.4224500950365
8,400.70000000000005,660.0071280775952
8,400.8,667.9247297874833
8,400.90000000000003,472.02094666608855
8,401.0,649.079300736188
8,401.1,676.518351933412
8,401.20000000000005,688.7734129433595
8,401.3,672.0481104426815
8,401.40000000000003,666.5095771081112
8,401.5,666.8249891380987
8,401.6,672.4970464964965
8,401.70000000000005,679.483356755538
8,401.8,711.2944138572295
8,401.90000000000003,675.9599579930481
8,402.0,703.159084829745
8,402.1,673.4257233810422
8,402.20000000000005,648.2190300047254
8,402.3,698.7233503245996
8,402.40000000000003,686.0492208210336
8,402.5,689.4189047463627
8,402.6,670.2159878916359
8,402.70000000000005,671.6823343114715
8,402.8,665.7703929126253
8,402.90000000000003,680.0966890709649
8,403.0,672.2947530248636
8,403.1,657.472242916456
8,403.20000000000005,676.4870916843819
8,403.3,671.5301133684119
8,403.40000000000003,669.6471092267006
8,403.5,681.0189712175716
8,403.6,688.0042285243311
8,403.70000000000005,666.1486781431324
8,403.8,670.1618084361381
8,403.90000000000003,682.8963452626718
8,404.0,671.3129585250933
8,404.1,667.7798532730535
8,404.20000000000005,672.0741552854704
8,404.3,667.2690256159502
8,404.40000000000003,653.9091497437803
8,404.5,663.8455366822396
8,404.6,675.1554127486039
8,404.70000000000005,665.2053021686316
8,404.8,662.3371679078562
8,404.90000000000003,662.799271664221
8,405.0,686.6885050918725
8,405.1,674.4230812399958
8,405.20000000000005,666.5015215189849
8,405.3,656.2396709678635
8,405.40000000000003,670.6794439911374
8,405.5,654.5170037401613
8,405.6,667.748466125437
8,405.70000000000005,674.8375900902911
8,405.8,668.4676871546882
8,405.90000000000003,652.2132242596414
8,406.0,671.175358978024
8,406.1,666.4574614747628
8,406.20000000000005,663.6971823143992
8,406.3,659.2486969729446
8,406.40000000000003,658.8025893695717
8,406.5,464.302206480202
8,406.6,617.7877968623711
8,406.70000000000005,671.8330006122662
8,406.8,675.697386255097
8,406.90000000000003,669.7753103587567
8,407.0,673.5980555452575
8,407.1,656.7424690755614
8,407.20000000000005,646.9153702850482
8,407.3,658.3384017913993
8,407.40000000000003,652.5305399516831
8,407.5,673.7046069673042
8,407.6,665.1605039325879
8,407.70000000000005,694.5409873151663
8,407.8,690.1933677444688
8,407.90000000000003,676.8974796868706
8,408.0,672.1977718525116
8,408.1,691.827259641891
8,408.20000000000005,691.4675752241726
8,408.3,675.5816544883024
8,408.40000000000003,680.2208840549758
8,408.5,436.7078257316347
8,408.6,591.7530885454272
8,408.70000000000005,663.97766692725
8,408.8,660.8457966097991
8,408.90000000000003,660.385251624061
8,409.0,666.7847314544813
8,409.1,652.4254669194235
8,409.20000000000005,651.152754267319
8,409.3,662.4169374628633
8,409.40000000000003,660.0262181104338
8,409.5,670.1171421984152
8,409.6,571.6896795579196
8,409.70000000000005,635.4420731316943
8,409.8,675.1516458723078
8,409.90000000000003,679.9974217506107
8,410.0,672.09453970678
8,410.1,579.8006215845247
8,410.20000000000005,635.2721899922693
8,410.3,502.45162005690105
8,410.40000000000003,560.7628543553308
8,410.5,645.2586829224197
8,410.6,666.3014857705019
8,410.70000000000005,674.6240179537117
8,410.8,664.9922081531732
8,410.90000000000003,677.8741038408504
8,411.0,665.0564740358257
8,411.1,666.6257774058231
8,411.20000000000005,667.7090708749863
8,411.3,674.5121074649735
8,411.40000000000003,677.1104835641437
8,411.5,678.1802099852807
8,411.6,677.2624285691131
8,411.70000000000005,684.7055654701345
8,411.8,676.5503090247341
8,411.90000000000003,671.1454896536791
8,412.0,693.9253345642101
8,412.1,677.1592726878071
8,412.20000000000005,656.8498575010765
8,412.3,572.6886296642872
8,412.40000000000003,599.9951910206056
8,412.5,653.6600589307369
8,412.6,672.1515801046332
8,412.70000000000005,683.0239664581482
8,412.8,705.0006311212844
8,412.90000000000003,682.2556888587708
8,413.0,648.6277599628403
8,413.1,671.0124020197189
8,413.20000000000005,699.4955632397929
8,413.3,673.8831662728554
8,413.40000000000003,650.3294123902056
8,413.5,665.11951408548
8,413.6,664.6178990666182
8,413.70000000000005,685.0813536421872
8,413.8,693.6781235134089
8,413.90000000000003,668.8732781230102
8,414.0,664.8890363645027
8,414.1,669.1332869075693
8,414.20000000000005,652.7744263772621
8,414.3,641.3469863874473
8,414.40000000000003,660.6062421014126
8,414.5,663.1243406108239
8,414.6,653.6469425306401
8,414.70000000000005,650.3705493691925
8,414.8,655.3345375571494
8,414.90000000000003,663.6138887168308
8,415.0,677.7878686648021
8,415.1,681.5518811162584
8,415.20000000000005,673.5759753087701
8,415.3,668.1601177419035
8,415.40000000000003,672.3599912715072
8,415.5,667.7032608987672
8,415.6,664.038751572231
8,415.70000000000005,672.2252060060972
8,415.8,672.8835899124274
8,415.90000000000003,669.2720157123555
8,416.0,667.5408023104899
8,416.1,675.8226787449128
8,416.20000000000005,689.2937539710504
8,416.3,683.5984948921449
8,416.40000000000003,534.0830184148535
8,416.5,539.338557165827
8,416.6,694.783889712278
8,416.70000000000005,685.7188837998913
8,416.8,670.279026456774
8,416.90000000000003,652.9556468599429
8,417.0,665.24882793747
8,417.1,667.8073065823124
8,417.20000000000005,661.2183499158349
8,417.3,663.419904367589
8,417.40000000000003,646.5206716372642
8,417.5,635.2240124398245
8,417.6,646.6624824397887
8,417.70000000000005,656.4369092305097
8,417.8,673.7412228099807
8,417.90000000000003,672.9694601535399
8,418.0,667.7495386240739
8,418.1,667.858695159655
8,418.20000000000005,659.6294518599402
8,418.3,659.6584237389897
8,418.40000000000003,665.9803489064539
8,418.5,686.1493086140645
8,418.6,664.5547035871137
8,418.70000000000005,675.3242617870596
8,418.8,695.9829312473952
8,418.90000000000003,669.6115955042138
8,419.0,676.0412037772886
8,419.1,677.8485496343299
8,419.20000000000005,666.6586099374255
8,419.3,671.8166497109411
8,419.40000000000003,669.6951110051351
8,419.5,664.5523302927097
8,419.6,662.3312493529822
8,419.70000000000005,667.6885001585247
8,419.8,677.9147527114204
8,419.90000000000003,674.4409462511414
8,420.0,650.7919917891354
8,420.1,551.5680431453101
8,420.20000000000005,505.9483546033456
8,420.3,688.261049264385
8,420.40000000000003,681.5602168163779
8,420.5,660.7608294433701
8,420.6,669.3851394875186
8,420.70000000000005,677.6190953982563
8,420.8,672.8302154210522
8,420.90000000000003,684.6487030887896
8,421.0,683.973081456941
8,421.1,654.9160729481177
8,421.20000000000005,664.1584911555185
8,421.3,698.2157181154413
8,421.40000000000003,699.2812011680903
8,421.5,677.1863630688287
8,421.6,688.937552388101
8,421.70000000000005,682.1076392271412
8,421.8,665.5145675114492
8,421.90000000000003,682.8442128436214
8,422.0,679.0073163733232
8,422.1,665.9965297592364
8,422.20000000000005,671.0080985760338
8,422.3,667.3754823939428
8,422.40000000000003,676.5109148918565
8,422.5,677.8473617542866
8,422.6,674.4197907971417
8,422.70000000000005,685.4014210075701
8,422.8,682.0757981848712
8,422.90000000000003,669.4008713570107
8,423.0,665.4033411434484
8,423.1,669.6652379378181
8,423.20000000000005,676.3492320961634
8,423.3,681.2860307234456
8,423.40000000000003,684.9791018010344
8,423.5,695.5824065077234
8,423.6,693.1432324256915
8,423.70000000000005,682.2578475252059
8,423.8,677.2056675449046
8,423.90000000000003,566.6297653398723
8,424.0,482.50694915811357
8,424.1,654.0322884158402
8,424.20000000000005,663.4697131184757
8,424.3,683.2210021800377
8,424.40000000000003,684.8901029772188
8,424.5,662.3753226938869
8,424.6,657.3973125492994
8,424.70000000000005,666.0366081236618
8,424.8,667.2108559365483
8,424.90000000000003,669.5822453969889
8,425.0,669.9122841644303
8,425.1,685.5564839675754
8,425.20000000000005,678.1161878706467
8,425.3,678.3569001045819
8,425.40000000000003,672.0909378410114
8,425.5,586.4645556579095
8,425.6,496.2153664398619
8,425.70000000000005,695.3540269980576
8,425.8,652.7517621013055
8,425.90000000000003,664.8979333816042
8,426.0,652.5004554739797
8,426.1,657.0244662816262
8,426.20000000000005,665.9936507129174
8,426.3,676.0581597205684
8,426.40000000000003,662.6622924930598
8,426.5,669.6412650095876
8,426.6,668.0391384569198
8,426.70000000000005,666.9814472939352
8,426.8,679.3372373200768
8,426.90000000000003,711.4723190860612
8,427.0,694.5158020353089
8,427.1,649.5540852737946
8,427.20000000000005,626.130517848031
8,427.3,665.1989381268976
8,427.40000000000003,667.5511347767837
8,427.5,677.915916478878
8,427.6,655.0123786359269
8,427.70000000000005,648.2200534684625
8,427.8,667.1310079044869
8,427.90000000000003,673.1836021715717
8,428.0,656.9379985206255
8,428.1,667.8087121263093
8,428.20000000000005,671.3650320514303
8,428.3,661.1280892968707
8,428.40000000000003,675.6338653787834
8,428.5,658.1908625448752
8,428.6,658.0770543734124
8,428.70000000000005,691.8801022727209
8,428.8,597.3281251087391
8,428.90000000000003,430.4246441000873
8,429.0,641.3317166960331
8,429.1,629.3576972396953
8,429.20000000000005,616.550637818906
8,429.3,466.2939388807662
8,429.40000000000003,424.18126253359947
8,429.5,642.3560281404929
8,429.6,605.5075373428288
8,429.70000000000005,501.44206898913853
8,429.8,643.3673826012921
8,429.90000000000003,607.9068642098972
8,430.0,664.0844080527588
8,430.1,655.517025912138
8,430.20000000000005,634.4435291762929
8,430.3,638.0268573368548
8,430.40000000000003,619.565096167809
8,430.5,660.4167166652373
8,430.6,667.2063750466857
8,430.70000000000005,656.4318857589611
8,430.8,652.6569339238422
8,430.90000000000003,674.0442688262857
8,431.0,671.984026234828
8,431.1,656.7467386038759
8,431.20000000000005,644.1736127195912
8,431.3,648.9740499699938
8,431.40000000000003,672.7848414175124
8,431.5,663.8086231647635
8,431.6,661.0582996062204
8,431.70000000000005,671.5558798146196
8,431.8,661.6830421594794
8,431.90000000000003,650.8636981769199
8,432.0,645.8537340171778
8,432.1,651.455858268257
8,432.20000000000005,670.954867355521
8,432.3,674.5800915778923
8,432.40000000000003,659.3178600382421
8,432.5,670.8330870775084
8,432.6,682.8828109216696
8,432.70000000000005,657.7847856414975
8,432.8,664.408576185757
8,432.90000000000003,653.0890917347491
8,433.0,590.5674415639488
8,433.1,404.68586526760055
8,433.20000000000005,654.5380844671441
8,433.3,665.1088528832609
8,433.40000000000003,671.5112463271665
8,433.5,683.1593453028344
8,433.6,656.28551638395
8,433.70000000000005,560.0350003925121
8,433.8,690.7758652714396
8,433.90000000000003,685.0229082212117
8,434.0,629.9382299753668
8,434.1,411.8050422320775
8,434.20000000000005,698.0015818571557
8,434.3,682.0202380108377
8,434.40000000000003,674.2584224202675
8,434.5,687.284227329807
8,434.6,682.6515007627262
8,434.70000000000005,667.7381340505877
8,434.8,682.100749641309
8,434.90000000000003,677.0164152402529
8,435.0,657.7251485631514
8,435.1,618.8906944744674
8,435.20000000000005,355.5088625756386
8,435.3,686.546873990355
8,435.40000000000003,678.4695909352744
8,435.5,661.1440894394549
8,435.6,548.101691301228
8,435.70000000000005,624.3450931486559
8,435.8,620.6364276021123
8,435.90000000000003,425.67655529114916
8,436.0,668.873882627824
8,436.1,620.836015903119
8,436.20000000000005,367.2371896377467
8,436.3,683.4536782452199
8,436.40000000000003,658.8967670237788
8,436.5,667.2445801422359
8,436.6,657.8554284927395
8,436.70000000000005,686.3993777798433
8,436.8,682.7919908740016
8,436.90000000000003,642.7503168351843
8,437.0,676.0912004050941
8,437.1,688.6442572639658
8,437.20000000000005,663.2949799889969
8,437.3,662.0344349232522
8,437.40000000000003,638.463386034316
8,437.5,368.66710449560253
8,437.6,668.1726313851844
8,437.70000000000005,667.2607279269271
8,437.8,666.2340401374483
8,437.90000000000003,684.5338927338918
8,438.0,673.5586762426865
8,438.1,661.1798021571622
8,438.20000000000005,672.4859519583533
8,438.3,667.659343741677
8,438.40000000000003,463.48923273949293
8,438.5,670.4617267008875
8,438.6,693.3084541435763
8,438.70000000000005,677.1581771022068
8,438.8,686.3788837805275
8,438.90000000000003,665.5589615106555
8,439.0,648.1532508278343
8,439.1,353.1492502406392
8,439.20000000000005,680.8804670575875
8,439.3,663.6388208766459
8,439.40000000000003,674.628408283008
8,439.5,689.2237313599234
8,439.6,684.641160466035
8,439.70000000000005,681.3913476232042
8,439.8,689.0487284849282
8,439.90000000000003,682.4084960077422
8,440.0,697.2757496208682
8,440.1,691.4864889257112
8,440.20000000000005,667.1225690619085
8,440.3,685.5046070798157
8,440.40000000000003,697.6472264788097
8,440.5,687.2975415770806
8,440.6,419.6961275475076
8,440.70000000000005,729.1165768166901
8,440.8,687.2833700431247
8,440.90000000000003,664.0425499381143
8,441.0,694.3243400241182
8,441.1,679.350638311707
8,441.20000000000005,673.7206798871846
8,441.3,678.9838727724651
8,441.40000000000003,683.4310832602773
8,441.5,678.4362719423194
8,441.6,681.207740440893
8,441.70000000000005,484.1778914815219
8,441.8,393.2065267243152
8,441.90000000000003,665.1567872808796
8,442.0,678.1433447036933
8,442.1,674.2717518593523
8,442.20000000000005,678.1191371241442
8,442.3,712.3447017307683
8,442.40000000000003,684.9928978518601
8,442.5,694.2378209065424
8,442.6,698.0812370588451
8,442.70000000000005,693.7976827274421
8,442.8,657.1278205590044
8,442.90000000000003,681.5396664254398
8,443.0,684.305204046189
8,443.1,702.0131170713927
8,443.20000000000005,685.602832830892
8,443.3,694.7807405657637
8,443.40000000000003,675.5581270682173
8,443.5,691.4822345641661
8,443.6,672.9026067514905
8,443.70000000000005,670.2162813537268
8,443.8,664.2491593623898
8,443.90000000000003,687.4392899065801
8,444.0,701.390440332774
8,444.1,686.2429251222271
8,444.20000000000005,412.9702443115259
8,444.3,671.6896060329833
8,444.40000000000003,677.5211422106369
8,444.5,684.0635533545611
8,444.6,667.14916053807
8,444.70000000000005,673.4431668659263
8,444.8,680.0612539266551
8,444.90000000000003,682.1803679418939
8,445.0,684.1138349848977
8,445.1,679.6138040934561
8,445.20000000000005,661.37310679194
8,445.3,677.7342694565345
8,445.40000000000003,567.6148413755924
8,445.5,659.3145925172563
8,445.6,686.0214448391578
8,445.70000000000005,666.2701732126044
8,445.8,643.0960557069593
8,445.90000000000003,678.8512769311537
8,446.0,681.4681944670774
8,446.1,684.6928855886802
8,446.20000000000005,680.3712553247426
8,446.3,678.9333841619624
8,446.40000000000003,687.1956009481702
8,446.5,688.2244885780908
8,446.6,676.0750299967102
8,446.70000000000005,661.5089327483572
8,446.8,663.4471730900893
8,446.90000000000003,658.5039955997704
8,447.0,675.9913906060274
8,447.1,676.2268812839905
8,447.20000000000005,403.3534608587816
8,447.3,659.7908842028666
8,447.40000000000003,435.7095130800706
8,447.5,648.9050128150475
8,447.6,665.3566254451687
8,447.70000000000005,661.7806124244355
8,447.8,655.9083206538796
8,447.90000000000003,696.7771028097875
8,448.0,681.9687426801117
8,448.1,679.6221130595532
8,448.20000000000005,673.3423140666125
8,448.3,667.2764435541623
8,448.40000000000003,658.8328627095412
8,448.5,675.5636160331524
8,448.6,660.1839305652858
8,448.70000000000005,656.4017744922304
8,448.8,673.5268549709432
8,448.90000000000003,671.8076690816492
8,449.0,680.1323434648938
8,449.1,683.2889184190602
8,449.20000000000005,650.5290336322696
8,449.3,675.6883802489167
8,449.40000000000003,675.7542390902912
8,449.5,688.9398580155034
8,449.6,662.8036117372993
8,449.70000000000005,649.3035723669179
8,449.8,664.0011898373907
8,449.90000000000003,655.8482536684799
8,450.0,656.1039908196191
8,450.1,626.0318137020157
8,450.20000000000005,654.9673076653113
8,450.3,388.4225582287333
8,450.40000000000003,625.6568368195892
8,450.5,656.0189335105623
8,450.6,667.9915512985838
8,450.70000000000005,667.8079845441782
8,450.8,655.1971428619061
8,450.90000000000003,361.0361732544254
8,451.0,632.3381189245334
8,451.1,678.7669116285211
8,451.20000000000005,655.2494139944564
8,451.3,670.6750765474006
8,451.40000000000003,672.4332151527701
8,451.5,668.8217423973167
8,451.6,659.1563976018612
8,451.70000000000005,659.2765140348295
8,451.8,668.6361263210241
8,451.90000000000003,669.096601457543
8,452.0,676.6733522628377
8,452.1,673.2296164449926
8,452.20000000000005,673.3458137518564
8,452.3,662.1146299692192
8,452.40000000000003,675.8981978740148
8,452.5,567.8979005869916
8,452.6,645.124874155353
8,452.70000000000005,668.8490335235191
8,452.8,665.745983430764
8,452.90000000000003,663.4173256131116
8,453.0,658.187702096536
8,453.1,661.0066846617267
8,453.20000000000005,413.290488016653
8,453.3,584.1453492549381
8,453.40000000000003,684.070349722395
8,453.5,661.680837309994
8,453.6,680.0154599912386
8,453.70000000000005,676.2271405627407
8,453.8,680.327931437816
8,453.90000000000003,678.8665477928985
8,454.0,690.1674002096437
8,454.1,684.6319872969332
8,454.20000000000005,667.4884294845359
8,454.3,678.9426199636063
8,454.40000000000003,664.2990778093989
8,454.5,671.4422927196057
8,454.6,667.8321922816704
8,454.70000000000005,670.8352711524295
8,454.8,652.7431059957325
8,454.90000000000003,658.3422844844732
8,455.0,670.2596444655657
8,455.1,677.7772850951933
8,455.20000000000005,669.7738923440414
8,455.3,413.1263751119547
8,455.40000000000003,572.0910544387199
8,455.5,666.6801458444517
8,455.6,658.8134316576005
8,455.70000000000005,684.21343528497
8,455.8,679.8135295731539
8,455.90000000000003,680.5252802168981
8,456.0,678.5227625715892
8,456.1,683.1560919458534
8,456.20000000000005,668.1358772877436
8,456.3,679.3973146897279
8,456.40000000000003,673.7351867288493
8,456.5,672.7366637204327
8,456.6,656.1139718202227
8,456.70000000000005,676.5623564295282
8,456.8,679.9483951224831
8,456.90000000000003,667.8878239415069
8,457.0,684.1071665424003
8,457.1,686.080037825699
8,457.20000000000005,685.8925036469799
8,457.3,671.8861118405447
8,457.40000000000003,644.9977305589867
8,457.5,674.4729014582917
8,457.6,687.5654988249352
8,457.70000000000005,688.0199864933223
8,457.8,660.029727608845
8,457.90000000000003,663.3355967334107
8,458.0,666.3366166523335
8,458.1,665.1379186834133
8,458.20000000000005,675.9501430350208
8,458.3,668.2359951453305
8,458.40000000000003,686.9934184380663
8,458.5,684.4651280294457
8,458.6,691.9609414471633
8,458.70000000000005,658.0424495188631
8,458.8,660.6247974471423
8,458.90000000000003,414.2982035986781
8,459.0,545.027720845304
8,459.1,661.2875048678096
8,459.20000000000005,674.4997189619124
8,459.3,459.5668374003192
8,459.40000000000003,569.9944527355366
8,459.5,694.8278249279933
8,459.6,694.8726155374846
8,459.70000000000005,691.0955128802383
8,459.8,693.942267283704
8,459.90000000000003,667.7954475407233
8,460.0,669.438011034141
8,460.1,669.1011778413032
8,460.20000000000005,533.4361631872594
8,460.3,538.2555754659461
8,460.40000000000003,450.3091454806506
8,460.5,555.8104807972637
8,460.6,688.5890246579659
8,460.70000000000005,690.9676790743001
8,460.8,683.5812173382268
8,460.90000000000003,457.4961650956809
8,461.0,532.2726523090777
8,461.1,687.1321316716492
8,461.20000000000005,686.6392332933104
8,461.3,672.9404911446288
8,461.40000000000003,659.9156337541968
8,461.5,666.6243398246256
8,461.6,678.2011116284184
8,461.70000000000005,485.3300323761839
8,461.8,457.96378189936434
8,461.90000000000003,605.6217237603319
8,462.0,670.1997168673695
8,462.1,690.5578996679386
8,462.20000000000005,702.7080292142912
8,462.3,686.1437870385262
8,462.40000000000003,682.4220984115032
8,462.5,682.0267205443753
8,462.6,679.8380273515855
8,462.70000000000005,694.5511007487789
8,462.8,696.1643775647127
8,462.90000000000003,682.063143163642
8,463.0,679.5915206999764
8,463.1,676.742334442383
8,463.20000000000005,617.9079531586666
8,463.3,612.7406180388919
8,463.40000000000003,662.001362996873
8,463.5,680.2444165803108
8,463.6,681.6070746810215
8,463.70000000000005,684.5688046513461
8,463.8,684.5317421493733
8,463.90000000000003,674.3325365276099
8,464.0,676.5271285656776
8,464.1,682.2201911052041
8,464.20000000000005,680.4749860023146
8,464.3,532.4165708261644
8,464.40000000000003,400.3201940819656
8,464.5,533.2811752529427
8,464.6,515.3045032311384
8,464.70000000000005,534.0568596894768
8,464.8,672.8976075381087
8,464.90000000000003,676.302803107838
8,465.0,682.2738101288138
8,465.1,685.2205454197766
8,465.20000000000005,693.4038697143579
8,465.3,678.0623436982426
8,465.40000000000003,667.4214255544721
8,465.5,676.8538137653364
8,465.6,673.1698780588184
8,465.70000000000005,676.2617864686313
8,465.8,685.5606116412032
8,465.90000000000003,684.175033507715
8,466.0,688.8653467917188
8,466.1,696.1981947321766
8,466.20000000000005,601.2492737139432
8,466.3,598.5438481172091
8,466.40000000000003,583.5707370285994
8,466.5,575.9927052710822
8,466.6,520.7981617303728
8,466.70000000000005,517.2733234809936
8,466.8,536.207836988819
8,466.90000000000003,510.7288402958616
8,467.0,590.789841609888
8,467.1,402.5347248606048
8,467.20000000000005,465.1513646951401
8,467.3,678.8134269711899
8,467.40000000000003,691.1890716016934
8,467.5,701.6401175075641
8,467.6,684.5769734969981
8,467.70000000000005,685.0388596513253
8,467.8,678.8755037331031
8,467.90000000000003,680.5209023833834
8,468.0,693.6153223389841
8,468.1,692.2738912270589
8,468.20000000000005,683.972515132896
8,468.3,698.401275306036
8,468.40000000000003,680.4468010549253
8,468.5,544.866248232951
8,468.6,440.65971032406924
8,468.70000000000005,688.643761670019
8,468.8,706.6026247374638
8,468.90000000000003,717.5139981098491
8,469.0,711.9551963132743
8,469.1,704.3995716324049
8,469.20000000000005,701.8201205338061
8,469.3,696.8609358781385
8,469.40000000000003,696.0316448291851
8,469.5,688.3622567830888
8,469.6,683.8420711807672
8,469.70000000000005,685.921430550477
8,469.8,693.3805957915542
8,469.90000000000003,717.2800741435224
8,470.0,705.1946730535612
8,470.1,704.7303509621028
8,470.20000000000005,690.5804315720314
8,470.3,678.3460838293755
8,470.40000000000003,683.4594591738344
8,470.5,705.9066098717732
8,470.6,709.9340348679439
8,470.70000000000005,707.6991213450839
8,470.8,733.5716633854178
8,470.90000000000003,721.9068070444332
8,471.0,708.2995993191233
8,471.1,700.9585441087021
8,471.20000000000005,692.3369815358164
8,471.3,704.9744203997159
8,471.40000000000003,695.8587334481231
8,471.5,692.5315763946375
8,471.6,726.7191914855104
8,471.70000000000005,701.8651762242613
8,471.8,684.790215244388
8,471.90000000000003,717.7985167866248
8,472.0,699.5292740740211
8,472.1,709.6572161447531
8,472.20000000000005,710.3068174462898
8,472.3,673.2634387287768
8,472.40000000000003,675.1847828649759
8,472.5,691.2983700896591
8,472.6,690.9941484899795
8,472.70000000000005,685.812665787796
8,472.8,683.6574662245447
8,472.90000000000003,676.4561501997609
8,473.0,703.75770940906
8,473.1,689.6761256687765
8,473.20000000000005,685.1467486090861
8,473.3,690.1345061579801
8,473.40000000000003,685.8444815446894
8,473.5,598.4990257360648
8,473.6,382.1206042567867
8,473.70000000000005,688.9271739846513
8,473.8,680.1645955548651
8,473.90000000000003,666.4255201911437
8,474.0,673.4676053625882
8,474.1,677.0064608276805
8,474.20000000000005,667.962825736961
8,474.3,653.8851160057189
8,474.40000000000003,671.2704376493107
8,474.5,702.5714823384519
8,474.6,694.6910201245038
8,474.70000000000005,691.9482789128846
8,474.8,631.4633054410704
8,474.90000000000003,670.5927715406086
8,475.0,669.6086280774975
8,475.1,678.7408443821168
8,475.20000000000005,703.3315195428961
8,475.3,673.7367965312781
8,475.40000000000003,693.8501531507674
8,475.5,697.343177618175
8,475.6,702.7896157509965
8,475.70000000000005,666.1345036691805
8,475.8,687.624698080547
8,475.90000000000003,689.7918203839369
8,476.0,700.8349780740205
8,476.1,681.9580988738142
8,476.20000000000005,670.0770703687905
8,476.3,683.2391278310752
8,476.40000000000003,657.7444552768159
8,476.5,668.4613988744268
8,476.6,691.6398894429436
8,476.70000000000005,656.2762372696254
8,476.8,670.6043790682842
8,476.90000000000003,683.0351455716202
8,477.0,685.6941917774935
8,477.1,694.7901467457666
8,477.20000000000005,679.0702443964256
8,477.3,689.3232245824078
8,477.40000000000003,686.371695939396
8,477.5,679.4569860743669
8,477.6,670.4157009966232
8,477.70000000000005,673.5611659532158
8,477.8,674.3498978954141
8,477.90000000000003,685.8402291668469
8,478.0,688.5025532969569
8,478.1,657.2723922558996
8,478.20000000000005,572.2804423807877
8,478.3,694.9972396039611
8,478.40000000000003,662.115963132603
8,478.5,659.2712855540954
8,478.6,655.4867094722414
8,478.70000000000005,692.0146972037256
8,478.8,674.7401149306354
8,478.90000000000003,685.6975215056647
8,479.0,690.8672552494188
8,479.1,690.7729960117209
8,479.20000000000005,673.4325493840491
8,479.3,687.3603236004687
8,479.40000000000003,681.3314966737163
8,479.5,657.1844368342174
8,479.6,665.699470548635
8,479.70000000000005,650.8148963091778
8,479.8,670.0745574026761
8,479.90000000000003,688.5149483296291
8,480.0,697.5479883430672
8,480.1,672.6596375747315
8,480.20000000000005,664.4671884735225
8,480.3,675.6051364279355
8,480.40000000000003,677.3023632364826
8,480.5,665.5480406731049
8,480.6,664.1552564816438
8,480.70000000000005,660.9933106834665
8,480.8,667.9142035853191
8,480.90000000000003,640.6392150369771
8,481.0,675.142106023178
8,481.1,536.1556110796702
8,481.20000000000005,320.3652363023414
8,481.3,688.75045312845
8,481.40000000000003,659.6038006930969
8,481.5,672.2348742688182
8,481.6,690.1565826330306
8,481.70000000000005,687.5564761286346
8,481.8,674.2922955024391
8,481.90000000000003,692.7093274378055
8,482.0,655.29815994718
8,482.1,672.7194298105978
8,482.20000000000005,688.0192293444071
8,482.3,462.68283890336824
8,482.40000000000003,690.3292869458912
8,482.5,661.2357108061725
8,482.6,683.4835124807964
8,482.70000000000005,701.6181598126536
8,482.8,679.011515531975
8,482.90000000000003,427.21487191543054
8,483.0,655.6366981225556
8,483.1,418.6042169192764
8,483.20000000000005,670.4414646330409
8,483.3,690.4973067386431
8,483.40000000000003,694.6841967915776
8,483.5,700.5779026690964
8,483.6,678.4965337128567
8,483.70000000000005,690.2543118217686
8,483.8,688.9538344032078
8,483.90000000000003,658.4307217921385
8,484.0,684.1036093269457
8,484.1,667.2030079938304
8,484.20000000000005,701.5492319662459
8,484.3,667.5817056961802
8,484.40000000000003,669.9526070612201
8,484.5,687.8193855144855
8,484.6,702.0048833300071
8,484.70000000000005,687.8489523840703
8,484.8,680.6230274537262
8,484.90000000000003,685.1693202736195
8,485.0,659.4482147772176
8,485.1,680.5274798698806
8,485.20000000000005,680.9179176313689
8,485.3,678.4084942074037
8,485.40000000000003,686.1726416594014
8,485.5,691.7830843140708
8,485.6,707.374140300287
8,485.70000000000005,690.6532324170147
8,485.8,733.5800610272996
8,485.90000000000003,680.0611517859179
8,486.0,675.4363450660516
8,486.1,680.949881136216
8,486.20000000000005,686.3620370259769
8,486.3,668.8271777179141
8,486.40000000000003,683.0605759030244
8,486.5,686.040327375767
8,486.6,653.9412017424327
8,486.70000000000005,677.6730617088964
8,486.8,538.7584921934762
8,486.90000000000003,676.9519534174136
8,487.0,714.4732213216543
8,487.1,693.2732298817436
8,487.20000000000005,689.6450791008251
8,487.3,534.1586898174373
8,487.40000000000003,642.5618095480389
8,487.5,657.2884792486707
8,487.6,669.1295524490545
8,487.70000000000005,718.0183321667539
8,487.8,695.2108018056009
8,487.90000000000003,675.2181653710994
8,488.0,691.9990311378872
8,488.1,691.4113834482323
8,488.20000000000005,678.7491369535792
8,488.3,687.8046587467954
8,488.40000000000003,692.4028624284012
8,488.5,576.0491820339797
8,488.6,663.916012931796
8,488.70000000000005,699.7663390985439
8,488.8,694.8575407377232
8,488.90000000000003,696.3407311041192
8,489.0,679.8271216293077
8,489.1,695.6162455601226
8,489.20000000000005,676.8397659552385
8,489.3,529.7015126143692
8,489.40000000000003,676.5770543035956
8,489.5,695.8450896835745
8,489.6,717.0259087268241
8,489.70000000000005,701.9714605474021
8,489.8,693.1841879591631
8,489.90000000000003,670.5135393200044
8,490.0,671.2027470558725
8,490.1,660.038481187106
8,490.20000000000005,685.157359069612
8,490.3,684.2497159907562
8,490.40000000000003,674.0566581286361
8,490.5,666.7265416022727
8,490.6,691.3290785204008
8,490.70000000000005,697.4046148495183
8,490.8,686.0540958313884
8,490.90000000000003,691.7225028698721
8,491.0,682.6279378769344
8,491.1,688.3818160986076
8,491.20000000000005,689.6905152358017
8,491.3,679.2756165724512
8,491.40000000000003,375.8351910305778
8,491.5,605.0697382775746
8,491.6,682.5408670990544
8,491.70000000000005,677.7303349800984
8,491.8,690.1504105801516
8,491.90000000000003,699.4392219917413
8,492.0,670.8363202591502
8,492.1,686.995020091366
8,492.20000000000005,685.6728725219558
8,492.3,692.4402535408896
8,492.40000000000003,696.4445862240497
8,492.5,680.7522148717887
8,492.6,668.420480638805
8,492.70000000000005,513.0742049826154
8,492.8,644.3792869081673
8,492.90000000000003,390.93010867779725
8,493.0,593.7180657916333
8,493.1,694.4302099031496
8,493.20000000000005,689.1443673991895
8,493.3,686.7237219025031
8,493.40000000000003,691.9593744541097
8,493.5,693.0230942598763
8,493.6,689.8613157721471
8,493.70000000000005,691.4045695051883
8,493.8,686.1542156791935
8,493.90000000000003,682.7108012006156
8,494.0,694.7255607115935
8,494.1,688.3882977400804
8,494.20000000000005,692.3324811953897
8,494.3,695.3323240635829
8,494.40000000000003,688.550566028207
8,494.5,689.1841654960481
8,494.6,689.2504635870636
8,494.70000000000005,459.4194981823877
8,494.8,595.9840757306312
8,494.90000000000003,428.26358078223933
8,495.0,582.8872713305702
8,495.1,677.0375204351583
8,495.20000000000005,676.3228015234278
8,495.3,678.3161458672822
8,495.40000000000003,687.3384713027442
8,495.5,695.5356344210023
8,495.6,678.22352961606
8,495.70000000000005,682.4396792972906
8,495.8,665.3020170070533
8,495.90000000000003,668.8838461376595
8,496.0,697.4155181419244
8,496.1,672.1445232933165
8,496.20000000000005,671.546602932177
8,496.3,682.1235901522142
8,496.40000000000003,688.0243843973471
8,496.5,680.1122665321122
8,496.6,666.8383665025538
8,496.70000000000005,670.8696335242964
8,496.8,685.4302966403815
8,496.90000000000003,696.7425647548739
8,497.0,698.1475591375834
8,497.1,624.4386776005886
8,497.20000000000005,655.8758407455996
8,497.3,617.5704710020186
8,497.40000000000003,666.1489879485515
8,497.5,695.5762891523561
8,497.6,676.8869066312465
8,497.70000000000005,683.721150261221
8,497.8,675.2185380635445
8,497.90000000000003,676.8127062754663
8,498.0,683.5717540370895
8,498.1,663.6802818541025
8,498.20000000000005,659.892976927625
8,498.3,668.7495820364654
8,498.40000000000003,684.1306158497825
8,498.5,689.7511870497599
8,498.6,687.7459110488031
8,498.70000000000005,623.939588895594
8,498.8,657.6172788996661
8,498.90000000000003,696.6499473060917
8,499.0,709.9150276125874
8,499.1,681.6830688317576
8,499.20000000000005,671.5292166449893
8,499.3,685.0385156032163
8,499.40000000000003,688.915620487651
8,499.5,690.8298250526326
8,499.6,692.2060399664288
8,499.70000000000005,698.288731846651
8,499.8,680.7357386178012
8,499.90000000000003,492.17372838796484
8,500.0,586.3331839357448
8,500.1,677.9163832516194
8,500.20000000000005,686.2112335931573
8,500.3,623.8775008105569
8,500.40000000000003,639.7005278339367
8,500.5,690.2896593611608
8,500.6,695.619196091711
8,500.70000000000005,684.8232913419357
8,500.8,707.592229034538
8,500.90000000000003,687.5094208368224
8,501.0,665.9397005569671
8,501.1,668.8856377864718
8,501.20000000000005,665.7449350582027
8,501.3,676.2801051939242
8,501.40000000000003,624.8638235813046
8,501.5,617.6744846741336
8,501.6,659.9479527797739
8,501.70000000000005,520.1435219781838
8,501.8,538.4603037335087
8,501.90000000000003,654.3135088271853
8,502.0,464.9615544318801
8,502.1,490.1068176308205
8,502.20000000000005,646.7225362662812
8,502.3,670.2046595866007
8,502.40000000000003,676.407663105056
8,502.5,675.8981442074522
8,502.6,683.6465445174221
8,502.70000000000005,698.8833419738801
8,502.8,704.9351337940609
8,502.90000000000003,692.7809456672142
8,503.0,674.7734449088698
8,503.1,671.2737984162358
8,503.20000000000005,678.7851097171045
8,503.3,683.3258574281901
8,503.40000000000003,683.8026136515301
8,503.5,683.5853746597995
8,503.6,685.6246496483112
8,503.70000000000005,686.1549400672496
8,503.8,681.6542870680977
8,503.90000000000003,643.8731884961696
8,504.0,642.2871149887857
8,504.1,674.4524363890077
8,504.20000000000005,515.5799039490521
8,504.3,524.2025572977337
8,504.40000000000003,677.4511417684179
8,504.5,684.28983430594
8,504.6,683.1498408001971
8,504.70000000000005,521.945863139031
8,504.8,530.6543383505195
8,504.90000000000003,673.0207978164665
8,505.0,674.735923884752
8,505.1,515.2485740929206
8,505.20000000000005,377.15798011918525
8,505.3,551.1970179622034
8,505.40000000000003,685.0942307253068
8,505.5,672.8946183059999
8,505.6,670.8896890933906
8,505.70000000000005,664.5697322163487
8,505.8,673.132749893438
8,505.90000000000003,684.8788077657447
8,506.0,689.8044843713278
8,506.1,685.4606108944424
8,506.20000000000005,605.8664140133591
8,506.3,605.6752700439704
8,506.40000000000003,692.9247049560415
8,506.5,689.7320442405596
8,506.6,678.1194233844586
8,506.70000000000005,673.5717689512005
8,506.8,678.90521133535
8,506.90000000000003,682.5096625752931
8,507.0,671.7925859715572
8,507.1,681.1005342028442
8,507.20000000000005,681.0982315861742
8,507.3,665.9416137693938
8,507.40000000000003,669.8265925543824
8,507.5,672.539724644712
8,507.6,555.1128910480962
8,507.70000000000005,551.2522047943341
8,507.8,690.6171254126996
8,507.90000000000003,692.8840211204919
8,508.0,689.2777446297532
8,508.1,685.3850025854402
8,508.20000000000005,687.9367159572026
8,508.3,512.8087631207576
8,508.40000000000003,481.5630227090855
8,508.5,685.024586477441
8,508.6,674.9032751732417
8,508.70000000000005,677.3278520269827
8,508.8,578.8830191070332
8,508.90000000000003,561.5706889116157
8,509.0,687.6716523608825
8,509.1,672.8961130580567
8,509.20000000000005,671.2296620225139
8,509.3,667.6266029073386
8,509.40000000000003,678.0685484573731
8,509.5,696.9141251259477
8,509.6,690.6538514189666
8,509.70000000000005,697.1604793644863
8,509.8,698.4347113266284
8,509.90000000000003,699.7535837798133
8,510.0,693.323399844702
8,510.1,693.863789557064
8,510.20000000000005,616.0455803634143
8,510.3,596.2601834333949
8,510.40000000000003,704.2232497108462
8,510.5,687.8419297423832
8,510.6,682.1994918156576
8,510.70000000000005,698.3982317297443
8,510.8,692.1521950388409
8,510.90000000000003,690.6991540415742
8,511.0,646.813974927304
8,511.1,604.8449130558872
8,511.20000000000005,656.3177176929682
8,511.3,685.5026046276868
8,511.40000000000003,696.0683628587944
8,511.5,693.446207955818
8,511.6,700.3271904829854
8,511.70000000000005,698.2449965833304
8,511.8,682.7234524803065
8,511.90000000000003,682.435789677745
8,512.0,673.9282155329647
8,512.1,679.2325014812603
8,512.2,697.5974386900648
8,512.3000000000001,688.6620724148506
8,512.4,681.8890112186781
8,512.5,686.9059994383921
8,512.6,679.3887854880762
8,512.7,700.2880985270402
8,512.8000000000001,708.1982182539778
8,512.9,694.2021288330417
8,513.0,675.5929855644981
8,513.1,686.084700676721
8,513.2,681.4099257150805
8,513.3000000000001,674.4379528076703
8,513.4,685.3177562210388
8,513.5,599.5851907495634
8,513.6,531.4253897801029
8,513.7,697.8528086268694
8,513.8000000000001,693.5488452791651
8,513.9,686.9929948462127
8,514.0,694.9520919845215
8,514.1,640.348633003347
8,514.2,593.4426791613826
8,514.3000000000001,587.1368632340075
8,514.4,505.5737881934405
8,514.5,680.0086640861639
8,514.6,680.8538527433674
8,514.7,671.949674694754
8,514.8000000000001,693.78758251189
8,514.9,681.175109805
8,515.0,679.6030589572778
8,515.1,704.5885819882953
8,515.2,696.8159326430231
8,515.3000000000001,675.0245721085664
8,515.4,682.3109752893489
8,515.5,684.4394720846021
8,515.6,678.3370264522
8,515.7,683.5337561123454
8,515.8000000000001,690.4536036102835
8,515.9,697.9346312967917
8,516.0,682.3826869707119
8,516.1,682.5539926424876
8,516.2,690.9723080441144
8,516.3000000000001,665.9037086829834
8,516.4,687.8068869431193
8,516.5,593.5837978230281
8,516.6,440.7837689709383
8,516.7,624.7080277473093
8,516.8000000000001,688.9255184837164
8,516.9,657.3555473478324
8,517.0,649.1746214854105
8,517.1,684.2093863249938
8,517.2,679.6505490016438
8,517.3000000000001,566.4829272775089
8,517.4,403.6515363583013
8,517.5,635.8421326411984
8,517.6,653.0431095207113
8,517.7,670.3066090939892
8,517.8000000000001,658.6490354227942
8,517.9,650.0671385645761
8,518.0,652.3646270320173
8,518.1,663.0713699360598
8,518.2,622.5075486071347
8,518.3000000000001,535.1237636269592
8,518.4,659.4975365432457
8,518.5,686.028913165106
8,518.6,685.4544949059394
8,518.7,678.5731998168397
8,518.8000000000001,692.801772265403
8,518.9,674.0413651996599
8,519.0,672.149025396659
8,519.1,603.0796530538564
8,519.2,489.85050342482117
8,519.3000000000001,683.7646286375792
8,519.4,686.1562515109758
8,519.5,682.0891196915969
8,519.6,686.5311803091749
8,519.7,681.7127890135137
8,519.8000000000001,674.8822780456741
8,519.9,677.3119626767366
8,520.0,693.4439955841688
8,520.1,679.9840848949475
8,520.2,677.1960188710095
8,520.3000000000001,689.8160622056189
8,520.4,662.1629775043663
8,520.5,650.5348314026141
8,520.6,674.1387035368896
8,520.7,696.0983206306109
8,520.8000000000001,701.4963959931677
8,520.9,677.6131835783752
8,521.0,685.6422296041816
8,521.1,696.5872576489149
8,521.2,606.0590068489435
8,521.3000000000001,445.55660869071875
8,521.4,660.244106568364
8,521.5,663.9813294681785
8,521.6,629.3351503503551
8,521.7,458.26662435069164
8,521.8000000000001,698.3609530911361
8,521.9,709.8804081738995
8,522.0,698.89362020355
8,522.1,686.8341941305588
8,522.2,701.7108489675906
8,522.3000000000001,674.6624609382798
8,522.4,687.5100226067005
8,522.5,688.8420982676722
8,522.6,685.6402187122899
8,522.7,677.5588860089242
8,522.8000000000001,622.3164707922283
8,522.9,674.6546227424816
8,523.0,675.0946053022128
8,523.1,681.905641831434
8,523.2,680.9626623902961
8,523.3000000000001,671.3903401828314
8,523.4,673.8069597972593
8,523.5,658.2927271967225
8,523.6,698.1695073890489
8,523.7,676.7369854840892
8,523.8000000000001,677.5227330325154
8,523.9,680.1828471641437
8,524.0,665.3935481659777
8,524.1,669.9531973985935
8,524.2,663.9550070038091
8,524.3000000000001,660.492864775612
8,524.4,681.4121956340532
8,524.5,681.111334479114
8,524.6,669.9188243839061
8,524.7,606.388251483903
8,524.8000000000001,615.1729975984898
8,524.9,675.2502329381402
8,525.0,679.1498662322108
8,525.1,701.1070772409087
8,525.2,664.739502777795
8,525.3000000000001,695.7130943326424
8,525.4,688.7545771016117
8,525.5,688.3511057875542
8,525.6,707.7435399829761
8,525.7,631.1710762286732
8,525.8000000000001,379.2850407697837
8,525.9,690.3841156615624
8,526.0,665.7232175442105
8,526.1,681.1708782866673
8,526.2,672.4774095157401
8,526.3000000000001,677.0248160404536
8,526.4,622.3596388923805
8,526.5,672.0765332315289
8,526.6,629.5262326985387
8,526.7,520.2052692063279
8,526.8000000000001,666.3741862685556
8,526.9,602.5188149178898
8,527.0,372.8326328503681
8,527.1,426.50629245892526
8,527.2,687.6167603449326
8,527.3000000000001,632.2729388709658
8,527.4,398.7646496467869
8,527.5,692.9581706462728
8,527.6,695.7576916040057
8,527.7,672.1829634467986
8,527.8000000000001,676.4191654453482
8,527.9,669.4116589337293
8,528.0,688.7245235202904
8,528.1,670.6485206047178
8,528.2,672.1637700837796
8,528.3000000000001,656.8897809567766
8,528.4,678.6931119562671
8,528.5,666.0504180757241
8,528.6,676.7616592145055
8,528.7,676.8431520096467
8,528.8000000000001,689.2063451155741
8,528.9,684.4315851760516
8,529.0,669.0147888379227
8,529.1,633.9798763711071
8,529.2,685.4073754250658
8,529.3000000000001,671.6474182069039
8,529.4,685.7067440563269
8,529.5,671.6526721121688
8,529.6,658.8082523018594
8,529.7,675.6329852561988
8,529.8000000000001,703.3980240555469
8,529.9,654.7562827255673
8,530.0,669.984937457851
8,530.1,683.8151432550353
8,530.2,685.1370552225238
8,530.3000000000001,663.1029221233574
8,530.4,684.9928248960891
8,530.5,679.760522780704
8,530.6,569.4142423119113
8,530.7,478.06886006538315
8,530.8000000000001,667.4411124157657
8,530.9,715.7373624589648
8,531.0,688.6792589517644
8,531.1,684.7836789518728
8,531.2,682.7067004896926
8,531.3000000000001,678.315649077686
8,531.4,656.6475038803537
8,531.5,676.6965419353763
8,531.6,672.6568040187179
8,531.7,668.7085047539618
8,531.8000000000001,693.660486665882
8,531.9,681.4407668928001
8,532.0,680.1067729764454
8,532.1,694.6343231106902
8,532.2,676.8638155847358
8,532.3000000000001,329.82776172278164
8,532.4,691.8641424541916
8,532.5,680.5290365029689
8,532.6,668.761998010407
8,532.7,686.7476961169887
8,532.8000000000001,683.8084413406275
8,532.9,694.6417909740236
8,533.0,683.7503226769871
8,533.1,691.1630163648902
8,533.2,570.4343699083469
8,533.3000000000001,470.2362531365706
8,533.4,681.8897227818645
8,533.5,701.8996348741327
8,533.6,677.6311619397873
8,533.7,685.1620775138808
8,533.8000000000001,645.3013029565858
8,533.9,692.8323051732302
8,534.0,677.5597870307297
8,534.1,681.4839319286494
8,534.2,671.5210306073834
8,534.3000000000001,653.6115547166455
8,534.4,670.1177038520573
8,534.5,639.7927880986075
8,534.6,681.1509661796505
8,534.7,343.0171426381181
8,534.8000000000001,668.4932328931645
8,534.9,672.8947921923523
8,535.0,640.7121814079251
8,535.1,520.205059885342
8,535.2,657.9074772414438
8,535.3000000000001,666.1136492036853
8,535.4,660.9916482927131
8,535.5,666.0932822775519
8,535.6,666.8697266195363
8,535.7,677.2637143272447
8,535.8000000000001,701.5197092101608
8,535.9,673.7767908257821
8,536.0,680.6385401054769
8,536.1,665.4634421548704
8,536.2,684.821742915444
8,536.3000000000001,677.173947078356
8,536.4,685.8627946681636
8,536.5,658.0799553525791
8,536.6,513.2673902014013
8,536.7,679.7914348701937
8,536.8000000000001,697.0944351019757
8,536.9,669.586589040385
8,537.0,672.0532810646099
8,537.1,667.1439041697703
8,537.2,672.6199413291513
8,537.3000000000001,673.5257728491799
8,537.4,667.2286046466784
8,537.5,704.5410151283558
8,537.6,677.9816677026938
8,537.7,710.6978106919693
8,537.8000000000001,674.7185964839936
8,537.9,432.84395637159656
8,538.0,656.1819374382176
8,538.1,669.8591800340147
8,538.2,694.2555748955789
8,538.3000000000001,672.1549822397391
8,538.4,686.7534274570883
8,538.5,686.9366939568644
8,538.6,673.4187581701897
8,538.7,675.2901961861596
8,538.8000000000001,689.5656339329863
8,538.9,682.3718058227387
8,539.0,679.1414897931478
8,539.1,667.3475687565071
8,539.2,672.3274606374396
8,539.3000000000001,663.8314746309634
8,539.4,688.2529534708942
8,539.5,671.0097382906488
8,539.6,656.8624395088511
8,539.7,701.8661548291891
8,539.8000000000001,683.5142477068663
8,539.9,662.9570498471925
8,540.0,665.6737544709717
8,540.1,677.547516664209
8,540.2,691.4236215460465
8,540.3000000000001,697.0333824093922
8,540.4,672.0606321907567
8,540.5,681.2951733741568
8,540.6,668.1445357856325
8,540.7,679.737980855149
8,540.8000000000001,678.6383572808298
8,540.9,682.3650943818291
8,541.0,689.9144061641506
8,541.1,661.6935274346656
8,541.2,677.968499190593
8,541.3000000000001,680.3176578207954
8,541.4,590.3042295316557
8,541.5,647.6088325058993
8,541.6,681.379906419324
8,541.7,692.9946634845389
8,541.8000000000001,690.7516091723185
8,541.9,686.7275290025419
8,542.0,668.4315376171746
8,542.1,687.2438094288116
8,542.2,714.3082095385224
8,542.3000000000001,672.6789249996069
8,542.4,691.0324693597063
8,542.5,663.2464923373334
8,542.6,659.2638423672115
8,542.7,668.5686132901352
8,542.8000000000001,692.1093036569456
8,542.9,669.2686765057316
8,543.0,684.9222997771643
8,543.1,674.3302852950379
8,543.2,680.4701983678642
8,543.3000000000001,437.37467522159045
8,543.4,617.8149587492768
8,543.5,681.3917466016482
8,543.6,682.0998406072378
8,543.7,693.617581175924
8,543.8000000000001,674.8560810283743
8,543.9,653.2819545256044
8,544.0,682.9081722804344
8,544.1,683.6728471688356
8,544.2,683.8328267892355
8,544.3000000000001,680.9338134627588
8,544.4,686.1835437608478
8,544.5,684.8252874630475
8,544.6,677.7235803582766
8,544.7,687.5685081009321
8,544.8000000000001,688.6323131249986
8,544.9,708.0840273767279
8,545.0,712.8383280374054
8,545.1,689.3370696942379
8,545.2,681.9202460350657
8,545.3000000000001,698.015347518824
8,545.4,695.8574511388612
8,545.5,692.0981692002848
8,545.6,679.3674571227073
8,545.7,696.3119115180207
8,545.8000000000001,697.2780464108812
8,545.9,698.8486268228836
8,546.0,696.3985497478035
8,546.1,693.4796545505119
8,546.2,736.2595360305525
8,546.3000000000001,708.5209502787826
8,546.4,700.1453561702732
8,546.5,703.4856287370961
8,546.6,701.0766233748607
8,546.7,705.8494796162829
8,546.8000000000001,680.8331346852526
8,546.9,670.8404468593455
8,547.0,673.3067391915316
8,547.1,696.604714344445
8,547.2,680.2954186744298
8,547.3000000000001,687.5408954795827
8,547.4,713.4012434129949
8,547.5,701.1084501580566
8,547.6,701.920217333456
8,547.7,693.2223485646624
8,547.8000000000001,691.0133260897422
8,547.9,713.890356443805
8,548.0,702.5994901640397
8,548.1,687.2900544434095
8,548.2,684.7278116625307
8,548.3000000000001,685.8769572446599
8,548.4,688.6589940942484
8,548.5,686.6019014399224
8,548.6,673.3000692175631
8,548.7,676.7002422062034
8,548.8000000000001,692.74380915717
8,548.9,703.4059339927294
8,549.0,689.9851094477862
8,549.1,700.1660769385414
8,549.2,704.7088375440842
8,549.3000000000001,703.7373467734225
8,549.4,696.3550954298613
8,549.5,693.1002691212732
8,549.6,535.377099159518
8,549.7,620.4621727278414
8,549.8000000000001,707.721517242525
8,549.9,710.4483638926241
8,550.0,700.1787479775061
8,550.1,704.6693652190917
8,550.2,687.5632986226923
8,550.3000000000001,688.581310951285
8,550.4,693.1799105220275
8,550.5,677.483247030303
8,550.6,715.225179087016
8,550.7,706.2790345917266
8,550.8000000000001,687.8415494051626
8,550.9,686.242532743885
8,551.0,707.394644495675
8,551.1,690.1119721882358
8,551.2,684.9321275896928
8,551.3000000000001,461.8195078251337
8,551.4,610.3916687518243
8,551.5,702.2023457465533
8,551.6,626.3003584388172
8,551.7,667.73516189181
8,551.8000000000001,685.1184718162292
8,551.9,685.9854234410662
8,552.0,680.9291846127164
8,552.1,689.9675340838538
8,552.2,708.3380510931968
8,552.3000000000001,519.1537686804254
8,552.4,605.4719459715709
8,552.5,701.6424622659241
8,552.6,714.6028808849414
8,552.7,705.0938743776954
8,552.8000000000001,707.538074108165
8,552.9,685.6414791077393
8,553.0,693.8343956057024
8,553.1,682.4245960916718
8,553.2,691.0947178253862
8,553.3000000000001,698.4693096910023
8,553.4,709.5805728138645
8,553.5,681.7114017811905
8,553.6,684.0648741292549
8,553.7,696.6154380640212
8,553.8000000000001,698.8494984465876
8,553.9,693.0796684214561
8,554.0,701.6579095103899
8,554.1,699.3901878185505
8,554.2,702.2810927630993
8,554.3000000000001,692.9630633784697
8,554.4,687.3994432761241
8,554.5,690.4283166414588
8,554.6,689.9308838372219
8,554.7,685.8270991168528
8,554.8000000000001,579.0444852875634
8,554.9,588.5580109997445
8,555.0,674.9294019909481
8,555.1,676.0587064723715
8,555.2,677.3949248896752
8,555.3000000000001,679.3091430691034
8,555.4,673.7115610153635
8,555.5,674.0607416189775
8,555.6,677.3092383504747
8,555.7,658.7205423733562
8,555.8000000000001,658.205861455289
8,555.9,499.08795157872623
8,556.0,513.3320940017436
8,556.1,687.7447358290244
8,556.2,685.9125518267628
8,556.3000000000001,667.3219240466624
8,556.4,681.9589516157325
8,556.5,683.9311905826553
8,556.6,680.0678118626691
8,556.7,679.0865373216378
8,556.8000000000001,670.5112702760034
8,556.9,674.0142992761089
8,557.0,685.6282897234096
8,557.1,696.2464508276705
8,557.2,701.2074593253191
8,557.3000000000001,701.9325151958454
8,557.4,699.53644990519
8,557.5,698.8782796668913
8,557.6,686.6227852798035
8,557.7,692.7725338734607
8,557.8000000000001,534.7157784386733
8,557.9,514.7722957907522
8,558.0,679.5813871911798
8,558.1,681.0998498050589
8,558.2,680.9827936464421
8,558.3000000000001,680.108474219164
8,558.4,682.9435667559512
8,558.5,681.8679299450582
8,558.6,683.8158258166845
8,558.7,683.3279129275152
8,558.8000000000001,678.6523431313423
8,558.9,681.5688180996095
8,559.0,668.0463455333053
8,559.1,665.0736213298771
8,559.2,680.6366069744502
8,559.3000000000001,673.6326151542858
8,559.4,671.984018012371
8,559.5,676.7759104513092
8,559.6,680.4831324024948
8,559.7,681.4160073276696
8,559.8000000000001,680.5173010110944
8,559.9,670.8211863450728
8,560.0,676.3097786140034
8,560.1,673.7011530056274
8,560.2,659.728457284916
8,560.3000000000001,668.9084775690001
8,560.4,678.2342277757173
8,560.5,682.5942586439444
8,560.6,687.3444673302206
8,560.7,680.7598559018451
8,560.8000000000001,604.1161953337697
8,560.9,598.7136659067651
8,561.0,706.4165457289064
8,561.1,669.9826601245052
8,561.2,658.069766821635
8,561.3000000000001,687.5904864310427
8,561.4,688.3241182199791
8,561.5,689.1101264250897
8,561.6,675.216724926686
8,561.7,528.04063073695
8,561.8000000000001,339.93910886729884
8,561.9,379.34300428547397
8,562.0,516.3004418530466
8,562.1,678.3033874444901
8,562.2,651.5864569026083
8,562.3000000000001,641.0878174298604
8,562.4,668.3403571258134
8,562.5,673.0866310314904
8,562.6,555.2811786912023
8,562.7,472.9298208097234
8,562.8000000000001,674.6737066435268
8,562.9,672.7208628463404
8,563.0,654.548997140881
8,563.1,660.9223233462799
8,563.2,670.2144157109673
8,563.3000000000001,637.7070457638898
8,563.4,646.209641309369
8,563.5,689.0488204926625
8,563.6,683.3602269359875
8,563.7,689.800374402733
8,563.8000000000001,689.4245182405119
8,563.9,679.7476580355498
8,564.0,669.4828056346599
8,564.1,672.3098906971015
8,564.2,671.8676692689916
8,564.3000000000001,691.0492361689307
8,564.4,705.6825938073497
8,564.5,698.5167263889318
8,564.6,684.6247146833427
8,564.7,674.5081815721105
8,564.8000000000001,664.437904775644
8,564.9,666.9639118468134
8,565.0,663.3236127700922
8,565.1,682.4889017540274
8,565.2,650.5244929066243
8,565.3000000000001,654.4050749007031
8,565.4,686.6375307336259
8,565.5,679.4700269580658
8,565.6,679.5307117138901
8,565.7,667.2597347623487
8,565.8000000000001,685.167683482351
8,565.9,682.1859720523827
8,566.0,680.207947571155
8,566.1,679.1151483388508
8,566.2,684.079296279493
8,566.3000000000001,698.4145323579121
8,566.4,693.4082012461132
8,566.5,681.1926205369157
8,566.6,572.5486079858547
8,566.7,459.00120140666615
8,566.8000000000001,676.8064096006913
8,566.9,688.2453199067442
8,567.0,699.9445892250199
8,567.1,684.5902821836
8,567.2,694.4027563957376
8,567.3000000000001,682.162523686405
8,567.4,685.3754994927374
8,567.5,680.158673888087
8,567.6,669.8649112952675
8,567.7,685.9546521486104
8,567.8000000000001,645.1064005115236
8,567.9,625.4553616047465
8,568.0,684.610086159622
8,568.1,677.5217348847558
8,568.2,688.5761820351711
8,568.3000000000001,677.6122943624044
8,568.4,677.2536841384266
8,568.5,694.741109676436
8,568.6,680.5863393248721
8,568.7,671.7525038372142
8,568.8000000000001,680.5030896880534
8,568.9,689.774505403818
8,569.0,685.2161471705658
8,569.1,692.0720523557087
8,569.2,687.1713178837387
8,569.3000000000001,675.7689031033754
8,569.4,669.3407797239448
8,569.5,674.9985856530897
8,569.6,672.0369673602797
8,569.7,685.2606202325046
8,569.8000000000001,697.9690012345968
8,569.9,698.0968929199975
8,570.0,669.6439617231719
8,570.1,687.0954909976585
8,570.2,691.5199056151924
8,570.3000000000001,671.5718694232605
8,570.4,683.37775976353
8,570.5,706.6949340844668
8,570.6,691.5062409542968
8,570.7,689.7561936328798
8,570.8000000000001,694.5143348497468
8,570.9,689.1885218139722
8,571.0,690.5530147788884
8,571.1,697.1884715583757
8,571.2,697.1568909801904
8,571.3000000000001,699.0118972057724
8,571.4,696.4847995878539
8,571.5,671.8108360818687
8,571.6,608.8727658315094
8,571.7,678.4228466183404
8,571.8000000000001,685.4236867268561
8,571.9,713.2578988901297
8,572.0,698.4620656577205
8,572.1,709.4092365219303
8,572.2,712.8195269278634
8,572.3000000000001,710.2042265457454
8,572.4,698.2717886655718
8,572.5,669.1346310745525
8,572.6,689.2736672070602
8,572.7,707.6310973825058
8,572.8000000000001,697.3811537631002
8,572.9,681.2358267269842
8,573.0,696.5156358677009
8,573.1,689.5098886065115
8,573.2,695.1936612848474
8,573.3000000000001,699.8437807249462
8,573.4,695.6213143494136
8,573.5,668.5771462648687
8,573.6,677.8368544670601
8,573.7,678.0507476802228
8,573.8000000000001,677.6167366352715
8,573.9,687.7907496957959
8,574.0,688.2039857469457
8,574.1,700.3311447107394
8,574.2,715.9968733324123
8,574.3000000000001,715.8660588100066
8,574.4,720.8034449248464
8,574.5,695.5264609529797
8,574.6,708.8682823093819
8,574.7,678.1938782426099
8,574.8000000000001,658.2303872739006
8,574.9,637.9333139194467
8,575.0,498.19616426755573
8,575.1,695.9251314477167
8,575.2,677.4588501975041
8,575.3000000000001,678.4047066222352
8,575.4,676.5131735942381
8,575.5,703.6122152013627
8,575.6,695.6484549997514
8,575.7,700.2634805557826
8,575.8000000000001,696.9854337355979
8,575.9,664.3570011003785
8,576.0,679.7225528327066
8,576.1,703.0409312858177
8,576.2,693.9540140561633
8,576.3000000000001,712.1816230145876
8,576.4,700.6307535762846
8,576.5,700.0539431669279
8,576.6,701.5604459649145
8,576.7,693.0073654258831
8,576.8000000000001,690.5578688173783
8,576.9,710.4080707014485
8,577.0,678.1999205488263
8,577.1,689.247381584032
8,577.2,705.9033258976034
8,577.3000000000001,697.8912396761118
8,577.4,704.6649335900893
8,577.5,683.1756306078595
8,577.6,683.2483037791311
8,577.7,698.7705453617759
8,577.8000000000001,701.9660294229406
8,577.9,697.4419410617526
8,578.0,703.9977485258958
8,578.1,696.106496790889
8,578.2,704.9761512788424
8,578.3000000000001,679.9674781785186
8,578.4,693.236351644622
8,578.5,701.3182836277368
8,578.6,703.1930723171401
8,578.7,690.5283999124655
8,578.8000000000001,685.7699805196758
8,578.9,702.0402163270365
8,579.0,704.0670551603189
8,579.1,724.516385242474
8,579.2,694.7712281262802
8,579.3000000000001,693.2596044602466
8,579.4,686.4203639218874
8,579.5,694.5986628082596
8,579.6,696.9634965775912
8,579.7,685.1237270880811
8,579.8000000000001,682.7371907469729
8,579.9,694.9711382031682
8,580.0,702.7345549236605
8,580.1,692.4071864587543
8,580.2,678.4800051337224
8,580.3000000000001,677.782822458224
8,580.4,729.8986333323968
8,580.5,699.2044591419111
8,580.6,682.9235573273645
8,580.7,684.0580968209102
8,580.8000000000001,692.9107760281516
8,580.9,524.7029849222791
8,581.0,706.2367770305804
8,581.1,696.7547324995384
8,581.2,709.2596771835824
8,581.3000000000001,717.2053923312228
8,581.4,708.053503104602
8,581.5,705.502385716769
8,581.6,680.338405613683
8,581.7,662.2289487750259
8,581.8000000000001,686.7664587400511
8,581.9,684.2075537753559
8,582.0,683.1283057468476
8,582.1,688.3506625733264
8,582.2,447.8882085857938
8,582.3000000000001,705.0502270830434
8,582.4,676.5037892365103
8,582.5,694.6241303767796
8,582.6,693.5458954987733
8,582.7,679.7330373180835
8,582.8000000000001,671.0129837344024
8,582.9,682.6538679358033
8,583.0,683.5690140719247
8,583.1,695.8985915647298
8,583.2,672.761909528529
8,583.3000000000001,692.4486831671421
8,583.4,685.6914697237758
8,583.5,710.1912251578498
8,583.6,718.6888154887788
8,583.7,694.8299275154915
8,583.8000000000001,672.8607516189195
8,583.9,701.9604753937783
8,584.0,688.671676179492
8,584.1,388.328007378722
8,584.2,669.1850907394964
8,584.3000000000001,689.8100029008913
8,584.4,688.91572250657
8,584.5,675.4456518639555
8,584.6,694.0058708997149
8,584.7,702.4502442380519
8,584.8000000000001,686.9421894416262
8,584.9,655.7264262902839
8,585.0,662.8836145145729
8,585.1,682.1758635082674
8,585.2,676.083165135924
8,585.3000000000001,673.1093859347887
8,585.4,672.2656515179697
8,585.5,670.3361241150016
8,585.6,646.2259855257676
8,585.7,697.6189947387068
8,585.8000000000001,685.0369623382126
8,585.9,679.2588450232798
8,586.0,677.6689103357585
8,586.1,670.1907830189965
8,586.2,692.6926156509032
8,586.3000000000001,685.1107842333266
8,586.4,674.5106063293787
8,586.5,696.5772794643198
8,586.6,677.6898270032611
8,586.7,678.5952546906955
8,586.8000000000001,689.1180772415644
8,586.9,676.9281496752384
8,587.0,661.1499137678846
8,587.1,659.5707830156722
8,587.2,655.3699111689058
8,587.3000000000001,689.0317196569094
8,587.4,689.8735532291927
8,587.5,687.1134070069369
8,587.6,633.9979032289075
8,587.7,672.7368750932927
8,587.8000000000001,674.68607103996
8,587.9,676.5601524490772
8,588.0,675.6557688133724
8,588.1,677.3065228680069
8,588.2,390.237204089251
8,588.3000000000001,636.2438311066542
8,588.4,644.4404292817035
8,588.5,664.2500758082498
8,588.6,657.0871476106873
8,588.7,661.973642662738
8,588.8000000000001,697.6880875138658
8,588.9,681.4261786381549
8,589.0,664.3177525474284
8,589.1,672.6142950736765
8,589.2,683.9912857133385
8,589.3000000000001,687.2593196999371
8,589.4,669.1193139085009
8,589.5,681.1734171602495
8,589.6,649.7949886651259
8,589.7,661.9449795565101
8,589.8000000000001,660.3343058162601
8,589.9,659.0355162108079
8,590.0,684.2544588979716
8,590.1,648.4384833742635
8,590.2,668.5549135954626
8,590.3000000000001,680.3435069958188
8,590.4,668.9898450389406
8,590.5,662.4019366175579
8,590.6,674.6011727098637
8,590.7,663.4587973438579
8,590.8000000000001,653.761718962
8,590.9,661.4520454016134
8,591.0,710.989664841855
8,591.1,676.3482025058719
8,591.2,663.4193058723473
8,591.3000000000001,678.4677343552087
8,591.4,659.6713076877697
8,591.5,671.9184658740988
8,591.6,371.421403414756
8,591.7,587.1486549911606
8,591.8000000000001,659.2975500558575
8,591.9,648.5565519415787
8,592.0,663.369928169537
8,592.1,667.1665415690271
8,592.2,374.92003580038187
8,592.3000000000001,601.9071015357189
8,592.4,672.2764606982975
8,592.5,682.3468436657176
8,592.6,640.6337751250661
8,592.7,659.2269869346931
8,592.8000000000001,670.547264928617
8,592.9,660.8112847620462
8,593.0,671.1613450447275
8,593.1,670.5145628178207
8,593.2,669.388017728677
8,593.3000000000001,646.5275892716484
8,593.4,635.9354368292669
8,593.5,640.9354577244433
8,593.6,667.2989022703101
8,593.7,673.0551852698464
8,593.8000000000001,664.7941715578106
8,593.9,664.6935110996777
8,594.0,677.9002583488582
8,594.1,484.2687026047428
8,594.2,585.6429247996504
8,594.3000000000001,433.8087700393354
8,594.4,573.0545676020708
8,594.5,663.6058616257657
8,594.6,538.7554335702044
8,594.7,622.8319825382226
8,594.8000000000001,560.7703352427847
8,594.9,396.0784370450348
8,595.0,575.407116526532
8,595.1,675.7581753348031
8,595.2,673.8154695199404
8,595.3000000000001,628.5386703190483
8,595.4,636.5761549703336
8,595.5,647.8064639957693
8,595.6,655.925451389464
8,595.7,664.188656878629
8,595.8000000000001,641.3292463682394
8,595.9,672.1505831818044
8,596.0,699.0291951442038
8,596.1,666.5232293026635
8,596.2,676.3567963903963
8,596.3000000000001,693.8036121466412
8,596.4,685.3167164014252
8,596.5,686.0946909721147
8,596.6,687.537862027755
8,596.7,686.8462446263019
8,596.8000000000001,497.6724374114992
8,596.9,556.4136565528609
8,597.0,680.6342019775896
8,597.1,707.3019342963704
8,597.2,682.0659772507292
8,597.3000000000001,682.6973820004671
8,597.4,698.9277004797353
8,597.5,703.9387653583841
8,597.6,700.7385111945797
8,597.7,699.2967436252582
8,597.8000000000001,699.0440747368316
8,597.9,708.3707714388455
8,598.0,705.7385757525952
8,598.1,701.4783535126304
8,598.2,712.995746325502
8,598.3000000000001,714.9033474207207
8,598.4,689.3857287083974
8,598.5,674.4929513319343
8,598.6,676.6084209075844
8,598.7,684.1818341287282
8,598.8000000000001,692.508150439171
8,598.9,708.3340675053616
8,599.0,717.8831591006547
8,599.1,710.1231720550069
8,599.2,703.7939683103497
8,599.3000000000001,693.3556903696425
8,599.4,693.4352749406778
8,599.5,657.1187090653967
8,599.6,654.739652250917
8,599.7,680.6226399710553
8,599.8000000000001,684.9907521508271
8,599.9,692.5642230551156
8,600.0,693.1427777336419
8,600.1,689.5437704944084
8,600.2,686.8419532913059
8,600.3000000000001,690.5351327555942
8,600.4,696.1591762154841
8,600.5,699.162351997867
8,600.6,696.8594790015217
8,600.7,700.7494889626925
8,600.8000000000001,729.5911065924245
8,600.9,724.5485685442185
8,601.0,701.1813160940352
8,601.1,699.929236738484
8,601.2,694.2163499278022
8,601.3000000000001,695.1138120064182
8,601.4,697.5663993482276
8,601.5,694.854553184039
8,601.6,698.6707016981156
8,601.7,720.6323256735966
8,601.8000000000001,707.5602874880872
8,601.9,695.0427937291519
8,602.0,699.3328225541303
8,602.1,678.941919577591
8,602.2,699.6019036737277
8,602.3000000000001,718.462031955299
8,602.4,702.2096617798187
8,602.5,693.574264448045
8,602.6,685.3164480618141
8,602.7,679.7166236458659
8,602.8000000000001,695.2905427967086
8,602.9,698.301369199938
8,603.0,694.0979744416094
8,603.1,686.7345340144602
8,603.2,680.5107638464772
8,603.3000000000001,694.8223358284788
8,603.4,700.7440877663937
8,603.5,692.6547950796045
8,603.6,698.6590480404245
8,603.7,696.1864125762339
8,603.8000000000001,688.4740641631821
8,603.9,698.1099159555495
8,604.0,696.0334806714951
8,604.1,695.7296005593809
8,604.2,699.1866967527278
8,604.3000000000001,706.6837553424743
8,604.4,702.6080949983245
8,604.5,694.7045857121836
8,604.6,706.9824892941648
8,604.7,714.4870694774098
8,604.8000000000001,697.6438691931156
8,604.9,683.008606081319
8,605.0,680.28799402296
8,605.1,684.3307351990985
8,605.2,704.7800057557469
8,605.3000000000001,724.5034403162824
8,605.4,720.2578581560816
8,605.5,708.0693696446237
8,605.6,703.2307946065905
8,605.7,684.8741029759094
8,605.8000000000001,686.5744892605824
8,605.9,698.9976450728929
8,606.0,708.6137709100956
8,606.1,711.7609280009851
8,606.2,695.8182269708622
8,606.3000000000001,691.5892326606438
8,606.4,535.2071915970536
8,606.5,443.49257920088047
8,606.6,686.4010816626921
8,606.7,681.5843182857753
8,606.8000000000001,692.7061991652412
8,606.9,689.0517085094746
8,607.0,699.9299983711454
8,607.1,701.3422888323558
8,607.2,688.73161087315
8,607.3000000000001,672.2789860474549
8,607.4,676.9675662858809
8,607.5,682.1497158930014
8,607.6,686.1071726165608
8,607.7,682.040038101656
8,607.8000000000001,665.6931820007485
8,607.9,691.0031433345496
8,608.0,706.6982687064872
8,608.1,691.2612515738532
8,608.2,679.0201250250798
8,608.3000000000001,689.3284931204153
8,608.4,686.2975541485386
8,608.5,668.9838632143683
8,608.6,662.1077951824612
8,608.7,678.2273048867784
8,608.8000000000001,678.2405359942751
8,608.9,671.7136710558074
8,609.0,682.3503042876507
8,609.1,695.6381127238543
8,609.2,686.4146685229467
8,609.3000000000001,681.514828498509
8,609.4,692.0509857967899
8,609.5,694.0617183748319
8,609.6,684.7682657209249
8,609.7,697.0719815932639
8,609.8000000000001,694.6830504778412
8,609.9,672.8704519327945
8,610.0,681.6934130140103
8,610.1,696.8199584742422
8,610.2,699.792110393474
8,610.3000000000001,692.6538169840701
8,610.4,678.3588382898624
8,610.5,684.8206842481367
8,610.6,697.8168743287239
8,610.7,710.0961516715238
8,610.8000000000001,695.122962782112
8,610.9,690.8584231839941
8,611.0,701.5708812360937
8,611.1,683.1515135827995
8,611.2,694.855518622641
8,611.3000000000001,697.5379471689553
8,611.4,703.6731003583687
8,611.5,692.7277939521298
8,611.6,680.4485648793249
8,611.7,693.2137772354722
8,611.8000000000001,684.449179619397
8,611.9,684.4436701595515
8,612.0,676.9953823697972
8,612.1,686.0244972276496
8,612.2,685.666472731951
8,612.3000000000001,622.9830345609112
8,612.4,468.00854630171693
8,612.5,680.2881112381116
8,612.6,592.4999028423658
8,612.7,388.13203379377313
8,612.8000000000001,598.3136805215263
8,612.9,420.820715822095
8,613.0,680.9299034656243
8,613.1,598.2472550591843
8,613.2,371.325151500368
8,613.3000000000001,692.3835981990343
8,613.4,624.8630166885567
8,613.5,370.44497127011806
8,613.6,651.9850068092749
8,613.7,685.1504543559195
8,613.8000000000001,675.5386087432315
8,613.9,679.8646619720166
8,614.0,686.9644671274094
8,614.1,687.668470764254
8,614.2,627.3153055685102
8,614.3000000000001,366.8245988703172
8,614.4000000000001,640.0750623765468
8,614.5,396.2314414649212
8,614.6,685.7186439170938
8,614.7,688.9998071252387
8,614.8000000000001,699.9079139109231
8,614.9000000000001,686.5988668345615
8,615.0,677.8883086860325
8,615.1,689.312176102185
8,615.2,693.2990770969944
8,615.3000000000001,654.1160891996993
8,615.4000000000001,353.1566746950772
8,615.5,697.3761937100686
8,615.6,680.7765916731615
8,615.7,694.4113455253721
8,615.8000000000001,652.9636739563387
8,615.9000000000001,316.89669394166873
8,616.0,718.8038302547914
8,616.1,702.062393416395
8,616.2,601.8871183768701
8,616.3000000000001,695.1359678046234
8,616.4000000000001,691.0295045268292
8,616.5,715.7269834432353
8,616.6,719.1595900639506
8,616.7,701.8851866730167
8,616.8000000000001,686.4844844418371
8,616.9000000000001,515.3444822186347
8,617.0,677.1054117698908
8,617.1,372.4963994998761
8,617.2,641.170010830793
8,617.3000000000001,458.25883321851626
8,617.4000000000001,716.8524864745973
8,617.5,655.7789429698555
8,617.6,709.5347771483799
8,617.7,692.4998716936469
8,617.8000000000001,699.5527925765946
8,617.9000000000001,684.7591460710975
8,618.0,701.2596601003496
8,618.1,713.8361748945509
8,618.2,703.495808058544
8,618.3000000000001,700.2243394266508
8,618.4000000000001,678.9447816587087
8,618.5,682.6826819793122
8,618.6,673.0537838497273
8,618.7,708.9580262410726
8,618.8000000000001,684.4954590465289
8,618.9000000000001,699.0513666249892
8,619.0,710.5760003926982
8,619.1,407.2402642851663
8,619.2,688.9646209993018
8,619.3000000000001,704.0250580793822
8,619.4000000000001,689.6301941597192
8,619.5,702.1100542804058
8,619.6,680.2919120220804
8,619.7,725.5260117218011
8,619.8000000000001,721.5315667975431
8,619.9000000000001,698.6921733586604
8,620.0,670.844523513914
8,620.1,702.6525590627563
8,620.2,700.8939221050564
8,620.3000000000001,700.8802286223744
8,620.4000000000001,685.9985133025211
8,620.5,709.998210690318
8,620.6,684.4899300585517
8,620.7,701.525926925
8,620.8000000000001,700.2395087249747
8,620.9000000000001,684.828933182452
8,621.0,689.3432442212036
8,621.1,760.0995735072387
8,621.2,717.0250120622691
8,621.3000000000001,710.9944913598977
8,621.4000000000001,380.7004143595784
8,621.5,668.4778907016896
8,621.6,706.0740859822723
8,621.7,715.5814042600194
8,621.8000000000001,726.0574746398152
8,621.9000000000001,691.3208272090901
8,622.0,675.2096709418914
8,622.1,676.0294295272098
8,622.2,694.7720293838863
8,622.3000000000001,691.8730016724329
8,622.4000000000001,679.8040382905136
8,622.5,685.0275666452304
8,622.6,694.8045600872931
8,622.7,712.7511853688136
8,622.8000000000001,681.4450468271658
8,622.9000000000001,681.623409361499
8,623.0,688.0061926364234
8,623.1,700.9849342367614
8,623.2,702.2736343330711
8,623.3000000000001,690.0478336339503
8,623.4000000000001,680.7220065181953
8,623.5,701.4558637870747
8,623.6,704.3108009281603
8,623.7,697.2653307513342
8,623.8000000000001,689.3179660392552
8,623.9000000000001,713.3858031042427
8,624.0,599.952182909213
8,624.1,655.5938732022544
8,624.2,679.5702609708152
8,624.3000000000001,719.603490382062
8,624.4000000000001,706.3208061743035
8,624.5,690.9869300549642
8,624.6,679.8473604894073
8,624.7,698.5074282904673
8,624.8000000000001,704.9790517113496
8,624.9000000000001,690.8954647271357
8,625.0,701.4034552102037
8,625.1,708.0461751784005
8,625.2,697.9285469275492
8,625.3000000000001,688.9980562033115
8,625.4000000000001,709.7455612207566
8,625.5,712.6114883051586
8,625.6,719.689894412384
8,625.7,705.8626912396434
8,625.8000000000001,699.4862174013699
8,625.9000000000001,711.737495894745
8,626.0,702.0067951897158
8,626.1,681.7528937228539
8,626.2,679.6755645497678
8,626.3000000000001,695.120752795918
8,626.4000000000001,705.7711063875282
8,626.5,705.3767242095557
8,626.6,706.3975028123554
8,626.7,699.4052658005508
8,626.8000000000001,697.5189061666528
8,626.9000000000001,709.1230953862851
8,627.0,698.5006794487218
8,627.1,659.7060332360749
8,627.2,692.1701901067181
8,627.3000000000001,701.4413701354493
8,627.4000000000001,695.2520899276961
8,627.5,708.7531447310138
8,627.6,697.7829994560343
8,627.7,718.1568772799866
8,627.8000000000001,719.7630436831134
8,627.9000000000001,715.1426894361646
8,628.0,696.6027221857705
8,628.1,705.6096073843684
8,628.2,746.2403805953293
8,628.3000000000001,712.95850583811
8,628.4000000000001,675.1459779513892
8,628.5,671.7976025799198
8,628.6,696.9940780273819
8,628.7,697.0595511525056
8,628.8000000000001,705.412354725266
8,628.9000000000001,700.1179178265152
8,629.0,693.6618834699581
8,629.1,689.1676410185034
8,629.2,712.4999356638656
8,629.3000000000001,699.5418562836902
8,629.4000000000001,702.9806824148022
8,629.5,709.4673844025313
8,629.6,695.4784056059555
8,629.7,702.8127039561562
8,629.8000000000001,706.9267979880998
8,629.9000000000001,708.681592229851
8,630.0,703.9633262028518
8,630.1,680.9075407170184
8,630.2,707.8415415580723
8,630.3000000000001,706.6727961030376
8,630.4000000000001,478.46424841821784
8,630.5,556.494542158007
8,630.6,674.0499309740584
8,630.7,681.0101381772553
8,630.8000000000001,465.8828854653863
8,630.9000000000001,575.2561069172449
8,631.0,704.4879858433022
8,631.1,696.4208943658354
8,631.2,694.9980444598366
8,631.3000000000001,708.2881148090432
8,631.4000000000001,690.6832929308816
8,631.5,489.5192331328483
8,631.6,557.4144886878079
8,631.7,699.6660025461792
8,631.8000000000001,700.909150829782
8,631.9000000000001,691.1799606088214
8,632.0,690.5691465402726
8,632.1,687.0999901584181
8,632.2,529.4184668327584
8,632.3000000000001,578.5614267072383
8,632.4000000000001,688.1220306187347
8,632.5,676.128857183297
8,632.6,671.9560859390493
8,632.7,686.0892906906557
8,632.8000000000001,694.4654595316701
8,632.9000000000001,667.9939610759772
8,633.0,665.1770855529132
8,633.1,671.252289131992
8,633.2,672.4833003032138
8,633.3000000000001,688.6410955698169
8,633.4000000000001,678.61373604946
8,633.5,670.9331667569726
8,633.6,677.552430890662
8,633.7,669.5488761475032
8,633.8000000000001,670.2235359867648
8,633.9000000000001,688.9325449928159
8,634.0,695.3294509420404
8,634.1,688.0700600390044
8,634.2,686.2441471709699
8,634.3000000000001,675.9364177882858
8,634.4000000000001,510.8612906169147
8,634.5,523.5482195780037
8,634.6,675.540468190544
8,634.7,673.5673809944847
8,634.8000000000001,670.5149996353621
8,634.9000000000001,673.2230661256302
8,635.0,676.2234861854797
8,635.1,665.2791105821129
8,635.2,675.0794596263295
8,635.3000000000001,689.5655987796797
8,635.4000000000001,684.8585547459242
8,635.5,677.6416438653456
8,635.6,670.907875384351
8,635.7,683.2117266888322
8,635.8000000000001,676.9729734051508
8,635.9000000000001,659.9268201151095
8,636.0,669.3872203603428
8,636.1,693.9476560455456
8,636.2,705.2907127035852
8,636.3000000000001,683.4089977553449
8,636.4000000000001,675.4496603646585
8,636.5,671.5818166447922
8,636.6,666.1767568250477
8,636.7,674.3128683056283
8,636.8000000000001,685.3268406051648
8,636.9000000000001,689.7018345869923
8,637.0,680.4825973412309
8,637.1,670.9181411884473
8,637.2,672.1476099097571
8,637.3000000000001,565.9307316014206
8,637.4000000000001,539.4803952015862
8,637.5,663.1913629026686
8,637.6,672.6848315182584
8,637.7,552.7079300859561
8,637.8000000000001,523.6635693738383
8,637.9000000000001,672.9708496207654
8,638.0,647.1488912995467
8,638.1,633.7249157805599
8,638.2,657.8647122719761
8,638.3000000000001,658.5305997303316
8,638.4000000000001,660.3095160734736
8,638.5,673.9022645469748
8,638.6,679.400748888883
8,638.7,515.7654076076058
8,638.8000000000001,457.18311629032286
8,638.9000000000001,670.1433482574349
8,639.0,672.4816521407835
8,639.1,664.7610298676727
8,639.2,660.4113438709076
8,639.3000000000001,685.1311396636221
8,639.4000000000001,674.1177091663617
8,639.5,682.3111296208949
8,639.6,690.0010794090657
8,639.7,662.3961946201388
8,639.8000000000001,668.5843934791251
8,639.9000000000001,684.6793066265834
8,640.0,669.3430094436715
8,640.1,675.5055161103119
8,640.2,674.0060751947127
8,640.3000000000001,683.2425910845617
8,640.4000000000001,694.3080912350349
8,640.5,672.9542951020399
8,640.6,657.2166364150261
8,640.7,677.9729316139072
8,640.8000000000001,659.8100962004097
8,640.9000000000001,666.8753399165959
8,641.0,669.1326905899559
8,641.1,676.6212472026896
8,641.2,680.6632676072282
8,641.3000000000001,669.772862643527
8,641.4000000000001,661.5015354293366
8,641.5,677.515831031879
8,641.6,686.0451729140945
8,641.7,681.5748903276482
8,641.8000000000001,695.3912635058122
8,641.9000000000001,683.5212929818767
8,642.0,673.5514132800297
8,642.1,681.2583518615278
8,642.2,676.882773449353
8,642.3000000000001,671.7659706343737
8,642.4000000000001,657.3788810476563
8,642.5,681.0770222697093
8,642.6,588.1168914346852
8,642.7,454.5882958426666
8,642.8000000000001,661.4560266163011
8,642.9000000000001,684.3843368351812
8,643.0,620.7576001141254
8,643.1,578.4392335834194
8,643.2,695.9325097740677
8,643.3000000000001,688.5440038973333
8,643.4000000000001,681.5304254894254
8,643.5,690.7357309824553
8,643.6,673.4746296772936
8,643.7,683.6396828237399
8,643.8000000000001,679.9828587496273
8,643.9000000000001,687.8333865298838
8,644.0,676.4871320572248
8,644.1,666.5043521028115
8,644.2,668.0204569087529
8,644.3000000000001,684.5167602321013
8,644.4000000000001,690.0487377678236
8,644.5,707.6217588927816
8,644.6,678.3444534513383
8,644.7,676.7023217243064
8,644.8000000000001,627.3890542697576
8,644.9000000000001,554.7104316904084
8,645.0,680.4537863601357
8,645.1,677.1118747223709
8,645.2,687.9385282212977
8,645.3000000000001,607.9030427954392
8,645.4000000000001,485.41778962710987
8,645.5,689.2375047157788
8,645.6,685.5651468385201
8,645.7,693.6415607669311
8,645.8000000000001,663.0556494813604
8,645.9000000000001,602.3222026283584
8,646.0,696.4363230562907
8,646.1,689.7232238038624
8,646.2,624.0850793752785
8,646.3000000000001,532.3236183005349
8,646.4000000000001,681.3606615398515
8,646.5,683.7021505301714
8,646.6,696.0931256886867
8,646.7,707.4459714712902
8,646.8000000000001,704.6094794891601
8,646.9000000000001,706.8040222632927
8,647.0,699.9328918332702
8,647.1,684.7974932465182
8,647.2,680.3446644883019
8,647.3000000000001,679.5600286520399
8,647.4000000000001,678.9916855224828
8,647.5,679.1136814167702
8,647.6,697.661045416156
8,647.7,684.5349734719996
8,647.8000000000001,677.7394939844405
8,647.9000000000001,676.5931784121102
8,648.0,689.8639421245142
8,648.1,688.2151956581431
8,648.2,682.0353850763885
8,648.3000000000001,675.9920355984037
8,648.4000000000001,696.6411345087215
8,648.5,688.133744597969
8,648.6,687.8896486419054
8,648.7,701.8808769721253
8,648.8000000000001,700.9847454065958
8,648.9000000000001,694.6111356604911
8,649.0,676.1455253492738
8,649.1,686.6813696369334
8,649.2,664.0216527646079
8,649.3000000000001,686.2464291058894
8,649.4000000000001,682.9409280120412
8,649.5,693.5110720465007
8,649.6,683.4154926656698
8,649.7,680.8181727099501
8,649.8000000000001,686.3090701014311
8,649.9000000000001,683.3510520115101
8,650.0,627.408416944224
8,650.1,407.76554132893733
8,650.2,661.8589031096875
8,650.3000000000001,684.4034638324163
8,650.4000000000001,687.1458792078074
8,650.5,629.6105411266017
8,650.6,422.5548413866019
8,650.7,682.1345721873051
8,650.8000000000001,697.3010537624267
8,650.9000000000001,696.1519845475513
8,651.0,661.9098200183283
8,651.1,698.6220920919793
8,651.2,701.5777201997715
8,651.3000000000001,683.076440290477
8,651.4000000000001,683.2417339716068
8,651.5,681.7917814631086
8,651.6,704.4091440559524
8,651.7,686.6246100236335
8,651.8000000000001,693.1045181920595
8,651.9000000000001,690.8650180634056
8,652.0,693.9257075833782
8,652.1,680.8898066544027
8,652.2,663.9506496963324
8,652.3000000000001,646.4997322298506
8,652.4000000000001,676.9860776465678
8,652.5,685.969757753114
8,652.6,698.0089246184078
8,652.7,673.9135879350213
8,652.8000000000001,357.39421637773864
8,652.9000000000001,662.8100055461199
8,653.0,469.372318557676
8,653.1,696.1540011245995
8,653.2,682.9997114526604
8,653.3000000000001,684.3989348488664
8,653.4000000000001,674.0438369514852
8,653.5,687.7128720045156
8,653.6,692.9733997142268
8,653.7,697.4044094982603
8,653.8000000000001,692.5220839707818
8,653.9000000000001,661.4611880983394
8,654.0,675.2906186391217
8,654.1,499.31591779512223
8,654.2,638.1455503057294
8,654.3000000000001,711.0441829197439
8,654.4000000000001,667.0440074175949
8,654.5,674.4357870148248
8,654.6,684.7718914662117
8,654.7,680.283177499813
8,654.8000000000001,435.5269876988092
8,654.9000000000001,657.9188178495436
8,655.0,692.4190431109025
8,655.1,339.0568946586615
8,655.2,692.9496269615461
8,655.3000000000001,690.3597898873612
8,655.4000000000001,700.5359246983692
8,655.5,685.2373779460519
8,655.6,662.8199065291161
8,655.7,694.0576056371126
8,655.8000000000001,693.5669220633431
8,655.9000000000001,687.6778123121774
8,656.0,721.6664304848169
8,656.1,704.1944278155673
8,656.2,695.7704739352799
8,656.3000000000001,685.2458383597534
8,656.4000000000001,686.1235820044308
8,656.5,684.2747476143288
8,656.6,677.1451772284499
8,656.7,681.3171234944264
8,656.8000000000001,708.8637276784847
8,656.9000000000001,708.2686498673786
8,657.0,690.4654405871804
8,657.1,707.8323371979017
8,657.2,686.1623819345677
8,657.3000000000001,697.3821607860024
8,657.4000000000001,696.2233376104912
8,657.5,672.352624831219
8,657.6,536.887763671226
8,657.7,671.9497027933895
8,657.8000000000001,683.3685432506088
8,657.9000000000001,684.1506523961881
8,658.0,700.9307853033729
8,658.1,677.9543947219033
8,658.2,689.842683853348
8,658.3000000000001,695.7214632397286
8,658.4000000000001,696.7663959154618
8,658.5,538.6925183872567
8,658.6,672.9332694255902
8,658.7,609.9976004215949
8,658.8000000000001,665.3440731756375
8,658.9000000000001,687.8649410615195
8,659.0,674.0738296977352
8,659.1,697.6563981796069
8,659.2,690.1980229393087
8,659.3000000000001,688.2425201276562
8,659.4000000000001,685.8393984682612
8,659.5,679.695692472606
8,659.6,699.8389494250463
8,659.7,692.3258955860474
8,659.8000000000001,678.5996182872811
8,659.9000000000001,707.623817278103
8,660.0,698.2049180108776
8,660.1,680.504244109025
8,660.2,440.1186471171364
8,660.3000000000001,651.4231636441696
8,660.4000000000001,692.2936756016549
8,660.5,678.9839678498261
8,660.6,706.2447685336803
8,660.7,694.7569010633737
8,660.8000000000001,657.8162221926765
8,660.9000000000001,713.9853864005787
8,661.0,692.7167077804512
8,661.1,686.9664644278
8,661.2,700.3282821480941
8,661.3000000000001,702.8003378903709
8,661.4000000000001,696.1323503031299
8,661.5,712.7165173301823
8,661.6,718.8734839895108
8,661.7,697.2410282730325
8,661.8000000000001,711.7226874904566
8,661.9000000000001,712.7734579527051
8,662.0,699.9060196586062
8,662.1,705.3294230302795
8,662.2,712.780020323614
8,662.3000000000001,718.3680108521665
8,662.4000000000001,694.7549606780798
8,662.5,701.3357936941251
8,662.6,727.9336115666136
8,662.7,694.7811059354617
8,662.8000000000001,692.2287943371139
8,662.9000000000001,684.0412168320738
8,663.0,668.5577182714756
8,663.1,704.1644493020756
8,663.2,704.3135093881008
8,663.3000000000001,724.6218024740407
8,663.4000000000001,696.9209661875843
8,663.5,684.3654207872758
8,663.6,711.4638309511301
8,663.7,704.986435779881
8,663.8000000000001,709.8721940630946
8,663.9000000000001,706.5982699172597
8,664.0,691.3734859925729
8,664.1,677.0469125621789
8,664.2,693.6354093707021
8,664.3000000000001,686.6199646756828
8,664.4000000000001,692.760457170371
8,664.5,697.8219851562166
8,664.6,726.4119661739988
8,664.7,697.3668884617156
8,664.8000000000001,708.1667659984656
8,664.9000000000001,730.10349510183
8,665.0,709.8719421804233
8,665.1,686.8080531123769
8,665.2,697.2538350789408
8,665.3000000000001,685.0354072907104
8,665.4000000000001,672.5588371113636
8,665.5,692.2386055919266
8,665.6,701.7071260631643
8,665.7,699.685468382872
8,665.8000000000001,682.5256871178839
8,665.9000000000001,668.9936923988927
8,666.0,679.3082315178806
8,666.1,693.9865044323083
8,666.2,712.2105886218068
8,666.3000000000001,727.7352224341679
8,666.4000000000001,709.1447789246172
8,666.5,707.6038869937406
8,666.6,695.231267538611
8,666.7,709.1780878663736
8,666.8000000000001,489.32041835451224
8,666.9000000000001,531.7205760928673
8,667.0,674.4159322420722
8,667.1,694.8606926381278
8,667.2,698.5508933320131
8,667.3000000000001,687.9420760287381
8,667.4000000000001,693.9818787764455
8,667.5,708.6950925515645
8,667.6,711.599216810699
8,667.7,702.1191076683347
8,667.8000000000001,695.3812294746823
8,667.9000000000001,703.7784655674781
8,668.0,706.8764600274425
8,668.1,699.9864045826107
8,668.2,714.7971461748884
8,668.3000000000001,713.9076889047527
8,668.4000000000001,694.8910829552075
8,668.5,705.8734849511036
8,668.6,707.5111412110643
8,668.7,699.3556590312756
8,668.8000000000001,701.8647023947251
8,668.9000000000001,701.4592730129804
8,669.0,494.2825316601949
8,669.1,513.2425578654986
8,669.2,709.4539643701506
8,669.3000000000001,718.9288604336616
8,669.4000000000001,702.1490759113397
8,669.5,703.4989036977128
8,669.6,693.9438541137703
8,669.7,694.8820748444444
8,669.8000000000001,714.7849691337933
8,669.9000000000001,697.9715352309394
8,670.0,696.3334345390898
8,670.1,699.7433655801735
8,670.2,511.7936185267345
8,670.3000000000001,520.2474979011942
8,670.4000000000001,710.441718406465
8,670.5,696.0357029159519
8,670.6,698.1836660545862
8,670.7,707.6164690686778
8,670.8000000000001,701.4259310135575
8,670.9000000000001,697.6498149274516
8,671.0,696.034491492555
8,671.1,663.5134438553151
8,671.2,647.5025839464495
8,671.3000000000001,702.3298523396762
8,671.4000000000001,707.8521881426396
8,671.5,692.669319871071
8,671.6,706.5891136731893
8,671.7,697.8262475049642
8,671.8000000000001,704.1797237674335
8,671.9000000000001,719.4691847281318
8,672.0,713.4394989929436
8,672.1,697.9764105032182
8,672.2,703.2629518712292
8,672.3000000000001,676.4613454038907
8,672.4000000000001,649.8331976224488
8,672.5,684.7398118277392
8,672.6,686.3482613311611
8,672.7,687.5407870579799
8,672.8000000000001,689.8002628340607
8,672.9000000000001,708.2894049152462
8,673.0,710.3173624833238
8,673.1,696.2212563226944
8,673.2,706.3619341849403
8,673.3000000000001,671.6295135332084
8,673.4000000000001,672.9597722836212
8,673.5,728.7731069034478
8,673.6,588.1575634267138
8,673.7,340.77184823709644
8,673.8000000000001,450.8085222115941
8,673.9000000000001,698.6007311185213
8,674.0,540.2421150028665
8,674.1,444.26994705068415
8,674.2,674.844265765141
8,674.3000000000001,668.5497862676167
8,674.4000000000001,668.8824615771796
8,674.5,694.6717254450725
8,674.6,696.3685383931362
8,674.7,690.4574209786257
8,674.8000000000001,689.9479305925137
8,674.9000000000001,684.8960696169208
8,675.0,674.5056899230899
8,675.1,697.6850427963807
8,675.2,704.5838907818154
8,675.3000000000001,680.3773683028895
8,675.4000000000001,679.5844256018866
8,675.5,685.6274463539546
8,675.6,685.5998354397766
8,675.7,674.2351925290473
8,675.8000000000001,652.3503014567792
8,675.9000000000001,627.0116394393723
8,676.0,677.7511474742757
8,676.1,683.405707662265
8,676.2,687.3617925789417
8,676.3000000000001,681.8290103305249
8,676.4000000000001,683.8146379887778
8,676.5,647.7806979902227
8,676.6,663.6150460316616
8,676.7,689.959722234313
8,676.8000000000001,683.981966148993
8,676.9000000000001,687.321432030561
8,677.0,678.7413704068151
8,677.1,677.2092402314792
8,677.2,679.2693469700345
8,677.3000000000001,683.4563376266243
8,677.4000000000001,689.6438239857641
8,677.5,696.8528374083681
8,677.6,688.3513748587861
8,677.7,674.4896033318917
8,677.8000000000001,686.7384977889352
8,677.9000000000001,678.4512817810602
8,678.0,614.4061363323415
8,678.1,394.8088056541718
8,678.2,544.1981493975904
8,678.3000000000001,670.712472974116
8,678.4000000000001,691.7467880784737
8,678.5,686.2441014350426
8,678.6,670.657373894122
8,678.7,671.4056794840598
8,678.8000000000001,666.5683859672982
8,678.9000000000001,714.1678316763787
8,679.0,915.1364050171527
8,679.1,1012.6398225581647
8,679.2,630.4065658434479
8,679.3000000000001,664.7115655734179
8,679.4000000000001,677.3756549523412
8,679.5,649.8818945946525
8,679.6,676.7258027621693
8,679.7,686.6726299300285
8,679.8000000000001,642.8228314972649
8,679.9000000000001,450.43783358408166
8,680.0,671.8127863745195
8,680.1,695.4479067541362
8,680.2,683.3706349722676
8,680.3000000000001,688.2047370618401
8,680.4000000000001,671.4775847608247
8,680.5,710.9279564787433
8,680.6,666.0316159370446
8,680.7,659.9225706872643
8,680.8000000000001,676.6072190126172
8,680.9000000000001,686.4087966648519
8,681.0,682.0458979359191
8,681.1,680.0560577522062
8,681.2,681.0413864848754
8,681.3000000000001,714.8131195279664
8,681.4000000000001,661.688460824456
8,681.5,672.4199653491646
8,681.6,666.3406131827088
8,681.7,667.9734289268625
8,681.8000000000001,664.8695642558976
8,681.9000000000001,673.8498195067168
8,682.0,667.1582118963271
8,682.1,641.2836977405245
8,682.2,647.9623495865713
8,682.3000000000001,667.3928144210139
8,682.4000000000001,676.3968396083956
8,682.5,665.7089057222292
8,682.6,642.9813647202351
8,682.7,657.0351730000015
8,682.8000000000001,660.62868933455
8,682.9000000000001,670.2322697302136
8,683.0,682.7049081817316
8,683.1,637.0699932061094
8,683.2,669.3201122283181
8,683.3000000000001,649.090715902137
8,683.4000000000001,668.4670135018921
8,683.5,640.7230763608871
8,683.6,641.1875820474442
8,683.7,320.8410330641178
8,683.8000000000001,676.8315809702586
8,683.9000000000001,672.869273823107
8,684.0,668.856811545585
8,684.1,656.8866387581636
8,684.2,653.5918632906444
8,684.3000000000001,672.8828967700249
8,684.4000000000001,660.361030068601
8,684.5,660.2052329343101
8,684.6,681.2499012356432
8,684.7,682.2034175987069
8,684.8000000000001,676.2536063137692
8,684.9000000000001,672.9658388801078
8,685.0,678.7442286747869
8,685.1,647.717316584057
8,685.2,652.7728807875934
8,685.3000000000001,648.4163546619664
8,685.4000000000001,655.9712854152497
8,685.5,675.5090472588396
8,685.6,661.4464082643653
8,685.7,664.7266453707463
8,685.8000000000001,680.1852042213098
8,685.9000000000001,666.218319882547
8,686.0,673.1994940135235
8,686.1,681.8187707617049
8,686.2,665.721425368198
8,686.3000000000001,597.9618012403284
8,686.4000000000001,656.1239768292359
8,686.5,682.0857529607403
8,686.6,709.5050371989169
8,686.7,676.882394281028
8,686.8000000000001,654.4954091887287
8,686.9000000000001,382.29669623994874
8,687.0,659.5174801843837
8,687.1,648.5703140142008
8,687.2,654.4818546225666
8,687.3000000000001,433.8628256937238
8,687.4000000000001,379.7018214567808
8,687.5,652.7238650317563
8,687.6,657.1332313132544
8,687.7,676.9596654834573
8,687.8000000000001,670.8331198681972
8,687.9000000000001,667.1964048946993
8,688.0,453.94912787140277
8,688.1,643.116978678331
8,688.2,663.1121656573035
8,688.3000000000001,423.20351239764346
8,688.4000000000001,636.2781515023988
8,688.5,661.1039804855739
8,688.6,612.6634629766006
8,688.7,663.0722727000159
8,688.8000000000001,664.3543469290058
8,688.9000000000001,666.8367013633737
8,689.0,625.7239290763077
8,689.1,668.3862820926132
8,689.2,668.164232498839
8,689.3000000000001,684.053144077987
8,689.4000000000001,666.4138669072895
8,689.5,693.275196729435
8,689.6,687.4871564844343
8,689.7,415.13567267575047
8,689.8000000000001,612.6341863205458
8,689.9000000000001,672.4681126750256
8,690.0,399.9139204314567
8,690.1,311.86097278754164
8,690.2,596.8010028587381
8,690.3000000000001,667.9863152551374
8,690.4000000000001,682.10269400746
8,690.5,681.9590178571428
8,690.6,684.016480067274
8,690.7,676.957856680439
8,690.8000000000001,642.3698400588638
8,690.9000000000001,438.4181239915608
8,691.0,601.5432534624786
8,691.1,678.5567915595396
8,691.2,666.2697882162275
8,691.3000000000001,679.3932323474708
8,691.4000000000001,663.7557690985458
8,691.5,529.5076205208718
8,691.6,374.5276218325727
8,691.7,412.45044816519265
8,691.8000000000001,367.35093183913966
8,691.9000000000001,578.0784273375097
8,692.0,395.65769877738495
8,692.1,558.4581654045497
8,692.2,677.0315876470564
8,692.3000000000001,668.5340296794365
8,692.4000000000001,670.6693668100951
8,692.5,645.5926143715171
8,692.6,620.0847080441542
8,692.7,660.1679557021306
8,692.8000000000001,686.4283709268741
8,692.9000000000001,676.7697206738326
8,693.0,428.6677943628216
8,693.1,590.7861274181365
8,693.2,675.5025658953173
8,693.3000000000001,666.4800944881224
8,693.4000000000001,670.6538879645561
8,693.5,671.7546740403507
8,693.6,534.2250099471393
8,693.7,568.7111323356021
8,693.8000000000001,379.5201847110044
8,693.9000000000001,530.1144598373368
8,694.0,643.8456672735367
8,694.1,640.4690445289908
8,694.2,661.9582101841299
8,694.3000000000001,662.8432996886219
8,694.4000000000001,671.1264401813618
8,694.5,671.2277238323268
8,694.6,668.8787656763716
8,694.7,679.5573014051676
8,694.8000000000001,700.4831796598622
8,694.9000000000001,435.4084222148253
8,695.0,534.2809737833337
8,695.1,670.7063134096143
8,695.2,650.6190809220068
8,695.3000000000001,646.324628020074
8,695.4000000000001,682.4551321812174
8,695.5,686.8077314446634
8,695.6,667.4735322196833
8,695.7,673.4409235780466
8,695.8000000000001,674.0732340350031
8,695.9000000000001,667.9446345128778
8,696.0,677.2280393551107
8,696.1,669.1017178404694
8,696.2,669.4297156388014
8,696.3000000000001,694.9746862570701
8,696.4000000000001,691.2583311853704
8,696.5,662.3705107997998
8,696.6,665.1624935442208
8,696.7,668.5816159740283
8,696.8000000000001,654.9382647309847
8,696.9000000000001,648.5493446066953
8,697.0,655.6349366247938
8,697.1,668.5834190340075
8,697.2,674.5926290949809
8,697.3000000000001,666.96352443606
8,697.4000000000001,658.6186470586237
8,697.5,669.3613928700881
8,697.6,674.5157251015453
8,697.7,676.311346963674
8,697.8000000000001,675.7965187521964
8,697.9000000000001,662.6479693387256
8,698.0,653.4193329743947
8,698.1,657.9776462347188
8,698.2,654.6776666666591
8,698.3000000000001,651.1669673441828
8,698.4000000000001,669.4387588859305
8,698.5,674.0721591746693
8,698.6,658.0542709456976
8,698.7,650.5917629239017
8,698.8000000000001,674.4496714441087
8,698.9000000000001,696.194000903041
8,699.0,695.7831252276119
8,699.1,695.1855959250473
8,699.2,679.8596489570094
8,699.3000000000001,679.7650123943445
8,699.4000000000001,691.4478010965876
8,699.5,681.2077707580023
8,699.6,672.2013971961634
8,699.7,681.8785298657953
8,699.8000000000001,680.8209197022073
8,699.9000000000001,661.2588208985351
8,700.0,674.893075321074
8,700.1,691.3760472017696
8,700.2,688.4769188703416
8,700.3000000000001,682.5146312694769
8,700.4000000000001,678.0229800264938
8,700.5,679.7102209523238
8,700.6,677.4310845470869
8,700.7,675.9924334692473
8,700.8000000000001,666.2273752571663
8,700.9000000000001,667.163095679536
8,701.0,680.9503724307481
8,701.1,684.2921017879573
8,701.2,687.3965209983478
8,701.3000000000001,681.0469121489942
8,701.4000000000001,672.620517063467
8,701.5,675.0570509050367
8,701.6,691.8116198952821
8,701.7,696.7198561561997
8,701.8000000000001,684.0003056276994
8,701.9000000000001,677.1272314905258
8,702.0,685.6472451604604
8,702.1,665.3868944680784
8,702.2,657.9741413748908
8,702.3000000000001,664.2450354531607
8,702.4000000000001,675.2657058467339
8,702.5,666.2840487293325
8,702.6,657.0733254284307
8,702.7,621.365839175833
8,702.8000000000001,597.6821390401205
8,702.9000000000001,665.2065603115791
8,703.0,657.507912940518
8,703.1,656.4600064509037
8,703.2,650.3357962535846
8,703.3000000000001,623.9367486383435
8,703.4000000000001,588.511946892005
8,703.5,649.2278531677409
8,703.6,663.2762076468723
8,703.7,676.478276579115
8,703.8000000000001,671.8935873585679
8,703.9000000000001,650.2136950618537
8,704.0,615.5060984662957
8,704.1,670.9476513644346
8,704.2,675.6710827850495
8,704.3000000000001,623.8141473062431
8,704.4000000000001,588.6923423750012
8,704.5,682.3745932576958
8,704.6,686.6516151636094
8,704.7,679.5865599767623
8,704.8000000000001,692.312811523871
8,704.9000000000001,681.8699488113828
8,705.0,680.2212212963029
8,705.1,670.6226272549952
8,705.2,683.8324782087203
8,705.3000000000001,676.7943031496492
8,705.4000000000001,669.2835632330845
8,705.5,666.3225117518848
8,705.6,664.2783501206662
8,705.7,677.9036921102469
8,705.8000000000001,665.4453143507163
8,705.9000000000001,669.7873679906724
8,706.0,689.9599297998295
8,706.1,679.7571364705783
8,706.2,681.539075086006
8,706.3000000000001,662.8111188334503
8,706.4000000000001,641.986696113292
8,706.5,667.6464289122523
8,706.6,650.3572950957038
8,706.7,668.0733620635223
8,706.8000000000001,686.1008787204269
8,706.9000000000001,716.2368346113018
8,707.0,693.1401009450591
8,707.1,681.7138670845873
8,707.2,675.2432823538833
8,707.3000000000001,663.8259876460509
8,707.4000000000001,683.5157164433343
8,707.5,698.3485730127542
8,707.6,685.0710787329814
8,707.7,689.6995873106621
8,707.8000000000001,690.5419330063037
8,707.9000000000001,693.7574896279258
8,708.0,678.5803043242097
8,708.1,674.094982938493
8,708.2,664.1558162755041
8,708.3000000000001,676.6685130614984
8,708.4000000000001,689.047802543932
8,708.5,660.1873489929853
8,708.6,669.7784764118201
8,708.7,675.6051238205888
8,708.8000000000001,665.3983935538276
8,708.9000000000001,665.7252673983604
8,709.0,670.356091214591
8,709.1,667.539248948415
8,709.2,646.1774114505428
8,709.3000000000001,696.0941846970856
8,709.4000000000001,681.832518867285
8,709.5,680.4070237329483
8,709.6,679.6773488646573
8,709.7,673.0204444029317
8,709.8000000000001,687.4583024770766
8,709.9000000000001,643.1754090537493
8,710.0,668.3093310903353
8,710.1,677.8126158418512
8,710.2,671.4775804464246
8,710.3000000000001,678.0211510612014
8,710.4000000000001,660.3030770388252
8,710.5,694.2565063645482
8,710.6,666.7072119807756
8,710.7,686.8586068148558
8,710.8000000000001,656.0921218423379
8,710.9000000000001,612.4290793473098
8,711.0,689.5080102930215
8,711.1,670.9540969405355
8,711.2,690.6856864916535
8,711.3000000000001,697.6603558149686
8,711.4000000000001,698.2519210898126
8,711.5,681.6491939317127
8,711.6,682.8498423322906
8,711.7,674.4290184691439
8,711.8000000000001,696.5769871098834
8,711.9000000000001,681.4929850876978
8,712.0,681.1207284414223
8,712.1,689.6607837397984
8,712.2,672.1063061963537
8,712.3000000000001,667.4694221392068
8,712.4000000000001,663.797321727168
8,712.5,673.1956698612809
8,712.6,686.727340150713
8,712.7,680.7023307828521
8,712.8000000000001,612.1205657111474
8,712.9000000000001,679.9510469552208
8,713.0,665.2131556229958
8,713.1,697.0247663625734
8,713.2,680.4443695596782
8,713.3000000000001,684.1259383008501
8,713.4000000000001,690.0250428614024
8,713.5,691.4634384809094
8,713.6,677.2243906157207
8,713.7,650.9348534276023
8,713.8000000000001,669.8612318212547
8,713.9000000000001,664.5496974743011
8,714.0,590.3519147623313
8,714.1,682.8715830610138
8,714.2,692.6173524704379
8,714.3000000000001,674.6389331470973
8,714.4000000000001,654.106505918263
8,714.5,682.9769980302176
8,714.6,680.436777019248
8,714.7,682.7096245639372
8,714.8000000000001,702.7535227716888
8,714.9000000000001,674.3922754082998
8,715.0,681.543369128316
8,715.1,680.9472251145878
8,715.2,674.0715983494897
8,715.3000000000001,677.8589167383928
8,715.4000000000001,678.8322248457984
8,715.5,691.8101335091505
8,715.6,691.0309993409966
8,715.7,697.6481778558071
8,715.8000000000001,687.3120648862947
8,715.9000000000001,695.1878663712541
8,716.0,683.6563436253698
8,716.1,683.3662795320804
8,716.2,694.254996287169
8,716.3000000000001,675.303459688816
8,716.4000000000001,681.8136796381841
8,716.5,683.4227370836257
8,716.6,688.7651935688855
8,716.7,695.3237337840669
8,716.8000000000001,689.2411649609231
8,716.9000000000001,681.317468722316
8,717.0,695.5766803159961
8,717.1,678.201310289488
8,717.2,689.1054157697697
8,717.3000000000001,640.5129250517735
8,717.4000000000001,676.6962610309362
8,717.5,687.7247136764125
8,717.6,697.0783953076856
8,717.7,686.8055458543884
8,717.8000000000001,687.4792927668361
8,717.9000000000001,664.3068442007368
8,718.0,686.5940688800002
8,718.1,353.7583131641385
8,718.2,590.3917226298984
8,718.3000000000001,693.653684036282
8,718.4000000000001,700.8332761526311
8,718.5,680.302141846354
8,718.6,639.3725325047367
8,718.7,671.8909892835165
8,718.8000000000001,632.5195370020948
8,718.9000000000001,618.2618398686117
8,719.0,667.5410502633215
8,719.1,681.1245863364666
8,719.2,696.0080870912475
8,719.3000000000001,689.3065726091407
8,719.4000000000001,692.7000750596856
8,719.5,711.7407908740719
8,719.6,682.4835654999476
8,719.7,676.341929104806
8,719.8000000000001,680.0899155293204
8,719.9000000000001,697.9382567310657
8,720.0,683.048948186852
8,720.1,715.3763094281027
8,720.2,720.6606336853104
8,720.3000000000001,699.4151969170853
8,720.4000000000001,702.1768846046191
8,720.5,695.7043932070122
8,720.6,685.2955143937422
8,720.7,685.3110500552774
8,720.8000000000001,682.7211653973865
8,720.9000000000001,629.6533967315784
8,721.0,559.4276359717098
8,721.1,641.563691818633
8,721.2,688.3363860163784
8,721.3000000000001,698.0379701073147
8,721.4000000000001,689.9029897439924
8,721.5,675.4653390699037
8,721.6,661.3633347542834
8,721.7,687.1644731526445
8,721.8000000000001,690.1116525796906
8,721.9000000000001,690.6142147815219
8,722.0,693.1363507290775
8,722.1,688.8271284971313
8,722.2,680.7915420754678
8,722.3000000000001,687.0844584430722
8,722.4000000000001,701.0882758280062
8,722.5,698.5171465100323
8,722.6,679.2841579100293
8,722.7,677.2945441498823
8,722.8000000000001,671.8656702979691
8,722.9000000000001,680.6922312678003
8,723.0,688.6125346887529
8,723.1,687.0617853609025
8,723.2,683.4393047396238
8,723.3000000000001,704.9416146311828
8,723.4000000000001,691.6240847463414
8,723.5,677.7898861321868
8,723.6,691.4127219180219
8,723.7,691.0347372201892
8,723.8000000000001,687.724412979737
8,723.9000000000001,697.7057443769044
8,724.0,700.4770276140453
8,724.1,696.8102378157415
8,724.2,701.8490691974526
8,724.3000000000001,702.5028605614142
8,724.4000000000001,700.7990149943657
8,724.5,702.9199572087244
8,724.6,681.6863880892001
8,724.7,679.4646314184779
8,724.8000000000001,698.6490148762435
8,724.9000000000001,514.1189193678705
8,725.0,581.4921900757139
8,725.1,695.0595647927736
8,725.2,682.8419569187802
8,725.3000000000001,672.1571421046716
8,725.4000000000001,700.3442018011842
8,725.5,697.5580124793619
8,725.6,691.1338127655663
8,725.7,687.0150564212669
8,725.8000000000001,682.7453631971044
8,725.9000000000001,683.142057558337
8,726.0,689.3331566966838
8,726.1,680.6470661633451
8,726.2,675.4552869787746
8,726.3000000000001,682.7587895514661
8,726.4000000000001,688.9396937705114
8,726.5,698.411693825431
8,726.6,698.0643005848319
8,726.7,687.1789111743168
8,726.8000000000001,699.3126282045739
8,726.9000000000001,706.5088261320259
8,727.0,694.1239028250957
8,727.1,689.7707630116337
8,727.2,690.7298793179588
8,727.3000000000001,698.7116288660783
8,727.4000000000001,695.8480355231092
8,727.5,693.7589253140166
8,727.6,698.5519710175174
8,727.7,691.2078265983139
8,727.8000000000001,681.9939075466133
8,727.9000000000001,687.0654307473246
8,728.0,681.7245265528246
8,728.1,690.0980798069443
8,728.2,647.7366001261944
8,728.3000000000001,648.6070078839
8,728.4000000000001,702.604733679855
8,728.5,703.5178879761763
8,728.6,707.2848726231305
8,728.7,698.9470375669586
8,728.8000000000001,679.2183813954591
8,728.9000000000001,674.0145844368695
8,729.0,678.2900533094147
8,729.1,710.4665400470385
8,729.2,715.3180075947926
8,729.3000000000001,696.1139107453303
8,729.4000000000001,683.632605842826
8,729.5,684.0092392299244
8,729.6,688.4458576408514
8,729.7,675.2669473199707
8,729.8000000000001,682.013635152699
8,729.9000000000001,682.7980324781851
8,730.0,682.8682281559412
8,730.1,700.3456750115578
8,730.2,701.0858262226897
8,730.3000000000001,690.0936052025545
8,730.4000000000001,683.435340513801
8,730.5,594.3938648238704
8,730.6,566.6645416406421
8,730.7,668.2906938373972
8,730.8000000000001,684.821801593237
8,730.9000000000001,684.9835997033571
8,731.0,674.1672718945689
8,731.1,692.2894623542618
8,731.2,692.5451018103107
8,731.3000000000001,679.7429498034563
8,731.4000000000001,679.8355663942859
8,731.5,684.6626515068493
8,731.6,700.115930770905
8,731.7,700.1900570544177
8,731.8000000000001,557.478203338528
8,731.9000000000001,496.5609723835332
8,732.0,660.3445664752413
8,732.1,662.2401068276475
8,732.2,677.1644441116712
8,732.3000000000001,692.1739552525918
8,732.4000000000001,691.7464800678433
8,732.5,697.0577289481146
8,732.6,695.0226006394116
8,732.7,688.379793655384
8,732.8000000000001,686.52153591844
8,732.9000000000001,678.5117613046323
8,733.0,685.9235355772231
8,733.1,682.0260683141079
8,733.2,693.1521261035365
8,733.3000000000001,701.3102650260473
8,733.4000000000001,691.7060986154524
8,733.5,683.3332675703361
8,733.6,696.6339201729611
8,733.7,700.2613478707237
8,733.8000000000001,688.4720718685121
8,733.9000000000001,657.3665186953779
8,734.0,624.6736639829065
8,734.1,681.9173064476429
8,734.2,667.1735657073006
8,734.3000000000001,678.3650248142682
8,734.4000000000001,705.0748101702012
8,734.5,693.6528301302586
8,734.6,684.1505562162154
8,734.7,687.9847735148475
8,734.8000000000001,689.433056597903
8,734.9000000000001,671.8597060398389
8,735.0,663.02485331942
8,735.1,684.3627341989288
8,735.2,667.3632454766791
8,735.3000000000001,666.3218990903382
8,735.4000000000001,665.6249068907379
8,735.5,664.6625356774084
8,735.6,663.4447230570629
8,735.7,676.9828770188655
8,735.8000000000001,666.8031124074595
8,735.9000000000001,681.1540618340778
8,736.0,672.1075494627754
8,736.1,669.8737547403284
8,736.2,675.4966928410583
8,736.3000000000001,672.6129072727409
8,736.4000000000001,685.7427108210835
8,736.5,598.3076885721978
8,736.6,392.4032906239284
8,736.7,678.0064187955046
8,736.8000000000001,683.056919239126
8,736.9000000000001,685.2430057898114
8,737.0,679.6694883437639
8,737.1,676.9972777334166
8,737.2,685.7993572351658
8,737.3000000000001,661.1007678783091
8,737.4000000000001,663.0162921334501
8,737.5,668.2651292363545
8,737.6,674.8724317763056
8,737.7,669.0151215640896
8,737.8000000000001,658.3833150546749
8,737.9000000000001,670.6607344837167
8,738.0,654.9049811983772
8,738.1,650.9828358207687
8,738.2,634.6859900664854
8,738.3000000000001,647.2290611198009
8,738.4000000000001,553.7038022395444
8,738.5,657.8692711094169
8,738.6,660.2762825035095
8,738.7,665.3445194562447
8,738.8000000000001,659.907331679157
8,738.9000000000001,672.1388342178365
8,739.0,660.5050722713619
8,739.1,661.9505691636232
8,739.2,620.6951975736944
8,739.3000000000001,335.2797970514207
8,739.4000000000001,387.34583554374564
8,739.5,654.4966593880744
8,739.6,641.3710554085632
8,739.7,515.0631826108371
8,739.8000000000001,657.1097486981787
8,739.9000000000001,669.4392086012107
8,740.0,650.0773151867584
8,740.1,655.375630272871
8,740.2,660.0508850758883
8,740.3000000000001,658.8241105633786
8,740.4000000000001,666.2812423341896
8,740.5,675.451165422687
8,740.6,672.5148354088823
8,740.7,645.5178850382005
8,740.8000000000001,670.4691394947981
8,740.9000000000001,681.2254585574296
8,741.0,667.6582770066672
8,741.1,659.094349301211
8,741.2,643.9642557810254
8,741.3000000000001,649.317333106579
8,741.4000000000001,655.5376057163639
8,741.5,658.2164414926056
8,741.6,565.8028966229211
8,741.7,666.5501597806502
8,741.8000000000001,650.0805252885604
8,741.9000000000001,645.3510342411008
8,742.0,660.2811435510856
8,742.1,664.063562279053
8,742.2,654.8961048424062
8,742.3000000000001,653.166905272879
8,742.4000000000001,533.630370050835
8,742.5,642.1858380515187
8,742.6,700.0434875242139
8,742.7,691.5225876432826
8,742.8000000000001,683.5296701690323
8,742.9000000000001,680.8688079721755
8,743.0,673.0177156025312
8,743.1,670.284793387571
8,743.2,667.0030802831661
8,743.3000000000001,664.9553109696469
8,743.4000000000001,693.4336767464843
8,743.5,677.7110063618707
8,743.6,690.1570605881026
8,743.7,693.3441232661863
8,743.8000000000001,662.5255071153798
8,743.9000000000001,680.442830376944
8,744.0,683.4331681341719
8,744.1,676.6029289253836
8,744.2,680.5626133560147
8,744.3000000000001,698.9411471441214
8,744.4000000000001,327.72764932759077
8,744.5,654.3096892131058
8,744.6,664.577667824161
8,744.7,684.0079790861075
8,744.8000000000001,705.3255960037652
8,744.9000000000001,570.5580690122403
8,745.0,676.706044542581
8,745.1,674.985866369572
8,745.2,662.4519897401145
8,745.3000000000001,647.986450687055
8,745.4000000000001,666.5958097500389
8,745.5,679.8203544722871
8,745.6,695.5340181120912
8,745.7,699.894211742701
8,745.8000000000001,682.3997440978534
8,745.9000000000001,719.3936482263051
8,746.0,687.4777795284595
8,746.1,694.6177331634457
8,746.2,699.6503706881907
8,746.3000000000001,656.0080606583595
8,746.4000000000001,684.346350207919
8,746.5,691.189318315657
8,746.6,696.1889659881136
8,746.7,688.0237069701689
8,746.8000000000001,680.9962044721423
8,746.9000000000001,701.7775808725415
8,747.0,687.2623054351451
8,747.1,699.4004236663286
8,747.2,703.7792423215749
8,747.3000000000001,684.3851878620536
8,747.4000000000001,690.2237552093047
8,747.5,699.033634331285
8,747.6,692.0338273616172
8,747.7,713.8807347369443
8,747.8000000000001,715.1148373054458
8,747.9000000000001,705.3899647405724
8,748.0,694.5613198858837
8,748.1,673.3092009167134
8,748.2,686.2180215858335
8,748.3000000000001,683.9334600159096
8,748.4000000000001,630.0945343974655
8,748.5,707.2856653628929
8,748.6,688.7670753422013
8,748.7,687.5887037204693
8,748.8000000000001,693.8231673629284
8,748.9000000000001,696.4834880413808
8,749.0,702.3657300282044
8,749.1,707.3172624579599
8,749.2,698.1804785688706
8,749.3000000000001,714.7377302378538
8,749.4000000000001,680.754031763198
8,749.5,685.7925322444624
8,749.6,708.3945030011442
8,749.7,688.467924692727
8,749.8000000000001,678.5633793475045
8,749.9000000000001,679.1269584434882
8,750.0,641.487395985267
8,750.1,685.7830907582395
8,750.2,703.6446770646601
8,750.3000000000001,683.467701740985
8,750.4000000000001,688.8227921182034
8,750.5,704.842458480435
8,750.6,684.758374600689
8,750.7,674.0818379231296
8,750.8000000000001,691.4493413362144
8,750.9000000000001,665.9675210968672
8,751.0,684.662829956693
8,751.1,645.6620849796119
8,751.2,681.523439375711
8,751.3000000000001,692.6232582432857
8,751.4000000000001,694.8012247479498
8,751.5,449.0889113395775
8,751.6,634.6331967064651
8,751.7,711.3399211432292
8,751.8000000000001,704.6080056653495
8,751.9000000000001,614.8232317909219
8,752.0,671.127708995325
8,752.1,694.6527032079932
8,752.2,705.1732653956714
8,752.3000000000001,436.6892026922007
8,752.4000000000001,618.1972833626633
8,752.5,705.1203233816645
8,752.6,699.9519670101695
8,752.7,684.7220030639345
8,752.8000000000001,615.5609940583809
8,752.9000000000001,655.2920822585694
8,753.0,692.2986741679557
8,753.1,696.5896740133165
8,753.2,676.5211557477069
8,753.3000000000001,653.5612715197971
8,753.4000000000001,685.3557573588288
8,753.5,693.2141887602235
8,753.6,689.3707162393239
8,753.7,669.3935930196122
8,753.8000000000001,672.8482737887515
8,753.9000000000001,693.4723537866777
8,754.0,682.3576233994554
8,754.1,672.5128955654856
8,754.2,679.938959891175
8,754.3000000000001,696.0733302982293
8,754.4000000000001,685.6849798756735
8,754.5,677.9495260324229
8,754.6,680.8091526940955
8,754.7,698.7549401443671
8,754.8000000000001,691.8353748031468
8,754.9000000000001,693.2944189833837
8,755.0,696.3295510949688
8,755.1,681.952920480006
8,755.2,692.8690391851452
8,755.3000000000001,697.1424720474337
8,755.4000000000001,706.9453311006347
8,755.5,695.0881940110061
8,755.6,688.0941155224381
8,755.7,640.0346367565753
8,755.8000000000001,646.0524375876453
8,755.9000000000001,698.5064515187876
8,756.0,695.2288327522818
8,756.1,685.4242154214132
8,756.2,690.180029738166
8,756.3000000000001,695.7119830467676
8,756.4000000000001,706.9765295713609
8,756.5,695.7446717810111
8,756.6,674.8010702009425
8,756.7,684.5278614989654
8,756.8000000000001,682.6429316736462
8,756.9000000000001,671.4576450916493
8,757.0,680.8760359418194
8,757.1,683.1875587523348
8,757.2,682.6002748212032
8,757.3000000000001,496.45750701094687
8,757.4000000000001,505.8605807484132
8,757.5,700.9143048174577
8,757.6,621.0093685420062
8,757.7,607.2856060105009
8,757.8000000000001,637.5972906249118
8,757.9000000000001,638.5518723686771
8,758.0,901.6887836122042
8,758.1,914.5346280914041
8,758.2,681.5222599275295
8,758.3000000000001,689.193844389611
8,758.4000000000001,693.0260166601864
8,758.5,694.2420495600608
8,758.6,686.2273539025896
8,758.7,682.5378332841916
8,758.8000000000001,690.1338222215785
8,758.9000000000001,685.0992127267781
8,759.0,689.9941619807356
8,759.1,695.3875273296861
8,759.2,689.4156667788089
8,759.3000000000001,679.5541048179717
8,759.4000000000001,671.5699048401207
8,759.5,668.9667043439315
8,759.6,673.5399362091023
8,759.7,671.9154176130074
8,759.8000000000001,676.733169504319
8,759.9000000000001,669.9808701243351
8,760.0,529.1395847257758
8,760.1,477.6704810322971
8,760.2,660.2282946395387
8,760.3000000000001,682.0318803237834
8,760.4000000000001,676.232542390997
8,760.5,672.1409581784873
8,760.6,675.4749812695976
8,760.7,688.5612705159313
8,760.8000000000001,698.1539424216749
8,760.9000000000001,698.5525486716912
8,761.0,679.8029952614764
8,761.1,661.462788136025
8,761.2,677.548693964298
8,761.3000000000001,690.2077392197184
8,761.4000000000001,684.2780964090356
8,761.5,668.3870656082507
8,761.6,674.5192286679835
8,761.7,673.994846869379
8,761.8000000000001,665.169188794357
8,761.9000000000001,670.7000605013125
8,762.0,673.1840347377267
8,762.1,678.2111656111582
8,762.2,683.7743416109686
8,762.3000000000001,580.5746477960525
8,762.4000000000001,471.39274427140487
8,762.5,681.6902624062983
8,762.6,679.4933739838752
8,762.7,677.1793748755921
8,762.8000000000001,692.0445020297482
8,762.9000000000001,672.664891982843
8,763.0,683.1105722119006
8,763.1,684.3909615089511
8,763.2,674.3988401490424
8,763.3000000000001,685.0118253655613
8,763.4000000000001,681.626903298973
8,763.5,674.8453175860146
8,763.6,680.3052237132944
8,763.7,681.8684037435072
8,763.8000000000001,701.501593461034
8,763.9000000000001,677.8071044590315
8,764.0,726.21113506444
8,764.1,691.7546066933326
8,764.2,704.2107438438945
8,764.3000000000001,674.3020032166676
8,764.4000000000001,693.1253960571784
8,764.5,714.9817157164025
8,764.6,674.2132090861129
8,764.7,676.34603201692
8,764.8000000000001,676.5596579963924
8,764.9000000000001,687.0885170608664
8,765.0,684.9727118286432
8,765.1,674.170910694089
8,765.2,689.1038698594226
8,765.3000000000001,692.4689760180758
8,765.4000000000001,701.1203649506191
8,765.5,692.470208163352
8,765.6,686.6458141004438
8,765.7,667.0157065681811
8,765.8000000000001,601.7755360993441
8,765.9000000000001,696.1877041464385
8,766.0,686.9330268039666
8,766.1,686.0886050704775
8,766.2,673.9515956024892
8,766.3000000000001,663.9307666723109
8,766.4000000000001,674.7725696916032
8,766.5,666.3551673368271
8,766.6,682.3036509106636
8,766.7,683.8611237604932
8,766.8000000000001,690.5413459136847
8,766.9000000000001,683.2067675069816
8,767.0,683.1660568806641
8,767.1,655.061919465418
8,767.2,595.9395249932301
8,767.3000000000001,419.5470593225942
8,767.4000000000001,671.9384971820617
8,767.5,661.8382955675702
8,767.6,665.8837037239138
8,767.7,676.2867107379737
8,767.8000000000001,671.1947548218931
8,767.9000000000001,687.1924192288781
8,768.0,650.4590995428547
8,768.1,638.7606872276431
8,768.2,655.7835762673087
8,768.3000000000001,485.9146417179403
8,768.4000000000001,676.5739414674318
8,768.5,673.4321404325838
8,768.6,682.7855634478252
8,768.7,715.7754248009777
8,768.8000000000001,682.571808900722
8,768.9000000000001,705.3372200712929
8,769.0,673.8462632533044
8,769.1,687.4243470331354
8,769.2,676.6535049871102
8,769.3000000000001,695.0217078659031
8,769.4000000000001,697.49405081499
8,769.5,681.4833600843344
8,769.6,698.3189407902454
8,769.7,657.8654305195248
8,769.8000000000001,477.4981133922498
8,769.9000000000001,685.1455274194719
8,770.0,650.9423740289117
8,770.1,659.5535995297556
8,770.2,492.2985584846734
8,770.3000000000001,361.16221935436045
8,770.4000000000001,658.3802764321655
8,770.5,673.4178721193381
8,770.6,676.7760014807094
8,770.7,674.2973688788124
8,770.8000000000001,678.0729977735808
8,770.9000000000001,671.2346947455371
8,771.0,660.7375404113195
8,771.1,687.432529211731
8,771.2,626.9366495452018
8,771.3000000000001,666.548587270861
8,771.4000000000001,680.2216844949421
8,771.5,680.2302010957729
8,771.6,723.5245639937345
8,771.7,669.1623691897963
8,771.8000000000001,656.7929699773478
8,771.9000000000001,663.1151302832467
8,772.0,639.2633204236677
8,772.1,699.4851759958591
8,772.2,673.5199811294478
8,772.3000000000001,681.6930886285975
8,772.4000000000001,679.8574778797072
8,772.5,696.3692636577256
8,772.6,682.5600410819785
8,772.7,667.0882730786362
8,772.8000000000001,667.373408831784
8,772.9000000000001,692.6863487963054
8,773.0,676.4531097740213
8,773.1,701.6394825380183
8,773.2,672.7396605110428
8,773.3000000000001,541.1938863705333
8,773.4000000000001,622.1080468648078
8,773.5,668.6383984452959
8,773.6,670.6668236501163
8,773.7,675.3758824858354
8,773.8000000000001,656.3924899509855
8,773.9000000000001,667.5470903260796
8,774.0,680.9296488127711
8,774.1,687.8584796620794
8,774.2,690.541796822177
8,774.3000000000001,684.8087516050979
8,774.4000000000001,594.3652508741658
8,774.5,666.8059833883957
8,774.6,677.5661439053353
8,774.7,670.6106725224859
8,774.8000000000001,662.8359036967719
8,774.9000000000001,677.795558276973
8,775.0,669.5936055418638
8,775.1,664.5685281897702
8,775.2,550.6837297201191
8,775.3000000000001,633.180928236111
8,775.4000000000001,682.2409402770273
8,775.5,689.5525410472897
8,775.6,677.8645466573913
8,775.7,682.6206102465452
8,775.8000000000001,668.0740149489149
8,775.9000000000001,671.7498077875933
8,776.0,680.4681334698104
8,776.1,665.2996034175803
8,776.2,649.777079333258
8,776.3000000000001,664.9966109979747
8,776.4000000000001,671.4773667121998
8,776.5,663.8646295233966
8,776.6,678.1079867810962
8,776.7,671.5703318706255
8,776.8000000000001,668.7821614051502
8,776.9000000000001,650.7911314349565
8,777.0,652.903279626171
8,777.1,666.6847763536181
8,777.2,653.2192954298012
8,777.3000000000001,650.3620648128493
8,777.4000000000001,664.2005026959317
8,777.5,679.9192792329223
8,777.6,669.0908024469267
8,777.7,662.9140036876556
8,777.8000000000001,664.9209324414077
8,777.9000000000001,649.4413948916855
8,778.0,644.725872873473
8,778.1,633.2767286413585
8,778.2,663.4251509513084
8,778.3000000000001,673.1935917455315
8,778.4000000000001,682.3695886037539
8,778.5,676.9148717924288
8,778.6,667.672905183768
8,778.7,659.6243299258131
8,778.8000000000001,663.7814700618462
8,778.9000000000001,653.7168689806158
8,779.0,652.4503442654973
8,779.1,669.7900263213983
8,779.2,666.9710320718472
8,779.3000000000001,654.9441259157173
8,779.4000000000001,659.6712179585093
8,779.5,668.9222834805801
8,779.6,673.1345595500137
8,779.7,675.3633823614337
8,779.8000000000001,674.2392405032801
8,779.9000000000001,673.2886264658107
8,780.0,674.7131256594793
8,780.1,669.3379401020807
8,780.2,664.9010361557263
8,780.3000000000001,655.2512067726565
8,780.4000000000001,656.185641467921
8,780.5,660.7258066001554
8,780.6,669.2805414511361
8,780.7,672.1304825451058
8,780.8000000000001,487.185683376695
8,780.9000000000001,513.9655373244607
8,781.0,674.4492404354662
8,781.1,667.2818004573154
8,781.2,674.1261744122896
8,781.3000000000001,673.7194965541411
8,781.4000000000001,664.2599885888499
8,781.5,660.739697327765
8,781.6,666.2469120596595
8,781.7,669.5204715758381
8,781.8000000000001,659.361565746405
8,781.9000000000001,655.2109311000539
8,782.0,659.4772755077283
8,782.1,663.2276825689366
8,782.2,661.6952726630358
8,782.3000000000001,668.9084983260685
8,782.4000000000001,677.0726905591686
8,782.5,673.9301797317678
8,782.6,676.3064981818542
8,782.7,679.8373807658469
8,782.8000000000001,672.9666257750999
8,782.9000000000001,668.4482129354479
8,783.0,670.8504942300409
8,783.1,656.1822573373806
8,783.2,650.0615481482972
8,783.3000000000001,656.0744166952582
8,783.4000000000001,663.316513286998
8,783.5,668.074260488207
8,783.6,663.5245524148941
8,783.7,666.0695155388679
8,783.8000000000001,652.9457656296312
8,783.9000000000001,657.5665227092792
8,784.0,658.3811527851232
8,784.1,660.9398547559067
8,784.2,677.6508109260649
8,784.3000000000001,685.9385530475618
8,784.4000000000001,681.2209840863254
8,784.5,678.7788980229647
8,784.6,686.7763017651085
8,784.7,681.5874962784374
8,784.8000000000001,673.3656664011518
8,784.9000000000001,664.3271757969273
8,785.0,663.2552368478524
8,785.1,671.1599619715029
8,785.2,663.3349956821627
8,785.3000000000001,655.8359634468403
8,785.4000000000001,676.1895667996956
8,785.5,674.8609439691952
8,785.6,676.20241163436
8,785.7,674.5278005153848
8,785.8000000000001,670.729549716454
8,785.9000000000001,681.7096694382818
8,786.0,670.610225666931
8,786.1,683.3826516178314
8,786.2,683.007441974284
8,786.3000000000001,667.3704312458409
8,786.4000000000001,675.5014157745687
8,786.5,677.4177554423665
8,786.6,691.5127719505514
8,786.7,679.0012239486556
8,786.8000000000001,668.1673683732171
8,786.9000000000001,668.7254445307617
8,787.0,689.0241100156732
8,787.1,679.8866933747375
8,787.2,674.8782120919312
8,787.3000000000001,694.3343278522822
8,787.4000000000001,677.8909480450989
8,787.5,681.6081770143202
8,787.6,683.5613452895143
8,787.7,652.3618494227891
8,787.8000000000001,671.9579637281822
8,787.9000000000001,685.3327743429089
8,788.0,670.7717717241576
8,788.1,658.1026356495049
8,788.2,663.2082321812042
8,788.3000000000001,637.2988407306349
8,788.4000000000001,374.5285909110926
8,788.5,540.2097042478076
8,788.6,689.2731174832263
8,788.7,675.0476602838966
8,788.8000000000001,689.062827818349
8,788.9000000000001,678.6767001250779
8,789.0,691.292300206077
8,789.1,695.2627104188444
8,789.2,684.8118574074728
8,789.3000000000001,693.1656243171346
8,789.4000000000001,703.8836758864036
8,789.5,692.0087193496834
8,789.6,689.2273017895932
8,789.7,685.7593593579626
8,789.8000000000001,688.496635599903
8,789.9000000000001,684.2637774655767
8,790.0,694.3184494973399
8,790.1,678.8733619386757
8,790.2,445.6924021772246
8,790.3000000000001,697.0544760165864
8,790.4000000000001,679.9365893382799
8,790.5,685.0422665053413
8,790.6,668.2081531742779
8,790.7,690.1640613453046
8,790.8000000000001,678.0369184118821
8,790.9000000000001,686.7318559826136
8,791.0,684.8293686739582
8,791.1,685.1977935228198
8,791.2,704.8171874459615
8,791.3000000000001,676.622264089476
8,791.4000000000001,407.02021450899
8,791.5,684.0046016413208
8,791.6,680.7526378939577
8,791.7,692.7461787347274
8,791.8000000000001,672.7788947450521
8,791.9000000000001,670.3607217052721
8,792.0,692.7808722983581
8,792.1,688.9938965045266
8,792.2,692.4245340009942
8,792.3000000000001,679.6801658679003
8,792.4000000000001,703.9112413331036
8,792.5,672.3878591297475
8,792.6,678.260292941729
8,792.7,681.3248707054474
8,792.8000000000001,699.23340540521
8,792.9000000000001,713.5503523923403
8,793.0,684.4604435106221
8,793.1,483.4097950346893
8,793.2,666.6228024885104
8,793.3000000000001,689.3397585922693
8,793.4000000000001,676.1303092927433
8,793.5,672.2983846663079
8,793.6,676.31195985813
8,793.7,685.0395203804333
8,793.8000000000001,702.508744328993
8,793.9000000000001,544.238575767092
8,794.0,688.7435233783739
8,794.1,671.5653283956158
8,794.2,678.1958421436099
8,794.3000000000001,672.8952056486124
8,794.4000000000001,670.2082500005926
8,794.5,666.8877726508211
8,794.6,688.2260394339038
8,794.7,686.1787620199971
8,794.8000000000001,688.4987624718497
8,794.9000000000001,690.8288647911421
8,795.0,663.060778892605
8,795.1,682.7174669686189
8,795.2,694.0634830698741
8,795.3000000000001,672.5430750404532
8,795.4000000000001,703.6446327986572
8,795.5,680.5955179638368
8,795.6,687.4082782818974
8,795.7,677.0816700516016
8,795.8000000000001,665.822180895438
8,795.9000000000001,677.8423923069558
8,796.0,677.5813604259636
8,796.1,692.3754008917548
8,796.2,687.0837198242132
8,796.3000000000001,668.9283847629445
8,796.4000000000001,658.6259595846984
8,796.5,690.9213769526505
8,796.6,671.7223457466326
8,796.7,705.3973891300783
8,796.8000000000001,688.3428017758338
8,796.9000000000001,667.1402459613643
8,797.0,720.1436052689113
8,797.1,681.5857848869531
8,797.2,702.3526655021548
8,797.3000000000001,685.8116126429755
8,797.4000000000001,343.5006412746235
8,797.5,661.3859065621613
8,797.6,452.6342509953501
8,797.7,372.3151503014329
8,797.8000000000001,661.856928719795
8,797.9000000000001,680.7743491701942
8,798.0,686.5107976253386
8,798.1,658.743754653491
8,798.2,508.9250857483035
8,798.3000000000001,669.234615964909
8,798.4000000000001,682.1336962458519
8,798.5,685.3357150291384
8,798.6,667.5601212685892
8,798.7,671.8141776607013
8,798.8000000000001,685.8306558436615
8,798.9000000000001,362.40718832488415
8,799.0,645.8840005789285
8,799.1,670.8224146420941
8,799.2,678.2957591098891
8,799.3000000000001,662.8999604434844
8,799.4000000000001,686.0055753811583
8,799.5,683.3617085817993
8,799.6,678.6145832216864
8,799.7,672.1083050036583
8,799.8000000000001,691.5517832781221
8,799.9000000000001,671.7857647033138
8,800.0,681.035915773828
8,800.1,684.6080040663251
8,800.2,688.5190109364338
8,800.3000000000001,697.2602823664765
8,800.4000000000001,676.6118072732944
8,800.5,697.5082630499658
8,800.6,678.6964739766097
8,800.7,493.733512767025
8,800.8000000000001,673.1341919808693
8,800.9000000000001,665.4076281110163
8,801.0,664.5454863187541
8,801.1,677.936056230606
8,801.2,671.891566937534
8,801.3000000000001,665.021069025136
8,801.4000000000001,679.4569613084732
8,801.5,684.4915023096806
8,801.6,657.3792838313672
8,801.7,688.1193834672575
8,801.8000000000001,691.6730711624555
8,801.9000000000001,698.5077953679138
8,802.0,678.0816655520299
8,802.1,681.2619447901247
8,802.2,685.1534791912568
8,802.3000000000001,464.68141441391464
8,802.4000000000001,513.1149924937117
8,802.5,669.817199627919
8,802.6,674.3831684433073
8,802.7,678.9976599413841
8,802.8000000000001,449.156295707442
8,802.9000000000001,598.1522187415325
8,803.0,688.2108499097003
8,803.1,690.2574507679411
8,803.2,685.4936784878021
8,803.3000000000001,420.5083429448129
8,803.4000000000001,633.2277151228144
8,803.5,699.8964818711056
8,803.6,609.0464610837818
8,803.7,682.0145497519503
8,803.8000000000001,666.8722647533168
8,803.9000000000001,688.3776522316739
8,804.0,689.6605052316961
8,804.1,668.7770146735787
8,804.2,663.2360433358091
8,804.3000000000001,667.3870870099092
8,804.4000000000001,679.6204133776997
8,804.5,676.8115851730133
8,804.6,672.8942631474459
8,804.7,679.11309433676
8,804.8000000000001,686.7109603164074
8,804.9000000000001,689.739604830853
8,805.0,683.8600649338907
8,805.1,685.8719431879805
8,805.2,692.1547006481999
8,805.3000000000001,706.1708002800389
8,805.4000000000001,683.2977730323393
8,805.5,686.6692931003272
8,805.6,689.557677345856
8,805.7,686.4314858994318
8,805.8000000000001,687.6260345578637
8,805.9000000000001,678.3283734902788
8,806.0,692.6463698180684
8,806.1,691.3061728919002
8,806.2,695.6946347275056
8,806.3000000000001,711.3434405700401
8,806.4000000000001,703.3121959485218
8,806.5,688.8620506638781
8,806.6,676.3946766451696
8,806.7,428.606068626278
8,806.8000000000001,604.3505458328276
8,806.9000000000001,677.4695278745755
8,807.0,680.4271602206918
8,807.1,684.7096262830689
8,807.2,702.0943370756435
8,807.3000000000001,706.4860101457067
8,807.4000000000001,686.6518964971968
8,807.5,690.1946031020008
8,807.6,688.0346744986678
8,807.7,588.872135618229
8,807.8000000000001,655.1243424546261
8,807.9000000000001,691.4702547033913
8,808.0,699.0386053946148
8,808.1,698.0439874662726
8,808.2,698.3491655005594
8,808.3000000000001,700.3532060561753
8,808.4000000000001,675.9853919984257
8,808.5,687.80237692381
8,808.6,680.1020820695654
8,808.7,693.702133643537
8,808.8000000000001,691.6538317565594
8,808.9000000000001,685.9219292599339
8,809.0,683.6146469087864
8,809.1,681.4744964724625
8,809.2,682.2984136788491
8,809.3000000000001,685.1859519402609
8,809.4000000000001,689.9069304530522
8,809.5,690.6302470478936
8,809.6,683.7316805122027
8,809.7,699.1613903844899
8,809.8000000000001,682.3190653825646
8,809.9000000000001,683.7691312678113
8,810.0,692.8758159420358
8,810.1,684.8465543667952
8,810.2,692.532419077964
8,810.3000000000001,680.7118606712781
8,810.4000000000001,677.8953265883091
8,810.5,687.4719260898461
8,810.6,697.2461865810614
8,810.7,688.6608245946309
8,810.8000000000001,685.8756021340464
8,810.9000000000001,685.1966834403119
8,811.0,677.2359072005343
8,811.1,655.2275924290798
8,811.2,654.8976370219242
8,811.3000000000001,679.5981198214441
8,811.4000000000001,684.497455384972
8,811.5,660.430927675154
8,811.6,674.9264791082692
8,811.7,697.7909199352162
8,811.8000000000001,684.5119154167636
8,811.9000000000001,675.91220127152
8,812.0,579.5106141354006
8,812.1,608.7946312220171
8,812.2,685.8778342961691
8,812.3000000000001,681.6207381961423
8,812.4000000000001,672.1892710521572
8,812.5,685.1963010662391
8,812.6,689.6823307057214
8,812.7,689.4994441998779
8,812.8000000000001,668.4699198881302
8,812.9000000000001,666.2027947431828
8,813.0,669.5171101222521
8,813.1,692.0321868563053
8,813.2,691.2751746671612
8,813.3000000000001,575.7927954300204
8,813.4000000000001,600.9741047054889
8,813.5,687.302559805651
8,813.6,680.6106275201275
8,813.7,689.8118387845458
8,813.8000000000001,698.2511016446998
8,813.9000000000001,696.1879922705575
8,814.0,645.6863587503127
8,814.1,645.4502449325033
8,814.2,678.3352413731444
8,814.3000000000001,698.0195696859106
8,814.4000000000001,711.4777202631769
8,814.5,693.9641290406704
8,814.6,701.2656858246958
8,814.7,724.5548377114297
8,814.8000000000001,718.6256377812302
8,814.9000000000001,703.643686309849
8,815.0,700.9182107680458
8,815.1,698.7280911371955
8,815.2,701.4399908942854
8,815.3000000000001,691.6568079377736
8,815.4000000000001,688.5622047829663
8,815.5,697.8005470104188
8,815.6,691.0313419293662
8,815.7,668.4595316158162
8,815.8000000000001,666.1886286262279
8,815.9000000000001,674.128600814437
8,816.0,679.0630275297549
8,816.1,693.9311914523015
8,816.2,702.2453819838179
8,816.3000000000001,696.2541594254121
8,816.4000000000001,686.235026415542
8,816.5,688.1286196380179
8,816.6,707.298468510493
8,816.7,670.3465939295274
8,816.8000000000001,644.0646150234566
8,816.9000000000001,689.399658499727
8,817.0,700.5358238433274
8,817.1,680.7586985952632
8,817.2,673.2313761495944
8,817.3000000000001,693.8792446987345
8,817.4000000000001,702.7555714744465
8,817.5,708.0043512030372
8,817.6,714.6995894067953
8,817.7,720.3986724018695
8,817.8000000000001,696.8518805631496
8,817.9000000000001,670.6534278289859
8,818.0,680.0768333761807
8,818.1,681.594991837782
8,818.2,686.0660664138856
8,818.3000000000001,691.7659372030361
8,818.4000000000001,695.5230621809836
8,818.5,712.8073260811045
8,818.6,710.5675038116785
8,818.7,626.0535385226076
8,818.8000000000001,599.4883299320217
8,818.9000000000001,691.2716847535924
8,819.0,687.2140962356651
8,819.1,675.5828995535717
8,819.2,692.0890418667893
8,819.3000000000001,702.2865397411271
8,819.4000000000001,629.4090591174997
8,819.5,595.2944658025694
8,819.6,679.2905553378713
8,819.7,691.5290637164643
8,819.8000000000001,677.8949170054445
8,819.9000000000001,678.876663929876
8,820.0,681.1829390011446
8,820.1,670.8426192080589
8,820.2,686.0592640898683
8,820.3000000000001,616.4728495591921
8,820.4000000000001,598.7074773394816
8,820.5,707.3293957672261
8,820.6,701.9710505542014
8,820.7,703.1618297159031
8,820.8000000000001,595.8678625607133
8,820.9000000000001,559.5146790228339
8,821.0,694.6535571615888
8,821.1,692.1084701905148
8,821.2,683.3758487595092
8,821.3000000000001,675.5144969070448
8,821.4000000000001,680.9577171013178
8,821.5,678.1111212220809
8,821.6,685.7259413702468
8,821.7,689.906857272055
8,821.8000000000001,687.3917920045391
8,821.9000000000001,693.1257472403448
8,822.0,685.5952744279431
8,822.1,672.5775644814406
8,822.2,689.1619917470529
8,822.3000000000001,705.7214257172105
8,822.4000000000001,704.1418121127246
8,822.5,693.8099531943376
8,822.6,683.3697090984837
8,822.7,679.4041151038672
8,822.8000000000001,693.2936202054343
8,822.9000000000001,689.292416682744
8,823.0,684.7996914111436
8,823.1,685.3418919195851
8,823.2,693.0120320975791
8,823.3000000000001,689.9659664807617
8,823.4000000000001,688.1288827022439
8,823.5,699.6914883399181
8,823.6,702.1114014664635
8,823.7,702.3136489031912
8,823.8000000000001,694.5036800968375
8,823.9000000000001,693.7353233584512
8,824.0,697.1494569877108
8,824.1,698.9392417168873
8,824.2,682.3782651578201
8,824.3000000000001,686.0998478707029
8,824.4000000000001,690.7973398054907
8,824.5,702.4537027850802
8,824.6,691.8669001393191
8,824.7,696.3875308864567
8,824.8000000000001,697.1620327705692
8,824.9000000000001,588.3263375093078
8,825.0,477.64216008821023
8,825.1,700.4949609808649
8,825.2,701.7226470770582
8,825.3000000000001,679.7555338576741
8,825.4000000000001,674.8650542576551
8,825.5,697.7279419102823
8,825.6,683.6458981983601
8,825.7,664.2193189201947
8,825.8000000000001,692.8351065061843
8,825.9000000000001,679.8094698201093
8,826.0,675.0711787752613
8,826.1,682.9618565844469
8,826.2,692.422769289649
8,826.3000000000001,585.6001811588486
8,826.4000000000001,415.12196091817873
8,826.5,684.02192437207
8,826.6,678.3491203526653
8,826.7,629.9673969707841
8,826.8000000000001,485.6568647621867
8,826.9000000000001,697.7147478040254
8,827.0,682.2402084989344
8,827.1,706.6072235263923
8,827.2,717.9672285983536
8,827.3000000000001,689.0335828172557
8,827.4000000000001,690.6172484310711
8,827.5,695.1323172606419
8,827.6,683.4925014524307
8,827.7,685.7094785952252
8,827.8000000000001,673.4014524180249
8,827.9000000000001,675.6138877788035
8,828.0,688.8170777499054
8,828.1,707.4643645823445
8,828.2,717.6846504009595
8,828.3000000000001,706.355930193039
8,828.4000000000001,697.1143208816626
8,828.5,678.9578178041303
8,828.6,627.6559517556999
8,828.7,695.3864204202374
8,828.8000000000001,715.63994514082
8,828.9000000000001,715.2676627541915
8,829.0,706.9187076644891
8,829.1,708.951784237718
8,829.2,697.1567373712402
8,829.3000000000001,692.7174495139262
8,829.4000000000001,704.0304603369059
8,829.5,680.8236146712418
8,829.6,703.0674874322818
8,829.7,687.9771931674409
8,829.8000000000001,687.0112667174419
8,829.9000000000001,742.3955485597428
8,830.0,739.8276076986116
8,830.1,675.0905577463715
8,830.2,685.7403971268942
8,830.3000000000001,690.0879800517255
8,830.4000000000001,713.6487039029314
8,830.5,682.0606209080304
8,830.6,680.2058804208024
8,830.7,687.9409832470218
8,830.8000000000001,684.4976244809484
8,830.9000000000001,704.3772142886048
8,831.0,700.3646077740701
8,831.1,690.7161125489241
8,831.2,686.648699148487
8,831.3000000000001,683.750524380102
8,831.4000000000001,674.6618299045997
8,831.5,675.2278040695821
8,831.6,688.3152938868138
8,831.7,704.5871026639478
8,831.8000000000001,664.7509304764991
8,831.9000000000001,685.3640661941522
8,832.0,704.2864439061108
8,832.1,697.2139307929372
8,832.2,693.9569201509202
8,832.3000000000001,678.4816663871089
8,832.4000000000001,610.5666770022896
8,832.5,487.90842177551326
8,832.6,707.156858622278
8,832.7,689.3341817140054
8,832.8000000000001,682.8618561313708
8,832.9000000000001,673.561834023868
8,833.0,666.4726593488014
8,833.1,637.1758366067713
8,833.2,434.3895482503613
8,833.3000000000001,680.5382120146528
8,833.4000000000001,689.4571148569954
8,833.5,688.7387081788992
8,833.6,681.0622998484805
8,833.7,618.0211988783872
8,833.8000000000001,623.8661194710415
8,833.9000000000001,648.6837190275493
8,834.0,671.8191760623611
8,834.1,676.4032343135292
8,834.2,692.8277584718597
8,834.3000000000001,676.1471812009864
8,834.4000000000001,684.6193837478131
8,834.5,696.2470385730658
8,834.6,670.2684105457271
8,834.7,679.8017829564885
8,834.8000000000001,680.8510697858802
8,834.9000000000001,651.4049044532441
8,835.0,660.7841487044373
8,835.1,687.3678930710626
8,835.2,665.192805464142
8,835.3000000000001,690.2041821413856
8,835.4000000000001,680.3378525763111
8,835.5,703.9107774035015
8,835.6,698.7923045031109
8,835.7,685.7394277474205
8,835.8000000000001,687.3484232762266
8,835.9000000000001,662.0303602957357
8,836.0,693.8427748462998
8,836.1,673.39591090848
8,836.2,657.2865784606728
8,836.3000000000001,671.0207150152261
8,836.4000000000001,676.5611786866658
8,836.5,688.3362593451988
8,836.6,652.9814971368497
8,836.7,703.8537114230315
8,836.8000000000001,676.5129653458823
8,836.9000000000001,704.4939049646538
8,837.0,686.286072439842
8,837.1,704.117446902244
8,837.2,334.3321986804863
8,837.3000000000001,656.2988796011546
8,837.4000000000001,664.7920024137621
8,837.5,695.761120071945
8,837.6,701.322729096073
8,837.7,602.65903111767
8,837.8000000000001,654.1773475667603
8,837.9000000000001,680.7957252320934
8,838.0,685.8973499965466
8,838.1,666.782432311774
8,838.2,671.1829171574608
8,838.3000000000001,676.5496075080943
8,838.4000000000001,684.9645730421937
8,838.5,691.1552702134298
8,838.6,664.1809152403791
8,838.7,673.4415837710284
8,838.8000000000001,677.9754266982458
8,838.9000000000001,686.2593464972233
8,839.0,700.418904978572
8,839.1,681.1923954228597
8,839.2,666.6163218091442
8,839.3000000000001,684.0540822874049
8,839.4000000000001,681.2472084611851
8,839.5,676.5800485187916
8,839.6,668.8823297919666
8,839.7,673.1319969544426
8,839.8000000000001,681.4956706572784
8,839.9000000000001,676.2761967826355
8,840.0,680.265692684449
8,840.1,689.1785428593912
8,840.2,684.3297552438393
8,840.3000000000001,684.7146703696047
8,840.4000000000001,686.6035671444823
8,840.5,690.8681071394419
8,840.6,666.8927079299527
8,840.7,673.7938488093822
8,840.8000000000001,684.1142483347854
8,840.9000000000001,708.3518037641516
8,841.0,688.748013297885
8,841.1,668.3367569730221
8,841.2,678.1206151362827
8,841.3000000000001,683.0568803602717
8,841.4000000000001,676.7078828027256
8,841.5,682.3351561751293
8,841.6,655.4860999752167
8,841.7,659.2043234731409
8,841.8000000000001,682.1614478912334
8,841.9000000000001,686.7255611638802
8,842.0,704.7797594190953
8,842.1,683.0888301711603
8,842.2,678.773722359679
8,842.3000000000001,682.2242852169057
8,842.4000000000001,675.1328613512399
8,842.5,681.8022758611779
8,842.6,690.0531984517688
8,842.7,683.3516439495875
8,842.8000000000001,668.518732762208
8,842.9000000000001,665.0175354492509
8,843.0,655.7091497600076
8,843.1,684.3333814026583
8,843.2,696.9146135548525
8,843.3000000000001,688.5456235695101
8,843.4000000000001,701.186635763666
8,843.5,674.9094678694531
8,843.6,670.6756773361906
8,843.7,673.6420998582895
8,843.8000000000001,681.9377074045259
8,843.9000000000001,682.696211325122
8,844.0,673.5490921407471
8,844.1,681.1074073625974
8,844.2,678.5934246521153
8,844.3000000000001,685.0042806398045
8,844.4000000000001,681.4674279614288
8,844.5,680.555986711846
8,844.6,686.29454697847
8,844.7,692.4961070266817
8,844.8000000000001,676.7507904745628
8,844.9000000000001,689.0066242853248
8,845.0,687.4457117353624
8,845.1,687.9051091416771
8,845.2,668.2539336635004
8,845.3000000000001,690.2571305059062
8,845.4000000000001,689.8066795413359
8,845.5,678.3042320618323
8,845.6,677.1280710606869
8,845.7,679.8343145233924
8,845.8000000000001,701.2888585436585
8,845.9000000000001,689.0971905378758
8,846.0,676.1889758026479
8,846.1,679.8604700750086
8,846.2,666.8905934665052
8,846.3000000000001,674.827345597838
8,846.4000000000001,667.8910416988886
8,846.5,685.9398945587458
8,846.6,699.9697674434898
8,846.7,716.5732567788303
8,846.8000000000001,692.3483557521404
8,846.9000000000001,690.2276146627946
8,847.0,683.6485050957448
8,847.1,687.9010078990269
8,847.2,715.648780233575
8,847.3000000000001,696.2606014807662
8,847.4000000000001,673.0759640331543
8,847.5,677.3965973444372
8,847.6,691.7928723030246
8,847.7,694.6415334502234
8,847.8000000000001,694.5631880353554
8,847.9000000000001,681.136143195776
8,848.0,689.0960643874874
8,848.1,514.0869141069115
8,848.2,558.0326529956251
8,848.3000000000001,686.7403082912024
8,848.4000000000001,690.820250553169
8,848.5,693.574374963976
8,848.6,689.7792093338579
8,848.7,688.4048720724825
8,848.8000000000001,700.2671607606414
8,848.9000000000001,701.7911888982308
8,849.0,722.6277017578963
8,849.1,725.8077773983575
8,849.2,699.2714145604988
8,849.3000000000001,692.1538343275371
8,849.4000000000001,697.0824205698486
8,849.5,694.7713382871297
8,849.6,471.10320851413945
8,849.7,526.3149412420987
8,849.8000000000001,697.7649512133753
8,849.9000000000001,704.6735577767157
8,850.0,715.3743939454577
8,850.1,700.1441809202678
8,850.2,677.5962448923639
8,850.3000000000001,682.9957404753965
8,850.4000000000001,680.8289136336006
8,850.5,681.8275679875218
8,850.6,691.1991221685727
8,850.7,470.8019708499218
8,850.8000000000001,502.4309010732692
8,850.9000000000001,685.3141836989316
8,851.0,698.2139177350249
8,851.1,692.9742445812486
8,851.2,692.0075647903334
8,851.3000000000001,693.278466866056
8,851.4000000000001,690.2688897405025
8,851.5,527.1754814456822
8,851.6,561.6369470259741
8,851.7,693.2023802664291
8,851.8000000000001,703.8974389273435
8,851.9000000000001,672.3579119497944
8,852.0,651.2518803703554
8,852.1,677.3395451639589
8,852.2,683.6364606218182
8,852.3000000000001,676.604662288448
8,852.4000000000001,679.2976769248443
8,852.5,675.2704540189374
8,852.6,681.7475024271354
8,852.7,632.9945149977918
8,852.8000000000001,634.3660314734245
8,852.9000000000001,584.7178990287056
8,853.0,495.3160628557818
8,853.1,513.6100405960105
8,853.2,613.4773145869035
8,853.3000000000001,531.2062705602423
8,853.4000000000001,539.4060832151987
8,853.5,687.1954689722181
8,853.6,686.2928524907985
8,853.7,549.772729254437
8,853.8000000000001,445.8449533839753
8,853.9000000000001,587.8591499922491
8,854.0,715.3545661055059
8,854.1,717.4129947972756
8,854.2,698.3167387675082
8,854.3000000000001,691.9712613812957
8,854.4000000000001,699.5423661145867
8,854.5,700.8562002369922
8,854.6,710.1830040299691
8,854.7,714.7692642714401
8,854.8000000000001,689.4887148612544
8,854.9000000000001,675.1959216233076
8,855.0,687.1858858375106
8,855.1,679.990354715493
8,855.2,680.4133190553655
8,855.3000000000001,686.3440021422314
8,855.4000000000001,685.4446379400601
8,855.5,682.0880270324957
8,855.6,678.3491036368125
8,855.7,691.3585115734124
8,855.8000000000001,576.0633109230785
8,855.9000000000001,561.4789220301418
8,856.0,680.6771474430723
8,856.1,543.2461410980541
8,856.2,545.0731382690628
8,856.3000000000001,716.9209006877055
8,856.4000000000001,722.290657266983
8,856.5,704.6335832737772
8,856.6,699.0457285088457
8,856.7,691.8875198518223
8,856.8000000000001,683.6609876753375
8,856.9000000000001,686.0390563076778
8,857.0,679.4898852470733
8,857.1,672.397604539952
8,857.2,674.8711679063103
8,857.3000000000001,677.8166063981843
8,857.4000000000001,675.484207608442
8,857.5,679.0723681247293
8,857.6,689.2549522802678
8,857.7,701.8979100021454
8,857.8000000000001,694.3339100384517
8,857.9000000000001,684.5147268141817
8,858.0,691.7412308648858
8,858.1,700.3332686494874
8,858.2,695.4922375952623
8,858.3000000000001,685.1201477213353
8,858.4000000000001,676.365239530919
8,858.5,669.1842563463082
8,858.6,510.2878912182222
8,858.7,473.18875967829644
8,858.8000000000001,685.1678393507993
8,858.9000000000001,629.8707410969619
8,859.0,609.5184118403475
8,859.1,672.8370408589664
8,859.2,677.9896754527764
8,859.3000000000001,686.2071445103813
8,859.4000000000001,681.1247016369559
8,859.5,670.822575673719
8,859.6,665.508100230637
8,859.7,707.6762470837551
8,859.8000000000001,735.3469738498186
8,859.9000000000001,691.1866583532455
8,860.0,686.7443235436986
8,860.1,676.3701410856701
8,860.2,540.1720189591206
8,860.3000000000001,305.39363615598563
8,860.4000000000001,432.9581165180987
8,860.5,646.9216316635509
8,860.6,632.0825731113518
8,860.7,678.4827445967322
8,860.8000000000001,680.6267374144543
8,860.9000000000001,669.8360975722788
8,861.0,665.0095813066308
8,861.1,667.9290694904083
8,861.2,683.16079224461
8,861.3000000000001,670.2226175171669
8,861.4000000000001,693.107682262154
8,861.5,706.7194277101268
8,861.6,672.3120176828843
8,861.7,666.5231727660052
8,861.8000000000001,677.8357242677474
8,861.9000000000001,704.6864620968079
8,862.0,714.8602005649986
8,862.1,683.8527187710323
8,862.2,676.1258126267908
8,862.3000000000001,599.766770543951
8,862.4000000000001,556.8027497586554
8,862.5,683.7737187214894
8,862.6,672.986610483969
8,862.7,680.2194658349014
8,862.8000000000001,676.7122573727569
8,862.9000000000001,671.0774954012381
8,863.0,661.9297694238335
8,863.1,677.8774677860409
8,863.2,684.0963474703523
8,863.3000000000001,676.2339435478782
8,863.4000000000001,681.3886306280219
8,863.5,673.7923391409904
8,863.6,543.1477378343559
8,863.7,455.1589460795785
8,863.8000000000001,674.1988770399657
8,863.9000000000001,687.0549794370047
8,864.0,675.4137075427889
8,864.1,680.1742057239939
8,864.2,684.7044042108394
8,864.3000000000001,677.7138629988013
8,864.4000000000001,667.8474421511976
8,864.5,662.6591447567384
8,864.6,669.0761549986435
8,864.7,676.2792142134532
8,864.8000000000001,682.9404206154263
8,864.9000000000001,681.6131581349206
8,865.0,683.0595078125
8,865.1,688.3376666577891
8,865.2,681.2957562625862
8,865.3000000000001,683.1626169777757
8,865.4000000000001,675.4605981401969
8,865.5,678.9356073191818
8,865.6,673.427524211964
8,865.7,667.2008382855855
8,865.8000000000001,670.6208967838958
8,865.9000000000001,660.2507941560198
8,866.0,663.3517988458309
8,866.1,670.0250866175077
8,866.2,670.8424544566257
8,866.3000000000001,678.9546246242159
8,866.4000000000001,667.5256288195656
8,866.5,667.4448038477107
8,866.6,691.4145569729477
8,866.7,685.8344654017858
8,866.8000000000001,675.319456351049
8,866.9000000000001,662.6380066165266
8,867.0,667.7531806307946
8,867.1,660.9539472830118
8,867.2,676.109329683759
8,867.3000000000001,682.7183570572978
8,867.4000000000001,681.0544001809808
8,867.5,669.4433678831873
8,867.6,673.8736194074236
8,867.7,665.1865877445708
8,867.8000000000001,678.7695355332863
8,867.9000000000001,678.0519698801123
8,868.0,659.2456248061317
8,868.1,671.2005786088552
8,868.2,680.5441899995438
8,868.3000000000001,673.3648130888785
8,868.4000000000001,668.0422004594438
8,868.5,668.8735986074914
8,868.6,674.8782293261983
8,868.7,660.619973676091
8,868.8000000000001,658.4524317690223
8,868.9000000000001,659.1147900783047
8,869.0,666.3229506419543
8,869.1,675.9676043846191
8,869.2,658.0808512295259
8,869.3000000000001,661.9864162755496
8,869.4000000000001,674.1982031661247
8,869.5,657.4815201378542
8,869.6,546.4210876547257
8,869.7,650.2430853646508
8,869.8000000000001,630.880158722176
8,869.9000000000001,579.6149434254894
8,870.0,648.6823508410989
8,870.1,671.1810741237848
8,870.2,668.243730329884
8,870.3000000000001,667.0580083880235
8,870.4000000000001,663.9327502902568
8,870.5,661.0068245096874
8,870.6,655.6461823066614
8,870.7,672.4225309895564
8,870.8000000000001,669.0839395808425
8,870.9000000000001,669.735179853072
8,871.0,669.3902753444366
8,871.1,664.422387522653
8,871.2,657.5478034291494
8,871.3000000000001,657.7863203539225
8,871.4000000000001,656.2551389915094
8,871.5,670.9915937503721
8,871.6,676.1137279021245
8,871.7,671.8822639564673
8,871.8000000000001,666.1661161471544
8,871.9000000000001,654.5865116231066
8,872.0,689.6387176619907
8,872.1,687.0813741930651
8,872.2,668.2025821604361
8,872.3000000000001,677.4201889586166
8,872.4000000000001,662.210956190638
8,872.5,676.9193373115713
8,872.6,664.0805617243162
8,872.7,659.2182919850478
8,872.8000000000001,664.0662136211369
8,872.9000000000001,673.4809358672027
8,873.0,662.3910877739668
8,873.1,677.0401724844056
8,873.2,679.8363812591888
8,873.3000000000001,663.417274876103
8,873.4000000000001,670.6845035930968
8,873.5,664.5628220547857
8,873.6,678.0743805042458
8,873.7,687.8044502320789
8,873.8000000000001,659.4484862167945
8,873.9000000000001,670.9738573866583
8,874.0,683.9956230866344
8,874.1,667.7477135341959
8,874.2,663.2259649473618
8,874.3000000000001,667.0873490268172
8,874.4000000000001,642.2836697455998
8,874.5,685.411586860542
8,874.6,672.3335565844388
8,874.7,659.2860013952327
8,874.8000000000001,675.8076641073521
8,874.9000000000001,678.4787158156279
8,875.0,685.3293938657614
8,875.1,684.393256705474
8,875.2,682.2571681679985
8,875.3000000000001,671.7847108870216
8,875.4000000000001,680.4353820133655
8,875.5,686.1367423803199
8,875.6,677.2329141484759
8,875.7,670.4151414784122
8,875.8000000000001,686.0653413341553
8,875.9000000000001,667.2595841283958
8,876.0,672.5628781581548
8,876.1,673.1121430415153
8,876.2,667.7819608988171
8,876.3000000000001,666.2575455865933
8,876.4000000000001,655.5500998370712
8,876.5,669.3259373495296
8,876.6,669.2996990280604
8,876.7,662.5426026885164
8,876.8000000000001,688.8077308186928
8,876.9000000000001,683.1859549204677
8,877.0,657.1095472375775
8,877.1,667.8096407097762
8,877.2,679.4238476496602
8,877.3000000000001,674.7759151193895
8,877.4000000000001,674.7023463170609
8,877.5,676.9887058432714
8,877.6,627.5762826013438
8,877.7,396.6777516985878
8,877.8000000000001,666.4787505291655
8,877.9000000000001,655.9425800536745
8,878.0,658.8028171149331
8,878.1,664.9207059918743
8,878.2,681.0560575924171
8,878.3000000000001,671.1729164687241
8,878.4000000000001,660.8268784473231
8,878.5,694.6919664341159
8,878.6,687.3663294863861
8,878.7,677.311672634275
8,878.8000000000001,679.3137888759438
8,878.9000000000001,673.4212466516522
8,879.0,674.7470515488469
8,879.1,660.6468699597826
8,879.2,669.9303441017252
8,879.3000000000001,683.401940398017
8,879.4000000000001,691.6599600680064
8,879.5,683.8252597941041
8,879.6,657.3289651363746
8,879.7,672.5268367195007
8,879.8000000000001,683.9286029794349
8,879.9000000000001,674.3428769825816
8,880.0,701.1990665704363
8,880.1,691.7109413700052
8,880.2,643.0186636281878
8,880.3000000000001,352.8559498412662
8,880.4000000000001,679.9387418302689
8,880.5,659.1238455943836
8,880.6,656.2123713491255
8,880.7,669.2907022696336
8,880.8000000000001,679.2234889464966
8,880.9000000000001,660.8741458407846
8,881.0,466.67499479267116
8,881.1,667.0114770480252
8,881.2,681.990171200376
8,881.3000000000001,680.2439754924823
8,881.4000000000001,687.0000050254988
8,881.5,679.1436634512606
8,881.6,659.0295206591106
8,881.7,660.8962588243737
8,881.8000000000001,669.5572390690689
8,881.9000000000001,676.9176935813556
8,882.0,669.0598537137638
8,882.1,670.504323257651
8,882.2,665.909334930857
8,882.3000000000001,670.5456944751055
8,882.4000000000001,665.7670744955767
8,882.5,657.010544897935
8,882.6,494.6647193345495
8,882.7,696.656938955874
8,882.8000000000001,682.4924061571024
8,882.9000000000001,676.6011544664591
8,883.0,694.4819662613424
8,883.1,687.5730405497274
8,883.2,677.3028909031801
8,883.3000000000001,696.5451877737528
8,883.4000000000001,675.4705748041187
8,883.5,646.0779636307938
8,883.6,658.3587571703295
8,883.7,692.3507648175027
8,883.8000000000001,660.5282055880903
8,883.9000000000001,668.4223572387168
8,884.0,665.86939363445
8,884.1,464.68223371973147
8,884.2,663.5126429765584
8,884.3000000000001,661.3100154296003
8,884.4000000000001,675.193287290042
8,884.5,661.9441503932978
8,884.6,676.7765052701708
8,884.7,672.0284765595658
8,884.8000000000001,663.5051111879397
8,884.9000000000001,660.404691077334
8,885.0,668.8974312155019
8,885.1,667.3863317496858
8,885.2,652.8221231610055
8,885.3000000000001,363.1556336301756
8,885.4000000000001,658.3661073824577
8,885.5,668.8661429166172
8,885.6,665.6300279244685
8,885.7,679.5953695475289
8,885.8000000000001,683.5401631873508
8,885.9000000000001,683.5059631028163
8,886.0,649.6206982421223
8,886.1,679.5653200165762
8,886.2,688.8886750847113
8,886.3000000000001,672.9943222746473
8,886.4000000000001,661.6156157741424
8,886.5,655.6298197322919
8,886.6,456.1845284185987
8,886.7,662.5353012642427
8,886.8000000000001,524.7375939912705
8,886.9000000000001,675.3202807111346
8,887.0,654.6242788744595
8,887.1,639.851256165398
8,887.2,643.5232087834416
8,887.3000000000001,672.8751408134932
8,887.4000000000001,685.2349099134742
8,887.5,672.5983512963312
8,887.6,764.5445690188972
8,887.7,695.947047457529
8,887.8000000000001,671.0272667440452
8,887.9000000000001,691.4197210917415
8,888.0,682.5826300744753
8,888.1,676.4490819900224
8,888.2,665.3630076995548
8,888.3000000000001,681.5039677395512
8,888.4000000000001,670.129173513664
8,888.5,682.3011466806089
8,888.6,692.4296680113295
8,888.7,693.4983588316958
8,888.8000000000001,667.6079243897549
8,888.9000000000001,673.172285065169
8,889.0,674.8008334165798
8,889.1,674.2840575388395
8,889.2,684.2849802903542
8,889.3000000000001,574.5374253185943
8,889.4000000000001,671.4566735690462
8,889.5,669.5290964199795
8,889.6,680.1258172421043
8,889.7,693.9834960738378
8,889.8000000000001,676.2386920460062
8,889.9000000000001,695.3802594686167
8,890.0,693.8075152718401
8,890.1,687.9842369330398
8,890.2,691.8636996937738
8,890.3000000000001,668.1456908275992
8,890.4000000000001,457.6078871151165
8,890.5,647.8199082767126
8,890.6,682.147175562748
8,890.7,655.4208448869613
8,890.8000000000001,688.3645489735608
8,890.9000000000001,698.8873780669412
8,891.0,636.7641137538484
8,891.1,679.583861687506
8,891.2,693.3517231740275
8,891.3000000000001,679.6883125994324
8,891.4000000000001,695.7820722412121
8,891.5,677.5861348088531
8,891.6,679.7952082825294
8,891.7,682.6317100394599
8,891.8000000000001,604.06329647927
8,891.9000000000001,664.7698605663119
8,892.0,698.0342924458506
8,892.1,679.893055499222
8,892.2,681.1414929553933
8,892.3000000000001,679.1856253639324
8,892.4000000000001,688.4005013311851
8,892.5,693.68714073806
8,892.6,693.6401717020849
8,892.7,679.9124944444771
8,892.8000000000001,666.9848515121085
8,892.9000000000001,693.3312873938022
8,893.0,669.7397832921797
8,893.1,689.2002442286272
8,893.2,692.207649414908
8,893.3000000000001,677.5417799345631
8,893.4000000000001,689.6272449520171
8,893.5,684.5546202205427
8,893.6,671.3050256575688
8,893.7,685.8693927587407
8,893.8000000000001,694.6126779628262
8,893.9000000000001,689.1930317127454
8,894.0,683.6257413292044
8,894.1,688.3977741790471
8,894.2,694.7007125275366
8,894.3000000000001,698.4466079977914
8,894.4000000000001,693.1212475195762
8,894.5,695.3757827777229
8,894.6,699.0496023599707
8,894.7,701.2105108154601
8,894.8000000000001,679.1978954663733
8,894.9000000000001,668.1079363099684
8,895.0,682.865972274397
8,895.1,571.7670963152711
8,895.2,438.68269973408496
8,895.3000000000001,649.9647006927174
8,895.4000000000001,687.9391460028806
8,895.5,705.0973846058558
8,895.6,674.4052082215413
8,895.7,675.5477321453014
8,895.8000000000001,675.2160751248138
8,895.9000000000001,686.6920689090755
8,896.0,669.3012293100861
8,896.1,690.1202644913027
8,896.2,673.1382441807247
8,896.3000000000001,674.4739383566973
8,896.4000000000001,695.6444179418826
8,896.5,693.4407773329367
8,896.6,666.1994473853208
8,896.7,668.6416015669246
8,896.8000000000001,669.6677201570819
8,896.9000000000001,675.6159395957463
8,897.0,680.7349520892651
8,897.1,670.6006962459404
8,897.2,678.6516625677418
8,897.3000000000001,646.5201205973578
8,897.4000000000001,685.6928046811175
8,897.5,449.77554412464997
8,897.6,624.4626961687644
8,897.7,466.7502615223012
8,897.8000000000001,526.6607840418689
8,897.9000000000001,660.9512536278509
8,898.0,675.0669845427468
8,898.1,680.840524665531
8,898.2,693.5905055697414
8,898.3000000000001,687.6785591128076
8,898.4000000000001,683.9789630361729
8,898.5,672.3962771526215
8,898.6,679.1263090222833
8,898.7,685.2687675899006
8,898.8000000000001,679.8581936555729
8,898.9000000000001,686.7012952095905
8,899.0,679.3937717124894
8,899.1,683.7399396048535
8,899.2,683.4499644311941
8,899.3000000000001,685.5072075848431
8,899.4000000000001,679.9693159042619
8,899.5,672.493445294626
8,899.6,677.6854858155846
8,899.7,694.1295635231575
8,899.8000000000001,693.5533974560414
8,899.9000000000001,687.0550190237302
8,900.0,671.0956505947223
8,900.1,626.2664078876755
8,900.2,675.3268771570173
8,900.3000000000001,675.624628699587
8,900.4000000000001,695.2863936419355
8,900.5,704.4225595887203
8,900.6,710.9603074755623
8,900.7,623.5637727394937
8,900.8000000000001,671.0556851526659
8,900.9000000000001,684.23646848128
8,901.0,696.0198229565457
8,901.1,688.7733626403053
8,901.2,676.3350716259242
8,901.3000000000001,685.0689525587318
8,901.4000000000001,691.906291447112
8,901.5,690.8986524657643
8,901.6,699.7080148181982
8,901.7,705.3713252223118
8,901.8000000000001,672.0057005483739
8,901.9000000000001,670.6479410560231
8,902.0,667.8207394760692
8,902.1,681.7974640361856
8,902.2,679.1838303668286
8,902.3000000000001,674.2552927304022
8,902.4000000000001,673.0770347766844
8,902.5,684.6007116018787
8,902.6,703.9559776399457
8,902.7,689.1022585345888
8,902.8000000000001,686.4304406420138
8,902.9000000000001,690.6478356661903
8,903.0,686.2473938606139
8,903.1,700.1262122090653
8,903.2,686.5087381386794
8,903.3000000000001,681.8052899837811
8,903.4000000000001,678.0792394392034
8,903.5,704.4286854975288
8,903.6,704.953000629305
8,903.7,713.7796457426466
8,903.8000000000001,717.435781928005
8,903.9000000000001,713.4725390183322
8,904.0,710.2941543886196
8,904.1,706.2358435903527
8,904.2,694.9871814812467
8,904.3000000000001,694.6419230960912
8,904.4000000000001,684.9603705951987
8,904.5,680.6686238548282
8,904.6,686.4786199258267
8,904.7,705.1570541709194
8,904.8000000000001,717.2637485458534
8,904.9000000000001,695.3323299442353
8,905.0,697.3695715382878
8,905.1,701.90102966463
8,905.2,707.0605818376226
8,905.3000000000001,708.6469415915163
8,905.4000000000001,688.9680522428004
8,905.5,690.2979752518835
8,905.6,690.7993399709195
8,905.7,689.7804700820068
8,905.8000000000001,533.823654734405
8,905.9000000000001,614.7044569978924
8,906.0,681.4651265102837
8,906.1,689.30627553109
8,906.2,688.8105238183423
8,906.3000000000001,641.6949349704075
8,906.4000000000001,654.3414449378245
8,906.5,674.9123860786743
8,906.6,684.488437475623
8,906.7,691.366339281822
8,906.8000000000001,702.6392803520334
8,906.9000000000001,704.854062464436
8,907.0,679.2356341289192
8,907.1,675.6911352407607
8,907.2,675.4242676235525
8,907.3000000000001,672.029206340911
8,907.4000000000001,681.1340411356432
8,907.5,686.6482467355588
8,907.6,693.3808278890176
8,907.7,544.587439524498
8,907.8000000000001,605.7314704097005
8,907.9000000000001,681.4733790237924
8,908.0,695.8313591078758
8,908.1,678.4147569330248
8,908.2,666.5815263965154
8,908.3000000000001,676.7503516035631
8,908.4000000000001,683.6817507352395
8,908.5,693.7536963060618
8,908.6,699.680923467121
8,908.7,699.3674072895728
8,908.8000000000001,678.7205362218367
8,908.9000000000001,684.5029488979498
8,909.0,619.4119632793582
8,909.1,651.7355268877393
8,909.2,680.7895988451122
8,909.3000000000001,685.1583847125429
8,909.4000000000001,690.9025992339526
8,909.5,692.1559838038485
8,909.6,699.127464639073
8,909.7,498.17760560100834
8,909.8000000000001,564.1065860419415
8,909.9000000000001,687.436416704452
8,910.0,686.1845432170796
8,910.1,686.9435448991843
8,910.2,682.1785600238763
8,910.3000000000001,681.8819589753646
8,910.4000000000001,673.3316717364584
8,910.5,669.0324245588278
8,910.6,674.0884117060886
8,910.7,680.2262920307119
8,910.8000000000001,680.9297743958143
8,910.9000000000001,681.5692339026511
8,911.0,674.2332686956502
8,911.1,678.4870139886123
8,911.2,661.985902117602
8,911.3000000000001,654.5928953809843
8,911.4000000000001,677.7324747804024
8,911.5,686.8106921144914
8,911.6,679.7996061265254
8,911.7,680.8541857940008
8,911.8000000000001,679.1794100808581
8,911.9000000000001,683.6816407453732
8,912.0,691.8816780395001
8,912.1,634.214371572852
8,912.2,574.2769767617178
8,912.3000000000001,607.9976008825018
8,912.4000000000001,666.5105581415315
8,912.5,684.1121910695248
8,912.6,685.7979178991893
8,912.7,668.0220530352483
8,912.8000000000001,677.681607712678
8,912.9000000000001,680.7776781410108
8,913.0,673.0748152626566
8,913.1,678.4017465219406
8,913.2,672.9165743824474
8,913.3000000000001,673.8710486325929
8,913.4000000000001,673.3784572020319
8,913.5,578.0046019740131
8,913.6,586.9621658548078
8,913.7,529.8311230338229
8,913.8000000000001,586.3007772474077
8,913.9000000000001,697.8925583386389
8,914.0,669.5900776247008
8,914.1,541.7153259331881
8,914.2,561.3159027650461
8,914.3000000000001,678.0627351684137
8,914.4000000000001,698.6991213335359
8,914.5,698.0477602942823
8,914.6,692.5867274261766
8,914.7,694.32766382003
8,914.8000000000001,697.6914539581957
8,914.9000000000001,695.1345775566238
8,915.0,686.8349783051718
8,915.1,679.7157521421075
8,915.2,686.6735788734558
8,915.3000000000001,701.434755393012
8,915.4000000000001,696.7078780988078
8,915.5,688.9405351240113
8,915.6,683.2881733096682
8,915.7,685.8978651860843
8,915.8000000000001,656.3967201211833
8,915.9000000000001,650.7476621349762
8,916.0,691.2000370338668
8,916.1,690.3172399794413
8,916.2,677.214780852294
8,916.3000000000001,676.5618975428321
8,916.4000000000001,673.9380440488583
8,916.5,672.1893256769481
8,916.6,683.3171796478837
8,916.7,683.13631550574
8,916.8000000000001,679.6664525774676
8,916.9000000000001,676.2474736859923
8,917.0,678.7210515111213
8,917.1,689.4369716832447
8,917.2,685.8106313399444
8,917.3000000000001,696.0709702814331
8,917.4000000000001,692.6723221164644
8,917.5,677.6118559381136
8,917.6,671.896829660131
8,917.7,684.5891489748795
8,917.8000000000001,702.4545353118749
8,917.9000000000001,701.9922339643458
8,918.0,699.0711948745392
8,918.1,696.4565516634383
8,918.2,708.6354686185159
8,918.3000000000001,712.5482444257052
8,918.4000000000001,706.1093511979425
8,918.5,692.4037949963831
8,918.6,682.8044392013016
8,918.7,695.0529477016331
8,918.8000000000001,694.3566538181668
8,918.9000000000001,676.8722734040396
8,919.0,677.6347875567815
8,919.1,683.0515676199892
8,919.2,677.9557009072524
8,919.3000000000001,676.1121627404401
8,919.4000000000001,678.9252918226749
8,919.5,698.5996429241219
8,919.6,712.7267306101437
8,919.7,693.7426761240531
8,919.8000000000001,677.7857439013167
8,919.9000000000001,685.5771552371197
8,920.0,706.3450150198287
8,920.1,590.2519883763375
8,920.2,529.9100074670504
8,920.3000000000001,686.4942428659739
8,920.4000000000001,682.0953427510469
8,920.5,693.4423303144786
8,920.6,699.8079474211931
8,920.7,703.092376570376
8,920.8000000000001,698.2995616657679
8,920.9000000000001,697.4598422083568
8,921.0,699.6524750569162
8,921.1,707.1270056281884
8,921.2,694.8351641145427
8,921.3000000000001,687.4685578060831
8,921.4000000000001,705.4153727723177
8,921.5,703.4531293009684
8,921.6,686.6272805705125
8,921.7,684.6207604301057
8,921.8000000000001,694.887630339491
8,921.9000000000001,700.6723941569404
8,922.0,683.1418098075357
8,922.1,695.6424779728098
8,922.2,710.6122477076801
8,922.3000000000001,704.412017622932
8,922.4000000000001,700.5618413817195
8,922.5,707.1797938070926
8,922.6,702.1512499243544
8,922.7,691.4230696768974
8,922.8000000000001,679.5219225971122
8,922.9000000000001,684.760945677032
8,923.0,702.5148437006645
8,923.1,701.6165382477487
8,923.2,685.3084569482506
8,923.3000000000001,680.5017376750922
8,923.4000000000001,699.5948672011979
8,923.5,642.2857187758221
8,923.6,608.6732902777434
8,923.7,691.0729167708271
8,923.8000000000001,555.8418614806475
8,923.9000000000001,383.028544960856
8,924.0,565.1860378097039
8,924.1,688.0659075579922
8,924.2,698.3677748809295
8,924.3000000000001,701.0927289991583
8,924.4000000000001,707.2754999407098
8,924.5,691.1870357428851
8,924.6,686.7889466779313
8,924.7,696.7813977645011
8,924.8000000000001,716.8815696421741
8,924.9000000000001,709.5699601699479
8,925.0,715.3575919196008
8,925.1,723.3724140953885
8,925.2,699.1750236870703
8,925.3000000000001,703.4554630297337
8,925.4000000000001,715.2203266392551
8,925.5,702.1966561771978
8,925.6,626.0182579486881
8,925.7,556.9877784565914
8,925.8000000000001,618.4144147555039
8,925.9000000000001,522.2679910034154
8,926.0,633.5312835605441
8,926.1,571.1462395350246
8,926.2,683.178982231702
8,926.3000000000001,693.1188150783747
8,926.4000000000001,688.3428725542254
8,926.5,689.5742302966662
8,926.6,684.2359078707389
8,926.7,680.4749973023931
8,926.8000000000001,595.3986990036875
8,926.9000000000001,497.97397562702105
8,927.0,677.8221642547516
8,927.1,694.1111465083326
8,927.2,696.6286294708705
8,927.3000000000001,694.956254071322
8,927.4000000000001,692.2059356534744
8,927.5,695.9443984602962
8,927.6,703.8229509987138
8,927.7,710.0723874926304
8,927.8000000000001,715.0792054237108
8,927.9000000000001,695.6707425468036
8,928.0,696.92380050164
8,928.1,684.4648495392076
8,928.2,730.4765701088636
8,928.3000000000001,739.6811111592689
8,928.4000000000001,681.3549802507831
8,928.5,682.8425324644719
8,928.6,689.092180992884
8,928.7,686.8683133278842
8,928.8000000000001,679.9241918722256
8,928.9000000000001,702.2824825920512
8,929.0,711.0176259197766
8,929.1,706.4373467339703
8,929.2,695.449746089258
8,929.3000000000001,713.2866254641873
8,929.4000000000001,739.4969211412975
8,929.5,718.9523789540871
8,929.6,707.8994907432977
8,929.7,661.8339560739471
8,929.8000000000001,619.250836246757
8,929.9000000000001,707.7425045442033
8,930.0,687.1714858702197
8,930.1,680.1660078858457
8,930.2,701.0417607859341
8,930.3000000000001,705.5220317091268
8,930.4000000000001,694.420221557422
8,930.5,690.2612652636993
8,930.6,691.4912573315223
8,930.7,685.4995080667859
8,930.8000000000001,681.6427274060926
8,930.9000000000001,704.5877254431815
8,931.0,708.699186120256
8,931.1,704.6936646646895
8,931.2,704.2167970666327
8,931.3000000000001,712.1457370633461
8,931.4000000000001,702.498753087556
8,931.5,707.9060006931757
8,931.6,702.5310950150493
8,931.7,683.9684411054143
8,931.8000000000001,634.9500894986323
8,931.9000000000001,660.7313743618871
8,932.0,684.4310533661115
8,932.1,677.9854426341146
8,932.2,706.542629667657
8,932.3000000000001,696.569776368066
8,932.4000000000001,693.2473222544321
8,932.5,685.8171677544855
8,932.6,686.5465817947253
8,932.7,688.6519929221148
8,932.8000000000001,699.1170866560171
8,932.9000000000001,699.696991431268
8,933.0,703.7942143528153
8,933.1,694.855781859761
8,933.2,706.6347779246639
8,933.3000000000001,681.5916179001408
8,933.4000000000001,667.3210834561023
8,933.5,680.0205345385592
8,933.6,690.691412336325
8,933.7,715.7801469953528
8,933.8000000000001,709.5845611394224
8,933.9000000000001,663.160626769941
8,934.0,498.12273280723144
8,934.1,683.4201656516794
8,934.2,693.0169896057197
8,934.3000000000001,692.9898642184373
8,934.4000000000001,689.4442781395285
8,934.5,690.7222010463574
8,934.6,712.6017806247735
8,934.7,681.0966766522603
8,934.8000000000001,674.3634075528306
8,934.9000000000001,675.68691553648
8,935.0,698.2967264130059
8,935.1,688.5883347459951
8,935.2,676.801062229834
8,935.3000000000001,685.9617468822776
8,935.4000000000001,673.3410035957694
8,935.5,683.3000527159852
8,935.6,700.2814350402268
8,935.7,685.7633109972163
8,935.8000000000001,704.4537162640281
8,935.9000000000001,701.5683106391871
8,936.0,702.4359403008182
8,936.1,700.0851079181995
8,936.2,673.4951387376052
8,936.3000000000001,695.3302920906905
8,936.4000000000001,678.8359726035023
8,936.5,681.2951517420044
8,936.6,703.3260757719628
8,936.7,690.6969096205006
8,936.8000000000001,685.8657374544279
8,936.9000000000001,699.6302465779772
8,937.0,698.61051920635
8,937.1,686.5637314837403
8,937.2,703.4122465225005
8,937.3000000000001,717.244318205505
8,937.4000000000001,685.7414819507072
8,937.5,694.1089511913034
8,937.6,699.6161218202618
8,937.7,702.1856408326677
8,937.8000000000001,721.4124919991473
8,937.9000000000001,711.582880044554
8,938.0,689.1690725067905
8,938.1,664.1930108919212
8,938.2,665.7193306467749
8,938.3000000000001,691.1443134508766
8,938.4000000000001,709.8562905240613
8,938.5,717.5957978762115
8,938.6,682.1258007814902
8,938.7,704.0425044581716
8,938.8000000000001,687.3388383909523
8,938.9000000000001,700.8115621979571
8,939.0,692.4876966945625
8,939.1,696.3446824739868
8,939.2,698.3134744861939
8,939.3000000000001,690.5813343735233
8,939.4000000000001,686.0469047549622
8,939.5,683.8610418935683
8,939.6,678.9226138640173
8,939.7,681.814318210441
8,939.8000000000001,716.4285310938599
8,939.9000000000001,686.2174617282657
8,940.0,686.0673112798574
8,940.1,684.02186339795
8,940.2,680.9247333101503
8,940.3000000000001,681.8862073879314
8,940.4000000000001,689.8664862181074
8,940.5,720.9669320243344
8,940.6,721.6223454107233
8,940.7,696.5508536459163
8,940.8000000000001,691.3999719040634
8,940.9000000000001,703.0830593299959
8,941.0,691.1342157870042
8,941.1,682.4666290175633
8,941.2,689.5152070652838
8,941.3000000000001,705.8998880898497
8,941.4000000000001,680.5689476093546
8,941.5,672.5317614775902
8,941.6,683.3298215692053
8,941.7,718.3512540330382
8,941.8000000000001,703.1122494160069
8,941.9000000000001,711.3980679313966
8,942.0,684.6242870008222
8,942.1,676.0342188941992
8,942.2,696.8258283026134
8,942.3000000000001,694.4158391533325
8,942.4000000000001,704.7410911991473
8,942.5,737.8423195996625
8,942.6,679.0660647930684
8,942.7,691.2697404191914
8,942.8000000000001,723.151966259014
8,942.9000000000001,692.788447161899
8,943.0,684.9117496891658
8,943.1,692.9189677998218
8,943.2,702.9128786062861
8,943.3000000000001,702.1933469591484
8,943.4000000000001,700.226512577243
8,943.5,706.7940164653443
8,943.6,712.8211115596833
8,943.7,709.5442283433002
8,943.8000000000001,706.2458554081073
8,943.9000000000001,702.9474824729144
8,944.0,693.6767285059256
8,944.1,698.7796638789548
8,944.2,687.7181669150569
8,944.3000000000001,672.4806604901347
8,944.4000000000001,702.3443546932
8,944.5,707.431741476806
8,944.6,688.6620845173015
8,944.7,693.4037711053693
8,944.8000000000001,697.4304840484222
8,944.9000000000001,700.1522853868438
8,945.0,703.4779281668511
8,945.1,678.5965734942595
8,945.2,680.7107931299414
8,945.3000000000001,691.6556475758285
8,945.4000000000001,706.7638167588963
8,945.5,699.29575304414
8,945.6,703.3207480791634
8,945.7,696.5680598159914
8,945.8000000000001,726.92248241907
8,945.9000000000001,700.0215731691953
8,946.0,712.551284581762
8,946.1,691.6716681139135
8,946.2,727.6102994131
8,946.3000000000001,702.7534529418851
8,946.4000000000001,694.6791699495551
8,946.5,700.3736350546247
8,946.6,705.164402580296
8,946.7,695.651791628752
8,946.8000000000001,717.6939924422967
8,946.9000000000001,691.2048334192325
8,947.0,690.6940908627519
8,947.1,709.8626142814009
8,947.2,693.7612658162826
8,947.3000000000001,699.5026600049994
8,947.4000000000001,581.9232534741245
8,947.5,654.3815710280218
8,947.6,696.2621673229096
8,947.7,711.0430061446941
8,947.8000000000001,704.8586821272893
8,947.9000000000001,591.454597880981
8,948.0,686.2038498026445
8,948.1,695.1513214722166
8,948.2,696.0369419300391
8,948.3000000000001,693.2269510113598
8,948.4000000000001,681.6463252650394
8,948.5,699.1382143151505
8,948.6,703.8681571725608
8,948.7,681.2716326636548
8,948.8000000000001,695.8465288734124
8,948.9000000000001,381.27126988114145
8,949.0,618.306328061511
8,949.1,669.7338046080393
8,949.2,537.8429854174408
8,949.3000000000001,385.46035404831224
8,949.4000000000001,627.3333929352597
8,949.5,675.368291853161
8,949.6,700.7061721809564
8,949.7,683.8959710992574
8,949.8000000000001,693.5745403366408
8,949.9000000000001,493.2668559657216
8,950.0,661.8345810924279
8,950.1,671.0338571244943
8,950.2,687.6354156792431
8,950.3000000000001,703.5119048479405
8,950.4000000000001,699.7809156094886
8,950.5,694.8482596605351
8,950.6,699.8708673997156
8,950.7,686.0339215868521
8,950.8000000000001,686.9541350217993
8,950.9000000000001,695.4466197920242
8,951.0,677.5871091515412
8,951.1,695.7158453546268
8,951.2,681.4281773575369
8,951.3000000000001,694.0189701798316
8,951.4000000000001,665.3364329934194
8,951.5,678.1167025360783
8,951.6,674.2599884097368
8,951.7,708.1561436205194
8,951.8000000000001,695.8187474338481
8,951.9000000000001,692.2054825228383
8,952.0,688.2897896317717
8,952.1,676.9796974938387
8,952.2,696.5089537204003
8,952.3000000000001,694.2025148504804
8,952.4000000000001,687.8517130410702
8,952.5,688.0095611460683
8,952.6,699.1884377952786
8,952.7,687.7783942079359
8,952.8000000000001,683.7738340786277
8,952.9000000000001,699.9205747827116
8,953.0,706.7829166646844
8,953.1,704.2447971920324
8,953.2,708.9211281967758
8,953.3000000000001,685.1831080737853
8,953.4000000000001,691.4438470895384
8,953.5,711.4744926502291
8,953.6,703.5922898111882
8,953.7,688.9684150361269
8,953.8000000000001,685.6067813652196
8,953.9000000000001,698.3710197890006
8,954.0,688.6381334662303
8,954.1,692.4826118591932
8,954.2,689.3872095692043
8,954.3000000000001,698.8914757859637
8,954.4000000000001,690.8835090805183
8,954.5,694.556184021343
8,954.6,692.4850635477062
8,954.7,673.0024583875638
8,954.8000000000001,662.3948002814664
8,954.9000000000001,683.5885664998902
8,955.0,686.8339802050009
8,955.1,690.9370070483105
8,955.2,676.9698554337494
8,955.3000000000001,679.1934447354134
8,955.4000000000001,682.9735761882672
8,955.5,684.0551596257867
8,955.6,426.8006610499195
8,955.7,601.4100462948609
8,955.8000000000001,680.6139808946782
8,955.9000000000001,694.4434103091437
8,956.0,680.4065826197559
8,956.1,676.5693700093091
8,956.2,696.9888112867
8,956.3000000000001,682.2764755216201
8,956.4000000000001,693.1508462057334
8,956.5,679.7676890179653
8,956.6,685.4104914703723
8,956.7,701.0256732706721
8,956.8000000000001,466.6584951956389
8,956.9000000000001,620.6285217727251
8,957.0,677.8613275646446
8,957.1,677.0957439760351
8,957.2,677.694428728113
8,957.3000000000001,678.5161940393638
8,957.4000000000001,697.33953187548
8,957.5,683.5598572496868
8,957.6,670.4130557310802
8,957.7,445.71784641952354
8,957.8000000000001,611.5485387625104
8,957.9000000000001,679.8440139900127
8,958.0,681.7746480366922
8,958.1,681.7257668179689
8,958.2,685.2747084016045
8,958.3000000000001,680.9846448332489
8,958.4000000000001,586.8746951156556
8,958.5,649.4516491971502
8,958.6,690.5398535273993
8,958.7,691.3893273411169
8,958.8000000000001,669.0387766988375
8,958.9000000000001,665.7447144704846
8,959.0,684.8871470865902
8,959.1,676.6023801243846
8,959.2,684.7839341579559
8,959.3000000000001,681.1232465481452
8,959.4000000000001,686.1283922861355
8,959.5,659.5781054892363
8,959.6,677.0302365080103
8,959.7,408.11418493077105
8,959.8000000000001,464.16579221899536
8,959.9000000000001,644.0352965255778
8,960.0,697.4859809947884
8,960.1,688.2219902934148
8,960.2,683.3137480298233
8,960.3000000000001,690.0240587939414
8,960.4000000000001,430.1060545512524
8,960.5,590.62858707156
8,960.6,700.6099957951071
8,960.7,690.1565231065825
8,960.8000000000001,677.8823249228226
8,960.9000000000001,685.0102583824843
8,961.0,693.3878437802223
8,961.1,703.930701075282
8,961.2,704.5279249241123
8,961.3000000000001,700.0950622168853
8,961.4000000000001,700.1695883405099
8,961.5,428.41699061215155
8,961.6,552.3346708009033
8,961.7,685.1797780362241
8,961.8000000000001,690.3817763936828
8,961.9000000000001,702.6962935965515
8,962.0,694.6029968285086
8,962.1,688.4261331224561
8,962.2,694.6327524214753
8,962.3000000000001,704.8566621088006
8,962.4000000000001,694.3680469247857
8,962.5,627.6396646403339
8,962.6,650.2732824564068
8,962.7,675.4441196587824
8,962.8000000000001,679.1538640078008
8,962.9000000000001,686.9098338448764
8,963.0,693.8920077599697
8,963.1,511.9385049820299
8,963.2,569.0702813824446
8,963.3000000000001,676.2802998936531
8,963.4000000000001,686.4792087816726
8,963.5,683.7013680904283
8,963.6,681.0156140342859
8,963.7,688.5261060660033
8,963.8000000000001,518.0537724827941
8,963.9000000000001,575.2612047465278
8,964.0,690.0105386799587
8,964.1,601.1636087999375
8,964.2,641.3640278803842
8,964.3000000000001,669.8066908222941
8,964.4000000000001,675.6397848408043
8,964.5,696.6331569220214
8,964.6,681.2338390382
8,964.7,683.4989550462006
8,964.8000000000001,686.6045959896271
8,964.9000000000001,676.9094337633157
8,965.0,673.286461353215
8,965.1,666.7731260780154
8,965.2,661.0409881229905
8,965.3000000000001,683.268480785797
8,965.4000000000001,697.2481670924469
8,965.5,689.4452938072744
8,965.6,686.4542263611984
8,965.7,671.0271422710125
8,965.8000000000001,661.5402294648154
8,965.9000000000001,676.1684448174439
8,966.0,683.1581281123562
8,966.1,627.6817661425013
8,966.2,639.6107247050139
8,966.3000000000001,676.1721621606573
8,966.4000000000001,688.859924215979
8,966.5,692.8410290704303
8,966.6,685.8222931299516
8,966.7,684.2677522667453
8,966.8000000000001,705.676289306667
8,966.9000000000001,707.1382822060506
8,967.0,704.4591959001846
8,967.1,691.2646327718064
8,967.2,671.3424968746622
8,967.3000000000001,686.198736917804
8,967.4000000000001,689.3354135908082
8,967.5,600.8853556184042
8,967.6,613.5882995664664
8,967.7,670.8827719954805
8,967.8000000000001,681.1268109214427
8,967.9000000000001,692.9848369402591
8,968.0,714.3517275815574
8,968.1,605.8389063260232
8,968.2,605.1490816796778
8,968.3000000000001,553.1646717295499
8,968.4000000000001,601.0031707671825
8,968.5,709.2312929463526
8,968.6,689.1248380458936
8,968.7,470.62384712074606
8,968.8000000000001,507.13157890902903
8,968.9000000000001,685.7819966961317
8,969.0,675.7668824412062
8,969.1,672.674192193798
8,969.2,673.4920200583376
8,969.3000000000001,683.2829742509617
8,969.4000000000001,686.124495367103
8,969.5,694.0174390590164
8,969.6,697.3210719818707
8,969.7,686.9946841737986
8,969.8000000000001,677.9020195056073
8,969.9000000000001,695.2557762697498
8,970.0,706.4187965047879
8,970.1,695.7923900007135
8,970.2,722.5127464579017
8,970.3000000000001,718.558996276448
8,970.4000000000001,681.2723835988019
8,970.5,673.2566363880333
8,970.6,683.7771331226212
8,970.7,687.0645223804385
8,970.8000000000001,681.5292488192355
8,970.9000000000001,670.070974033105
8,971.0,678.7701644607073
8,971.1,692.1366083932305
8,971.2,673.8576693242761
8,971.3000000000001,671.5820425719353
8,971.4000000000001,686.8655522208398
8,971.5,557.3004064995915
8,971.6,384.2979758644836
8,971.7,518.9799022115785
8,971.8000000000001,699.4332796809681
8,971.9000000000001,546.675558842546
8,972.0,526.210616534531
8,972.1,681.397666878863
8,972.2,687.2486629032512
8,972.3000000000001,667.3955582080641
8,972.4000000000001,658.2723983133745
8,972.5,671.1359187987156
8,972.6,676.748182608138
8,972.7,684.691478706657
8,972.8000000000001,690.4730109475503
8,972.9000000000001,688.9255779144846
8,973.0,691.2264143352188
8,973.1,686.669729263779
8,973.2,681.5393322560799
8,973.3000000000001,600.7384104905842
8,973.4000000000001,583.5722082116823
8,973.5,679.453266537549
8,973.6,689.1003763432569
8,973.7,684.9236330774212
8,973.8000000000001,680.4107207862899
8,973.9000000000001,685.3817491452286
8,974.0,679.7926176138054
8,974.1,677.3908297702394
8,974.2,682.432861006737
8,974.3000000000001,684.4157254465207
8,974.4000000000001,693.6065031767517
8,974.5,687.0302862808996
8,974.6,671.2538303868106
8,974.7,674.7332380106657
8,974.8000000000001,676.6630711957836
8,974.9000000000001,679.583131403866
8,975.0,693.3252407045802
8,975.1,671.6492337297603
8,975.2,660.4961419548422
8,975.3000000000001,682.1900293649447
8,975.4000000000001,680.2660167429372
8,975.5,666.5214787788994
8,975.6,667.7471008366399
8,975.7,677.3398095263547
8,975.8000000000001,682.8601557428827
8,975.9000000000001,687.0258975807687
8,976.0,688.0782424919541
8,976.1,685.2372318114802
8,976.2,682.3280595599376
8,976.3000000000001,674.5842584107338
8,976.4000000000001,680.3377018588283
8,976.5,684.7181439419926
8,976.6,676.7349399671555
8,976.7,673.3603007249857
8,976.8000000000001,684.0193542296092
8,976.9000000000001,687.8931543209172
8,977.0,681.678320567977
8,977.1,683.3455295884476
8,977.2,682.2458853802175
8,977.3000000000001,686.1658888263651
8,977.4000000000001,678.7270394783139
8,977.5,676.2676067748262
8,977.6,689.529525588935
8,977.7,697.4963565517581
8,977.8000000000001,688.3705265629276
8,977.9000000000001,690.4163351951452
8,978.0,689.9410338211475
8,978.1,687.9884141614059
8,978.2,618.1258512691841
8,978.3000000000001,545.7674335108167
8,978.4000000000001,611.6237039590673
8,978.5,669.80155112872
8,978.6,683.675188821948
8,978.7,678.6785548183153
8,978.8000000000001,684.8272910875575
8,978.9000000000001,704.7226822145393
8,979.0,582.7258349373037
8,979.1,503.16687901429253
8,979.2,685.1992586601822
8,979.3000000000001,691.4136492525628
8,979.4000000000001,686.8965619661135
8,979.5,554.555276625947
8,979.6,482.0761388030299
8,979.7,698.6678509492771
8,979.8000000000001,618.9538476112178
8,979.9000000000001,561.6583395959244
8,980.0,679.5367720571948
8,980.1,689.5976230461883
8,980.2,691.6499538870384
8,980.3000000000001,685.2347973430066
8,980.4000000000001,712.2528275556799
8,980.5,723.0482418084443
8,980.6,704.085273796439
8,980.7,697.7303867232579
8,980.8000000000001,688.9265087730378
8,980.9000000000001,678.9540185099992
8,981.0,677.8745290540701
8,981.1,693.7671856699288
8,981.2,681.1417711869999
8,981.3000000000001,685.8228408777587
8,981.4000000000001,711.3003647984882
8,981.5,711.6666385892541
8,981.6,696.5546312021359
8,981.7,682.1695025113527
8,981.8000000000001,688.2412055602477
8,981.9000000000001,672.470368569434
8,982.0,682.4831079538012
8,982.1,696.8578013989168
8,982.2,693.666129747484
8,982.3000000000001,682.6909710970963
8,982.4000000000001,705.2726209964087
8,982.5,709.2561307835728
8,982.6,683.1629738425361
8,982.7,606.1580892196093
8,982.8000000000001,555.8291909384883
8,982.9000000000001,685.6884060310631
8,983.0,687.933570828093
8,983.1,679.459999274689
8,983.2,679.6827232619885
8,983.3000000000001,669.0088757106541
8,983.4000000000001,666.0982476314002
8,983.5,688.8476991720944
8,983.6,716.8101322332758
8,983.7,689.86680640197
8,983.8000000000001,679.8901892133442
8,983.9000000000001,687.9486570138566
8,984.0,694.9116316957852
8,984.1,685.3924771575759
8,984.2,693.1308876442481
8,984.3000000000001,691.255201240944
8,984.4000000000001,594.3858199492006
8,984.5,465.30607714702296
8,984.6,692.1234881169486
8,984.7,689.0227361325823
8,984.8000000000001,686.2040813049166
8,984.9000000000001,681.9017776287832
8,985.0,655.4946510829101
8,985.1,595.0111284348333
8,985.2,666.7725940259031
8,985.3000000000001,680.197574599089
8,985.4000000000001,570.9326257105786
8,985.5,407.3222119288948
8,985.6,679.5949421124118
8,985.7,677.6563839557507
8,985.8000000000001,703.0687496138238
8,985.9000000000001,691.8099973391519
8,986.0,661.27295976511
8,986.1,650.3780853990484
8,986.2,679.070204475088
8,986.3000000000001,674.1511803009977
8,986.4000000000001,632.5100286406696
8,986.5,548.8502401701836
8,986.6,682.6231306136764
8,986.7,665.9150624392969
8,986.8000000000001,686.5251051039302
8,986.9000000000001,683.8287709298648
8,987.0,677.1141482277812
8,987.1,685.2147766762519
8,987.2,662.6159886609854
8,987.3000000000001,579.3466072187592
8,987.4000000000001,478.1064471841101
8,987.5,669.8636568511296
8,987.6,648.8762603543083
8,987.7,665.1955678627767
8,987.8000000000001,683.8487755460188
8,987.9000000000001,681.6117201747238
8,988.0,670.587098656631
8,988.1,666.7877280058661
8,988.2,661.1030374372198
8,988.3000000000001,671.9921658731133
8,988.4000000000001,669.670230653736
8,988.5,672.0641169375822
8,988.6,675.7122651041523
8,988.7,685.2030061103087
8,988.8000000000001,668.7514235003308
8,988.9000000000001,668.4013880719172
8,989.0,656.8765858345024
8,989.1,677.8643359215391
8,989.2,634.2804459370242
8,989.3000000000001,477.75683063010285
8,989.4000000000001,699.8333645516401
8,989.5,694.7520354798073
8,989.6,685.5721599926599
8,989.7,672.2684506624653
8,989.8000000000001,679.4872665622154
8,989.9000000000001,684.3654798128854
8,990.0,677.8540897120754
8,990.1,687.3650547280342
8,990.2,624.1753355528035
8,990.3000000000001,462.53097297043263
8,990.4000000000001,683.0065498444471
8,990.5,678.5019905769565
8,990.6,668.2450249495096
8,990.7,669.0039721356827
8,990.8000000000001,609.6499573118108
8,990.9000000000001,370.35076446139664
8,991.0,684.4835069528265
8,991.1,694.8122097738301
8,991.2,691.3462223229785
8,991.3000000000001,665.4607396794592
8,991.4000000000001,675.9961153637928
8,991.5,637.3816278732489
8,991.6,410.1651591499876
8,991.7,662.7340761044765
8,991.8000000000001,682.846760882175
8,991.9000000000001,680.6575833758992
8,992.0,634.9459638953059
8,992.1,683.091063075021
8,992.2,679.9884285288286
8,992.3000000000001,673.1899059159142
8,992.4000000000001,667.5162057969206
8,992.5,692.3215983792243
8,992.6,667.49357738326
8,992.7,676.8164658515846
8,992.8000000000001,675.7727250735394
8,992.9000000000001,690.4263403150746
8,993.0,686.1447638481051
8,993.1,674.5728100583059
8,993.2,670.5218983022678
8,993.3000000000001,657.5737067454301
8,993.4000000000001,622.4024761720844
8,993.5,433.8522428255967
8,993.6,669.9330165290219
8,993.7,651.2561564774736
8,993.8000000000001,503.72748078575046
8,993.9000000000001,684.6006114266787
8,994.0,694.7888537711355
8,994.1,681.4055207798814
8,994.2,686.9263341482119
8,994.3000000000001,632.4326863524497
8,994.4000000000001,438.1191450873642
8,994.5,674.6296681495551
8,994.6,667.4979876337234
8,994.7,629.9608823049273
8,994.8000000000001,380.9894101744025
8,994.9000000000001,668.3983888922671
8,995.0,682.8040007897072
8,995.1,665.2543865364696
8,995.2,673.9207019304106
8,995.3000000000001,513.5741124633984
8,995.4000000000001,674.8335107920677
8,995.5,680.5356123287573
8,995.6,683.2686406220291
8,995.7,678.5932499668315
8,995.8000000000001,660.4945388947475
8,995.9000000000001,679.8752469489539
8,996.0,665.5010891820342
8,996.1,675.1163492337538
8,996.2,648.7483504513012
8,996.3000000000001,633.0414864862504
8,996.4000000000001,693.6270474441912
8,996.5,668.2617739349612
8,996.6,684.8648930620134
8,996.7,698.8804921282643
8,996.8000000000001,681.045032802728
8,996.9000000000001,647.694502261164
8,997.0,695.708021575402
8,997.1,681.393879280254
8,997.2,672.3788904633217
8,997.3000000000001,684.0151114661893
8,997.4000000000001,699.3994255570055
8,997.5,712.0723217287945
8,997.6,668.2143160701141
8,997.7,676.6765223000658
8,997.8000000000001,675.7008689055878
8,997.9000000000001,697.8165043986957
8,998.0,691.5802990421392
8,998.1,670.3442755416188
8,998.2,694.8204118923031
8,998.3000000000001,682.9463388872232
8,998.4000000000001,683.9783632775902
8,998.5,667.945723464006
8,998.6,674.302857477471
8,998.7,663.7919640722871
8,998.8000000000001,682.1958543745836
8,998.9000000000001,681.5106571499851
8,999.0,681.1873120428223
8,999.1,688.8221823293264
8,999.2,671.1876600309718
8,999.3000000000001,679.8944231057558
8,999.4000000000001,689.6518029223082
8,999.5,690.6971791815569
8,999.6,597.6666919149313
8,999.7,673.3270601205097
8,999.8000000000001,715.2474051632579
8,999.9000000000001,680.072040260413
8,1000.0,674.5161155676557
8,1000.1,692.8097545737592
8,1000.2,692.2902963042719
8,1000.3000000000001,699.5774040179015
8,1000.4000000000001,706.7660718885894
8,1000.5,702.8060017814231
8,1000.6,704.6733821995233
8,1000.7,681.341096924287
8,1000.8000000000001,683.4787085850287
8,1000.9000000000001,667.9502072892208
8,1001.0,686.3120619857405
8,1001.1,670.4117371347579
8,1001.2,696.707432572341
8,1001.3000000000001,352.35051102517014
8,1001.4000000000001,668.7262669622879
8,1001.5,691.393748461348
8,1001.6,675.2286405945083
8,1001.7,688.5983102920528
8,1001.8000000000001,675.8021071620107
8,1001.9000000000001,691.0908831770404
8,1002.0,677.2395173494739
8,1002.1,700.4721413747004
8,1002.2,669.9469936462841
8,1002.3000000000001,669.4134703739802
8,1002.4000000000001,378.3841902005439
8,1002.5,664.5619717584632
8,1002.6,683.277884409998
8,1002.7,687.7971709442731
8,1002.8000000000001,699.2127777778916
8,1002.9000000000001,701.3693395881323
8,1003.0,685.654904127167
8,1003.1,687.2631459384935
8,1003.2,694.210547924093
8,1003.3000000000001,697.2958302840758
8,1003.4000000000001,664.1710666845506
8,1003.5,669.9504187777236
8,1003.6,684.1312173933136
8,1003.7,675.3141329753179
8,1003.8000000000001,679.6421744114249
8,1003.9000000000001,686.166275115758
8,1004.0,676.6954296661688
8,1004.1,686.2949573714999
8,1004.2,688.7677290268334
8,1004.3000000000001,706.709045960682
8,1004.4000000000001,705.2099554564245
8,1004.5,438.10825326355854
8,1004.6,636.7434760957489
8,1004.7,629.4984106070225
8,1004.8000000000001,679.8160012384094
8,1004.9000000000001,690.0477883992863
8,1005.0,687.0673054545541
8,1005.1,690.8298067864655
8,1005.2,696.8244852848936
8,1005.3000000000001,424.9756543647701
8,1005.4000000000001,606.8440887464558
8,1005.5,680.9235088759933
8,1005.6,686.1922502285627
8,1005.7,672.396457700597
8,1005.8000000000001,673.6634967109171
8,1005.9000000000001,679.5771040629529
8,1006.0,690.9224323506712
8,1006.1,690.141459870347
8,1006.2,685.3382344409346
8,1006.3000000000001,692.6846047801515
8,1006.4000000000001,667.9671242847879
8,1006.5,689.355209402634
8,1006.6,685.6005156018156
8,1006.7,677.3553683553781
8,1006.8000000000001,666.2778280583144
8,1006.9000000000001,670.8463555615474
8,1007.0,669.6173418440628
8,1007.1,690.2079578075499
8,1007.2,680.2323244785952
8,1007.3000000000001,702.1329761396163
8,1007.4000000000001,625.1274148531204
8,1007.5,648.4311202458226
8,1007.6,671.160381891963
8,1007.7,675.3494357771383
8,1007.8000000000001,680.7038392522555
8,1007.9000000000001,687.4475927525976
8,1008.0,699.0500511082747
8,1008.1,685.7658530316041
8,1008.2,691.6762069577975
8,1008.3000000000001,677.4122791392009
8,1008.4000000000001,675.7109867664093
8,1008.5,680.5530216713705
8,1008.6,682.9152344624873
8,1008.7,692.8779393620421
8,1008.8000000000001,689.3417235896655
8,1008.9000000000001,677.7986958210934
8,1009.0,692.3480966864773
8,1009.1,698.7855372040834
8,1009.2,699.6073077481503
8,1009.3000000000001,695.1032820265382
8,1009.4000000000001,655.8613754571529
8,1009.5,667.7470936997
8,1009.6,693.6015245553986
8,1009.7,698.6109836087905
8,1009.8000000000001,691.2670882550979
8,1009.9000000000001,686.825758424275
8,1010.0,688.0324964489347
8,1010.1,682.0519664907798
8,1010.2,692.8836906221426
8,1010.3000000000001,700.8836233346766
8,1010.4000000000001,640.8700473362801
8,1010.5,670.618016476188
8,1010.6,488.9080827593032
8,1010.7,575.5217615482497
8,1010.8000000000001,681.731678555869
8,1010.9000000000001,444.746797922912
8,1011.0,548.7291847875742
8,1011.1,660.978157831358
8,1011.2,676.1717446394379
8,1011.3000000000001,676.3409102590998
8,1011.4000000000001,683.2959582096674
8,1011.5,672.6015710805075
8,1011.6,675.2295352493251
8,1011.7,669.4727694019043
8,1011.8000000000001,670.1799452316328
8,1011.9000000000001,678.0485139379938
8,1012.0,666.5345364376568
8,1012.1,673.8545743025037
8,1012.2,681.3475623199784
8,1012.3000000000001,674.5009344025533
8,1012.4000000000001,661.1391271989879
8,1012.5,680.5354286905099
8,1012.6,696.5487728062283
8,1012.7,684.0138108313397
8,1012.8000000000001,663.1694019550481
8,1012.9000000000001,673.9761848042305
8,1013.0,653.5007799301434
8,1013.1,660.3491899663226
8,1013.2,681.7665718553138
8,1013.3000000000001,672.6443233035537
8,1013.4000000000001,671.4858404203623
8,1013.5,670.1367702697875
8,1013.6,685.487911175114
8,1013.7,674.5999299952699
8,1013.8000000000001,672.0123915548153
8,1013.9000000000001,686.2136152492191
8,1014.0,674.8834808156847
8,1014.1,590.6663693738484
8,1014.2,623.4981498025941
8,1014.3000000000001,675.8306613480034
8,1014.4000000000001,671.6220898117192
8,1014.5,673.4692122161707
8,1014.6,672.0512499298313
8,1014.7,679.7052046268841
8,1014.8000000000001,679.2355744860309
8,1014.9000000000001,663.0333855702369
8,1015.0,675.8082684884665
8,1015.1,645.9382008248317
8,1015.2,656.557137473949
8,1015.3000000000001,693.9711571932557
8,1015.4000000000001,703.1562147657173
8,1015.5,502.22606107246656
8,1015.6,537.8014008925718
8,1015.7,670.412457184628
8,1015.8000000000001,682.2082426475638
8,1015.9000000000001,674.5261435811327
8,1016.0,661.0967850451261
8,1016.1,662.0446558450521
8,1016.2,697.4426733329624
8,1016.3000000000001,709.6463536770212
8,1016.4000000000001,684.7241689519831
8,1016.5,681.4888452742124
8,1016.6,690.8067816642182
8,1016.7,695.852698535283
8,1016.8000000000001,702.2365861152163
8,1016.9000000000001,698.043141426576
8,1017.0,687.3773843292379
8,1017.1,690.9245326145736
8,1017.2,687.2106394851812
8,1017.3000000000001,693.4839870600005
8,1017.4000000000001,694.4964348859862
8,1017.5,686.9324986986886
8,1017.6,687.911009491953
8,1017.7,682.7197545827784
8,1017.8000000000001,682.9021019361526
8,1017.9000000000001,685.3992991723865
8,1018.0,576.4638809521546
8,1018.1,381.7820229889879
8,1018.2,499.07178061884304
8,1018.3000000000001,673.0294649472502
8,1018.4000000000001,694.322551103564
8,1018.5,687.5994040946659
8,1018.6,677.3132165263104
8,1018.7,671.6852477366599
8,1018.8000000000001,670.6820428291736
8,1018.9000000000001,688.5377379975388
8,1019.0,665.9720485759118
8,1019.1,651.5135890790422
8,1019.2,663.1871974677596
8,1019.3000000000001,650.0826707006111
8,1019.4000000000001,636.5740624455768
8,1019.5,666.9654811716277
8,1019.6,697.1247024041661
8,1019.7,602.3492963271026
8,1019.8000000000001,594.1086717408468
8,1019.9000000000001,684.0826185716867
8,1020.0,678.7625258495356
8,1020.1,686.9491126405796
8,1020.2,673.741233786301
8,1020.3000000000001,674.4875163933564
8,1020.4000000000001,690.8970127028973
8,1020.5,682.8613601561646
8,1020.6,680.3759344382283
8,1020.7,682.2501451220052
8,1020.8000000000001,690.9403984195158
8,1020.9000000000001,676.4524837624397
8,1021.0,669.2042702268449
8,1021.1,682.9877419892849
8,1021.2,686.0806922031192
8,1021.3000000000001,679.9548219411749
8,1021.4000000000001,675.5941798467904
8,1021.5,682.035223252058
16,0.0,979.296
16,0.1,916.800461651563
16,0.2,641.9542507201362
16,0.30000000000000004,672.0671328002858
16,0.4,651.3856279560379
16,0.5,658.5441099942357
16,0.6000000000000001,610.5808836668273
16,0.7000000000000001,396.4162126523961
16,0.8,653.4213442975745
16,0.9,581.512285827672
16,1.0,662.1617086162711
16,1.1,632.460180899847
16,1.2000000000000002,657.5202417253313
16,1.3,680.1369856330492
16,1.4000000000000001,690.873221641393
16,1.5,647.0222901862219
16,1.6,297.30083143700085
16,1.7000000000000002,193.67457004395
16,1.8,200.35423245179894
16,1.9000000000000001,305.6413747283507
16,2.0,676.4607522666305
16,2.1,669.3995996696802
16,2.2,579.5588974447231
16,2.3000000000000003,618.1559520626394
16,2.4000000000000004,450.46088520185236
16,2.5,688.0797745289551
16,2.6,677.0929122724111
16,2.7,684.297926958114
16,2.8000000000000003,712.6134297519171
16,2.9000000000000004,715.3499102494037
16,3.0,695.9820101383409
16,3.1,697.8211877569638
16,3.2,648.9974138844211
16,3.3000000000000003,695.6679367642122
16,3.4000000000000004,620.5214355685413
16,3.5,729.9106125703341
16,3.6,717.8901409434945
16,3.7,718.7768082361753
16,3.8000000000000003,671.65534157036
16,3.9000000000000004,725.3882306065994
16,4.0,697.4454819890842
16,4.1000000000000005,715.2370334857565
16,4.2,693.2818622966049
16,4.3,696.5678118201735
16,4.4,665.7346641626415
16,4.5,732.9681760572104
16,4.6000000000000005,722.6625104627595
16,4.7,731.4484700933045
16,4.800000000000001,637.3974548737465
16,4.9,709.5756331714174
16,5.0,720.8490990911973
16,5.1000000000000005,693.6788448983964
16,5.2,671.0950527220372
16,5.300000000000001,687.260514887434
16,5.4,651.9797451484255
16,5.5,677.5416000228379
16,5.6000000000000005,552.4493072543208
16,5.7,715.4535149972903
16,5.800000000000001,705.8623641294672
16,5.9,725.0408077210034
16,6.0,705.9040433109033
16,6.1000000000000005,688.2646454710041
16,6.2,696.9040936910213
16,6.300000000000001,728.0683653528284
16,6.4,469.43477887197224
16,6.5,716.852652526648
16,6.6000000000000005,691.2968575575993
16,6.7,725.4393941517959
16,6.800000000000001,685.2555876165378
16,6.9,720.5514946639829
16,7.0,656.2273186489441
16,7.1000000000000005,711.0798118112399
16,7.2,543.442538129281
16,7.300000000000001,712.5617769069316
16,7.4,409.3995194494741
16,7.5,765.5221678882424
16,7.6000000000000005,729.4068119330375
16,7.7,656.8521346448408
16,7.800000000000001,583.5145235648208
16,7.9,487.6387031314742
16,8.0,715.7408288333332
16,8.1,719.9246863682803
16,8.200000000000001,672.2391830437736
16,8.3,680.7083269425721
16,8.4,476.50515376658126
16,8.5,769.5222947246642
16,8.6,740.6879878972323
16,8.700000000000001,690.0945298411048
16,8.8,708.8014225757272
16,8.9,742.2852239483485
16,9.0,486.1795165613696
16,9.1,711.8370295851507
16,9.200000000000001,717.5785446073587
16,9.3,497.80101051473247
16,9.4,684.2942295036452
16,9.5,410.83263444218807
16,9.600000000000001,329.6294540126632
16,9.700000000000001,645.8110988907158
16,9.8,449.7597123444748
16,9.9,425.4896217703673
16,10.0,992.2362414608837
16,10.100000000000001,529.9863998421401
16,10.200000000000001,723.5642796450849
16,10.3,732.7425216190732
16,10.4,738.7837990476281
16,10.5,686.9339927628545
16,10.600000000000001,726.561794260542
16,10.700000000000001,751.4034897631774
16,10.8,481.33835475157707
16,10.9,749.0046679396258
16,11.0,752.2384196166087
16,11.100000000000001,746.2145375605646
16,11.200000000000001,745.3872384801929
16,11.3,765.2176877220642
16,11.4,762.0798214200034
16,11.5,746.6961909064579
16,11.600000000000001,761.2876076550152
16,11.700000000000001,751.9127739632125
16,11.8,738.765590748298
16,11.9,765.7987130637571
16,12.0,735.9198572345998
16,12.100000000000001,699.8170948884423
16,12.200000000000001,731.5348928414654
16,12.3,748.5249454740308
16,12.4,732.5465653794482
16,12.5,740.7710333244576
16,12.600000000000001,723.4876143303825
16,12.700000000000001,737.7047115610393
16,12.8,719.0565173234422
16,12.9,745.341611854102
16,13.0,711.1720556032301
16,13.100000000000001,761.6687214268027
16,13.200000000000001,420.28801660830015
16,13.3,727.1149800059102
16,13.4,765.6609644971709
16,13.5,556.6941398862768
16,13.600000000000001,549.4573519179784
16,13.700000000000001,715.2705738942605
16,13.8,731.9682786413447
16,13.9,756.967080880573
16,14.0,707.4286717723458
16,14.100000000000001,701.2705309298979
16,14.200000000000001,742.2122169067229
16,14.3,740.0435793734919
16,14.4,766.4010484562559
16,14.5,749.3192081023718
16,14.600000000000001,720.4545525857321
16,14.700000000000001,763.0497201831262
16,14.8,769.7532843672362
16,14.9,744.8704637593339
16,15.0,752.8037325245991
16,15.100000000000001,746.3214696042547
16,15.200000000000001,750.1291404229177
16,15.3,744.8436250379037
16,15.4,742.89708469011
16,15.5,750.4946511327046
16,15.600000000000001,767.7016349319654
16,15.700000000000001,752.274213621837
16,15.8,707.7513300992515
16,15.9,736.3837446988741
16,16.0,740.1563402956283
16,16.1,663.9729653486056
16,16.2,766.0601263810834
16,16.3,454.2458468635326
16,16.400000000000002,362.1201456561189
16,16.5,697.5961205467638
16,16.6,729.5286297642624
16,16.7,808.4891552807601
16,16.8,775.5790419684499
16,16.900000000000002,725.0962414016187
16,17.0,748.6256304298108
16,17.1,708.7743028847864
16,17.2,710.3125943908939
16,17.3,734.4940653761589
16,17.400000000000002,774.6825358187028
16,17.5,717.8557325078078
16,17.6,739.1793464869132
16,17.7,737.254263275773
16,17.8,756.0944445880116
16,17.900000000000002,742.263831220237
16,18.0,737.7515811040653
16,18.1,751.0389099447082
16,18.2,678.1756977797266
16,18.3,697.0582325125995
16,18.400000000000002,736.8109037327401
16,18.5,764.2321769794205
16,18.6,733.0356352764368
16,18.7,716.7870678163381
16,18.8,740.7771412889649
16,18.900000000000002,743.8191106027768
16,19.0,735.0696907967026
16,19.1,712.9481630120496
16,19.200000000000003,750.0898851275044
16,19.3,729.2356233973517
16,19.400000000000002,717.5650310986192
16,19.5,708.107457372188
16,19.6,567.2473015295478
16,19.700000000000003,419.49336367269143
16,19.8,478.69615970471983
16,19.900000000000002,713.5116717880371
16,20.0,440.193521399323
16,20.1,663.9680932232833
16,20.200000000000003,738.2657799121981
16,20.3,719.1027148272016
16,20.400000000000002,740.2761795186384
16,20.5,724.9024384937477
16,20.6,729.9907059082992
16,20.700000000000003,722.4719734956
16,20.8,729.3836928221938
16,20.900000000000002,763.6719022978886
16,21.0,737.8390558820868
16,21.1,741.3990225296754
16,21.200000000000003,744.1522229407911
16,21.3,722.1579993887302
16,21.400000000000002,724.9366366170478
16,21.5,584.5991270752447
16,21.6,716.506118434778
16,21.700000000000003,758.6499430920842
16,21.8,730.5738057684747
16,21.900000000000002,742.6342137373742
16,22.0,734.6362801326128
16,22.1,722.0600541127932
16,22.200000000000003,722.3402190197364
16,22.3,721.411631141707
16,22.400000000000002,717.7424487763274
16,22.5,719.5672395200323
16,22.6,747.4823176520472
16,22.700000000000003,753.1074888245698
16,22.8,719.7561199141303
16,22.900000000000002,732.6392451856376
16,23.0,746.1449888305426
16,23.1,747.1928626128047
16,23.200000000000003,520.7347449343215
16,23.3,637.126184016441
16,23.400000000000002,680.4513682305292
16,23.5,723.7416228648905
16,23.6,723.5186885551823
16,23.700000000000003,701.1065816339454
16,23.8,676.7050770770069
16,23.900000000000002,733.2087721172005
16,24.0,505.8320989776132
16,24.1,645.1593035383676
16,24.200000000000003,725.4430703196911
16,24.3,743.2517763367459
16,24.400000000000002,752.9717862142428
16,24.5,748.6684097236576
16,24.6,983.7443651302252
16,24.700000000000003,1079.606803451142
16,24.8,840.4672273462317
16,24.900000000000002,752.4719068872131
16,25.0,635.427372194735
16,25.1,703.8964570752744
16,25.200000000000003,709.6219109572735
16,25.3,695.1697317467049
16,25.400000000000002,652.5673920431793
16,25.5,657.4595341281279
16,25.6,693.5282286656285
16,25.700000000000003,725.377282542784
16,25.8,700.7698722523562
16,25.900000000000002,730.7218693236672
16,26.0,744.4615607857337
16,26.1,742.3395637294518
16,26.200000000000003,720.9408624200104
16,26.3,535.3693097790125
16,26.400000000000002,455.52454745939826
16,26.5,579.5303433507477
16,26.6,633.6584933104249
16,26.700000000000003,564.738532055601
16,26.8,640.5935064669
16,26.900000000000002,648.6244986132288
16,27.0,471.28179954410444
16,27.1,545.0846708659958
16,27.200000000000003,671.5575972955655
16,27.3,673.3616505565267
16,27.400000000000002,576.2536151937776
16,27.5,604.8341267190126
16,27.6,689.0297077813668
16,27.700000000000003,689.6705792182358
16,27.8,684.8814344759418
16,27.900000000000002,725.7856245854365
16,28.0,582.5862753005576
16,28.1,583.9309500244151
16,28.200000000000003,728.5365185613402
16,28.3,713.167205298278
16,28.400000000000002,664.8469091499848
16,28.5,690.5846762996279
16,28.6,730.7583892990036
16,28.700000000000003,696.7211547925557
16,28.8,725.7450338802444
16,28.900000000000002,745.1094758408738
16,29.0,716.4170504551105
16,29.1,737.2949302076677
16,29.200000000000003,509.2299173179732
16,29.3,463.09976381149295
16,29.400000000000002,676.1917697776479
16,29.5,712.7243682686562
16,29.6,715.7140424074528
16,29.700000000000003,700.230577063426
16,29.8,689.5409137922655
16,29.900000000000002,729.8330738469232
16,30.0,617.0224941442685
16,30.1,572.790383933607
16,30.200000000000003,715.3605514334602
16,30.3,654.4025892093728
16,30.400000000000002,634.9005127309654
16,30.5,705.3910268639909
16,30.6,636.6691196337312
16,30.700000000000003,632.8287525712375
16,30.8,574.8345497393
16,30.900000000000002,567.101381758459
16,31.0,722.8786530784845
16,31.1,750.567687909085
16,31.200000000000003,721.4678218631907
16,31.3,687.3940697556085
16,31.400000000000002,719.0547054123991
16,31.5,576.7310148620969
16,31.6,492.88912389877936
16,31.700000000000003,671.9533464198452
16,31.8,729.3348578645085
16,31.900000000000002,723.3050525265427
16,32.0,696.0026630469202
16,32.1,667.7963049993118
16,32.2,700.9377012053711
16,32.300000000000004,701.8023099725089
16,32.4,688.4039312917555
16,32.5,706.9469937157559
16,32.6,716.7868965141321
16,32.7,688.7593499428226
16,32.800000000000004,609.0299921789945
16,32.9,613.9069040032175
16,33.0,707.9543472928934
16,33.1,707.2631143791733
16,33.2,677.0127548071614
16,33.300000000000004,676.8126054418091
16,33.4,685.976910243523
16,33.5,696.7105066572329
16,33.6,705.1828872817946
16,33.7,678.6978337782991
16,33.800000000000004,702.8289564501325
16,33.9,692.8219269243882
16,34.0,672.8229033903217
16,34.1,672.3525945031945
16,34.2,672.9377820170315
16,34.300000000000004,694.1810107467925
16,34.4,552.7702400184525
16,34.5,513.9956346557015
16,34.6,642.8815153297652
16,34.7,618.6441750620306
16,34.800000000000004,650.7736795612365
16,34.9,701.5733246345372
16,35.0,689.406112646648
16,35.1,676.4237197314663
16,35.2,689.2909241787909
16,35.300000000000004,701.5657566323608
16,35.4,693.4366709062774
16,35.5,671.6040801240741
16,35.6,652.9472734320179
16,35.7,597.9009852030823
16,35.800000000000004,418.84421224432987
16,35.9,568.754044643433
16,36.0,706.4840567222136
16,36.1,705.8811769064733
16,36.2,684.0199006137769
16,36.300000000000004,657.8079435548475
16,36.4,640.730341826168
16,36.5,701.5927821971818
16,36.6,700.7988476793337
16,36.7,726.3410038597071
16,36.800000000000004,654.4004085844706
16,36.9,578.8778614678826
16,37.0,595.2129831257906
16,37.1,592.1869482502749
16,37.2,715.4617841029932
16,37.300000000000004,662.936246978915
16,37.4,547.8256911511426
16,37.5,501.51258958623185
16,37.6,663.8106794441917
16,37.7,670.4019427086934
16,37.800000000000004,693.4447945258806
16,37.9,710.6244762236023
16,38.0,675.3044019598287
16,38.1,509.16214936653404
16,38.2,590.8332178709645
16,38.300000000000004,707.8815364430151
16,38.400000000000006,663.7548790087529
16,38.5,590.3689705840313
16,38.6,561.1047736237552
16,38.7,617.9981363928541
16,38.800000000000004,675.9012562405146
16,38.900000000000006,689.2513739052141
16,39.0,682.4597261062862
16,39.1,614.3592629034957
16,39.2,679.1657013071994
16,39.300000000000004,730.3838661266642
16,39.400000000000006,708.4212334182237
16,39.5,664.6828853617748
16,39.6,568.2941306211914
16,39.7,649.3637249014961
16,39.800000000000004,694.0898119318313
16,39.900000000000006,636.0091085512076
16,40.0,430.1407413860877
16,40.1,680.6725711996035
16,40.2,640.8210650317378
16,40.300000000000004,562.4878236080929
16,40.400000000000006,726.2139802406059
16,40.5,699.1151056417049
16,40.6,712.9082143448321
16,40.7,723.6841970154059
16,40.800000000000004,659.50824084173
16,40.900000000000006,745.5942268686855
16,41.0,703.9265879421287
16,41.1,559.12696942759
16,41.2,392.4294279355738
16,41.300000000000004,645.6585210494368
16,41.400000000000006,577.7766202006733
16,41.5,628.9880071172512
16,41.6,506.2995913872951
16,41.7,481.2997493821921
16,41.800000000000004,419.42754591835734
16,41.900000000000006,406.6212488648132
16,42.0,596.0517551307281
16,42.1,400.9380722720157
16,42.2,457.0731403782929
16,42.300000000000004,476.0376733104215
16,42.400000000000006,652.5955982403584
16,42.5,619.3090335494999
16,42.6,589.3962145920847
16,42.7,593.8856991106412
16,42.800000000000004,537.8499178829861
16,42.900000000000006,562.9332002168077
16,43.0,548.1893780823353
16,43.1,562.3506055306731
16,43.2,627.9150421227165
16,43.300000000000004,598.5773578796914
16,43.400000000000006,597.2737639095237
16,43.5,680.506379007125
16,43.6,548.9328783842551
16,43.7,716.582785300791
16,43.800000000000004,581.605298215788
16,43.900000000000006,652.3148123617789
16,44.0,625.2659041279628
16,44.1,612.905641132759
16,44.2,467.143352397746
16,44.300000000000004,550.0282366546725
16,44.400000000000006,481.3695535947549
16,44.5,412.36163651091266
16,44.6,357.1637966295047
16,44.7,509.43922062088603
16,44.800000000000004,681.0055037923792
16,44.900000000000006,458.47957221299856
16,45.0,696.1993188747615
16,45.1,693.3852534948875
16,45.2,691.6922037605111
16,45.300000000000004,632.5736809337822
16,45.400000000000006,527.8237995826177
16,45.5,595.0201762581272
16,45.6,416.45004724575085
16,45.7,522.120340815968
16,45.800000000000004,415.0281208930851
16,45.900000000000006,537.3265459085783
16,46.0,589.9907452341545
16,46.1,671.7112529331308
16,46.2,594.2825332548762
16,46.300000000000004,586.2134743076907
16,46.400000000000006,680.8279805103288
16,46.5,693.4970491714234
16,46.6,680.3110094083619
16,46.7,308.9603107788405
16,46.800000000000004,527.1962469269013
16,46.900000000000006,598.5939569253738
16,47.0,508.66337816589515
16,47.1,366.14602219554223
16,47.2,488.3138754567628
16,47.300000000000004,416.64949501854585
16,47.400000000000006,660.5065051573503
16,47.5,573.3019294627755
16,47.6,598.5913139879948
16,47.7,692.4104104445532
16,47.800000000000004,450.7899206530758
16,47.900000000000006,689.9027645859982
16,48.0,601.5565057524391
16,48.1,645.3604013645715
16,48.2,536.474219683943
16,48.300000000000004,335.9174483865465
16,48.400000000000006,575.206163891496
16,48.5,569.7638101314634
16,48.6,568.3097883100752
16,48.7,697.9472445621876
16,48.800000000000004,681.5863335731389
16,48.900000000000006,321.39515562938135
16,49.0,720.6625314928552
16,49.1,469.7637788739391
16,49.2,579.2589009687888
16,49.300000000000004,483.76505710801376
16,49.400000000000006,657.3429140990665
16,49.5,400.17663611152807
16,49.6,700.8721672624166
16,49.7,593.3204354399963
16,49.800000000000004,534.1482395375056
16,49.900000000000006,693.2548484293538
16,50.0,613.1967765045301
16,50.1,683.9832414392142
16,50.2,713.7934141627787
16,50.300000000000004,550.8743362524781
16,50.400000000000006,470.25429892505963
16,50.5,310.814365523472
16,50.6,491.0479623355773
16,50.7,305.1790804151456
16,50.800000000000004,649.755214827171
16,50.900000000000006,586.2028991432508
16,51.0,473.6819787013544
16,51.1,560.4706179679249
16,51.2,368.2462241182988
16,51.300000000000004,618.664500669975
16,51.400000000000006,535.1870360054842
16,51.5,604.718161106174
16,51.6,433.33511376459995
16,51.7,511.2959643962318
16,51.800000000000004,584.7637322639239
16,51.900000000000006,532.7352845948928
16,52.0,535.0699527434122
16,52.1,612.8653420971143
16,52.2,688.3361780550658
16,52.300000000000004,596.8207298206703
16,52.400000000000006,576.0324196369551
16,52.5,550.850043380377
16,52.6,309.7951578268697
16,52.7,506.166763247071
16,52.800000000000004,760.1030398613618
16,52.900000000000006,364.4344531784513
16,53.0,681.9049292391699
16,53.1,555.4681917115165
16,53.2,430.65651017389706
16,53.300000000000004,592.2618079286494
16,53.400000000000006,482.9847715205925
16,53.5,443.7124702079994
16,53.6,725.5341696484431
16,53.7,602.6503461687779
16,53.800000000000004,413.8856928930918
16,53.900000000000006,624.9425497891509
16,54.0,617.0601952393886
16,54.1,423.5496336012814
16,54.2,731.4206281175719
16,54.300000000000004,758.6560407676153
16,54.400000000000006,749.8481920113763
16,54.5,727.2392739241313
16,54.6,716.7815142748236
16,54.7,745.7352473323626
16,54.800000000000004,550.4868054043919
16,54.900000000000006,747.4392865533096
16,55.0,583.1693847253391
16,55.1,592.7239570010508
16,55.2,500.86187245346923
16,55.300000000000004,725.7084255534988
16,55.400000000000006,652.5518740287683
16,55.5,374.4679740619587
16,55.6,565.9838053730195
16,55.7,543.8436914302039
16,55.800000000000004,597.653104719002
16,55.900000000000006,329.55230802183473
16,56.0,513.3337951535395
16,56.1,692.3966058781933
16,56.2,545.2969560429142
16,56.300000000000004,601.0846272510499
16,56.400000000000006,432.2570979829368
16,56.5,677.3304147851671
16,56.6,516.9262406243716
16,56.7,689.6472540573825
16,56.800000000000004,504.4707697349075
16,56.900000000000006,553.1000972282684
16,57.0,619.2307283816094
16,57.1,636.4804224933866
16,57.2,469.30784370015414
16,57.300000000000004,355.4043457165939
16,57.400000000000006,662.0142592607089
16,57.5,353.4082382933047
16,57.6,595.0797354171576
16,57.7,409.63205094931305
16,57.800000000000004,384.5682506439857
16,57.900000000000006,488.4520751763587
16,58.0,573.8305358792429
16,58.1,674.7952709430277
16,58.2,712.5102559863943
16,58.300000000000004,728.7876890842309
16,58.400000000000006,566.6978067794644
16,58.5,344.8753069177897
16,58.6,364.8230235641366
16,58.7,362.5456459434666
16,58.800000000000004,609.4178078238315
16,58.900000000000006,620.5741106824265
16,59.0,574.8522975710962
16,59.1,629.7139495504521
16,59.2,460.1356739563018
16,59.300000000000004,560.5803893878242
16,59.400000000000006,677.0284081333607
16,59.5,464.2858096344209
16,59.6,658.2795897114637
16,59.7,522.2512156602592
16,59.800000000000004,685.7723461057077
16,59.900000000000006,640.1381966426611
16,60.0,701.8834816075743
16,60.1,633.5967124469312
16,60.2,685.0755976447574
16,60.300000000000004,689.1157990105723
16,60.400000000000006,597.3352806366197
16,60.5,603.4350330437145
16,60.6,363.16282499260984
16,60.7,293.9643905463123
16,60.800000000000004,550.5315363764932
16,60.900000000000006,585.0831666592416
16,61.0,648.7392158538038
16,61.1,641.787658375184
16,61.2,699.1081470355306
16,61.300000000000004,670.1854300149586
16,61.400000000000006,639.1446623084153
16,61.5,654.1511263013712
16,61.6,518.6482146161221
16,61.7,653.43509226119
16,61.800000000000004,723.0119688628903
16,61.900000000000006,741.7018321644281
16,62.0,753.7000738952579
16,62.1,773.0717524542453
16,62.2,765.7468306821506
16,62.300000000000004,739.136229237937
16,62.400000000000006,750.8744042850726
16,62.5,741.9360906739083
16,62.6,735.9216000057017
16,62.7,748.888365486996
16,62.800000000000004,733.180823520498
16,62.900000000000006,747.0524870682649
16,63.0,664.540985623832
16,63.1,422.3517891253566
16,63.2,617.1240707196432
16,63.300000000000004,763.5806292935807
16,63.400000000000006,745.1770192766468
16,63.5,578.5346761085148
16,63.6,677.4113440617704
16,63.7,773.225360133994
16,63.800000000000004,676.9108540785734
16,63.900000000000006,649.1052499447641
16,64.0,678.1485312544643
16,64.10000000000001,749.6234237798485
16,64.2,758.11722142287
16,64.3,745.6454024491195
16,64.4,756.7023769829767
16,64.5,763.4671067453068
16,64.60000000000001,764.4202609027793
16,64.7,771.8212086505135
16,64.8,758.1965748221703
16,64.9,754.0000942387825
16,65.0,757.2871276968041
16,65.10000000000001,487.74863725102904
16,65.2,624.3743014065067
16,65.3,783.8682249039908
16,65.4,751.5456183359878
16,65.5,748.9336776804065
16,65.60000000000001,757.0166825341754
16,65.7,720.2748452605424
16,65.8,727.413578803052
16,65.9,749.0933671690086
16,66.0,714.8750723198674
16,66.10000000000001,684.1467688838898
16,66.2,698.8344758749756
16,66.3,739.647573119372
16,66.4,735.5028253415486
16,66.5,723.8454094048144
16,66.60000000000001,747.7979451569973
16,66.7,762.9901398619791
16,66.8,748.6213712602671
16,66.9,732.0345878001708
16,67.0,720.7394587260218
16,67.10000000000001,686.1591511158085
16,67.2,713.711810807761
16,67.3,736.0459311103572
16,67.4,552.4824247896318
16,67.5,609.6304046345768
16,67.60000000000001,478.83122235046363
16,67.7,487.14273803291627
16,67.8,695.7510912402761
16,67.9,756.6407858638074
16,68.0,739.2396570714554
16,68.10000000000001,721.4136630450681
16,68.2,726.8131020561042
16,68.3,726.5608740078808
16,68.4,714.7496818859851
16,68.5,736.3172846463361
16,68.60000000000001,720.1518199808469
16,68.7,713.9843939497756
16,68.8,726.3494798259461
16,68.9,716.1876784143732
16,69.0,733.1801730567652
16,69.10000000000001,632.3180600334751
16,69.2,628.3288487763406
16,69.3,722.3672007847124
16,69.4,743.1689192806748
16,69.5,542.38577534517
16,69.60000000000001,583.3543471201436
16,69.7,755.2116841548309
16,69.8,733.3588941364794
16,69.9,705.8381472558573
16,70.0,713.0598495027245
16,70.10000000000001,735.2693882958596
16,70.2,593.2966955800539
16,70.3,618.1676378511963
16,70.4,751.2673621554424
16,70.5,546.5186038068173
16,70.60000000000001,558.860575866387
16,70.7,704.6092275997448
16,70.8,677.5805808652539
16,70.9,645.9714409698514
16,71.0,681.0735192380998
16,71.10000000000001,736.3231351132347
16,71.2,678.6614241562055
16,71.3,689.5494855879467
16,71.4,718.6753194863307
16,71.5,674.0016230719748
16,71.60000000000001,672.0316161141601
16,71.7,563.0341974044716
16,71.8,464.71678345047195
16,71.9,507.22025306458227
16,72.0,533.1054102713118
16,72.10000000000001,618.9148940585602
16,72.2,716.8610345730899
16,72.3,720.3659109405899
16,72.4,606.1982652967758
16,72.5,605.785169657632
16,72.60000000000001,726.0424694304477
16,72.7,719.4511267785799
16,72.8,735.6102481402754
16,72.9,593.3806875825263
16,73.0,560.2892682006895
16,73.10000000000001,733.1352159241878
16,73.2,730.809800267631
16,73.3,726.0762915951966
16,73.4,758.4575157549706
16,73.5,772.5214317512649
16,73.60000000000001,518.7927806654354
16,73.7,564.7378242054622
16,73.8,919.6557572474759
16,73.9,806.0522993607259
16,74.0,730.1093946857499
16,74.10000000000001,583.5177467370944
16,74.2,563.1354763431592
16,74.3,727.5589509389774
16,74.4,688.133447099831
16,74.5,737.8928411929645
16,74.60000000000001,739.1675592007821
16,74.7,737.6456363695869
16,74.8,752.4523271492029
16,74.9,743.4454271892319
16,75.0,706.5803846500204
16,75.10000000000001,712.4112567644773
16,75.2,747.4122998685315
16,75.3,647.9545609762437
16,75.4,604.3891930530888
16,75.5,754.9599861231077
16,75.60000000000001,759.6022425727201
16,75.7,774.2667137511345
16,75.8,766.4346522540757
16,75.9,750.4899105932817
16,76.0,727.3302903945112
16,76.10000000000001,724.5213372243613
16,76.2,732.0577181001099
16,76.3,720.9018140894784
16,76.4,742.0405109394305
16,76.5,702.4778670675288
16,76.60000000000001,686.2822213949812
16,76.7,732.4119351206791
16,76.80000000000001,718.26046017772
16,76.9,633.9485078980584
16,77.0,597.5228139547912
16,77.10000000000001,786.8323580419545
16,77.2,813.8655898537859
16,77.30000000000001,752.8261926882517
16,77.4,750.4860747187729
16,77.5,755.4455246742855
16,77.60000000000001,742.0757037989424
16,77.7,749.8271117390758
16,77.80000000000001,758.9440560943549
16,77.9,757.9795563028312
16,78.0,745.623436312446
16,78.10000000000001,761.5112303909553
16,78.2,736.3696339999434
16,78.30000000000001,752.7583160840304
16,78.4,753.2569360859259
16,78.5,732.5725348963493
16,78.60000000000001,728.2093793669294
16,78.7,744.7963788401821
16,78.80000000000001,762.031924675024
16,78.9,736.9384045335862
16,79.0,741.105586747054
16,79.10000000000001,749.8240221848698
16,79.2,746.7212975567236
16,79.30000000000001,761.4871305132225
16,79.4,740.516910001929
16,79.5,730.2919426239466
16,79.60000000000001,721.1705070498028
16,79.7,760.4440477469656
16,79.80000000000001,780.4487310673514
16,79.9,744.4235328485227
16,80.0,759.9520329706977
16,80.10000000000001,747.9803790023116
16,80.2,777.0267442756981
16,80.30000000000001,767.2288531998685
16,80.4,758.9925928489941
16,80.5,754.5933378807725
16,80.60000000000001,636.2223497314314
16,80.7,374.82579381134235
16,80.80000000000001,745.9271979648859
16,80.9,762.5051508090438
16,81.0,773.0352747421821
16,81.10000000000001,768.3781841022828
16,81.2,773.8635281047925
16,81.30000000000001,751.1095698281789
16,81.4,722.4730643960761
16,81.5,749.1461689735253
16,81.60000000000001,695.8049331554641
16,81.7,587.9429004956866
16,81.80000000000001,706.370402100491
16,81.9,692.273569259732
16,82.0,504.7339074490056
16,82.10000000000001,787.5058383337664
16,82.2,749.3671533439583
16,82.30000000000001,731.977169008732
16,82.4,735.3072878527926
16,82.5,751.3553507942822
16,82.60000000000001,736.1524926819046
16,82.7,786.8318751436963
16,82.80000000000001,779.9099714249006
16,82.9,744.6854905617585
16,83.0,732.2688700064076
16,83.10000000000001,670.7642679662939
16,83.2,394.72314411632044
16,83.30000000000001,744.3783443400665
16,83.4,773.1637922192284
16,83.5,787.8484137225709
16,83.60000000000001,769.9191708668151
16,83.7,700.2352109184462
16,83.80000000000001,734.620038068833
16,83.9,745.7695136885578
16,84.0,746.687446538184
16,84.10000000000001,764.9367641079992
16,84.2,740.4174539213999
16,84.30000000000001,723.3999616674494
16,84.4,732.0228445596468
16,84.5,763.442489646934
16,84.60000000000001,726.3811740806823
16,84.7,550.3489928398076
16,84.80000000000001,681.3368332789332
16,84.9,654.5150156499005
16,85.0,729.7676636077028
16,85.10000000000001,523.7949186318406
16,85.2,525.825563153548
16,85.30000000000001,660.0993251707864
16,85.4,711.009953505807
16,85.5,761.9869597328362
16,85.60000000000001,550.2723303776
16,85.7,643.6351025455535
16,85.80000000000001,602.9582859902374
16,85.9,684.7346819709156
16,86.0,705.9326012797393
16,86.10000000000001,630.5288543214543
16,86.2,625.1518839511864
16,86.30000000000001,760.4131351648747
16,86.4,603.1241882505826
16,86.5,371.3283673236028
16,86.60000000000001,647.4951688297158
16,86.7,329.9856931037461
16,86.80000000000001,659.3278364848518
16,86.9,345.5023854494086
16,87.0,506.40330944531524
16,87.10000000000001,660.0519194600139
16,87.2,310.9109510855323
16,87.30000000000001,738.818515125216
16,87.4,532.1473335761444
16,87.5,612.218971882192
16,87.60000000000001,648.4722298438654
16,87.7,404.40256986336567
16,87.80000000000001,627.8012885746881
16,87.9,685.773117852228
16,88.0,372.70077950780416
16,88.10000000000001,698.3344080004479
16,88.2,725.2594654703739
16,88.30000000000001,611.977022073336
16,88.4,589.8079218898955
16,88.5,719.0925726677768
16,88.60000000000001,502.5839277882931
16,88.7,714.381881478488
16,88.80000000000001,443.80286445195674
16,88.9,586.6196720432653
16,89.0,519.9307184030997
16,89.10000000000001,458.494103117535
16,89.2,538.7639701967646
16,89.30000000000001,712.6602598509253
16,89.4,307.63923805324623
16,89.5,467.60730565687123
16,89.60000000000001,731.3353939758814
16,89.7,689.2811301795144
16,89.80000000000001,539.9970569179796
16,89.9,618.4433548136714
16,90.0,678.4381381992572
16,90.10000000000001,458.5977095174896
16,90.2,410.90665348009657
16,90.30000000000001,673.7428006273029
16,90.4,292.542394986236
16,90.5,663.5511735041882
16,90.60000000000001,578.8221671616355
16,90.7,521.7626802846755
16,90.80000000000001,585.0836260065796
16,90.9,614.7853359817797
16,91.0,708.7513663153079
16,91.10000000000001,491.9078151263054
16,91.2,543.054453348424
16,91.30000000000001,501.4002007209111
16,91.4,619.0731291277548
16,91.5,567.3373674970933
16,91.60000000000001,594.7755729778314
16,91.7,745.7488812149503
16,91.80000000000001,702.4856176841498
16,91.9,542.091259195054
16,92.0,371.1990607398044
16,92.10000000000001,645.938556515347
16,92.2,550.5251508756598
16,92.30000000000001,719.4751155774438
16,92.4,580.2339377253394
16,92.5,529.1111668326338
16,92.60000000000001,474.0541221037335
16,92.7,731.1579028616095
16,92.80000000000001,445.2962369488289
16,92.9,667.2608042529346
16,93.0,616.1693512519865
16,93.10000000000001,713.8003323444483
16,93.2,748.7467381945625
16,93.30000000000001,511.9040510735349
16,93.4,564.3024155266919
16,93.5,397.12345741909365
16,93.60000000000001,530.0208569303593
16,93.7,479.14658615688785
16,93.80000000000001,614.5155756174552
16,93.9,587.6831506445445
16,94.0,590.4072354458785
16,94.10000000000001,633.4231726691453
16,94.2,756.1576275571795
16,94.30000000000001,741.3975568172774
16,94.4,451.6052647250722
16,94.5,650.1283001918737
16,94.60000000000001,676.4769350515276
16,94.7,427.9861441019924
16,94.80000000000001,380.3140408642079
16,94.9,624.7951908165381
16,95.0,486.3445017568201
16,95.10000000000001,645.4029996155019
16,95.2,634.2341295407417
16,95.30000000000001,625.7409740073387
16,95.4,427.1927942913086
16,95.5,424.3844339432074
16,95.60000000000001,404.65793643035926
16,95.7,591.3857843167968
16,95.80000000000001,693.8276145689995
16,95.9,707.8963829248315
16,96.0,709.9140003656455
16,96.10000000000001,665.4032025511162
16,96.2,670.9956282344878
16,96.30000000000001,578.0618692048679
16,96.4,553.2556621375202
16,96.5,523.6567008594242
16,96.60000000000001,591.4092082978998
16,96.7,342.60020337709585
16,96.80000000000001,591.7994649633695
16,96.9,663.9521620996593
16,97.0,538.5134263026231
16,97.10000000000001,411.3505452250497
16,97.2,458.882862966972
16,97.30000000000001,639.6018550862372
16,97.4,511.43225878290406
16,97.5,448.54650283266545
16,97.60000000000001,565.5445222625527
16,97.7,700.1875539072959
16,97.80000000000001,671.9496520835306
16,97.9,662.1990778561593
16,98.0,645.8202618098653
16,98.10000000000001,572.7163319957036
16,98.2,560.5755405684342
16,98.30000000000001,533.5309092272739
16,98.4,432.343491579008
16,98.5,587.9374069668042
16,98.60000000000001,493.17050244461586
16,98.7,584.8323329802776
16,98.80000000000001,576.3246744959304
16,98.9,478.8586710525959
16,99.0,557.2339450144674
16,99.10000000000001,806.764762320247
16,99.2,671.9392164259008
16,99.30000000000001,419.6877215427621
16,99.4,577.6220001953866
16,99.5,572.957744808889
16,99.60000000000001,536.135737885069
16,99.7,487.2838848240498
16,99.80000000000001,483.00230551595047
16,99.9,573.1040955909598
16,100.0,531.630847806145
16,100.10000000000001,503.4222369185281
16,100.2,574.7654573175349
16,100.30000000000001,671.4718506997534
16,100.4,695.2202245626311
16,100.5,481.3852478731236
16,100.60000000000001,494.0045954891323
16,100.7,644.7794824538742
16,100.80000000000001,442.34175138053877
16,100.9,491.32238092236963
16,101.0,613.3854726480048
16,101.10000000000001,603.5010687321928
16,101.2,668.1264872250126
16,101.30000000000001,613.4222575660995
16,101.4,597.3410448578419
16,101.5,680.5245002525348
16,101.60000000000001,586.1775466190323
16,101.7,468.40619384920944
16,101.80000000000001,555.8619256489278
16,101.9,687.8273030740031
16,102.0,583.3610768286959
16,102.10000000000001,588.1837785831879
16,102.2,597.7513794336456
16,102.30000000000001,601.175890220383
16,102.4,644.1392232489877
16,102.5,598.0392486217067
16,102.60000000000001,460.7869262669177
16,102.7,534.4612901041797
16,102.80000000000001,669.1721730824962
16,102.9,597.9228164465658
16,103.0,583.0670500992264
16,103.10000000000001,604.2809699522527
16,103.2,587.7706557584823
16,103.30000000000001,638.3013503419961
16,103.4,536.7777293539391
16,103.5,545.939334376809
16,103.60000000000001,577.2148654279865
16,103.7,582.0936143624622
16,103.80000000000001,436.7882535594753
16,103.9,530.8771832682031
16,104.0,681.0049372669816
16,104.10000000000001,662.6667484420706
16,104.2,685.671064632295
16,104.30000000000001,690.7419555098145
16,104.4,499.47908207327885
16,104.5,531.0301481057817
16,104.60000000000001,698.875007754068
16,104.7,666.2656564410821
16,104.80000000000001,615.1811204031005
16,104.9,563.3937215832195
16,105.0,585.0364648581292
16,105.10000000000001,482.73553666501016
16,105.2,542.8382461403681
16,105.30000000000001,652.0687646175767
16,105.4,614.9648079695806
16,105.5,621.0730942554312
16,105.60000000000001,625.3743168080207
16,105.7,685.6958564577055
16,105.80000000000001,745.5362908982162
16,105.9,717.2132068162985
16,106.0,612.8262456705032
16,106.10000000000001,640.7266450384848
16,106.2,687.145541870972
16,106.30000000000001,576.7286621235171
16,106.4,425.98041833076525
16,106.5,487.00501492718536
16,106.60000000000001,580.6532931104662
16,106.7,479.83551936871805
16,106.80000000000001,475.09349545993047
16,106.9,511.7072568220505
16,107.0,629.3511804965173
16,107.10000000000001,667.8421960127544
16,107.2,654.0258667654584
16,107.30000000000001,557.6061029638023
16,107.4,547.9136137754981
16,107.5,631.7108097068785
16,107.60000000000001,441.656886699442
16,107.7,455.5228158837877
16,107.80000000000001,565.7222247211504
16,107.9,654.6207246681603
16,108.0,685.7486339599631
16,108.10000000000001,693.7537668700597
16,108.2,546.318421337079
16,108.30000000000001,398.9387902503363
16,108.4,491.65889860307396
16,108.5,571.1027465693048
16,108.60000000000001,597.0282594883296
16,108.7,590.8134322590925
16,108.80000000000001,648.4359940081029
16,108.9,680.9199910910544
16,109.0,591.3472560037737
16,109.10000000000001,629.6890880684999
16,109.2,607.3349713624092
16,109.30000000000001,651.6995450463917
16,109.4,572.8556852982383
16,109.5,506.6796424783568
16,109.60000000000001,706.9936001472296
16,109.7,650.9873086927483
16,109.80000000000001,587.122086478042
16,109.9,613.643974673377
16,110.0,629.0165958277053
16,110.10000000000001,597.5806353409596
16,110.2,631.2229048339041
16,110.30000000000001,655.723801152236
16,110.4,485.8288046674672
16,110.5,386.7095136923806
16,110.60000000000001,503.13767063698214
16,110.7,674.5951531444424
16,110.80000000000001,573.0823850443248
16,110.9,564.5117630178127
16,111.0,611.2300348243299
16,111.10000000000001,726.0137587962082
16,111.2,687.2537809129194
16,111.30000000000001,510.22029156951726
16,111.4,482.47404944808756
16,111.5,607.8782341370332
16,111.60000000000001,649.6834371214156
16,111.7,576.4599607391314
16,111.80000000000001,434.0137138403157
16,111.9,531.535285863243
16,112.0,600.7443598894554
16,112.10000000000001,541.5732242044736
16,112.2,492.9777422015043
16,112.30000000000001,594.1712579919152
16,112.4,529.7015405544582
16,112.5,541.116096340275
16,112.60000000000001,608.071222351406
16,112.7,485.8317397872733
16,112.80000000000001,405.18915071268174
16,112.9,645.8005014696392
16,113.0,697.5455194812001
16,113.10000000000001,604.3138876402676
16,113.2,582.2158824803226
16,113.30000000000001,581.6370161902014
16,113.4,521.1086743617955
16,113.5,669.9621334520376
16,113.60000000000001,658.8837246010087
16,113.7,636.0169621138388
16,113.80000000000001,659.5720571588699
16,113.9,586.9279437993251
16,114.0,649.5984186278107
16,114.10000000000001,487.65820985511505
16,114.2,487.67289169718856
16,114.30000000000001,640.4313415165644
16,114.4,669.1502858440668
16,114.5,554.4191487628308
16,114.60000000000001,463.70666846745917
16,114.7,616.768219156724
16,114.80000000000001,464.6531806135944
16,114.9,429.11845643771613
16,115.0,688.5851569491235
16,115.10000000000001,713.1752978855959
16,115.2,651.4881254875489
16,115.30000000000001,632.6085913816598
16,115.4,755.3077980615913
16,115.5,736.077765115254
16,115.60000000000001,714.8862853513889
16,115.7,715.423590092618
16,115.80000000000001,756.1415216049143
16,115.9,595.5546475148092
16,116.0,404.54130109225395
16,116.10000000000001,538.5013107524079
16,116.2,560.3489517930669
16,116.30000000000001,634.4687707916406
16,116.4,691.5981591035036
16,116.5,514.5627821867093
16,116.60000000000001,657.8868086696343
16,116.7,591.5352712473795
16,116.80000000000001,449.7025396040979
16,116.9,679.2469828878801
16,117.0,486.43987095805886
16,117.10000000000001,654.9209688714005
16,117.2,642.6723105404544
16,117.30000000000001,528.3250079811468
16,117.4,604.6098472553393
16,117.5,689.3837775968394
16,117.60000000000001,713.062837753587
16,117.7,716.5257443140931
16,117.80000000000001,741.8048769020307
16,117.9,703.4272291215115
16,118.0,791.7314704052068
16,118.10000000000001,755.3603079494142
16,118.2,655.7180473375676
16,118.30000000000001,693.0919926772408
16,118.4,724.816090339663
16,118.5,639.2334947481019
16,118.60000000000001,706.4579706928399
16,118.7,673.0248822932987
16,118.80000000000001,663.3164691286112
16,118.9,679.1893421306924
16,119.0,535.7809187356559
16,119.10000000000001,543.4371680194555
16,119.2,695.3067624174726
16,119.30000000000001,696.3871065044077
16,119.4,612.3434757200381
16,119.5,622.3763578237841
16,119.60000000000001,580.4791634358573
16,119.7,728.6436637033536
16,119.80000000000001,617.4130059273127
16,119.9,646.9576490849687
16,120.0,655.318083930877
16,120.10000000000001,727.3307806894979
16,120.2,579.4988872942226
16,120.30000000000001,734.566076513489
16,120.4,603.1449709135859
16,120.5,746.2656232606007
16,120.60000000000001,676.9913444917801
16,120.7,581.0958028460202
16,120.80000000000001,769.2842369307256
16,120.9,711.5800854531027
16,121.0,599.3201184565718
16,121.10000000000001,683.5676182846809
16,121.2,516.3076940691094
16,121.30000000000001,680.1765528329948
16,121.4,532.4636443012349
16,121.5,568.6799683052038
16,121.60000000000001,487.8416005947129
16,121.7,715.8389841632758
16,121.80000000000001,611.88816413087
16,121.9,657.7144353972438
16,122.0,503.94979640335504
16,122.10000000000001,684.9967228280552
16,122.2,747.4375550775906
16,122.30000000000001,631.8833002247719
16,122.4,661.8847504862451
16,122.5,615.2234564773036
16,122.60000000000001,464.0815356528755
16,122.7,699.1975340035468
16,122.80000000000001,758.1644782684934
16,122.9,753.0434291217531
16,123.0,744.7457487860781
16,123.10000000000001,738.4454304676179
16,123.2,665.0415292838265
16,123.30000000000001,437.6309778381376
16,123.4,509.1261739166802
16,123.5,677.2092169116771
16,123.60000000000001,611.9478170909384
16,123.7,558.4579924719003
16,123.80000000000001,766.479872151417
16,123.9,713.5660567417486
16,124.0,481.12354822006165
16,124.10000000000001,720.3947833258926
16,124.2,584.0629855763798
16,124.30000000000001,752.0199255568712
16,124.4,530.4840568203374
16,124.5,305.4554000447909
16,124.60000000000001,592.4004315947524
16,124.7,676.4957554134553
16,124.80000000000001,416.9954606118065
16,124.9,762.340419841471
16,125.0,729.2888591710338
16,125.10000000000001,565.2993889626533
16,125.2,728.1300593214752
16,125.30000000000001,772.0483584114896
16,125.4,753.5897128256448
16,125.5,786.6234068610635
16,125.60000000000001,764.7593812429544
16,125.7,760.5695035357957
16,125.80000000000001,778.1591463497768
16,125.9,731.6046683163325
16,126.0,548.19105505595
16,126.10000000000001,743.0873787735233
16,126.2,771.6512041506295
16,126.30000000000001,790.186573941627
16,126.4,755.661870027248
16,126.5,820.4738712260527
16,126.60000000000001,773.8959451101654
16,126.7,775.2566515727042
16,126.80000000000001,763.1621439614156
16,126.9,780.8955703428686
16,127.0,611.758802606057
16,127.10000000000001,781.6502939565358
16,127.2,749.0525013302832
16,127.30000000000001,770.892448443749
16,127.4,525.813879576883
16,127.5,789.7523631072495
16,127.60000000000001,783.6552095994836
16,127.7,757.708608162253
16,127.80000000000001,720.431155224284
16,127.9,766.6549042821847
16,128.0,798.3891265893232
16,128.1,781.7081538764512
16,128.20000000000002,816.6969936882665
16,128.3,680.5984555857494
16,128.4,741.7735314325772
16,128.5,765.2286760641316
16,128.6,775.6338517077651
16,128.70000000000002,756.520534588786
16,128.8,798.2019506044779
16,128.9,755.0892949161963
16,129.0,747.6744739229565
16,129.1,749.8746994858432
16,129.20000000000002,778.2051587289842
16,129.3,794.2397564046138
16,129.4,774.648238843346
16,129.5,784.4283922212322
16,129.6,746.8232281213844
16,129.70000000000002,774.3534377032597
16,129.8,787.2909462926865
16,129.9,741.3264501287565
16,130.0,787.85741518515
16,130.1,705.4253546266893
16,130.20000000000002,726.9830454626729
16,130.3,785.8884384563597
16,130.4,798.7968101225784
16,130.5,752.3678723442267
16,130.6,762.7182928030933
16,130.70000000000002,809.8471772049223
16,130.8,759.5947423569668
16,130.9,780.3980059977856
16,131.0,814.7242390786263
16,131.1,752.9048615696855
16,131.20000000000002,763.2383702314228
16,131.3,772.2608810914666
16,131.4,740.0543707895386
16,131.5,787.5342499571881
16,131.6,785.8185578463633
16,131.70000000000002,754.3478119266957
16,131.8,758.0793172696552
16,131.9,800.15648907448
16,132.0,800.4071902662455
16,132.1,792.5529583898655
16,132.20000000000002,857.7774976785203
16,132.3,808.3428301210757
16,132.4,535.0720952121226
16,132.5,676.8232655085666
16,132.6,789.5379148601019
16,132.70000000000002,769.1799989767136
16,132.8,779.7973478487934
16,132.9,772.5494380062313
16,133.0,752.7429192913995
16,133.1,731.9674417532378
16,133.20000000000002,769.87317507005
16,133.3,737.6877686814914
16,133.4,752.2098518236543
16,133.5,766.4820807975515
16,133.6,784.2142641694785
16,133.70000000000002,742.051332965672
16,133.8,766.7328376804822
16,133.9,773.5660319682106
16,134.0,771.3461530267712
16,134.1,781.882279049451
16,134.20000000000002,752.6258282170751
16,134.3,757.2348384765494
16,134.4,639.087634893916
16,134.5,742.1954669929382
16,134.6,797.0766838311087
16,134.70000000000002,779.920771116261
16,134.8,787.3255177000644
16,134.9,779.8532484296434
16,135.0,808.7341429388222
16,135.1,763.1756076155442
16,135.20000000000002,769.1658450106369
16,135.3,750.5634644659597
16,135.4,773.748653212939
16,135.5,779.7199118050715
16,135.6,507.9381478531029
16,135.70000000000002,635.9386679428891
16,135.8,719.6001672847541
16,135.9,718.069033201431
16,136.0,743.7266349329739
16,136.1,505.38380027634213
16,136.20000000000002,640.372216928743
16,136.3,556.8763489702247
16,136.4,602.3888466669503
16,136.5,742.4769501885138
16,136.6,560.8701182686445
16,136.70000000000002,547.8736307930096
16,136.8,639.2513955718563
16,136.9,694.1972957626524
16,137.0,663.9299825409911
16,137.1,523.4905042776683
16,137.20000000000002,661.683921028985
16,137.3,679.5608377909956
16,137.4,597.4662380400758
16,137.5,522.6364840970709
16,137.6,647.064743729928
16,137.70000000000002,641.629706072585
16,137.8,522.1453417607074
16,137.9,600.7150514410091
16,138.0,627.31719156326
16,138.1,571.5868462642821
16,138.20000000000002,657.2476860550418
16,138.3,536.7725238689354
16,138.4,566.5787974780052
16,138.5,686.3740381627377
16,138.6,637.0435398433244
16,138.70000000000002,572.172795269004
16,138.8,662.310818626809
16,138.9,599.0621461017271
16,139.0,448.14328426605164
16,139.1,445.66721108301937
16,139.20000000000002,562.9586186240053
16,139.3,655.6875760034224
16,139.4,699.0248236438254
16,139.5,735.474260077753
16,139.6,673.9570795611754
16,139.70000000000002,639.9752370739341
16,139.8,732.2668581182464
16,139.9,702.4212542253573
16,140.0,661.6959383588322
16,140.1,682.7281004738576
16,140.20000000000002,632.7351259081992
16,140.3,537.182491763736
16,140.4,601.4566977927891
16,140.5,730.484259978605
16,140.6,551.9544086730873
16,140.70000000000002,415.9400410519774
16,140.8,469.3999426009811
16,140.9,528.1494691137907
16,141.0,615.5467994206199
16,141.1,708.5054428941186
16,141.20000000000002,716.6663609646497
16,141.3,730.3719045639847
16,141.4,643.3674913165436
16,141.5,558.609638902256
16,141.6,616.355682668702
16,141.70000000000002,643.9988743427052
16,141.8,707.9228721137857
16,141.9,570.8897567933777
16,142.0,631.5627913182458
16,142.1,681.973886888339
16,142.20000000000002,565.3533490870942
16,142.3,595.6713770522614
16,142.4,604.0156486990089
16,142.5,646.3969195909986
16,142.6,644.1242631033072
16,142.70000000000002,568.5346307127244
16,142.8,695.2239793584498
16,142.9,742.8801505408444
16,143.0,607.9470232648451
16,143.1,537.9537364638064
16,143.20000000000002,495.0491293909857
16,143.3,423.96151404032474
16,143.4,564.2232471345732
16,143.5,559.5406216238753
16,143.6,493.64287675177405
16,143.70000000000002,501.27946986073255
16,143.8,520.125243250032
16,143.9,685.4416706623903
16,144.0,586.0187213947659
16,144.1,618.74063772905
16,144.20000000000002,712.0621382374134
16,144.3,724.836357855949
16,144.4,749.3992780221066
16,144.5,643.0157990566712
16,144.6,712.5485631755461
16,144.70000000000002,895.3444558517874
16,144.8,731.7696121248568
16,144.9,618.2895786347788
16,145.0,538.1049998141822
16,145.1,731.6941558087133
16,145.20000000000002,614.3321635056537
16,145.3,575.9778831735191
16,145.4,645.1512811365264
16,145.5,571.5336025204278
16,145.6,591.1917228518917
16,145.70000000000002,737.5106828704036
16,145.8,756.011101117369
16,145.9,669.9661661971076
16,146.0,618.9777118376352
16,146.1,649.1751480091949
16,146.20000000000002,629.6643036622161
16,146.3,670.889026518543
16,146.4,623.9086294735235
16,146.5,648.9866760341919
16,146.6,631.9229058111364
16,146.70000000000002,576.4128036631456
16,146.8,599.3540753283977
16,146.9,487.28470297752614
16,147.0,641.3120241997156
16,147.1,654.2268281897956
16,147.20000000000002,577.2631505571443
16,147.3,613.8205602878576
16,147.4,720.7033821737642
16,147.5,665.9806750982879
16,147.6,647.0427783694594
16,147.70000000000002,582.4849117431808
16,147.8,605.4508443236064
16,147.9,684.0515378813849
16,148.0,720.1285305356151
16,148.1,647.0304649977601
16,148.20000000000002,680.1629445236156
16,148.3,736.156711011729
16,148.4,649.3206547457678
16,148.5,524.6822905849532
16,148.6,544.3914980145937
16,148.70000000000002,508.36688038868505
16,148.8,656.7480180999554
16,148.9,610.4099681830376
16,149.0,707.802982985628
16,149.1,699.0083965853055
16,149.20000000000002,523.6957654607812
16,149.3,483.37565038923447
16,149.4,684.0747572420953
16,149.5,536.3816279131823
16,149.6,570.6421891340418
16,149.70000000000002,437.7492132670989
16,149.8,576.8456096520133
16,149.9,645.7351457140379
16,150.0,442.98369638928614
16,150.1,521.1053437786697
16,150.20000000000002,625.9427660853679
16,150.3,539.4302112441192
16,150.4,429.54453743069286
16,150.5,327.7556047737143
16,150.6,477.18815691579965
16,150.70000000000002,733.7359201037524
16,150.8,607.9410088833074
16,150.9,623.3698732197164
16,151.0,718.9741815428009
16,151.1,461.7571974496879
16,151.20000000000002,376.9977500678064
16,151.3,500.1525723260874
16,151.4,458.39576786982093
16,151.5,496.71496898600583
16,151.6,681.460917162385
16,151.70000000000002,614.7416391562822
16,151.8,636.0675473033872
16,151.9,500.29116140747016
16,152.0,691.3993508091417
16,152.1,468.2798533116815
16,152.20000000000002,319.16404462009086
16,152.3,595.9007813893916
16,152.4,611.8783981819839
16,152.5,605.1592215320615
16,152.6,686.8596068723599
16,152.70000000000002,655.5726713927176
16,152.8,506.05758722611455
16,152.9,410.8992200857403
16,153.0,686.6454545471872
16,153.1,429.1136961976427
16,153.20000000000002,659.8168902908502
16,153.3,618.3244333682591
16,153.4,507.12120632370596
16,153.5,514.3716731339622
16,153.60000000000002,393.7168244464682
16,153.70000000000002,744.0653055813732
16,153.8,607.0328659615179
16,153.9,792.7812792335418
16,154.0,667.3772128407275
16,154.10000000000002,624.9844207093574
16,154.20000000000002,562.1065476083725
16,154.3,546.251138366549
16,154.4,381.2082237327449
16,154.5,508.4009616708717
16,154.60000000000002,701.0398580746047
16,154.70000000000002,504.76801066498086
16,154.8,669.990591919908
16,154.9,528.8802913173585
16,155.0,679.0041857631237
16,155.10000000000002,770.3607097508291
16,155.20000000000002,511.42769477232883
16,155.3,415.9941971808786
16,155.4,676.2304444344845
16,155.5,563.8604277556979
16,155.60000000000002,573.4924697151492
16,155.70000000000002,704.7750643325921
16,155.8,772.4723191074621
16,155.9,595.3043348618656
16,156.0,733.8656495153101
16,156.10000000000002,333.7604676711079
16,156.20000000000002,428.67954881862545
16,156.3,489.5618310026928
16,156.4,736.9235299247987
16,156.5,559.4869067690812
16,156.60000000000002,597.8409808846877
16,156.70000000000002,739.6095665271151
16,156.8,760.5845513042841
16,156.9,674.8584150073119
16,157.0,634.7923102231604
16,157.10000000000002,537.2956336031248
16,157.20000000000002,665.9678690120937
16,157.3,735.4386228280275
16,157.4,654.6819348317065
16,157.5,649.5043596553926
16,157.60000000000002,697.195778926534
16,157.70000000000002,500.25335105990285
16,157.8,482.116177789389
16,157.9,620.933980290353
16,158.0,605.6290149287497
16,158.10000000000002,307.21781992078144
16,158.20000000000002,727.6613441954995
16,158.3,736.8936443617514
16,158.4,753.5898616545015
16,158.5,766.0843333412765
16,158.60000000000002,565.1496766518264
16,158.70000000000002,675.2525950106779
16,158.8,608.7178783957497
16,158.9,645.4920972493172
16,159.0,604.7548569377819
16,159.10000000000002,595.5161749333074
16,159.20000000000002,434.6398919669805
16,159.3,626.5444634047312
16,159.4,755.5102848722871
16,159.5,752.806587834587
16,159.60000000000002,488.9457707178744
16,159.70000000000002,536.1906612776377
16,159.8,599.9062031620701
16,159.9,628.5815279910049
16,160.0,627.175333225498
16,160.10000000000002,646.9819351102484
16,160.20000000000002,714.5859287980488
16,160.3,673.7018877275184
16,160.4,702.3444130505029
16,160.5,678.4460509499506
16,160.60000000000002,548.595764514899
16,160.70000000000002,610.8930762670965
16,160.8,560.2059348897319
16,160.9,614.9763280106781
16,161.0,606.7928588486425
16,161.10000000000002,686.6532348108233
16,161.20000000000002,735.1000497592435
16,161.3,493.91122224384844
16,161.4,434.9885129913328
16,161.5,739.8069486394542
16,161.60000000000002,529.281738846805
16,161.70000000000002,731.6736907406356
16,161.8,576.4847662669158
16,161.9,539.4235075690228
16,162.0,514.108309196424
16,162.10000000000002,614.8110934048358
16,162.20000000000002,711.3126248694012
16,162.3,430.6174654619901
16,162.4,625.2493262201018
16,162.5,601.60179159589
16,162.60000000000002,652.9189204773269
16,162.70000000000002,784.8089694379855
16,162.8,771.0134028404982
16,162.9,669.7685072894792
16,163.0,650.4146564000181
16,163.10000000000002,633.5950274068474
16,163.20000000000002,639.5486073371867
16,163.3,593.9178343249421
16,163.4,555.466431348171
16,163.5,566.2144108336172
16,163.60000000000002,633.9416007310139
16,163.70000000000002,605.3740832746765
16,163.8,660.1668969125296
16,163.9,644.2003507444676
16,164.0,777.7690956002173
16,164.10000000000002,535.7983803575527
16,164.20000000000002,511.4457120495375
16,164.3,721.0296505053235
16,164.4,587.6672924982734
16,164.5,417.0092590571465
16,164.60000000000002,546.514368284188
16,164.70000000000002,511.3620478544408
16,164.8,723.0006382415745
16,164.9,769.4499788567063
16,165.0,660.6575638025672
16,165.10000000000002,350.347251724142
16,165.20000000000002,491.3032160367481
16,165.3,456.4505628655896
16,165.4,663.729701647281
16,165.5,650.3421144462341
16,165.60000000000002,608.1999118229697
16,165.70000000000002,606.182065479184
16,165.8,550.3162693442542
16,165.9,589.0561694339851
16,166.0,417.27589809193404
16,166.10000000000002,577.6658499982755
16,166.20000000000002,537.1563453768034
16,166.3,498.22407256071125
16,166.4,651.303107232805
16,166.5,738.5270581084268
16,166.60000000000002,606.97396448479
16,166.70000000000002,554.7255605738075
16,166.8,479.4895532784455
16,166.9,555.1839820856678
16,167.0,762.1283234133458
16,167.10000000000002,684.9442818466417
16,167.20000000000002,513.7094267405223
16,167.3,522.2039478734533
16,167.4,608.4013349423248
16,167.5,486.2456200879605
16,167.60000000000002,672.8448526602928
16,167.70000000000002,643.5519863801918
16,167.8,431.9346297915771
16,167.9,592.1577482586332
16,168.0,567.3611388908079
16,168.10000000000002,671.8541100716818
16,168.20000000000002,644.329680336487
16,168.3,440.75747405519877
16,168.4,572.7156231970321
16,168.5,650.7555995868468
16,168.60000000000002,586.351026365008
16,168.70000000000002,744.7478367007607
16,168.8,675.5909420510757
16,168.9,516.8181106404083
16,169.0,589.8275597868949
16,169.10000000000002,623.1015050012605
16,169.20000000000002,585.488248408315
16,169.3,689.2358044033459
16,169.4,607.5225112413873
16,169.5,641.1203848074367
16,169.60000000000002,660.8724623186996
16,169.70000000000002,644.4684789112504
16,169.8,558.1865704155531
16,169.9,664.3752934761733
16,170.0,495.90543401529044
16,170.10000000000002,283.5517455005464
16,170.20000000000002,574.3212611207272
16,170.3,461.61628371780085
16,170.4,661.3374335476663
16,170.5,736.0667047700146
16,170.60000000000002,695.9551047197173
16,170.70000000000002,698.2831267675942
16,170.8,439.39337128858244
16,170.9,642.7165179706617
16,171.0,479.24709517161193
16,171.10000000000002,567.9847752221124
16,171.20000000000002,715.6691395229216
16,171.3,418.77389592441483
16,171.4,635.8680492452974
16,171.5,610.9007123839201
16,171.60000000000002,628.3351573251614
16,171.70000000000002,657.8936315947435
16,171.8,676.3292337655631
16,171.9,716.8640654007529
16,172.0,710.441645246439
16,172.10000000000002,648.6099378994716
16,172.20000000000002,454.21324988703844
16,172.3,570.4036616208857
16,172.4,717.392755889715
16,172.5,539.9059160159321
16,172.60000000000002,591.7741505048597
16,172.70000000000002,753.5204552191645
16,172.8,651.4188349018241
16,172.9,653.06596377125
16,173.0,674.3298665539135
16,173.10000000000002,625.7783701990052
16,173.20000000000002,715.4553026510125
16,173.3,584.1344024309764
16,173.4,613.6477762000726
16,173.5,677.068352133401
16,173.60000000000002,572.4352474919943
16,173.70000000000002,628.0181005536909
16,173.8,577.9199433943744
16,173.9,546.7917534600084
16,174.0,629.170526012332
16,174.10000000000002,630.9037362659026
16,174.20000000000002,732.792210676418
16,174.3,641.710433795724
16,174.4,673.1743058972755
16,174.5,748.4579548160696
16,174.60000000000002,561.8548917493462
16,174.70000000000002,632.6672125169013
16,174.8,713.4621540632995
16,174.9,616.1220725536458
16,175.0,431.97114421622433
16,175.10000000000002,493.5862502748473
16,175.20000000000002,559.7919903798709
16,175.3,651.5932329601964
16,175.4,693.7347526746538
16,175.5,594.3899917562043
16,175.60000000000002,608.4384694935064
16,175.70000000000002,713.20189362899
16,175.8,612.06045864734
16,175.9,659.1265578166065
16,176.0,748.9459931101026
16,176.10000000000002,643.1281534144343
16,176.20000000000002,630.1362753363956
16,176.3,580.8193554520361
16,176.4,652.7344047490186
16,176.5,645.8653654411116
16,176.60000000000002,703.3339533303327
16,176.70000000000002,668.2777062533885
16,176.8,536.8431949941668
16,176.9,594.187518275008
16,177.0,547.8593817389129
16,177.10000000000002,605.348294092149
16,177.20000000000002,643.7159320330546
16,177.3,666.3724359857686
16,177.4,624.3795698002012
16,177.5,647.7822593949674
16,177.60000000000002,633.9957820841341
16,177.70000000000002,613.0411515460648
16,177.8,721.9735732069247
16,177.9,556.5032150829533
16,178.0,535.9143917058157
16,178.10000000000002,690.9802916959644
16,178.20000000000002,647.789526461648
16,178.3,637.7631223230923
16,178.4,613.9293518007249
16,178.5,629.6800018345433
16,178.60000000000002,713.7498899030868
16,178.70000000000002,573.8040049256788
16,178.8,597.5920257580384
16,178.9,600.7053826314176
16,179.0,540.0385803808592
16,179.10000000000002,667.8615945967965
16,179.20000000000002,561.4612728826775
16,179.3,586.9251245237042
16,179.4,529.9165964341623
16,179.5,550.7193194687989
16,179.60000000000002,612.830863644924
16,179.70000000000002,394.9831459732928
16,179.8,495.55817408813465
16,179.9,509.896688145442
16,180.0,558.2099384207818
16,180.10000000000002,744.9548689366846
16,180.20000000000002,677.5768046483889
16,180.3,675.3032715091501
16,180.4,595.5256565510558
16,180.5,560.6954239115674
16,180.60000000000002,702.2878338534045
16,180.70000000000002,726.6466528524683
16,180.8,579.2622412726485
16,180.9,523.7651456571488
16,181.0,566.9593913618177
16,181.10000000000002,509.50783855463294
16,181.20000000000002,562.0991411849893
16,181.3,633.5880655150523
16,181.4,708.1945867437572
16,181.5,691.735421316943
16,181.60000000000002,711.4390093856111
16,181.70000000000002,760.5237062606117
16,181.8,683.3349096109566
16,181.9,658.4454410553534
16,182.0,689.1254361977368
16,182.10000000000002,762.9229528227611
16,182.20000000000002,726.4888118059711
16,182.3,635.6033649536671
16,182.4,638.950850237786
16,182.5,691.6789532544393
16,182.60000000000002,657.4108685506694
16,182.70000000000002,596.1490609569312
16,182.8,497.63759650828956
16,182.9,581.7430168841282
16,183.0,785.8906731002443
16,183.10000000000002,765.7170372899706
16,183.20000000000002,758.7832398892799
16,183.3,724.18936468354
16,183.4,544.395270380241
16,183.5,360.96198361874264
16,183.60000000000002,553.7128768961251
16,183.70000000000002,607.8077239358615
16,183.8,448.56348068039756
16,183.9,651.8163627936686
16,184.0,755.0446653174413
16,184.10000000000002,672.4872605417127
16,184.20000000000002,674.3506238932031
16,184.3,701.3048761332434
16,184.4,507.89955443067385
16,184.5,305.0099711849832
16,184.60000000000002,430.83354047904254
16,184.70000000000002,641.1927713138188
16,184.8,637.2260949135366
16,184.9,598.3319086947245
16,185.0,693.7719565291969
16,185.10000000000002,512.4892758621596
16,185.20000000000002,527.5129530861909
16,185.3,549.7683943362057
16,185.4,457.2272123196401
16,185.5,750.6910728405355
16,185.60000000000002,622.8052063528362
16,185.70000000000002,503.42176675094674
16,185.8,555.2778068180158
16,185.9,467.7959987220885
16,186.0,341.2423531414467
16,186.10000000000002,423.35420532007925
16,186.20000000000002,437.27367623901364
16,186.3,458.45650790135915
16,186.4,361.9646137972823
16,186.5,577.7542744698643
16,186.60000000000002,526.3763435336676
16,186.70000000000002,681.3181369071541
16,186.8,691.0459216321163
16,186.9,600.0748362155757
16,187.0,443.01923273703596
16,187.10000000000002,675.9562341841767
16,187.20000000000002,547.5586108388244
16,187.3,685.9791764535844
16,187.4,711.2309487033947
16,187.5,651.0875869701712
16,187.60000000000002,546.310568843264
16,187.70000000000002,490.35641549220884
16,187.8,685.2576107299033
16,187.9,656.8757562388329
16,188.0,680.7058604226287
16,188.10000000000002,655.9534830300424
16,188.20000000000002,554.6010353615311
16,188.3,669.9509336319082
16,188.4,564.1318577041112
16,188.5,676.7617645363242
16,188.60000000000002,553.7355434801195
16,188.70000000000002,624.7815939364564
16,188.8,589.2831443887542
16,188.9,623.3248956517301
16,189.0,710.8618821233189
16,189.10000000000002,518.3713349728777
16,189.20000000000002,546.2769254761894
16,189.3,603.4878671709507
16,189.4,589.2248781133699
16,189.5,624.9429353939478
16,189.60000000000002,503.94448004854655
16,189.70000000000002,664.4890037765477
16,189.8,757.3208500212952
16,189.9,729.5120443814445
16,190.0,726.3437224767281
16,190.10000000000002,637.8410147332854
16,190.20000000000002,480.7541056105874
16,190.3,667.5303184796658
16,190.4,505.50383191546814
16,190.5,564.8107019725558
16,190.60000000000002,649.2473239853765
16,190.70000000000002,529.2704600587259
16,190.8,586.3283447255415
16,190.9,487.1677928600149
16,191.0,600.5710849567009
16,191.10000000000002,419.8482630330475
16,191.20000000000002,678.5802200920111
16,191.3,471.7254604346453
16,191.4,458.75565623453554
16,191.5,680.6564460583681
16,191.60000000000002,393.7634923400501
16,191.70000000000002,394.33951883789683
16,191.8,497.32641145265507
16,191.9,493.5139183480059
16,192.0,599.3834630454204
16,192.10000000000002,478.4749205454528
16,192.20000000000002,637.8551982933526
16,192.3,678.7584599485708
16,192.4,572.1378779538435
16,192.5,656.6359636836638
16,192.60000000000002,412.7580556037437
16,192.70000000000002,427.5292882711396
16,192.8,642.219784481283
16,192.9,429.76436228005844
16,193.0,497.159663842703
16,193.10000000000002,651.5061086198205
16,193.20000000000002,600.9271068178073
16,193.3,487.5951851762739
16,193.4,627.1509925994771
16,193.5,621.9136840544218
16,193.60000000000002,421.13482178391666
16,193.70000000000002,472.0043458233925
16,193.8,660.4591314721794
16,193.9,459.61165953289947
16,194.0,488.9115287066291
16,194.10000000000002,523.9521422630269
16,194.20000000000002,559.779522638534
16,194.3,438.4380116769868
16,194.4,517.5456893782136
16,194.5,627.3417078656237
16,194.60000000000002,674.97876892025
16,194.70000000000002,408.88609816997666
16,194.8,581.7330795098485
16,194.9,570.9403313998777
16,195.0,612.4800680995728
16,195.10000000000002,595.0346749914914
16,195.20000000000002,438.81115447428397
16,195.3,620.8226629902007
16,195.4,445.0318059697619
16,195.5,579.5908214391218
16,195.60000000000002,405.1578365312354
16,195.70000000000002,459.5367151924212
16,195.8,733.3662650791496
16,195.9,544.2809944856666
16,196.0,511.5735180656874
16,196.10000000000002,401.1168305020172
16,196.20000000000002,491.87284939084606
16,196.3,623.6653925396217
16,196.4,662.0119712050272
16,196.5,689.9070149096913
16,196.60000000000002,483.12118458411754
16,196.70000000000002,612.7928289999761
16,196.8,589.5586494034043
16,196.9,616.835296333374
16,197.0,578.8978292753236
16,197.10000000000002,673.6664865222712
16,197.20000000000002,478.29513916167616
16,197.3,600.9271345786124
16,197.4,353.999797925902
16,197.5,404.574107686847
16,197.60000000000002,749.9591052340982
16,197.70000000000002,696.3729829494274
16,197.8,580.6990527362485
16,197.9,332.00628383249943
16,198.0,654.8974328446391
16,198.10000000000002,690.2059662804858
16,198.20000000000002,664.9835112603503
16,198.3,334.1652987747825
16,198.4,574.589073205282
16,198.5,766.3348264937107
16,198.60000000000002,334.8566447717183
16,198.70000000000002,708.0811821477738
16,198.8,551.7642214616069
16,198.9,344.264624123221
16,199.0,691.0212179298121
16,199.10000000000002,424.6461282235833
16,199.20000000000002,715.5416774987167
16,199.3,425.5050206052542
16,199.4,609.7427055106867
16,199.5,626.0604203752918
16,199.60000000000002,700.0348240513047
16,199.70000000000002,539.0222937394119
16,199.8,330.48828131828446
16,199.9,599.6333818652962
16,200.0,696.2653888393857
16,200.10000000000002,718.7192122514954
16,200.20000000000002,649.3614417247474
16,200.3,515.8678519854956
16,200.4,302.35055559853134
16,200.5,528.6340487703766
16,200.60000000000002,730.0452767887452
16,200.70000000000002,653.4379784155549
16,200.8,614.1458862934907
16,200.9,708.1189272416741
16,201.0,367.41547214108385
16,201.10000000000002,370.50328800428457
16,201.20000000000002,577.9339933671721
16,201.3,441.76048290953855
16,201.4,349.35482964707086
16,201.5,325.93567738431824
16,201.60000000000002,573.281808144448
16,201.70000000000002,598.0394592281951
16,201.8,365.2862668438874
16,201.9,455.4115963072382
16,202.0,616.8693022282895
16,202.10000000000002,645.7912776034351
16,202.20000000000002,609.8697339095885
16,202.3,409.68229877914814
16,202.4,345.1885993643818
16,202.5,614.7249380457182
16,202.60000000000002,364.5921151843249
16,202.70000000000002,646.1214243566941
16,202.8,673.7718554196198
16,202.9,692.7691994677791
16,203.0,407.0299658816914
16,203.10000000000002,500.69250057541655
16,203.20000000000002,687.6665652276571
16,203.3,534.3582078442421
16,203.4,580.9594060728139
16,203.5,649.3600134675722
16,203.60000000000002,536.6624674956659
16,203.70000000000002,358.37416401718735
16,203.8,544.256587045602
16,203.9,678.7003474862897
16,204.0,724.7100319952159
16,204.10000000000002,502.65375355628834
16,204.20000000000002,710.0776875217921
16,204.3,380.9069911793104
16,204.4,665.5694621411116
16,204.5,500.14202885634467
16,204.60000000000002,633.2461878475949
16,204.70000000000002,679.4560449898872
16,204.8,728.6464720354759
16,204.9,702.7528016562924
16,205.0,613.2924320164101
16,205.10000000000002,406.60350953240095
16,205.20000000000002,591.3585969671249
16,205.3,606.5131938359665
16,205.4,467.27734050786097
16,205.5,534.5741117178858
16,205.60000000000002,524.4283330375841
16,205.70000000000002,375.38515171062477
16,205.8,630.6954972819904
16,205.9,692.2960546937904
16,206.0,648.3305599674084
16,206.10000000000002,685.6164822961408
16,206.20000000000002,634.2191737844428
16,206.3,603.0286332142128
16,206.4,484.72989004015847
16,206.5,608.5657798150274
16,206.60000000000002,695.3093198338153
16,206.70000000000002,485.8481329851562
16,206.8,642.298388227369
16,206.9,543.7026810269033
16,207.0,489.85722974147683
16,207.10000000000002,624.0805181322816
16,207.20000000000002,533.1677821316225
16,207.3,606.0618543498911
16,207.4,573.492996923474
16,207.5,587.6646150354982
16,207.60000000000002,518.8761892921966
16,207.70000000000002,666.3527672115634
16,207.8,621.6200927455951
16,207.9,596.0357524357253
16,208.0,692.4638498021455
16,208.10000000000002,549.5830916848975
16,208.20000000000002,590.8746479598877
16,208.3,608.7038464804197
16,208.4,676.2714430967533
16,208.5,735.7888660507313
16,208.60000000000002,588.3649542090438
16,208.70000000000002,678.1777229456653
16,208.8,653.849510690633
16,208.9,696.1927002670475
16,209.0,521.3624035977838
16,209.10000000000002,593.836683733072
16,209.20000000000002,601.7543161132018
16,209.3,411.32339502941
16,209.4,485.01242444964487
16,209.5,533.603148045631
16,209.60000000000002,573.5953673977516
16,209.70000000000002,592.4416225533525
16,209.8,527.1732170488642
16,209.9,633.2608948902298
16,210.0,449.2463219819769
16,210.10000000000002,292.0608791393632
16,210.20000000000002,525.7227253455698
16,210.3,598.5478910481391
16,210.4,628.7092866933857
16,210.5,559.9118895422112
16,210.60000000000002,512.0320120395112
16,210.70000000000002,523.0941451040595
16,210.8,527.4473967758993
16,210.9,404.6865053317851
16,211.0,378.82707737727884
16,211.10000000000002,620.3080775573992
16,211.20000000000002,703.8171029253509
16,211.3,584.0594917529505
16,211.4,398.8517064326415
16,211.5,485.42487927106527
16,211.60000000000002,609.6098642717847
16,211.70000000000002,699.8636724947694
16,211.8,551.0371086707852
16,211.9,437.19501096038175
16,212.0,614.3860087909679
16,212.10000000000002,692.8204160522081
16,212.20000000000002,642.6390113928557
16,212.3,666.7601284003114
16,212.4,596.2249709771311
16,212.5,685.6559665426802
16,212.60000000000002,536.6818005859586
16,212.70000000000002,503.74215340493254
16,212.8,635.5827199968587
16,212.9,592.1526832785049
16,213.0,603.7485319576233
16,213.10000000000002,661.7124892589467
16,213.20000000000002,729.790491572343
16,213.3,641.6452567208302
16,213.4,385.37371010425954
16,213.5,546.8814200941092
16,213.60000000000002,649.4880110766802
16,213.70000000000002,529.5630484392783
16,213.8,612.7436586082174
16,213.9,704.6787753920122
16,214.0,592.4186404188971
16,214.10000000000002,460.85024577912
16,214.20000000000002,528.2195838607842
16,214.3,578.4105615911315
16,214.4,463.9393384607592
16,214.5,430.5016801621941
16,214.60000000000002,565.9772551389534
16,214.70000000000002,595.6967604463891
16,214.8,432.7162578452236
16,214.9,285.1675947179036
16,215.0,348.42987539188687
16,215.10000000000002,424.6253598458017
16,215.20000000000002,442.8203869912532
16,215.3,492.92411740515934
16,215.4,437.22699775506993
16,215.5,574.1983382692051
16,215.60000000000002,638.279636303475
16,215.70000000000002,581.5219209921297
16,215.8,637.676174706172
16,215.9,670.1158510506428
16,216.0,601.6386205369585
16,216.10000000000002,518.547108538021
16,216.20000000000002,524.6699921026851
16,216.3,609.5887851246192
16,216.4,649.9844245373677
16,216.5,689.6976323701432
16,216.60000000000002,622.4702326199116
16,216.70000000000002,421.592794203663
16,216.8,516.50948698208
16,216.9,627.7094652038588
16,217.0,595.0699945204435
16,217.10000000000002,538.7388247337989
16,217.20000000000002,557.0063402661939
16,217.3,642.5065262600377
16,217.4,619.3575010877781
16,217.5,654.2555165925778
16,217.60000000000002,678.5160718074894
16,217.70000000000002,563.517989510296
16,217.8,539.2421145573628
16,217.9,666.5133093449044
16,218.0,621.7473602650463
16,218.10000000000002,578.0384351309375
16,218.20000000000002,594.4607301565156
16,218.3,631.781832788292
16,218.4,786.595228804069
16,218.5,782.1956772750337
16,218.60000000000002,762.5654256514283
16,218.70000000000002,757.1835397442286
16,218.8,774.7845397567943
16,218.9,792.7574151865576
16,219.0,771.8939787206673
16,219.10000000000002,748.269922968598
16,219.20000000000002,781.0940800808694
16,219.3,785.1767496893236
16,219.4,791.9999340608681
16,219.5,798.779301736216
16,219.60000000000002,780.8569794840852
16,219.70000000000002,783.0897468118222
16,219.8,778.4129729558445
16,219.9,760.0125947435865
16,220.0,758.2173599341511
16,220.10000000000002,556.488381180424
16,220.20000000000002,472.87204047954134
16,220.3,750.4338965198813
16,220.4,760.5611183461411
16,220.5,775.3851801472252
16,220.60000000000002,750.1520089892879
16,220.70000000000002,731.2174686279634
16,220.8,546.7641117681046
16,220.9,500.53207463822804
16,221.0,775.918207056329
16,221.10000000000002,768.5682742144886
16,221.20000000000002,764.4042306356779
16,221.3,754.3728245928643
16,221.4,753.78463916237
16,221.5,765.0620146210932
16,221.60000000000002,772.8413420303906
16,221.70000000000002,781.7182095926423
16,221.8,760.8799542889806
16,221.9,773.3256020061497
16,222.0,780.1977741449795
16,222.10000000000002,754.300845860514
16,222.20000000000002,770.619105610576
16,222.3,725.1357920816736
16,222.4,683.2347835498892
16,222.5,752.1115868338732
16,222.60000000000002,749.5477337170438
16,222.70000000000002,747.4511196836314
16,222.8,747.1999427542352
16,222.9,779.419532872719
16,223.0,782.5447421253375
16,223.10000000000002,794.5602930836743
16,223.20000000000002,732.5702345523906
16,223.3,655.5285766843338
16,223.4,738.2431707594952
16,223.5,763.7089970912573
16,223.60000000000002,753.2801288947325
16,223.70000000000002,754.622492364601
16,223.8,769.8765263298847
16,223.9,782.7096837435093
16,224.0,775.5872191929948
16,224.10000000000002,770.1105138936682
16,224.20000000000002,782.1337712428593
16,224.3,790.0902872661231
16,224.4,768.2099819287523
16,224.5,778.3332397330876
16,224.60000000000002,786.7237311475659
16,224.70000000000002,730.7359755894313
16,224.8,761.0424098170482
16,224.9,762.5882389150725
16,225.0,787.2325221851133
16,225.10000000000002,786.978454434472
16,225.20000000000002,767.1832151701461
16,225.3,656.2818426683499
16,225.4,490.3103057137872
16,225.5,793.0818256885979
16,225.60000000000002,763.3502942539844
16,225.70000000000002,768.4759493570308
16,225.8,769.3655934674235
16,225.9,776.6638302904017
16,226.0,767.1299760775441
16,226.10000000000002,760.9435739594712
16,226.20000000000002,791.9855238699164
16,226.3,769.3383504852314
16,226.4,779.5149864539117
16,226.5,710.3011957803459
16,226.60000000000002,544.7960339008996
16,226.70000000000002,530.5158341695025
16,226.8,654.3024878249119
16,226.9,400.09982500341476
16,227.0,658.390199124226
16,227.10000000000002,588.2335991961224
16,227.20000000000002,584.4671025260766
16,227.3,558.000577142233
16,227.4,508.3460747597479
16,227.5,636.1333832435485
16,227.60000000000002,564.1017884016755
16,227.70000000000002,525.5448946277194
16,227.8,603.9701507999332
16,227.9,632.4452500261755
16,228.0,733.5110030742762
16,228.10000000000002,648.6152146771083
16,228.20000000000002,355.18080317293203
16,228.3,730.5636473313282
16,228.4,583.2848252803833
16,228.5,640.8916062621805
16,228.60000000000002,656.6821540628274
16,228.70000000000002,432.9346647458467
16,228.8,510.12683746142346
16,228.9,625.6428479700253
16,229.0,425.79554139332356
16,229.10000000000002,603.9210805311907
16,229.20000000000002,630.8201561397979
16,229.3,729.3200647373789
16,229.4,598.3074472340558
16,229.5,630.4162229807791
16,229.60000000000002,721.3411329807127
16,229.70000000000002,561.8190904337014
16,229.8,476.78897758033946
16,229.9,525.9257823117866
16,230.0,750.1734000795714
16,230.10000000000002,598.4958468365222
16,230.20000000000002,736.0239017296252
16,230.3,706.3886219832747
16,230.4,365.08499648957394
16,230.5,654.4123018098296
16,230.60000000000002,569.0449481525367
16,230.70000000000002,695.5296211304449
16,230.8,752.0232322027364
16,230.9,499.0876077874662
16,231.0,657.6017781393997
16,231.10000000000002,322.7736984697255
16,231.20000000000002,447.1172420703122
16,231.3,594.3045142685488
16,231.4,503.60933842650866
16,231.5,727.021778793741
16,231.60000000000002,671.3480079949545
16,231.70000000000002,527.9869364679384
16,231.8,456.97802622598215
16,231.9,751.1655649725993
16,232.0,695.51007018097
16,232.10000000000002,484.6917879499989
16,232.20000000000002,604.8504017305802
16,232.3,404.75255710307084
16,232.4,703.8517348895364
16,232.5,664.1025424001791
16,232.60000000000002,538.2145698294944
16,232.70000000000002,522.5395688505413
16,232.8,568.9347574065358
16,232.9,622.1291260533649
16,233.0,446.14121319442626
16,233.10000000000002,743.1289756109886
16,233.20000000000002,594.5169550133368
16,233.3,637.7562476151938
16,233.4,649.5256509438814
16,233.5,644.303293037916
16,233.60000000000002,732.9369814406432
16,233.70000000000002,710.9514686362295
16,233.8,549.9513084248235
16,233.9,552.8098946082196
16,234.0,515.4274287991157
16,234.10000000000002,532.0219915904925
16,234.20000000000002,569.2364935567167
16,234.3,579.8544223655884
16,234.4,714.6835784235093
16,234.5,517.1744156261838
16,234.60000000000002,467.78681157262366
16,234.70000000000002,531.8446227332184
16,234.8,675.1842583494523
16,234.9,756.6451582731629
16,235.0,682.3875448570435
16,235.10000000000002,630.3939263847444
16,235.20000000000002,676.2147232410266
16,235.3,736.5382852627661
16,235.4,536.2470107843739
16,235.5,632.2585978572909
16,235.60000000000002,673.6916296740739
16,235.70000000000002,274.48762729829815
16,235.8,694.8656783897538
16,235.9,420.9290686095521
16,236.0,484.199252765629
16,236.10000000000002,667.5869189275785
16,236.20000000000002,622.4206145570869
16,236.3,511.9560801697083
16,236.4,568.4300318266226
16,236.5,607.7429927119294
16,236.60000000000002,610.5607575603946
16,236.70000000000002,447.6416923127204
16,236.8,623.8725664716699
16,236.9,668.1579350035275
16,237.0,541.7669889391428
16,237.10000000000002,611.8540129440089
16,237.20000000000002,668.6822529751694
16,237.3,646.1197197058347
16,237.4,642.3352560941327
16,237.5,689.6891171592079
16,237.60000000000002,550.1103927056735
16,237.70000000000002,585.8842419000889
16,237.8,562.6431277432542
16,237.9,429.4790248696779
16,238.0,545.5930480473182
16,238.10000000000002,489.2319750392893
16,238.20000000000002,574.7436606651924
16,238.3,469.9369447267082
16,238.4,690.0411501989338
16,238.5,643.7858948021689
16,238.60000000000002,636.3824172494845
16,238.70000000000002,603.7737836514962
16,238.8,522.5993280076267
16,238.9,581.7578913673707
16,239.0,647.3531138160246
16,239.10000000000002,499.0268309580903
16,239.20000000000002,580.0747238435334
16,239.3,491.49437146592595
16,239.4,551.0066556022306
16,239.5,528.275207510498
16,239.60000000000002,717.6043074848243
16,239.70000000000002,585.0198962575437
16,239.8,582.8175823990704
16,239.9,508.1521008403386
16,240.0,707.1876322336398
16,240.10000000000002,459.91542576053206
16,240.20000000000002,685.2103724248296
16,240.3,695.3432435552355
16,240.4,403.94575124273535
16,240.5,612.1057882845108
16,240.60000000000002,368.6928974327242
16,240.70000000000002,664.6395826069261
16,240.8,590.9504445307733
16,240.9,591.6997938921209
16,241.0,716.6080186942828
16,241.10000000000002,594.2607590536816
16,241.20000000000002,397.3151671170593
16,241.3,655.8195533484305
16,241.4,551.7639797704242
16,241.5,589.4096126217523
16,241.60000000000002,406.7919209914637
16,241.70000000000002,615.51251709854
16,241.8,706.4553939822769
16,241.9,588.685082339675
16,242.0,656.2879830654673
16,242.10000000000002,650.1380666220277
16,242.20000000000002,619.6379417214961
16,242.3,661.7823380901287
16,242.4,394.50969682355793
16,242.5,538.450979698999
16,242.60000000000002,613.971120790507
16,242.70000000000002,754.16620066185
16,242.8,618.7825204755432
16,242.9,680.0518414708769
16,243.0,699.9735404106701
16,243.10000000000002,729.7129301274686
16,243.20000000000002,678.5303469314498
16,243.3,678.9609574216076
16,243.4,592.6390218289749
16,243.5,401.12838227565226
16,243.60000000000002,447.97963229390115
16,243.70000000000002,379.8459643835206
16,243.8,423.6915142740855
16,243.9,601.325114988683
16,244.0,601.3836511837343
16,244.10000000000002,679.560926375099
16,244.20000000000002,620.0929262065268
16,244.3,652.1816686682463
16,244.4,530.1312449789888
16,244.5,629.6115713366875
16,244.60000000000002,662.6186183373995
16,244.70000000000002,741.974989512808
16,244.8,681.3024504952912
16,244.9,619.9930355277052
16,245.0,449.48575896945266
16,245.10000000000002,636.5284083787878
16,245.20000000000002,661.3929536387675
16,245.3,650.4611985343491
16,245.4,372.173556162071
16,245.5,498.3228420616815
16,245.60000000000002,521.885228594639
16,245.70000000000002,724.8799544843888
16,245.8,716.3115375655062
16,245.9,510.53626398694865
16,246.0,613.7326913946381
16,246.10000000000002,734.4427318510309
16,246.20000000000002,704.0918620055622
16,246.3,694.6738385399765
16,246.4,593.1845393998939
16,246.5,538.8384884639577
16,246.60000000000002,616.2020387960195
16,246.70000000000002,522.2459715939301
16,246.8,537.7793357054283
16,246.9,690.7833291132101
16,247.0,545.6477762586456
16,247.10000000000002,533.4328275925786
16,247.20000000000002,537.3748970714108
16,247.3,514.0858315516627
16,247.4,571.1303543693828
16,247.5,531.2780814999226
16,247.60000000000002,611.8489449182888
16,247.70000000000002,482.1007935042534
16,247.8,647.981744754436
16,247.9,501.15061443006186
16,248.0,487.96736099675024
16,248.10000000000002,638.1132040521364
16,248.20000000000002,656.8505187907924
16,248.3,635.0154902302161
16,248.4,484.15315759135217
16,248.5,623.6046769354285
16,248.60000000000002,448.5679256581502
16,248.70000000000002,546.3341910859574
16,248.8,728.0627673889919
16,248.9,683.5298700365388
16,249.0,423.7975781660595
16,249.10000000000002,295.24514056397646
16,249.20000000000002,556.624315460431
16,249.3,652.6945669454417
16,249.4,723.0804873575569
16,249.5,633.137802032283
16,249.60000000000002,533.2777846612727
16,249.70000000000002,616.463587918349
16,249.8,652.610982199643
16,249.9,613.6643416493906
16,250.0,464.99025332005704
16,250.10000000000002,434.9173012183636
16,250.20000000000002,569.1459929355929
16,250.3,584.4412365799064
16,250.4,603.8882759006539
16,250.5,629.6144536174329
16,250.60000000000002,610.0311454901472
16,250.70000000000002,627.7898252226573
16,250.8,515.8097086410628
16,250.9,567.447840588894
16,251.0,565.4163233317211
16,251.10000000000002,618.8637337352166
16,251.20000000000002,481.29667550148616
16,251.3,388.6706427295203
16,251.4,557.5728730207946
16,251.5,439.6943078810751
16,251.60000000000002,377.00602133178
16,251.70000000000002,384.4480387276658
16,251.8,437.04542359036253
16,251.9,585.8607919771929
16,252.0,472.58921389403673
16,252.10000000000002,589.7668736802633
16,252.20000000000002,574.9423846201726
16,252.3,472.9466090264146
16,252.4,394.0385333298305
16,252.5,402.07473814475725
16,252.60000000000002,418.8831731904361
16,252.70000000000002,500.62789514695623
16,252.8,483.1409245545902
16,252.9,563.3218764607498
16,253.0,544.9432509818969
16,253.10000000000002,389.15677433593635
16,253.20000000000002,497.0852247880714
16,253.3,509.6299812779897
16,253.4,330.3687005424539
16,253.5,487.5342831953494
16,253.60000000000002,567.3950921643501
16,253.70000000000002,392.3683909339633
16,253.8,426.38981347199154
16,253.9,621.521596687858
16,254.0,650.581355395135
16,254.10000000000002,669.2392176538497
16,254.20000000000002,683.6151974144653
16,254.3,511.1292549241482
16,254.4,528.8968180005369
16,254.5,559.3549211340084
16,254.60000000000002,576.4444649315874
16,254.70000000000002,683.7503645672903
16,254.8,515.6876662282785
16,254.9,496.2328310127685
16,255.0,634.0254664251655
16,255.10000000000002,679.5804562609419
16,255.20000000000002,590.973024193214
16,255.3,634.7442270082399
16,255.4,632.7581642039053
16,255.5,657.7668102726591
16,255.60000000000002,738.857146441958
16,255.70000000000002,743.3875222696362
16,255.8,689.6147526210674
16,255.9,487.23863448254616
16,256.0,550.2701170347949
16,256.1,613.3018418512511
16,256.2,572.0716161815917
16,256.3,677.2523458838818
16,256.40000000000003,592.3463472003757
16,256.5,576.6172808576139
16,256.6,539.9523482170044
16,256.7,514.8714169748679
16,256.8,429.5475806909637
16,256.90000000000003,441.7447085271399
16,257.0,604.1599362371737
16,257.1,522.987005559957
16,257.2,530.8912432302708
16,257.3,469.81595763873725
16,257.40000000000003,485.6210187701136
16,257.5,678.9576954844857
16,257.6,604.6751815179853
16,257.7,616.3445143120935
16,257.8,623.2826255382471
16,257.90000000000003,451.2818352559225
16,258.0,548.2006260333434
16,258.1,535.8603058479933
16,258.2,350.849200374156
16,258.3,328.5150762814992
16,258.40000000000003,420.47058182558436
16,258.5,632.5904114576139
16,258.6,712.0385701654028
16,258.7,528.5516939531745
16,258.8,366.5881036357871
16,258.90000000000003,522.7314643558758
16,259.0,612.1990731508602
16,259.1,441.9400092458202
16,259.2,338.58404355151026
16,259.3,475.9561182141574
16,259.40000000000003,500.19281533961293
16,259.5,459.99816024547596
16,259.6,706.0329833599347
16,259.7,592.2164736809411
16,259.8,476.18257476260135
16,259.90000000000003,595.5833132409407
16,260.0,465.27761699136516
16,260.1,564.5926007391068
16,260.2,622.4978166590087
16,260.3,521.0714427229083
16,260.40000000000003,469.5026316649939
16,260.5,618.5576578580834
16,260.6,643.3659232221465
16,260.7,595.2921968949746
16,260.8,485.75883139663455
16,260.90000000000003,462.8917248116183
16,261.0,542.2690939703472
16,261.1,647.1068772274293
16,261.2,591.2683301447947
16,261.3,583.1827392547948
16,261.40000000000003,645.7277337014284
16,261.5,577.1637292135152
16,261.6,525.7717214055257
16,261.7,628.8323471901061
16,261.8,386.8452374832618
16,261.90000000000003,455.8751351414962
16,262.0,592.7306054995164
16,262.1,392.32774804184766
16,262.2,678.2610795161011
16,262.3,434.4626009396015
16,262.40000000000003,425.361005468668
16,262.5,673.081589696307
16,262.6,606.7371534683303
16,262.7,377.449777709911
16,262.8,402.9986395262028
16,262.90000000000003,562.1160975014226
16,263.0,372.3020097399585
16,263.1,640.3233466481097
16,263.2,595.7120000414657
16,263.3,531.534289275667
16,263.40000000000003,589.3720492508318
16,263.5,495.42547025206244
16,263.6,366.7347416139581
16,263.7,500.4968003254535
16,263.8,661.5402450381149
16,263.90000000000003,495.6143519104859
16,264.0,558.163018918539
16,264.1,432.4066371594588
16,264.2,543.2189699047005
16,264.3,627.2387862038563
16,264.40000000000003,342.9545369872092
16,264.5,649.4032077703629
16,264.6,554.7183285548929
16,264.7,603.4815346820943
16,264.8,689.3781850589608
16,264.90000000000003,483.34598834046983
16,265.0,316.6175726908664
16,265.1,550.599709400111
16,265.2,573.536927414585
16,265.3,324.1262973835519
16,265.40000000000003,371.91890799564237
16,265.5,669.511198010697
16,265.6,403.325086107037
16,265.7,578.6370093783329
16,265.8,559.0334901487241
16,265.90000000000003,524.3445941137734
16,266.0,587.0983235104939
16,266.1,630.163071051389
16,266.2,615.2254813582008
16,266.3,582.2229215484703
16,266.40000000000003,658.5793254781579
16,266.5,528.3784545541176
16,266.6,500.63517820988295
16,266.7,486.5435132835347
16,266.8,603.2486021169502
16,266.90000000000003,681.800853230747
16,267.0,624.3697412312678
16,267.1,553.8288583580717
16,267.2,719.5781266420281
16,267.3,507.1346092722968
16,267.40000000000003,550.098858709732
16,267.5,697.2050021364344
16,267.6,409.0434195703821
16,267.7,513.7095573044168
16,267.8,714.5079016847855
16,267.90000000000003,672.5520485111388
16,268.0,426.57143780863424
16,268.1,635.7664203976661
16,268.2,489.1582148389457
16,268.3,423.6073974769361
16,268.40000000000003,462.13953963727744
16,268.5,445.89641124643816
16,268.6,726.7253791232795
16,268.7,488.3471549640369
16,268.8,684.0161987209947
16,268.90000000000003,684.3270880669419
16,269.0,585.3836913622015
16,269.1,599.0989572436266
16,269.2,509.37122124238107
16,269.3,315.24286305005313
16,269.40000000000003,406.2503007391262
16,269.5,645.863739317866
16,269.6,414.34226952599346
16,269.7,567.4547396748217
16,269.8,534.655027336196
16,269.90000000000003,283.4956332983692
16,270.0,683.8157991308615
16,270.1,537.7454639386337
16,270.2,682.4824563994604
16,270.3,642.5872315146313
16,270.40000000000003,512.317021120015
16,270.5,371.3768184432273
16,270.6,595.3760828940564
16,270.7,539.2225404972012
16,270.8,522.0180726057367
16,270.90000000000003,651.9016647861199
16,271.0,328.9915222757712
16,271.1,622.4544215879522
16,271.2,588.4702045474488
16,271.3,554.5085586614979
16,271.40000000000003,509.396065876922
16,271.5,666.8117223300878
16,271.6,615.2765751026112
16,271.7,484.42924332675733
16,271.8,326.4113561715846
16,271.90000000000003,608.3925877133456
16,272.0,480.9510143130771
16,272.1,384.4486778451773
16,272.2,711.2872511575542
16,272.3,595.0316507720115
16,272.40000000000003,477.61312477471154
16,272.5,747.6917609605305
16,272.6,568.9297711685837
16,272.7,552.7157803157949
16,272.8,562.9349329384894
16,272.90000000000003,564.8924321080247
16,273.0,479.31779654092173
16,273.1,469.90627454444416
16,273.2,342.72828512894375
16,273.3,537.5180656800723
16,273.40000000000003,596.3220080122917
16,273.5,444.53038771620527
16,273.6,378.2594461262714
16,273.7,674.681733845366
16,273.8,376.2296905329327
16,273.90000000000003,579.8030960170828
16,274.0,621.915800590856
16,274.1,611.4495187804604
16,274.2,520.1722092860912
16,274.3,743.1558716690654
16,274.40000000000003,573.2788889789261
16,274.5,524.6320713310214
16,274.6,604.2071374804548
16,274.7,679.8195392798692
16,274.8,552.9488110598213
16,274.90000000000003,671.5768096162246
16,275.0,648.3043599819891
16,275.1,563.709080005317
16,275.2,521.0466562973597
16,275.3,637.4895822086693
16,275.40000000000003,1055.1261330317216
16,275.5,710.2443551651681
16,275.6,680.3426962891684
16,275.7,490.3859775557184
16,275.8,613.9457467173545
16,275.90000000000003,668.8576681638353
16,276.0,578.1581705105357
16,276.1,599.2538449904528
16,276.2,427.0945423534141
16,276.3,456.790104998862
16,276.40000000000003,599.032749116442
16,276.5,588.9370789357068
16,276.6,565.0774136200491
16,276.7,490.66637678581685
16,276.8,689.7065446234959
16,276.90000000000003,559.2405248273525
16,277.0,562.4732559010472
16,277.1,632.1898851446787
16,277.2,665.4118905066154
16,277.3,656.0672486960028
16,277.40000000000003,529.4754722607719
16,277.5,457.3612618189603
16,277.6,462.0670400180134
16,277.7,648.5564045586946
16,277.8,473.35552153263006
16,277.90000000000003,674.48356732882
16,278.0,711.8159628372342
16,278.1,571.3209966281091
16,278.2,589.9374737373473
16,278.3,631.5162747689511
16,278.40000000000003,467.9976433518435
16,278.5,403.6687013631351
16,278.6,636.7307234038709
16,278.7,601.5369191273196
16,278.8,451.71242775074035
16,278.90000000000003,686.8382109182373
16,279.0,620.4316520722999
16,279.1,657.5274696026364
16,279.2,722.4395863980027
16,279.3,665.1437626139377
16,279.40000000000003,379.58319303679775
16,279.5,616.0655891728092
16,279.6,668.0519519019696
16,279.7,687.8902586708309
16,279.8,752.1495498322918
16,279.90000000000003,728.7945427674149
16,280.0,581.3860043909284
16,280.1,654.674555720677
16,280.2,557.6864809835853
16,280.3,766.2323624798128
16,280.40000000000003,788.2290123947951
16,280.5,413.4269769090753
16,280.6,585.7729944312163
16,280.7,627.8778978358781
16,280.8,616.734699931384
16,280.90000000000003,615.7207086582245
16,281.0,708.3531541862815
16,281.1,568.2226826725479
16,281.2,489.873561873116
16,281.3,497.3416708815251
16,281.40000000000003,389.378393834537
16,281.5,624.5360891224492
16,281.6,390.74751050726155
16,281.7,589.1883522987097
16,281.8,583.6418403669787
16,281.90000000000003,442.03645939256495
16,282.0,554.4942622696574
16,282.1,476.3038565183592
16,282.2,547.6960274203774
16,282.3,422.8445010884804
16,282.40000000000003,394.03058027514527
16,282.5,555.3695037560308
16,282.6,614.7549897424216
16,282.7,614.0097261892353
16,282.8,640.9823684133329
16,282.90000000000003,644.2360095690409
16,283.0,629.532813314179
16,283.1,643.7790287238402
16,283.2,703.8518051705656
16,283.3,564.619177467879
16,283.40000000000003,550.837868581438
16,283.5,550.1433427547695
16,283.6,528.0240714719597
16,283.7,380.25782110551813
16,283.8,454.3288993493731
16,283.90000000000003,405.6682332729354
16,284.0,469.0465111084639
16,284.1,510.87120228489755
16,284.2,472.3601827220679
16,284.3,512.3208534434085
16,284.40000000000003,368.17739585839246
16,284.5,445.1442783394637
16,284.6,444.65734048296025
16,284.7,530.6679057916704
16,284.8,622.5579699693461
16,284.90000000000003,557.5996834693192
16,285.0,442.90986829261317
16,285.1,557.9305657526666
16,285.2,600.633469198957
16,285.3,484.3680979522522
16,285.40000000000003,545.3788669716849
16,285.5,689.6972318863712
16,285.6,687.6963111128983
16,285.7,464.2367120046827
16,285.8,655.5081382601468
16,285.90000000000003,492.4015027486832
16,286.0,420.87463694774334
16,286.1,502.4349989958022
16,286.2,584.4506111525618
16,286.3,660.7790749715354
16,286.40000000000003,487.92655248109014
16,286.5,368.1151059221578
16,286.6,532.631719605027
16,286.7,656.201047927489
16,286.8,473.35113952217165
16,286.90000000000003,665.8173907456815
16,287.0,675.6751226301369
16,287.1,710.6408557989549
16,287.2,621.588750623034
16,287.3,629.9292336575079
16,287.40000000000003,521.9186412479323
16,287.5,524.7692685886624
16,287.6,676.5622514633944
16,287.7,710.4646699631003
16,287.8,679.1322193940629
16,287.90000000000003,570.7428211130186
16,288.0,403.5193343737417
16,288.1,559.190547740408
16,288.2,557.5674824397402
16,288.3,612.7948974198354
16,288.40000000000003,650.6975233913357
16,288.5,666.6438331626139
16,288.6,692.5518818489642
16,288.7,473.7913705153993
16,288.8,626.4877959240307
16,288.90000000000003,651.1717434654943
16,289.0,685.9936400638468
16,289.1,725.7811924976843
16,289.2,651.8035707439344
16,289.3,670.0525728038855
16,289.40000000000003,591.2966521750211
16,289.5,683.0452747220284
16,289.6,590.5751350817203
16,289.7,590.7530041910535
16,289.8,552.0694486467044
16,289.90000000000003,364.815012032822
16,290.0,463.3303086986874
16,290.1,581.2969997984502
16,290.2,468.8093433617157
16,290.3,387.28466905532497
16,290.40000000000003,616.0206474680972
16,290.5,574.9150433975454
16,290.6,635.6086810695671
16,290.7,653.3144636551069
16,290.8,646.1484157980924
16,290.90000000000003,622.6042942886965
16,291.0,606.6974243911504
16,291.1,601.5622951245462
16,291.2,452.42201135322125
16,291.3,485.7001709368879
16,291.40000000000003,590.0957461189981
16,291.5,535.1614918297189
16,291.6,546.262616745544
16,291.7,694.1727480302371
16,291.8,781.8346792017251
16,291.90000000000003,684.8348502028281
16,292.0,631.1397813200557
16,292.1,667.6964209885393
16,292.2,718.2924583534186
16,292.3,565.2287801765996
16,292.40000000000003,667.8850378829634
16,292.5,779.6091124748956
16,292.6,628.556424147531
16,292.7,569.6915409886401
16,292.8,508.6718489554533
16,292.90000000000003,595.420305943637
16,293.0,541.3597867661659
16,293.1,498.306041728869
16,293.2,540.9846195362469
16,293.3,499.49709833369195
16,293.40000000000003,624.9483791691744
16,293.5,621.0305921075211
16,293.6,659.0797516439088
16,293.7,645.5313841331919
16,293.8,620.5091480588029
16,293.90000000000003,618.335199461513
16,294.0,567.8437839573977
16,294.1,606.0607099324517
16,294.2,652.8180577494941
16,294.3,517.737279653854
16,294.40000000000003,592.5976693322838
16,294.5,663.825124411088
16,294.6,665.4616059674091
16,294.7,617.6550961176318
16,294.8,528.7167655238379
16,294.90000000000003,546.9347526215955
16,295.0,630.268180352748
16,295.1,599.287386503167
16,295.2,637.7077401407877
16,295.3,614.4489408655934
16,295.40000000000003,636.7073035458662
16,295.5,603.3442210117047
16,295.6,551.2164568632572
16,295.7,415.43226582301
16,295.8,475.85022574700815
16,295.90000000000003,633.1560567518842
16,296.0,606.2189262636803
16,296.1,584.9810997305784
16,296.2,686.9228575580439
16,296.3,713.8522299741184
16,296.40000000000003,709.9369956997708
16,296.5,586.1257051564272
16,296.6,460.4929701406968
16,296.7,535.4086796080353
16,296.8,702.9231898704959
16,296.90000000000003,726.312252003154
16,297.0,647.3996359398275
16,297.1,500.70637044916504
16,297.2,569.9933408162924
16,297.3,763.2002779460415
16,297.40000000000003,751.5185268718917
16,297.5,711.4000360573258
16,297.6,577.0765264403766
16,297.7,457.1945629271342
16,297.8,532.2722045466778
16,297.90000000000003,584.1531680190045
16,298.0,518.4849834204963
16,298.1,531.3179680326792
16,298.2,625.3863606366474
16,298.3,623.6785882531107
16,298.40000000000003,552.6253855214026
16,298.5,598.5305923731212
16,298.6,580.9443383161737
16,298.7,602.9889311182181
16,298.8,611.3557759020204
16,298.90000000000003,571.8860259275092
16,299.0,648.52365649777
16,299.1,610.125297210491
16,299.2,478.7525459545714
16,299.3,561.0506823315243
16,299.40000000000003,580.391539841493
16,299.5,586.7288835577112
16,299.6,521.0703401838725
16,299.7,513.5707824297701
16,299.8,566.5111544457845
16,299.90000000000003,608.7557532691956
16,300.0,575.4239494524292
16,300.1,551.1303685241435
16,300.2,529.3616280377876
16,300.3,569.8879062708262
16,300.40000000000003,633.517457714571
16,300.5,668.9806556074132
16,300.6,644.53437674724
16,300.7,447.27522686463317
16,300.8,454.92063001379483
16,300.90000000000003,586.68958418436
16,301.0,483.992947931761
16,301.1,641.9082119483832
16,301.2,593.5341192069407
16,301.3,546.9468562252849
16,301.40000000000003,516.9802560582176
16,301.5,611.3059415044039
16,301.6,671.3826940184201
16,301.7,654.6486882840206
16,301.8,651.178336067692
16,301.90000000000003,599.3398318270575
16,302.0,531.9558212463934
16,302.1,462.9896979814038
16,302.2,549.7200408448588
16,302.3,632.4403202588927
16,302.40000000000003,557.4678598137857
16,302.5,636.1593199483469
16,302.6,564.0192002201107
16,302.7,537.5469135105118
16,302.8,576.0590546540446
16,302.90000000000003,511.5639356986237
16,303.0,548.5646843820733
16,303.1,591.3869933923603
16,303.2,534.0153705405166
16,303.3,412.93248097845657
16,303.40000000000003,452.09702215919174
16,303.5,412.17754644587484
16,303.6,528.0232165550032
16,303.7,588.9170029676792
16,303.8,533.8145082810305
16,303.90000000000003,630.2212706813112
16,304.0,601.3618108836745
16,304.1,428.1693554901953
16,304.2,362.1681762323187
16,304.3,482.1125647362177
16,304.40000000000003,517.4363464785283
16,304.5,530.9258352548753
16,304.6,572.9309754883699
16,304.7,584.7396624928599
16,304.8,446.5289799425545
16,304.90000000000003,535.3494628251119
16,305.0,536.605155962692
16,305.1,458.19748001281766
16,305.2,597.775158055029
16,305.3,570.1836225325014
16,305.40000000000003,639.0182985523446
16,305.5,579.1519412532451
16,305.6,662.8006721279414
16,305.7,517.8542171416302
16,305.8,706.601209022053
16,305.90000000000003,653.0760378541935
16,306.0,630.5654979272883
16,306.1,743.6078995833017
16,306.2,582.9874658984825
16,306.3,354.0649343311195
16,306.40000000000003,706.8961811891352
16,306.5,634.5674913103244
16,306.6,496.0047333241725
16,306.7,626.4049057651597
16,306.8,486.9244881987466
16,306.90000000000003,566.0517898971486
16,307.0,430.6933319356341
16,307.1,592.178020742291
16,307.20000000000005,480.0495765750041
16,307.3,680.6149746304814
16,307.40000000000003,578.0898854717303
16,307.5,358.71635546731375
16,307.6,400.7374206077612
16,307.70000000000005,492.6399570830468
16,307.8,590.324496528561
16,307.90000000000003,629.6560297112139
16,308.0,692.9609641146103
16,308.1,727.3865937811134
16,308.20000000000005,605.4514488269558
16,308.3,618.5348899701625
16,308.40000000000003,414.9949566644625
16,308.5,568.7996964770681
16,308.6,692.285014275876
16,308.70000000000005,558.0583150806543
16,308.8,567.353626105287
16,308.90000000000003,560.2741354644792
16,309.0,664.4233955445686
16,309.1,706.8310307704841
16,309.20000000000005,554.6440217850233
16,309.3,361.74711905249825
16,309.40000000000003,614.9748116348842
16,309.5,570.1531675020965
16,309.6,607.5373763181137
16,309.70000000000005,620.8143443362411
16,309.8,729.176633839184
16,309.90000000000003,662.8893002029306
16,310.0,556.157691861227
16,310.1,628.9737219969747
16,310.20000000000005,381.9468763529909
16,310.3,550.2854199168654
16,310.40000000000003,372.05417347567004
16,310.5,448.3189364583556
16,310.6,665.1312469233608
16,310.70000000000005,732.5998418523989
16,310.8,533.746397301727
16,310.90000000000003,339.24126760918546
16,311.0,633.8286180188895
16,311.1,454.2214215586453
16,311.20000000000005,674.7476741631986
16,311.3,337.11143523679016
16,311.40000000000003,451.18081705330695
16,311.5,564.1408931048454
16,311.6,713.9998223640087
16,311.70000000000005,354.09590648017127
16,311.8,583.9541501242347
16,311.90000000000003,476.7332245237827
16,312.0,560.8293593067621
16,312.1,603.9593699396872
16,312.20000000000005,734.8171226684196
16,312.3,668.9601757617218
16,312.40000000000003,447.8355726434935
16,312.5,543.1302093007743
16,312.6,359.194484126666
16,312.70000000000005,690.1324987454524
16,312.8,685.6057564501086
16,312.90000000000003,719.8357690819834
16,313.0,405.3096730424715
16,313.1,595.8826237468363
16,313.20000000000005,542.2613038120288
16,313.3,517.9507034204707
16,313.40000000000003,499.94241085291503
16,313.5,486.49181057611906
16,313.6,604.4010380555477
16,313.70000000000005,570.7668531636148
16,313.8,644.5096667841495
16,313.90000000000003,243.44256456710033
16,314.0,540.0338753159145
16,314.1,429.0512704602856
16,314.20000000000005,482.54690863955307
16,314.3,369.48815830654274
16,314.40000000000003,574.1954876191439
16,314.5,603.9042375839982
16,314.6,648.18557395333
16,314.70000000000005,730.5576584450068
16,314.8,675.9407819373866
16,314.90000000000003,541.0020040931279
16,315.0,620.5207371367984
16,315.1,449.457267944194
16,315.20000000000005,446.2600851819298
16,315.3,606.3444881329954
16,315.40000000000003,742.5468691312133
16,315.5,469.81908047192667
16,315.6,593.3171572244413
16,315.70000000000005,635.747607083633
16,315.8,597.3660766784153
16,315.90000000000003,687.4219102309892
16,316.0,584.7039652187146
16,316.1,320.72082950959043
16,316.20000000000005,475.8546124125371
16,316.3,564.9475745283115
16,316.40000000000003,301.2489000458848
16,316.5,543.8786597416379
16,316.6,460.32813982328935
16,316.70000000000005,623.4272427429016
16,316.8,462.117425729454
16,316.90000000000003,627.4429608471714
16,317.0,498.16356860918603
16,317.1,381.901552213932
16,317.20000000000005,576.9918150175365
16,317.3,363.6455679040375
16,317.40000000000003,694.1722830325149
16,317.5,700.2061229574872
16,317.6,676.8137164350499
16,317.70000000000005,580.4300841078889
16,317.8,408.767323428687
16,317.90000000000003,472.9254644702227
16,318.0,537.7963144597145
16,318.1,705.269670780158
16,318.20000000000005,532.259453346733
16,318.3,581.2432199539821
16,318.40000000000003,616.9329728794596
16,318.5,729.1532788638167
16,318.6,582.4322472213131
16,318.70000000000005,553.2383495221276
16,318.8,405.49437980505485
16,318.90000000000003,465.91188179676277
16,319.0,693.0531117728901
16,319.1,730.6994108258917
16,319.20000000000005,683.3625389188577
16,319.3,642.2423813061893
16,319.40000000000003,718.1923386749958
16,319.5,535.4447417041683
16,319.6,689.7051423925777
16,319.70000000000005,460.412316750151
16,319.8,484.96900539204637
16,319.90000000000003,370.39562071431453
16,320.0,522.4894693756478
16,320.1,518.8066251098082
16,320.20000000000005,472.082460006458
16,320.3,698.0848092126075
16,320.40000000000003,773.6172993760575
16,320.5,757.5526570396604
16,320.6,764.1928784926238
16,320.70000000000005,780.0670171997949
16,320.8,755.640885478097
16,320.90000000000003,770.0269184497937
16,321.0,466.0676765648305
16,321.1,716.7610124450099
16,321.20000000000005,780.1872414726412
16,321.3,715.2118237911827
16,321.40000000000003,732.0887983026153
16,321.5,728.3915642586709
16,321.6,603.4911377354359
16,321.70000000000005,700.4743669971256
16,321.8,761.489840537537
16,321.90000000000003,755.1523179085436
16,322.0,473.334939869451
16,322.1,434.07212496315316
16,322.20000000000005,675.9896583994995
16,322.3,753.2619349688625
16,322.40000000000003,768.6165915580351
16,322.5,752.6034853249477
16,322.6,767.6353314693257
16,322.70000000000005,785.6645779383049
16,322.8,588.4700025334405
16,322.90000000000003,692.7147792648382
16,323.0,762.399910219698
16,323.1,524.2915309650269
16,323.20000000000005,626.2143417693304
16,323.3,764.4900557415144
16,323.40000000000003,768.4731344497479
16,323.5,746.3302554380582
16,323.6,738.4429378628516
16,323.70000000000005,725.6289477854976
16,323.8,759.6350719471766
16,323.90000000000003,775.2806661430087
16,324.0,753.349193015876
16,324.1,764.4641954514015
16,324.20000000000005,772.7038323441031
16,324.3,770.7515644320035
16,324.40000000000003,477.2382127717845
16,324.5,574.9613615005632
16,324.6,740.5565343852658
16,324.70000000000005,748.1581304157381
16,324.8,763.8105152286306
16,324.90000000000003,763.9316104145457
16,325.0,765.0164738415546
16,325.1,578.8273702777731
16,325.20000000000005,606.5068265898067
16,325.3,721.783385751683
16,325.40000000000003,752.4361531347944
16,325.5,790.5265099404928
16,325.6,788.9043997660872
16,325.70000000000005,779.1301162633299
16,325.8,779.939803479016
16,325.90000000000003,536.131377026374
16,326.0,567.3910885707865
16,326.1,782.9021700035719
16,326.20000000000005,776.928222592548
16,326.3,773.0306777809537
16,326.40000000000003,770.7653098711255
16,326.5,765.0170310697652
16,326.6,764.2636551493487
16,326.70000000000005,784.2001135024436
16,326.8,778.1483644186691
16,326.90000000000003,755.3941034318482
16,327.0,758.057547978038
16,327.1,749.5987564343561
16,327.20000000000005,752.9865689525551
16,327.3,762.0473923924757
16,327.40000000000003,762.5317453664032
16,327.5,563.0162441623573
16,327.6,509.1186140014705
16,327.70000000000005,763.4650214792118
16,327.8,759.9112987297314
16,327.90000000000003,747.4962578530524
16,328.0,647.5663977438952
16,328.1,625.076183822787
16,328.20000000000005,752.3591932121801
16,328.3,607.7958452075701
16,328.40000000000003,545.4981459749546
16,328.5,740.1335417297205
16,328.6,755.5886350242197
16,328.70000000000005,762.4453928356993
16,328.8,751.7352620030139
16,328.90000000000003,745.4411258080152
16,329.0,761.6599477568561
16,329.1,768.328098786666
16,329.20000000000005,759.5380880192886
16,329.3,757.0722501044187
16,329.40000000000003,745.2025563301315
16,329.5,760.834994683256
16,329.6,704.5113096232583
16,329.70000000000005,577.4928213222117
16,329.8,628.5345031014507
16,329.90000000000003,638.8452320781639
16,330.0,563.6506258919445
16,330.1,468.37441649271443
16,330.20000000000005,605.9239112874135
16,330.3,664.6893366096278
16,330.40000000000003,615.8185815264208
16,330.5,583.0775189545006
16,330.6,630.6072085638428
16,330.70000000000005,631.6464158721076
16,330.8,534.9948604563155
16,330.90000000000003,469.5078183198019
16,331.0,496.06128444314214
16,331.1,448.4037920624038
16,331.20000000000005,437.11386095603604
16,331.3,640.1959760989855
16,331.40000000000003,698.633509245909
16,331.5,695.3900606145071
16,331.6,600.4687442185974
16,331.70000000000005,595.4777748460936
16,331.8,692.7929578341978
16,331.90000000000003,529.3227615786094
16,332.0,423.3463273890358
16,332.1,526.9797241488446
16,332.20000000000005,578.8014039151835
16,332.3,698.0926010949391
16,332.40000000000003,568.1174447206646
16,332.5,568.1912599361494
16,332.6,629.4282152845401
16,332.70000000000005,591.3409836759447
16,332.8,599.6639342008176
16,332.90000000000003,623.4703886789157
16,333.0,413.8862990724152
16,333.1,479.0283509552238
16,333.20000000000005,480.65074593097194
16,333.3,465.92163556742304
16,333.40000000000003,677.6477306269272
16,333.5,585.2828978703534
16,333.6,672.4440878515039
16,333.70000000000005,509.02358020087524
16,333.8,442.7533427314595
16,333.90000000000003,720.6440854487957
16,334.0,678.9386174211379
16,334.1,549.5883233197527
16,334.20000000000005,492.0753128019526
16,334.3,665.7183509211919
16,334.40000000000003,547.9022236661167
16,334.5,514.558746749766
16,334.6,514.1777242367934
16,334.70000000000005,429.5219599994738
16,334.8,632.9637223743563
16,334.90000000000003,548.340950972014
16,335.0,525.4838172312003
16,335.1,508.6964529188296
16,335.20000000000005,533.0042349955645
16,335.3,565.2982377143073
16,335.40000000000003,603.7638383830833
16,335.5,695.6302763400206
16,335.6,573.6402784485458
16,335.70000000000005,508.16871237844396
16,335.8,694.8102787878707
16,335.90000000000003,643.0840874050941
16,336.0,618.0666581448869
16,336.1,550.7547851990063
16,336.20000000000005,586.3282109848832
16,336.3,549.3078661838814
16,336.40000000000003,656.7354018879915
16,336.5,421.81346307894995
16,336.6,714.5880209466798
16,336.70000000000005,539.1675553856226
16,336.8,388.1291075043188
16,336.90000000000003,482.0920281659413
16,337.0,596.4853426762423
16,337.1,505.12383825721406
16,337.20000000000005,705.5031145947206
16,337.3,602.5727654121677
16,337.40000000000003,561.0321294258207
16,337.5,514.6791900876246
16,337.6,476.5139235231113
16,337.70000000000005,540.1408395505373
16,337.8,666.3683089708121
16,337.90000000000003,538.9869661872223
16,338.0,470.4455439124396
16,338.1,473.12819535251566
16,338.20000000000005,498.4082934718632
16,338.3,472.8221369096272
16,338.40000000000003,523.8786624648269
16,338.5,379.64363445965745
16,338.6,454.5602965877351
16,338.70000000000005,637.682812163805
16,338.8,328.966446922295
16,338.90000000000003,534.9007840339334
16,339.0,612.2022338272187
16,339.1,537.0496400109018
16,339.20000000000005,378.53211250126014
16,339.3,586.8727417115936
16,339.40000000000003,704.4625407203038
16,339.5,603.0534237151251
16,339.6,552.9454472256435
16,339.70000000000005,598.2943087915063
16,339.8,593.9866244581916
16,339.90000000000003,549.71452393555
16,340.0,423.2317211966415
16,340.1,479.2754894390767
16,340.20000000000005,497.9893458260663
16,340.3,539.0324182587634
16,340.40000000000003,446.0199384233586
16,340.5,542.7814135810705
16,340.6,399.7851400383298
16,340.70000000000005,353.85522606011745
16,340.8,548.3644968268343
16,340.90000000000003,501.8290160467387
16,341.0,444.4390096351325
16,341.1,399.8362526109895
16,341.20000000000005,569.403980135202
16,341.3,539.1371217303454
16,341.40000000000003,638.2758303842933
16,341.5,434.054355504997
16,341.6,473.3727317773541
16,341.70000000000005,584.523993979093
16,341.8,448.70140569409074
16,341.90000000000003,596.2475357148614
16,342.0,550.1696565939563
16,342.1,549.7888023195145
16,342.20000000000005,511.907986585541
16,342.3,527.6256007361532
16,342.40000000000003,526.2129351705498
16,342.5,449.7878898088034
16,342.6,489.2081540693348
16,342.70000000000005,422.8216260021804
16,342.8,614.1228113563442
16,342.90000000000003,479.0652012922501
16,343.0,550.1492397857685
16,343.1,582.7425751250358
16,343.20000000000005,618.6727212742791
16,343.3,447.46147292624795
16,343.40000000000003,509.7894064657066
16,343.5,408.67328279877825
16,343.6,472.790108996237
16,343.70000000000005,420.3922776243667
16,343.8,423.68958890396624
16,343.90000000000003,368.953833443773
16,344.0,488.68937929153236
16,344.1,370.45380221656507
16,344.20000000000005,354.09085104920916
16,344.3,534.0373631607492
16,344.40000000000003,484.1322405534642
16,344.5,391.9749819551524
16,344.6,450.14578539804734
16,344.70000000000005,633.9179354345246
16,344.8,424.5389954084915
16,344.90000000000003,372.52679368967546
16,345.0,392.96400679001465
16,345.1,448.9193646952628
16,345.20000000000005,590.3439767197227
16,345.3,722.8407906784222
16,345.40000000000003,595.4991397441272
16,345.5,480.5711108050994
16,345.6,470.6632584839164
16,345.70000000000005,417.22128975690686
16,345.8,507.56057148901226
16,345.90000000000003,430.7655967595129
16,346.0,373.3554014117894
16,346.1,435.96735097133876
16,346.20000000000005,575.9207263468822
16,346.3,559.3508105441399
16,346.40000000000003,471.4593460256896
16,346.5,482.9893980314182
16,346.6,379.8233270432
16,346.70000000000005,277.518740373337
16,346.8,474.93888071558723
16,346.90000000000003,635.1248354877501
16,347.0,496.85739779538585
16,347.1,414.99965281071803
16,347.20000000000005,566.3252965858316
16,347.3,559.1342608090305
16,347.40000000000003,555.9914559972648
16,347.5,549.5332060091155
16,347.6,664.1971788523314
16,347.70000000000005,625.1657238556128
16,347.8,653.0674815586686
16,347.90000000000003,430.97706421169545
16,348.0,339.52273195758397
16,348.1,547.5646220997285
16,348.20000000000005,613.543863747144
16,348.3,604.1155552812365
16,348.40000000000003,607.716874483023
16,348.5,510.7590701792002
16,348.6,420.46598454322935
16,348.70000000000005,569.2443370700063
16,348.8,302.800808532936
16,348.90000000000003,471.97891401948976
16,349.0,614.3587205457716
16,349.1,403.78627198057904
16,349.20000000000005,488.82265271109605
16,349.3,509.16817353713657
16,349.40000000000003,286.6937567783791
16,349.5,577.7302378759324
16,349.6,526.8374828182765
16,349.70000000000005,624.2603099478464
16,349.8,529.1934157634095
16,349.90000000000003,489.04497457079157
16,350.0,602.7566443779497
16,350.1,652.6691131732481
16,350.20000000000005,657.4798836248679
16,350.3,362.8227014844654
16,350.40000000000003,488.73869712057757
16,350.5,646.8364811843071
16,350.6,489.6790157024312
16,350.70000000000005,502.2455933076331
16,350.8,497.3662307501489
16,350.90000000000003,413.63270418577696
16,351.0,555.3613533183232
16,351.1,619.5604047257118
16,351.20000000000005,399.7761727966987
16,351.3,589.2563149676266
16,351.40000000000003,453.1192879512578
16,351.5,446.5810778744574
16,351.6,531.6376878120874
16,351.70000000000005,592.2323683473367
16,351.8,556.5979177555508
16,351.90000000000003,279.4902745457533
16,352.0,337.4415985362681
16,352.1,528.2397209422464
16,352.20000000000005,629.2398235757727
16,352.3,559.2440590018658
16,352.40000000000003,591.4454111154322
16,352.5,456.82247111256186
16,352.6,447.0060664047876
16,352.70000000000005,608.0006289897412
16,352.8,462.4020359556101
16,352.90000000000003,623.1747135144415
16,353.0,623.2071997913009
16,353.1,498.2277724409041
16,353.20000000000005,565.7364810803145
16,353.3,576.7479582854256
16,353.40000000000003,411.27251136764687
16,353.5,451.2503872781417
16,353.6,309.9919903090344
16,353.70000000000005,289.4917618589166
16,353.8,505.77379496444496
16,353.90000000000003,239.96762197087259
16,354.0,280.4518888389961
16,354.1,576.3672356380335
16,354.20000000000005,650.5635980093862
16,354.3,442.32530724295617
16,354.40000000000003,481.8455702591702
16,354.5,571.4424439990137
16,354.6,537.7349853174891
16,354.70000000000005,410.8024468626177
16,354.8,412.4435526645204
16,354.90000000000003,646.6998128314218
16,355.0,473.32854497504496
16,355.1,604.5106951568323
16,355.20000000000005,578.1582036253712
16,355.3,427.98847720967456
16,355.40000000000003,472.46803908236285
16,355.5,518.154346774674
16,355.6,579.8539462246516
16,355.70000000000005,653.2283191459486
16,355.8,721.4676979880719
16,355.90000000000003,583.1526891948874
16,356.0,584.7747897609506
16,356.1,329.5303033548564
16,356.20000000000005,482.885620454996
16,356.3,637.3240864894395
16,356.40000000000003,542.9609227477555
16,356.5,498.41850558554154
16,356.6,310.49340792154845
16,356.70000000000005,423.1033987582729
16,356.8,394.55789152775264
16,356.90000000000003,503.7152120493415
16,357.0,599.5295829533271
16,357.1,491.9890774608727
16,357.20000000000005,515.7623116799527
16,357.3,656.5965304744517
16,357.40000000000003,656.466029201762
16,357.5,686.9103806306521
16,357.6,712.7891458864169
16,357.70000000000005,590.1128422107057
16,357.8,690.7531562720067
16,357.90000000000003,523.8991031959937
16,358.0,650.3032627536373
16,358.1,668.3979144635651
16,358.20000000000005,388.1996464718798
16,358.3,645.7076042238505
16,358.40000000000003,458.4791056816669
16,358.5,646.0892524866762
16,358.6,710.7594610092049
16,358.70000000000005,699.3191108855027
16,358.8,569.0632545355614
16,358.90000000000003,513.3744082391964
16,359.0,525.857119758054
16,359.1,496.59491990889853
16,359.20000000000005,588.1023605211269
16,359.3,631.0473291949413
16,359.40000000000003,515.6732122074727
16,359.5,396.70263054187194
16,359.6,533.8694846211442
16,359.70000000000005,635.2796651584705
16,359.8,713.3125050001516
16,359.90000000000003,660.0591767217988
16,360.0,544.3615035489381
16,360.1,710.6876993935191
16,360.20000000000005,742.2451473260755
16,360.3,605.5028322437827
16,360.40000000000003,538.1670324999122
16,360.5,506.8926037422097
16,360.6,687.7065217210251
16,360.70000000000005,617.5072469347194
16,360.8,625.7435464949563
16,360.90000000000003,557.7366805288725
16,361.0,622.2640042405551
16,361.1,630.3044993931913
16,361.20000000000005,543.9814270763526
16,361.3,619.9885612855869
16,361.40000000000003,735.6479631351509
16,361.5,568.9050934954605
16,361.6,609.4280967354416
16,361.70000000000005,533.1128060410737
16,361.8,524.6722338793478
16,361.90000000000003,394.7070085395414
16,362.0,415.4065047004617
16,362.1,648.450181792254
16,362.20000000000005,560.2780634013532
16,362.3,495.12073716301575
16,362.40000000000003,587.1564177495915
16,362.5,600.5983085757475
16,362.6,674.3579263836714
16,362.70000000000005,545.9575284389858
16,362.8,587.3502102473346
16,362.90000000000003,595.7778326897696
16,363.0,588.4613953108883
16,363.1,664.1380629321643
16,363.20000000000005,683.6497135180349
16,363.3,449.4390136416885
16,363.40000000000003,632.8387859937941
16,363.5,661.5504885820271
16,363.6,515.5749783158791
16,363.70000000000005,562.3128805297727
16,363.8,540.1632127979254
16,363.90000000000003,567.3124102457886
16,364.0,534.2305223693207
16,364.1,684.897937085364
16,364.20000000000005,554.1825881482162
16,364.3,497.3606466875549
16,364.40000000000003,531.5152448063038
16,364.5,502.3507912108332
16,364.6,525.2848141530837
16,364.70000000000005,565.649256967254
16,364.8,376.2895145683031
16,364.90000000000003,379.8175866843031
16,365.0,486.81706504185144
16,365.1,597.6547713164144
16,365.20000000000005,564.1059258680343
16,365.3,420.1019897860676
16,365.40000000000003,463.05940033689353
16,365.5,529.6872861114618
16,365.6,445.345818748302
16,365.70000000000005,461.68183356756356
16,365.8,381.3886966950023
16,365.90000000000003,468.91953876489197
16,366.0,578.4421361893848
16,366.1,594.3284769019584
16,366.20000000000005,609.4287635892016
16,366.3,657.7819916121566
16,366.40000000000003,615.216729445036
16,366.5,441.0610623238371
16,366.6,399.99386234838664
16,366.70000000000005,504.3682341470539
16,366.8,498.65417724704275
16,366.90000000000003,547.0152095052124
16,367.0,426.64162860021776
16,367.1,346.23380238373636
16,367.20000000000005,542.5085431170232
16,367.3,420.8894271442777
16,367.40000000000003,504.3742744695492
16,367.5,690.0140225929457
16,367.6,460.25387800957003
16,367.70000000000005,467.5692286352873
16,367.8,548.3938039507998
16,367.90000000000003,520.7983490138893
16,368.0,498.7996026987364
16,368.1,453.18371470826474
16,368.20000000000005,468.83951877875836
16,368.3,542.8750986830415
16,368.40000000000003,542.2179594236471
16,368.5,495.906841342145
16,368.6,665.9246534307879
16,368.70000000000005,591.1740459305913
16,368.8,516.5554186850636
16,368.90000000000003,599.1237005730936
16,369.0,541.7388359642645
16,369.1,632.195926014308
16,369.20000000000005,661.578894969869
16,369.3,547.4483988545396
16,369.40000000000003,495.48480405794254
16,369.5,385.3870099144338
16,369.6,591.7747843617918
16,369.70000000000005,600.6223385704677
16,369.8,530.1759901493288
16,369.90000000000003,434.53651553996843
16,370.0,489.23130745718214
16,370.1,662.2422447014189
16,370.20000000000005,654.3159930172693
16,370.3,514.7522037624547
16,370.40000000000003,469.106746996451
16,370.5,544.1444319914997
16,370.6,651.6068034030105
16,370.70000000000005,627.1358060296407
16,370.8,582.265139445469
16,370.90000000000003,478.21828383602923
16,371.0,454.1775668276205
16,371.1,486.90027767206556
16,371.20000000000005,473.43983727269375
16,371.3,565.1893234887613
16,371.40000000000003,669.5952765012066
16,371.5,612.9334275738508
16,371.6,498.4913939134373
16,371.70000000000005,473.3548281193354
16,371.8,445.4055594899798
16,371.90000000000003,465.8847897618245
16,372.0,458.7342523233603
16,372.1,485.63826934678167
16,372.20000000000005,653.6681882124622
16,372.3,688.9997729575996
16,372.40000000000003,604.6901797011989
16,372.5,413.8367270357902
16,372.6,498.78757585629245
16,372.70000000000005,642.9347446203823
16,372.8,602.5970163041914
16,372.90000000000003,574.8416160639716
16,373.0,482.0562660044308
16,373.1,529.2775226035047
16,373.20000000000005,612.0837807309497
16,373.3,564.526647979768
16,373.40000000000003,539.4856644221231
16,373.5,397.26364711973247
16,373.6,435.14836934656444
16,373.70000000000005,528.8592317516973
16,373.8,429.4205178404542
16,373.90000000000003,508.78628403541717
16,374.0,468.17095762213347
16,374.1,483.2795799877922
16,374.20000000000005,521.4387374724623
16,374.3,436.79881899142185
16,374.40000000000003,545.9175443800161
16,374.5,555.9630532311783
16,374.6,565.3239437225069
16,374.70000000000005,604.8161770489193
16,374.8,672.566251260914
16,374.90000000000003,637.2474632054445
16,375.0,512.4153130056894
16,375.1,432.1809040800835
16,375.20000000000005,371.77040434543545
16,375.3,352.65112481405896
16,375.40000000000003,416.523471023369
16,375.5,552.619261611257
16,375.6,504.03448079572564
16,375.70000000000005,471.49625275345466
16,375.8,411.0463896571352
16,375.90000000000003,353.04622988922137
16,376.0,319.4629946039952
16,376.1,340.56634800064626
16,376.20000000000005,609.3998269483678
16,376.3,688.307641648148
16,376.40000000000003,511.421931944538
16,376.5,624.8819975709382
16,376.6,772.5943420523131
16,376.70000000000005,727.0605800452631
16,376.8,574.6295850942874
16,376.90000000000003,541.5703625413975
16,377.0,620.0508560507338
16,377.1,623.6520473504326
16,377.20000000000005,696.9032798658287
16,377.3,778.4995427195154
16,377.40000000000003,637.3947721379292
16,377.5,611.1462293985367
16,377.6,729.0763298211698
16,377.70000000000005,576.9702340303966
16,377.8,569.7265471056476
16,377.90000000000003,732.8832877141285
16,378.0,769.0727638283124
16,378.1,774.7603304015312
16,378.20000000000005,727.8380760947848
16,378.3,719.9228910492328
16,378.40000000000003,704.4793554468779
16,378.5,682.9860636472575
16,378.6,723.413054732939
16,378.70000000000005,757.1681054812599
16,378.8,693.2444269515996
16,378.90000000000003,534.0296869002258
16,379.0,587.6904170598842
16,379.1,747.2205709645093
16,379.20000000000005,729.7273958919636
16,379.3,677.32146450616
16,379.40000000000003,704.7083795155157
16,379.5,733.1470413375134
16,379.6,747.3603875778844
16,379.70000000000005,781.5519959373792
16,379.8,729.134595330904
16,379.90000000000003,657.8352535784688
16,380.0,704.4281419696771
16,380.1,766.1647861290984
16,380.20000000000005,673.6779466519534
16,380.3,666.3822472287752
16,380.40000000000003,675.3307925672118
16,380.5,502.56422474850626
16,380.6,558.2398636577768
16,380.70000000000005,726.0197037920682
16,380.8,682.0356480507555
16,380.90000000000003,645.2705404384012
16,381.0,729.4212540493363
16,381.1,727.0174121821188
16,381.20000000000005,725.5216437429508
16,381.3,781.8557503105372
16,381.40000000000003,761.557055256896
16,381.5,764.9653699691729
16,381.6,758.2940502758539
16,381.70000000000005,711.4966720543911
16,381.8,708.138258045441
16,381.90000000000003,770.9157671675933
16,382.0,638.9856107637673
16,382.1,571.8678680745805
16,382.20000000000005,736.5317578407146
16,382.3,714.6659588121173
16,382.40000000000003,578.7857549314755
16,382.5,528.5786800058116
16,382.6,741.9193389196824
16,382.70000000000005,618.9544650088861
16,382.8,521.8544845363567
16,382.90000000000003,763.680140934416
16,383.0,723.1202350344407
16,383.1,682.4559481227766
16,383.20000000000005,726.0666346589558
16,383.3,709.6506285463179
16,383.40000000000003,762.829585485096
16,383.5,790.0077757558179
16,383.6,766.9686545081715
16,383.70000000000005,734.3909943825132
16,383.8,660.9880529137157
16,383.90000000000003,636.7708351310755
16,384.0,770.4750128071354
16,384.1,763.0047428546978
16,384.20000000000005,718.738880984555
16,384.3,647.8366721577728
16,384.40000000000003,744.8461275167971
16,384.5,625.5034188589439
16,384.6,474.0404531545143
16,384.70000000000005,757.380247279453
16,384.8,734.428130708106
16,384.90000000000003,637.6186491955982
16,385.0,699.405213444017
16,385.1,767.9852411754998
16,385.20000000000005,779.4546503475538
16,385.3,761.8809350355936
16,385.40000000000003,717.4919210822673
16,385.5,630.8854101733356
16,385.6,731.3128307864132
16,385.70000000000005,705.334902298583
16,385.8,685.9437604095907
16,385.90000000000003,673.3988214417627
16,386.0,640.9257060891688
16,386.1,637.3128854335349
16,386.20000000000005,748.901560300989
16,386.3,752.746763846626
16,386.40000000000003,781.2836259219966
16,386.5,771.5806088051093
16,386.6,714.4630803392096
16,386.70000000000005,631.8894726775354
16,386.8,754.9190510262097
16,386.90000000000003,757.7302271419312
16,387.0,737.0541869963562
16,387.1,714.0231110504548
16,387.20000000000005,712.3858716082638
16,387.3,738.4610462625217
16,387.40000000000003,761.9821476374857
16,387.5,652.3699723695307
16,387.6,506.519464694133
16,387.70000000000005,770.5820919212356
16,387.8,756.4191489765752
16,387.90000000000003,641.0865837975084
16,388.0,598.4863332475687
16,388.1,713.9774805293771
16,388.20000000000005,627.2245808811284
16,388.3,769.6303405552909
16,388.40000000000003,727.7938384127918
16,388.5,611.7959300418578
16,388.6,742.7098555537441
16,388.70000000000005,472.2851439141502
16,388.8,405.0180154616975
16,388.90000000000003,689.0207571040027
16,389.0,717.826060592855
16,389.1,721.6277477667628
16,389.20000000000005,727.3843281183204
16,389.3,720.5699485199602
16,389.40000000000003,669.4237805052986
16,389.5,722.5907672344997
16,389.6,657.6424821391619
16,389.70000000000005,738.3721218811766
16,389.8,728.8232064081308
16,389.90000000000003,706.7323871364247
16,390.0,645.601228491134
16,390.1,433.52975431542905
16,390.20000000000005,707.5628415621628
16,390.3,628.6153539152591
16,390.40000000000003,735.5857593192587
16,390.5,576.9773974400815
16,390.6,410.0037985949322
16,390.70000000000005,743.934517438109
16,390.8,755.8272707571527
16,390.90000000000003,723.6303949881528
16,391.0,587.9263862317529
16,391.1,742.8073023879044
16,391.20000000000005,687.1690082434515
16,391.3,370.2861458136912
16,391.40000000000003,735.0477147690506
16,391.5,692.5298755627975
16,391.6,672.7119596831483
16,391.70000000000005,709.2787312011485
16,391.8,752.5137585403291
16,391.90000000000003,758.9261427805733
16,392.0,760.5279963058201
16,392.1,698.3781438548002
16,392.20000000000005,375.2164683291407
16,392.3,724.2996303544255
16,392.40000000000003,760.1124180072031
16,392.5,750.4428669851605
16,392.6,699.5365289179657
16,392.70000000000005,761.0494597415774
16,392.8,755.3515040421571
16,392.90000000000003,781.2787690503322
16,393.0,758.0512076484122
16,393.1,742.8602412227684
16,393.20000000000005,558.7643216133032
16,393.3,758.0842388087358
16,393.40000000000003,729.6516992838823
16,393.5,768.5074858666992
16,393.6,735.7871960322303
16,393.70000000000005,722.1690411993856
16,393.8,758.4771779637357
16,393.90000000000003,589.9850347319083
16,394.0,527.1495311282252
16,394.1,710.0632449171499
16,394.20000000000005,766.6141241214472
16,394.3,409.55112267898244
16,394.40000000000003,764.7051303361276
16,394.5,737.4736878570305
16,394.6,740.3277406424543
16,394.70000000000005,426.0943960623579
16,394.8,751.817693551291
16,394.90000000000003,680.3791420630154
16,395.0,746.1977837769588
16,395.1,815.027906768164
16,395.20000000000005,573.1622908065302
16,395.3,581.7611279900229
16,395.40000000000003,534.7936858404339
16,395.5,653.8411449222882
16,395.6,666.6663448776883
16,395.70000000000005,759.1034828962521
16,395.8,728.5438296332064
16,395.90000000000003,738.3593676684884
16,396.0,752.2037426370769
16,396.1,763.546620196444
16,396.20000000000005,732.7756027657513
16,396.3,797.0484190467647
16,396.40000000000003,648.7829150713383
16,396.5,761.1815127283492
16,396.6,567.0477406038124
16,396.70000000000005,322.76167077873515
16,396.8,679.9912281467214
16,396.90000000000003,319.4807510122076
16,397.0,659.4705828686446
16,397.1,677.130967696705
16,397.20000000000005,787.883187686907
16,397.3,364.6310089992076
16,397.40000000000003,642.7704699713697
16,397.5,769.3172499554025
16,397.6,717.4290552800792
16,397.70000000000005,764.4484789706146
16,397.8,729.5213504621452
16,397.90000000000003,712.8885015117604
16,398.0,753.2501080071652
16,398.1,736.151853330756
16,398.20000000000005,781.2958149808078
16,398.3,778.6034387837749
16,398.40000000000003,780.3909647978707
16,398.5,769.5109166035687
16,398.6,781.0167075674406
16,398.70000000000005,771.9469411789
16,398.8,755.2827771224127
16,398.90000000000003,762.0196174966612
16,399.0,743.09208890567
16,399.1,433.6916939310014
16,399.20000000000005,728.4498311478326
16,399.3,772.5095348121799
16,399.40000000000003,732.6187302803015
16,399.5,615.3011709814441
16,399.6,712.3843509303961
16,399.70000000000005,554.5740350095509
16,399.8,736.9099817506435
16,399.90000000000003,750.3632683162647
16,400.0,703.7381396734949
16,400.1,723.4204310442065
16,400.20000000000005,594.2081875134817
16,400.3,758.5063383243104
16,400.40000000000003,747.3872567644746
16,400.5,678.1242032156639
16,400.6,507.10274929508904
16,400.70000000000005,674.0973221963014
16,400.8,696.0860714638955
16,400.90000000000003,694.7016766949996
16,401.0,684.5735176996208
16,401.1,723.0749253302887
16,401.20000000000005,758.553455856189
16,401.3,738.7785841852731
16,401.40000000000003,573.0886923620903
16,401.5,743.8872961575379
16,401.6,545.243779585176
16,401.70000000000005,734.4048178643508
16,401.8,705.7987223829957
16,401.90000000000003,580.0189385031274
16,402.0,731.3229390064014
16,402.1,626.3923557347192
16,402.20000000000005,615.4942223048092
16,402.3,759.490601771478
16,402.40000000000003,687.6932262922265
16,402.5,715.5269604987357
16,402.6,637.1814547282604
16,402.70000000000005,716.2962073013624
16,402.8,410.2163265912569
16,402.90000000000003,585.2942623481858
16,403.0,753.5824040638344
16,403.1,808.4508443117808
16,403.20000000000005,767.1961567754516
16,403.3,772.20465709876
16,403.40000000000003,761.5373426094664
16,403.5,760.4260144577512
16,403.6,583.3043869555894
16,403.70000000000005,615.2110865646395
16,403.8,687.560954717179
16,403.90000000000003,750.1168152971181
16,404.0,632.181014949692
16,404.1,708.8633195292243
16,404.20000000000005,769.5871372841249
16,404.3,568.9843406636386
16,404.40000000000003,646.6445771516359
16,404.5,771.1584258286315
16,404.6,523.4584001462481
16,404.70000000000005,402.45400000472955
16,404.8,478.00485985528246
16,404.90000000000003,689.9684263444988
16,405.0,764.8432382649239
16,405.1,761.4782838235421
16,405.20000000000005,722.8996542212956
16,405.3,727.9180281143757
16,405.40000000000003,700.7461118865807
16,405.5,669.3960267484271
16,405.6,714.2126166882825
16,405.70000000000005,728.9444221721342
16,405.8,746.0946313598683
16,405.90000000000003,720.2851130640081
16,406.0,796.6110375648594
16,406.1,781.5696446462051
16,406.20000000000005,735.887594057178
16,406.3,755.2286349270067
16,406.40000000000003,718.6197822330786
16,406.5,693.2304336932339
16,406.6,697.5739185515332
16,406.70000000000005,669.1308528549976
16,406.8,731.8938631117666
16,406.90000000000003,719.6336083191304
16,407.0,474.4235313809525
16,407.1,611.4395261208738
16,407.20000000000005,754.0607297645143
16,407.3,789.0963269687577
16,407.40000000000003,806.8984559655233
16,407.5,783.1388547527902
16,407.6,772.931239696578
16,407.70000000000005,736.8688981809252
16,407.8,701.2570778818548
16,407.90000000000003,767.4652029679914
16,408.0,771.3344118465437
16,408.1,631.376517985398
16,408.20000000000005,698.3156613101194
16,408.3,537.6184666647181
16,408.40000000000003,497.7874502369284
16,408.5,686.77525311608
16,408.6,738.334128994715
16,408.70000000000005,696.3232129517479
16,408.8,720.3394762222209
16,408.90000000000003,701.7792152252852
16,409.0,732.9717956863146
16,409.1,762.7017996889354
16,409.20000000000005,508.35702326654877
16,409.3,348.6357631494188
16,409.40000000000003,583.7000978469407
16,409.5,651.6925832067358
16,409.6,711.7977073355935
16,409.70000000000005,772.1487407145057
16,409.8,490.17561219649957
16,409.90000000000003,555.4926673198299
16,410.0,769.2088536803797
16,410.1,785.9915821181155
16,410.20000000000005,771.5904825332822
16,410.3,744.0476588917372
16,410.40000000000003,734.3846686024924
16,410.5,762.2910557598155
16,410.6,756.7251924823695
16,410.70000000000005,743.3212094086223
16,410.8,734.8766835521174
16,410.90000000000003,747.5844939230684
16,411.0,775.2129192395658
16,411.1,748.6657101239881
16,411.20000000000005,521.1379916634975
16,411.3,566.2038597875946
16,411.40000000000003,721.9168323512894
16,411.5,753.0518685402279
16,411.6,798.5411839969631
16,411.70000000000005,780.036425060571
16,411.8,775.8761700393031
16,411.90000000000003,787.8386311869398
16,412.0,724.2112289176114
16,412.1,734.864163356884
16,412.20000000000005,806.0430493408358
16,412.3,765.5311991381545
16,412.40000000000003,757.8793630534793
16,412.5,776.7907694722946
16,412.6,778.8841377109138
16,412.70000000000005,769.5895207363651
16,412.8,771.7419258582777
16,412.90000000000003,780.6318957346583
16,413.0,751.6069105277576
16,413.1,749.344708339674
16,413.20000000000005,746.4338285556179
16,413.3,713.2825145281362
16,413.40000000000003,722.5563866609646
16,413.5,684.4101509833067
16,413.6,659.5896233263834
16,413.70000000000005,690.244124697173
16,413.8,590.4814991207054
16,413.90000000000003,603.9129438825539
16,414.0,717.1559256299938
16,414.1,726.2989061873803
16,414.20000000000005,588.0924173392649
16,414.3,521.1689443684912
16,414.40000000000003,642.6519199249516
16,414.5,719.157031639675
16,414.6,741.1952463179414
16,414.70000000000005,739.4286715371883
16,414.8,728.2307684159956
16,414.90000000000003,594.9974137681447
16,415.0,598.4933820223114
16,415.1,722.7313850866572
16,415.20000000000005,724.5103289318682
16,415.3,675.9719690875954
16,415.40000000000003,649.6217042229524
16,415.5,713.7686371560824
16,415.6,743.7963449648
16,415.70000000000005,730.8151521039365
16,415.8,695.0923413497401
16,415.90000000000003,694.1618820313782
16,416.0,724.9382011827676
16,416.1,706.140834060196
16,416.20000000000005,668.5163103549534
16,416.3,572.700363161219
16,416.40000000000003,571.0556290119424
16,416.5,693.8566699289105
16,416.6,713.9169462912989
16,416.70000000000005,697.4936702464544
16,416.8,566.1488521687342
16,416.90000000000003,510.5880286572171
16,417.0,656.4394425901488
16,417.1,737.4303745365505
16,417.20000000000005,698.960027158729
16,417.3,709.8789524267853
16,417.40000000000003,665.3231367241549
16,417.5,652.7606106337208
16,417.6,718.0969092059186
16,417.70000000000005,686.4289371246946
16,417.8,713.4117373339761
16,417.90000000000003,698.3983372373602
16,418.0,558.202866161953
16,418.1,503.16556024380606
16,418.20000000000005,700.7898361445808
16,418.3,723.8604831526808
16,418.40000000000003,715.0337748552353
16,418.5,726.1519437595354
16,418.6,674.2928038357356
16,418.70000000000005,522.8927798657089
16,418.8,631.0191377844325
16,418.90000000000003,731.8749020247598
16,419.0,703.0920608318776
16,419.1,637.2399129065946
16,419.20000000000005,576.0816584606395
16,419.3,690.8800301425326
16,419.40000000000003,610.4349781497714
16,419.5,670.0631275464992
16,419.6,718.9687514151489
16,419.70000000000005,667.2841445810718
16,419.8,724.0226917160918
16,419.90000000000003,695.850967889865
16,420.0,686.1869324762135
16,420.1,601.1803703906513
16,420.20000000000005,710.3499937166973
16,420.3,732.2514225713521
16,420.40000000000003,759.9221045660667
16,420.5,768.6829857995658
16,420.6,763.71955866752
16,420.70000000000005,745.5352726572448
16,420.8,707.0858325291698
16,420.90000000000003,743.0673537673722
16,421.0,748.399939911826
16,421.1,724.4234763693856
16,421.20000000000005,728.7135925471301
16,421.3,712.0693797744996
16,421.40000000000003,713.7081893757157
16,421.5,731.4535831265626
16,421.6,757.7688576424281
16,421.70000000000005,746.3675342402998
16,421.8,678.6339537165799
16,421.90000000000003,528.6471191916378
16,422.0,751.7810339439515
16,422.1,664.5447623489127
16,422.20000000000005,456.9338545217438
16,422.3,726.8438569165023
16,422.40000000000003,735.9274165562074
16,422.5,731.4674395757685
16,422.6,723.2970922271817
16,422.70000000000005,683.9231103695721
16,422.8,478.5397990669703
16,422.90000000000003,535.5258878833451
16,423.0,735.8589623546037
16,423.1,757.5913311919783
16,423.20000000000005,717.3585119223638
16,423.3,620.7433196445513
16,423.40000000000003,732.0404253141752
16,423.5,752.0107516240523
16,423.6,725.3772575081468
16,423.70000000000005,719.4190029536162
16,423.8,689.4779656210095
16,423.90000000000003,752.5449662996215
16,424.0,741.1753435730973
16,424.1,744.9735414765465
16,424.20000000000005,746.9956533036848
16,424.3,764.0560548981588
16,424.40000000000003,760.0561634351229
16,424.5,776.7975516076948
16,424.6,755.9907093032275
16,424.70000000000005,752.8035221734289
16,424.8,751.5592177635531
16,424.90000000000003,745.7633601898879
16,425.0,684.4650261814131
16,425.1,338.9764267222906
16,425.20000000000005,494.4447830505482
16,425.3,763.8149795680853
16,425.40000000000003,720.3189119570335
16,425.5,755.4061924113958
16,425.6,716.7683571935574
16,425.70000000000005,726.8642618668362
16,425.8,732.4855178073177
16,425.90000000000003,734.2038663212671
16,426.0,767.7656052894864
16,426.1,736.028857085615
16,426.20000000000005,765.737006432322
16,426.3,749.5171709199618
16,426.40000000000003,746.6091772609815
16,426.5,731.5638953454032
16,426.6,759.4978485329821
16,426.70000000000005,750.9022002001487
16,426.8,743.2445645195869
16,426.90000000000003,742.1947375234646
16,427.0,746.4291871425135
16,427.1,749.4649111231874
16,427.20000000000005,779.9683010520743
16,427.3,743.3905714470106
16,427.40000000000003,765.2446439056345
16,427.5,759.2841620436426
16,427.6,722.9695609038624
16,427.70000000000005,730.355385012999
16,427.8,724.976053607263
16,427.90000000000003,779.0453030997367
16,428.0,708.2066668723348
16,428.1,438.24142146561786
16,428.20000000000005,742.9373459442279
16,428.3,691.2033942042574
16,428.40000000000003,580.3452810169478
16,428.5,760.1652526796324
16,428.6,749.8598818953669
16,428.70000000000005,548.6430871785045
16,428.8,745.8159439506403
16,428.90000000000003,718.2196965583065
16,429.0,733.9114059472324
16,429.1,590.6777706582895
16,429.20000000000005,767.6803511260352
16,429.3,761.2198214568821
16,429.40000000000003,771.587921896713
16,429.5,752.3666061059977
16,429.6,763.7506041536614
16,429.70000000000005,781.3311738823188
16,429.8,765.0900053202607
16,429.90000000000003,726.9164334481678
16,430.0,775.2708967968733
16,430.1,759.1368236794476
16,430.20000000000005,738.2307309823237
16,430.3,769.3561530827889
16,430.40000000000003,709.347233890823
16,430.5,777.7458324288846
16,430.6,726.9557927635399
16,430.70000000000005,418.5688054516002
16,430.8,716.8792492691617
16,430.90000000000003,755.3807006120948
16,431.0,738.4977162672465
16,431.1,709.1901532315256
16,431.20000000000005,731.5281011122981
16,431.3,761.3858204412636
16,431.40000000000003,745.759517932687
16,431.5,737.1572063814648
16,431.6,761.2620739883133
16,431.70000000000005,740.4105657818509
16,431.8,731.3448234097108
16,431.90000000000003,745.1298320590068
16,432.0,754.9161074584407
16,432.1,736.8698364717634
16,432.20000000000005,741.5448886997289
16,432.3,743.5238255755578
16,432.40000000000003,748.8962674577577
16,432.5,753.4190344904752
16,432.6,758.9696993992073
16,432.70000000000005,772.194817524773
16,432.8,749.6423456111332
16,432.90000000000003,804.9091059623411
16,433.0,741.1487613407625
16,433.1,532.028913588178
16,433.20000000000005,743.3211509122505
16,433.3,734.2046985119275
16,433.40000000000003,729.4099444762601
16,433.5,804.7109193346344
16,433.6,378.80062952304047
16,433.70000000000005,587.5326986725504
16,433.8,730.9199675756911
16,433.90000000000003,722.3266153531471
16,434.0,746.6706449764521
16,434.1,769.6866974736223
16,434.20000000000005,787.0152075939795
16,434.3,748.9753921142043
16,434.40000000000003,790.0197891142506
16,434.5,327.0116026504733
16,434.6,785.7914472399698
16,434.70000000000005,785.2718151614539
16,434.8,796.7400581760944
16,434.90000000000003,747.6948376408646
16,435.0,795.1649166807553
16,435.1,784.6064503779463
16,435.20000000000005,797.9377921287098
16,435.3,783.6060926275858
16,435.40000000000003,781.8879605794959
16,435.5,770.3157385139076
16,435.6,785.3324617440684
16,435.70000000000005,791.5770665369677
16,435.8,817.3873828394362
16,435.90000000000003,665.8765250455214
16,436.0,783.0392969937075
16,436.1,627.5595410246138
16,436.20000000000005,410.0800250188857
16,436.3,556.7526705577418
16,436.40000000000003,778.7905120894807
16,436.5,795.2738846675163
16,436.6,783.8632471151323
16,436.70000000000005,771.0667698049956
16,436.8,788.2732677719517
16,436.90000000000003,804.0884082044448
16,437.0,800.6028200348254
16,437.1,782.1669039079727
16,437.20000000000005,603.6972607884509
16,437.3,737.7659184183492
16,437.40000000000003,569.227163538164
16,437.5,782.2891467230021
16,437.6,796.9115556743266
16,437.70000000000005,797.7155846578165
16,437.8,419.6598959749044
16,437.90000000000003,578.8653484925431
16,438.0,778.0918839085202
16,438.1,786.1604145158125
16,438.20000000000005,762.5283581396121
16,438.3,744.0984793043351
16,438.40000000000003,809.2512978468262
16,438.5,813.1133214098545
16,438.6,789.8438210426357
16,438.70000000000005,768.949754665222
16,438.8,753.3299953132753
16,438.90000000000003,773.8695838682693
16,439.0,720.2480592338147
16,439.1,787.9732045572777
16,439.20000000000005,796.8797338409291
16,439.3,515.9935348971761
16,439.40000000000003,747.4342138385823
16,439.5,770.4807536062981
16,439.6,783.0368708782863
16,439.70000000000005,808.0805506061771
16,439.8,799.5544956900583
16,439.90000000000003,513.3479348800727
16,440.0,729.5925682722376
16,440.1,768.8661786898034
16,440.20000000000005,811.4686443548848
16,440.3,802.7164191998537
16,440.40000000000003,809.7601361261883
16,440.5,798.7359160414043
16,440.6,811.0129237656514
16,440.70000000000005,808.7697718650295
16,440.8,651.2336058457795
16,440.90000000000003,778.4702661287076
16,441.0,771.0020943259917
16,441.1,776.92043195602
16,441.20000000000005,782.3055719516834
16,441.3,812.6665939655151
16,441.40000000000003,813.4392720787016
16,441.5,845.1329153821089
16,441.6,539.6066611828778
16,441.70000000000005,734.257037134843
16,441.8,773.5955758797767
16,441.90000000000003,791.1805629653684
16,442.0,797.6647900715267
16,442.1,790.2455183562249
16,442.20000000000005,784.0594373011407
16,442.3,767.9545167517331
16,442.40000000000003,790.3333954713181
16,442.5,790.6009558453002
16,442.6,802.4860177212873
16,442.70000000000005,801.6373236808057
16,442.8,799.7958128098003
16,442.90000000000003,785.2566317334272
16,443.0,784.6085216485121
16,443.1,778.9660567341111
16,443.20000000000005,736.4567054461907
16,443.3,754.6598374268625
16,443.40000000000003,779.0030746480998
16,443.5,805.4648058212415
16,443.6,790.025560605305
16,443.70000000000005,791.5900356587185
16,443.8,780.9507831542841
16,443.90000000000003,759.2621233239815
16,444.0,766.934918314521
16,444.1,496.0309716453387
16,444.20000000000005,428.35131903790415
16,444.3,716.4292654364122
16,444.40000000000003,787.4811349143622
16,444.5,791.5275601727379
16,444.6,782.2713317303565
16,444.70000000000005,785.8096763498867
16,444.8,788.822161351894
16,444.90000000000003,786.046810345959
16,445.0,793.7087490554763
16,445.1,788.212393331743
16,445.20000000000005,800.7612860280293
16,445.3,788.7439123813303
16,445.40000000000003,491.78587807101417
16,445.5,689.3436273479894
16,445.6,806.2584676241746
16,445.70000000000005,792.6753454606763
16,445.8,775.5579511926728
16,445.90000000000003,762.3644186985973
16,446.0,810.5741871582748
16,446.1,812.9691897389408
16,446.20000000000005,591.0409119721047
16,446.3,687.1502566262078
16,446.40000000000003,782.4769738815165
16,446.5,782.8995080039639
16,446.6,790.8548871591224
16,446.70000000000005,755.4257799141826
16,446.8,756.612319217342
16,446.90000000000003,682.4331381997845
16,447.0,689.9924136077057
16,447.1,777.83981233059
16,447.20000000000005,801.6363900535447
16,447.3,789.4301577337137
16,447.40000000000003,576.2017016867879
16,447.5,676.0737558593099
16,447.6,809.3667936690656
16,447.70000000000005,796.7389255460478
16,447.8,794.4051238748216
16,447.90000000000003,788.7683614460644
16,448.0,765.1479912476088
16,448.1,744.6344902204304
16,448.20000000000005,775.0533173654759
16,448.3,790.650516193969
16,448.40000000000003,787.9607745739173
16,448.5,793.9284855386298
16,448.6,805.0351240665145
16,448.70000000000005,794.4457729848477
16,448.8,768.7147300549049
16,448.90000000000003,787.9128965248135
16,449.0,791.693474574535
16,449.1,795.6705302700555
16,449.20000000000005,813.19332210911
16,449.3,805.6799316820762
16,449.40000000000003,802.8707088889188
16,449.5,787.4248700244846
16,449.6,774.4785245678344
16,449.70000000000005,781.0575128675437
16,449.8,778.6062228870138
16,449.90000000000003,765.2642903149655
16,450.0,764.2779793431738
16,450.1,765.089291582136
16,450.20000000000005,769.0087595802543
16,450.3,762.8909020378045
16,450.40000000000003,767.5331165052407
16,450.5,788.9285054258138
16,450.6,790.5979144223351
16,450.70000000000005,789.8389744560686
16,450.8,780.813632284174
16,450.90000000000003,772.7306250303162
16,451.0,775.299636854832
16,451.1,689.5086248345111
16,451.20000000000005,683.4229940041555
16,451.3,744.929541585114
16,451.40000000000003,517.9948609318952
16,451.5,525.3807185728887
16,451.6,716.7906919438218
16,451.70000000000005,753.4851284625557
16,451.8,698.2290493684436
16,451.90000000000003,649.3232363519836
16,452.0,712.6381401516957
16,452.1,699.6979739198313
16,452.20000000000005,693.3725723455672
16,452.3,759.0735754175859
16,452.40000000000003,791.4052176679023
16,452.5,719.0658600048007
16,452.6,708.6487020286422
16,452.70000000000005,603.4457702549777
16,452.8,593.165604828396
16,452.90000000000003,741.1404791687278
16,453.0,708.6483286900019
16,453.1,645.7981570207758
16,453.20000000000005,680.2292044489438
16,453.3,738.1170565844185
16,453.40000000000003,724.8591390078124
16,453.5,735.2928182367365
16,453.6,667.1518539520076
16,453.70000000000005,657.247684744703
16,453.8,763.7534703535067
16,453.90000000000003,794.9868505233933
16,454.0,798.1273977295199
16,454.1,757.7302838236715
16,454.20000000000005,564.3570523126882
16,454.3,527.3994547943831
16,454.40000000000003,469.2965580032744
16,454.5,540.3473862232938
16,454.6,729.0116021820687
16,454.70000000000005,749.3089121261779
16,454.8,705.8176976510616
16,454.90000000000003,608.517330846356
16,455.0,690.7054125033943
16,455.1,716.1652217318441
16,455.20000000000005,692.0011723651368
16,455.3,724.6615328779601
16,455.40000000000003,755.5177033104219
16,455.5,801.2385413202468
16,455.6,796.8393366602191
16,455.70000000000005,782.292729206144
16,455.8,782.7655013759953
16,455.90000000000003,803.393432646779
16,456.0,811.9909654005946
16,456.1,751.4633406451863
16,456.20000000000005,736.40143419856
16,456.3,784.0474736226248
16,456.40000000000003,788.3438481913025
16,456.5,807.2902285459509
16,456.6,729.6710884497957
16,456.70000000000005,653.0295669189317
16,456.8,752.3617702343527
16,456.90000000000003,775.3662825012177
16,457.0,780.1598022033503
16,457.1,699.7206017555318
16,457.20000000000005,664.9761332428
16,457.3,743.705135961256
16,457.40000000000003,762.0205455984982
16,457.5,795.5758381556615
16,457.6,713.9868526407796
16,457.70000000000005,539.5204042674967
16,457.8,552.6412795415891
16,457.90000000000003,679.9660713527262
16,458.0,716.5721860663712
16,458.1,753.6653080129231
16,458.20000000000005,741.4979256429094
16,458.3,628.8050449288044
16,458.40000000000003,588.8554942043961
16,458.5,719.8008546420779
16,458.6,757.3772611074977
16,458.70000000000005,612.3494112790147
16,458.8,533.6074686937746
16,458.90000000000003,758.6099387561674
16,459.0,725.2637209884467
16,459.1,711.8126874795032
16,459.20000000000005,610.915253016178
16,459.3,459.7764219714723
16,459.40000000000003,714.039253669709
16,459.5,729.5315044067796
16,459.6,653.6168156216664
16,459.70000000000005,658.5873746770463
16,459.8,719.6528872408409
16,459.90000000000003,764.5220240882306
16,460.0,721.5607711433779
16,460.1,659.5286382258375
16,460.20000000000005,735.5062267782079
16,460.3,750.4432989729847
16,460.40000000000003,643.2188198850304
16,460.5,563.3141642404958
16,460.6,731.9582942749657
16,460.70000000000005,619.0179128757688
16,460.8,624.1715125188324
16,460.90000000000003,767.4121088528099
16,461.0,691.903772600142
16,461.1,668.5610048920329
16,461.20000000000005,719.7158771541166
16,461.3,641.1066813512241
16,461.40000000000003,756.7223256073269
16,461.5,743.8033143740877
16,461.6,694.0545145726925
16,461.70000000000005,655.3613403727574
16,461.8,570.633591371431
16,461.90000000000003,793.3907418024188
16,462.0,800.4238217722591
16,462.1,801.1614121166405
16,462.20000000000005,675.9870109271259
16,462.3,490.086085436913
16,462.40000000000003,783.5343094889284
16,462.5,667.3937846648627
16,462.6,657.2496522702419
16,462.70000000000005,731.530856507425
16,462.8,545.0130923727969
16,462.90000000000003,614.2091747357401
16,463.0,578.7052477049352
16,463.1,575.3339478163621
16,463.20000000000005,642.1740527734099
16,463.3,697.7188136223494
16,463.40000000000003,650.4817575185738
16,463.5,742.0503061274253
16,463.6,737.7752936393116
16,463.70000000000005,731.9018029460365
16,463.8,800.5803199317694
16,463.90000000000003,798.1445464768775
16,464.0,769.1032141592921
16,464.1,714.8226187803076
16,464.20000000000005,737.826603606552
16,464.3,716.2595685155296
16,464.40000000000003,512.0853513919005
16,464.5,748.2174817334629
16,464.6,809.0952810535489
16,464.70000000000005,782.7194479483933
16,464.8,734.4366821887297
16,464.90000000000003,691.3394725560396
16,465.0,805.6168925779295
16,465.1,760.1464383497874
16,465.20000000000005,700.9797632358834
16,465.3,693.3398678787539
16,465.40000000000003,462.8316053477284
16,465.5,777.2227134236549
16,465.6,724.6279939512814
16,465.70000000000005,552.3247887169475
16,465.8,751.5890276597128
16,465.90000000000003,739.0986102182719
16,466.0,791.5427278516848
16,466.1,711.9477696776103
16,466.20000000000005,673.4973532287033
16,466.3,767.0186844270332
16,466.40000000000003,694.5487665311977
16,466.5,553.5770555006301
16,466.6,737.0642621385599
16,466.70000000000005,445.4135162179739
16,466.8,755.2299604213109
16,466.90000000000003,758.3323211024403
16,467.0,737.0570002782931
16,467.1,721.4197887404208
16,467.20000000000005,652.5580740040274
16,467.3,340.9086472306563
16,467.40000000000003,764.8362825241884
16,467.5,735.8793788492735
16,467.6,522.9841405500899
16,467.70000000000005,748.5198084752412
16,467.8,520.307304736998
16,467.90000000000003,733.3107019883291
16,468.0,744.7726657646369
16,468.1,498.2815208840106
16,468.20000000000005,776.4742198075087
16,468.3,775.3917887227609
16,468.40000000000003,718.5928339167783
16,468.5,398.56107403919776
16,468.6,690.5148255825947
16,468.70000000000005,777.0900948641901
16,468.8,719.7813919704332
16,468.90000000000003,766.060877308794
16,469.0,393.2840212195534
16,469.1,444.926927385565
16,469.20000000000005,771.698895698048
16,469.3,741.0041446210655
16,469.40000000000003,370.1348800485655
16,469.5,556.5466601625029
16,469.6,743.9558540047541
16,469.70000000000005,343.38506805989874
16,469.8,772.9714976227554
16,469.90000000000003,701.2937852075705
16,470.0,637.805304146313
16,470.1,651.587668347203
16,470.20000000000005,427.42091919478884
16,470.3,786.4277031129662
16,470.40000000000003,383.5370882700491
16,470.5,419.5129625270982
16,470.6,791.2731718784181
16,470.70000000000005,577.1110064326759
16,470.8,525.3777680552153
16,470.90000000000003,762.649956146349
16,471.0,582.6481577785399
16,471.1,370.94175228318716
16,471.20000000000005,770.8841738906358
16,471.3,369.1379432816715
16,471.40000000000003,625.5477281703465
16,471.5,655.8095612480115
16,471.6,659.1433833006031
16,471.70000000000005,435.9416244530523
16,471.8,416.37201498555135
16,471.90000000000003,613.1270503931771
16,472.0,784.4547847121801
16,472.1,426.7339199351223
16,472.20000000000005,652.3043075016523
16,472.3,584.5779065667151
16,472.40000000000003,419.10661295550574
16,472.5,673.34258188744
16,472.6,703.1987969745956
16,472.70000000000005,365.5111181025312
16,472.8,387.27353589239993
16,472.90000000000003,791.4551926941267
16,473.0,358.19055097232507
16,473.1,355.2872513971655
16,473.20000000000005,552.004039036317
16,473.3,401.1357538179082
16,473.40000000000003,325.81531662872374
16,473.5,609.2385751693689
16,473.6,671.2210178082213
16,473.70000000000005,780.9880469360913
16,473.8,409.52428029621376
16,473.90000000000003,578.1632535211972
16,474.0,784.9247183098591
16,474.1,699.9462867594881
16,474.20000000000005,617.2289922346956
16,474.3,463.64577831556966
16,474.40000000000003,723.9302188945303
16,474.5,776.1159416303207
16,474.6,796.9142841963126
16,474.70000000000005,710.7734056513362
16,474.8,374.2459028058077
16,474.90000000000003,729.0341598840913
16,475.0,794.7411049957582
16,475.1,791.10360821086
16,475.20000000000005,732.4422236772556
16,475.3,627.5462740450506
16,475.40000000000003,683.3477944315815
16,475.5,578.0300157663773
16,475.6,725.1455023388978
16,475.70000000000005,661.6435644314623
16,475.8,628.7819549814964
16,475.90000000000003,768.1479316969269
16,476.0,654.3991866786091
16,476.1,710.4069241256152
16,476.20000000000005,463.94238771767465
16,476.3,650.3440251317452
16,476.40000000000003,714.0590379395938
16,476.5,672.4238569032674
16,476.6,557.1661110589383
16,476.70000000000005,710.041208843536
16,476.8,769.3353142665234
16,476.90000000000003,746.0847662422256
16,477.0,710.1991229497073
16,477.1,708.3175349866377
16,477.20000000000005,704.655964752069
16,477.3,688.2494902761644
16,477.40000000000003,767.4362405125595
16,477.5,687.8598398295416
16,477.6,788.8947403514112
16,477.70000000000005,813.7799304906112
16,477.8,742.4065032712161
16,477.90000000000003,711.7713289865382
16,478.0,785.1671545093818
16,478.1,808.391541069164
16,478.20000000000005,454.87999640724723
16,478.3,723.3322524135774
16,478.40000000000003,723.763893677888
16,478.5,808.2592809708442
16,478.6,778.0401150687918
16,478.70000000000005,781.2323655817958
16,478.8,798.9870443461377
16,478.90000000000003,808.6762106189278
16,479.0,599.3062895825856
16,479.1,743.6595784103478
16,479.20000000000005,773.3696266060556
16,479.3,647.9291912750708
16,479.40000000000003,590.8654392149737
16,479.5,727.2106029102761
16,479.6,778.9790139211186
16,479.70000000000005,791.5995343380416
16,479.8,598.8732175728774
16,479.90000000000003,756.8465939738705
16,480.0,786.8218812796802
16,480.1,781.726429208692
16,480.20000000000005,785.9658400237132
16,480.3,799.8128693846114
16,480.40000000000003,778.0807721120252
16,480.5,788.0693881383221
16,480.6,778.6711310688753
16,480.70000000000005,478.54928400116364
16,480.8,713.8306288581725
16,480.90000000000003,787.5332716670516
16,481.0,769.8278963352279
16,481.1,803.8674491656575
16,481.20000000000005,815.8241366462063
16,481.3,819.8750345077465
16,481.40000000000003,791.3433427123397
16,481.5,836.018596932721
16,481.6,787.9332578733334
16,481.70000000000005,763.7517809034847
16,481.8,790.1671745852116
16,481.90000000000003,771.7966493705278
16,482.0,807.5510464080119
16,482.1,792.8922771417632
16,482.20000000000005,814.739860944169
16,482.3,784.9280056312656
16,482.40000000000003,812.6850426374602
16,482.5,808.5276018976073
16,482.6,772.0916266132526
16,482.70000000000005,778.3416831155815
16,482.8,782.7276204625999
16,482.90000000000003,618.4224443313893
16,483.0,742.1957814088668
16,483.1,683.7173982369426
16,483.20000000000005,773.5363203914353
16,483.3,734.6409619578634
16,483.40000000000003,773.4553677894291
16,483.5,783.6249947028195
16,483.6,507.82669250967126
16,483.70000000000005,705.389488858573
16,483.8,798.440875514491
16,483.90000000000003,469.1762566889496
16,484.0,675.9041585206106
16,484.1,726.1000481968528
16,484.20000000000005,800.9525334156625
16,484.3,816.6602226594164
16,484.40000000000003,812.371896655051
16,484.5,802.7240382974974
16,484.6,555.2581347519701
16,484.70000000000005,429.24053980900754
16,484.8,689.9098699948743
16,484.90000000000003,520.1631337974204
16,485.0,599.0340914543656
16,485.1,751.0359562821709
16,485.20000000000005,788.3215522310664
16,485.3,442.99600837225887
16,485.40000000000003,652.3420402981221
16,485.5,782.0990344038499
16,485.6,791.6697545538719
16,485.70000000000005,803.8037476907012
16,485.8,810.3406996523371
16,485.90000000000003,794.6345069418229
16,486.0,792.9726756091242
16,486.1,802.4515868906057
16,486.20000000000005,738.3914119038683
16,486.3,759.0409227136296
16,486.40000000000003,743.0760763804542
16,486.5,757.8178356077926
16,486.6,801.3254757631769
16,486.70000000000005,798.1252390413356
16,486.8,696.6039654557741
16,486.90000000000003,750.5988299106778
16,487.0,728.4771212249559
16,487.1,741.0503643140579
16,487.20000000000005,784.9552251414148
16,487.3,785.8579328432419
16,487.40000000000003,786.0238456971836
16,487.5,772.5161906479362
16,487.6,766.8431330888245
16,487.70000000000005,746.8262710069832
16,487.8,772.1148760276221
16,487.90000000000003,734.8971037121065
16,488.0,759.2014117026033
16,488.1,778.9077918906025
16,488.20000000000005,767.7771327317549
16,488.3,781.6382202749425
16,488.40000000000003,797.5113419128537
16,488.5,777.8059195605118
16,488.6,767.0073091306633
16,488.70000000000005,776.426523192223
16,488.8,775.1608194942588
16,488.90000000000003,545.3827949163009
16,489.0,657.7162583426625
16,489.1,776.1370389362353
16,489.20000000000005,788.8322052146382
16,489.3,784.9792607163242
16,489.40000000000003,776.5055428932711
16,489.5,786.9120322998307
16,489.6,788.7901435325533
16,489.70000000000005,645.3392811889207
16,489.8,698.3104346841193
16,489.90000000000003,775.9893728297468
16,490.0,785.6807719606097
16,490.1,554.4433393787463
16,490.20000000000005,598.7397561774021
16,490.3,752.8113756592229
16,490.40000000000003,737.8738554744309
16,490.5,513.8275500327401
16,490.6,622.893924663673
16,490.70000000000005,793.2632848658184
16,490.8,775.878162439986
16,490.90000000000003,760.8248295903676
16,491.0,773.568529049126
16,491.1,777.9413765000162
16,491.20000000000005,750.6054960296487
16,491.3,759.6777534072045
16,491.40000000000003,776.1779987419993
16,491.5,780.7931685801151
16,491.6,783.6877727825693
16,491.70000000000005,799.0486727946269
16,491.8,805.5060187940798
16,491.90000000000003,795.7845383144796
16,492.0,758.9911425515595
16,492.1,770.4457786485597
16,492.20000000000005,790.7804106786456
16,492.3,764.5264057944585
16,492.40000000000003,764.6615298897408
16,492.5,582.431802331475
16,492.6,589.7600113595483
16,492.70000000000005,773.6575530556452
16,492.8,783.8395666004573
16,492.90000000000003,760.9297554175554
16,493.0,754.5299004677817
16,493.1,771.6744788580492
16,493.20000000000005,791.58846890216
16,493.3,777.8849014704136
16,493.40000000000003,764.5575157510267
16,493.5,778.7246206761147
16,493.6,771.7035979204545
16,493.70000000000005,720.6960095265938
16,493.8,746.4874018680888
16,493.90000000000003,784.1756356278117
16,494.0,750.617116212796
16,494.1,748.9059573243561
16,494.20000000000005,778.3157830173105
16,494.3,793.9724599460865
16,494.40000000000003,780.1564888516345
16,494.5,776.9624903767501
16,494.6,789.4677628222192
16,494.70000000000005,779.6298741571129
16,494.8,762.4308685942809
16,494.90000000000003,692.3005146772391
16,495.0,580.2363543693598
16,495.1,649.9457239116747
16,495.20000000000005,759.0224306132038
16,495.3,747.0600663085398
16,495.40000000000003,748.7610758026494
16,495.5,762.0873350782348
16,495.6,775.2958459723724
16,495.70000000000005,767.7203671056583
16,495.8,772.7637029528679
16,495.90000000000003,790.2341874742604
16,496.0,708.4602371475638
16,496.1,694.2376192500071
16,496.20000000000005,760.2847340918122
16,496.3,543.7560449285746
16,496.40000000000003,531.5860876330521
16,496.5,605.8739943875003
16,496.6,611.8852816844916
16,496.70000000000005,795.1875267007111
16,496.8,782.2493712985392
16,496.90000000000003,606.8036616129269
16,497.0,617.1627765611304
16,497.1,822.6693568760484
16,497.20000000000005,791.4231682921495
16,497.3,706.8613153547365
16,497.40000000000003,737.528117609009
16,497.5,811.5240259172373
16,497.6,782.4138613010132
16,497.70000000000005,772.2922849521153
16,497.8,792.8609036066218
16,497.90000000000003,790.9454420342078
16,498.0,726.3797772644001
16,498.1,712.8729094201376
16,498.20000000000005,771.6895707376948
16,498.3,791.3488219941046
16,498.40000000000003,779.0225438944682
16,498.5,788.1269905622634
16,498.6,795.7325001031875
16,498.70000000000005,751.8112944303723
16,498.8,736.0207120638939
16,498.90000000000003,630.7565102207061
16,499.0,582.6976248415958
16,499.1,705.8631954639703
16,499.20000000000005,685.3147289753523
16,499.3,746.9129594475039
16,499.40000000000003,669.8307439982182
16,499.5,669.9983880689451
16,499.6,766.661403624027
16,499.70000000000005,773.1414230956267
16,499.8,800.0782640707956
16,499.90000000000003,788.0916817771965
16,500.0,759.9404815712185
16,500.1,768.2493266990484
16,500.20000000000005,790.0265476858392
16,500.3,778.5946294654364
16,500.40000000000003,771.0421439847158
16,500.5,768.8184854557131
16,500.6,728.7870038678356
16,500.70000000000005,761.0007289536678
16,500.8,765.8479884149084
16,500.90000000000003,743.3299780818284
16,501.0,764.0663836560317
16,501.1,754.4735578306553
16,501.20000000000005,754.6598398877887
16,501.3,752.154047864656
16,501.40000000000003,743.5017114617095
16,501.5,765.5567814845864
16,501.6,765.451327017635
16,501.70000000000005,715.8398991131407
16,501.8,723.4119896496956
16,501.90000000000003,780.1912365776566
16,502.0,788.1111413625536
16,502.1,736.1573968265315
16,502.20000000000005,712.1721250398333
16,502.3,788.9107490104874
16,502.40000000000003,783.8236424366519
16,502.5,808.325651976357
16,502.6,774.637178842477
16,502.70000000000005,745.7277371450797
16,502.8,802.1781537115559
16,502.90000000000003,700.3700701570491
16,503.0,626.5427029838704
16,503.1,767.9636284644781
16,503.20000000000005,781.4125124536827
16,503.3,709.3717824770924
16,503.40000000000003,652.4579346259388
16,503.5,673.2247325686042
16,503.6,605.3266520099655
16,503.70000000000005,765.2781917986855
16,503.8,781.4820793712228
16,503.90000000000003,759.0216027784179
16,504.0,768.407803227327
16,504.1,785.7263162903181
16,504.20000000000005,776.279885989578
16,504.3,744.0984462021013
16,504.40000000000003,719.2560944128502
16,504.5,829.3265337393951
16,504.6,882.8410498801092
16,504.70000000000005,798.2300865948905
16,504.8,784.1180935759878
16,504.90000000000003,764.5280977046008
16,505.0,781.8616034863468
16,505.1,770.563344756081
16,505.20000000000005,780.364549184143
16,505.3,778.5451916536842
16,505.40000000000003,788.3707765278004
16,505.5,783.7416452079195
16,505.6,771.5715169881979
16,505.70000000000005,786.9782061805687
16,505.8,798.6762006024359
16,505.90000000000003,787.926750492046
16,506.0,741.8542265486725
16,506.1,733.7711610229377
16,506.20000000000005,790.2534959980593
16,506.3,770.3690139557925
16,506.40000000000003,771.3423333811038
16,506.5,760.5317188815279
16,506.6,780.1076880105469
16,506.70000000000005,776.4054881135462
16,506.8,700.7607880517928
16,506.90000000000003,550.1997041662828
16,507.0,830.8389119764453
16,507.1,991.7383397391386
16,507.20000000000005,914.1361431124518
16,507.3,779.3284714067428
16,507.40000000000003,822.8076349543888
16,507.5,801.1366413097061
16,507.6,801.1820121952438
16,507.70000000000005,804.1417966379965
16,507.8,786.6254371391893
16,507.90000000000003,804.1933937861793
16,508.0,761.8353945530511
16,508.1,793.7508966642572
16,508.20000000000005,789.0983793167958
16,508.3,795.4130276885846
16,508.40000000000003,784.8279732809469
16,508.5,811.7929737890864
16,508.6,808.3866408010903
16,508.70000000000005,791.9837669844944
16,508.8,809.4472858273606
16,508.90000000000003,765.5382175345695
16,509.0,768.8734499021051
16,509.1,771.9823428319081
16,509.20000000000005,821.6717247430615
16,509.3,799.9424383901254
16,509.40000000000003,783.9130793115776
16,509.5,754.2410063263864
16,509.6,806.7567994891843
16,509.70000000000005,788.7558551865793
16,509.8,772.9241108385125
16,509.90000000000003,781.0420564761208
16,510.0,781.4138439528452
16,510.1,748.7874070290728
16,510.20000000000005,786.1562828770424
16,510.3,791.171599142715
16,510.40000000000003,802.7089981820812
16,510.5,785.8526689262899
16,510.6,793.1458950486916
16,510.70000000000005,782.5781258696186
16,510.8,827.5582180876152
16,510.90000000000003,843.4779018502555
16,511.0,811.2715941954091
16,511.1,772.4175096440649
16,511.20000000000005,791.9153979507804
16,511.3,811.311384656907
16,511.40000000000003,800.9249366030599
16,511.5,765.7388614470599
16,511.6,816.3631245353316
16,511.70000000000005,790.1103801181184
16,511.8,786.1630492956592
16,511.90000000000003,763.4790820496627
16,512.0,795.8628527931837
16,512.1,773.3298001357496
16,512.2,790.2986207754049
16,512.3000000000001,799.6454034120635
16,512.4,752.1987087369015
16,512.5,821.0642102089018
16,512.6,735.489127621519
16,512.7,494.6049464245197
16,512.8000000000001,738.3180278472723
16,512.9,783.1480927641016
16,513.0,783.1432059334205
16,513.1,722.4358586575994
16,513.2,519.2128830726065
16,513.3000000000001,753.0195145088422
16,513.4,775.5122711756504
16,513.5,791.4832388635833
16,513.6,810.4008364071373
16,513.7,770.185739811162
16,513.8000000000001,619.1300639539675
16,513.9,776.2747667782876
16,514.0,800.4008975586634
16,514.1,780.2001193667423
16,514.2,742.3022872559875
16,514.3000000000001,799.5398599856759
16,514.4,755.2983866653132
16,514.5,555.426327657267
16,514.6,806.4183445939938
16,514.7,781.1909664904509
16,514.8000000000001,846.330866671219
16,514.9,780.9632254123012
16,515.0,732.8438972185355
16,515.1,792.8419834327724
16,515.2,796.7157347094127
16,515.3000000000001,778.2082774737426
16,515.4,803.9947498009469
16,515.5,815.7743728970385
16,515.6,824.4809176227348
16,515.7,716.7955115061217
16,515.8000000000001,759.2825436267826
16,515.9,767.3681723678629
16,516.0,821.4588923654687
16,516.1,787.4914751982092
16,516.2,762.9809309811595
16,516.3000000000001,792.0477668000461
16,516.4,801.0362089693317
16,516.5,787.7299795410095
16,516.6,810.3043489415622
16,516.7,838.9041909957168
16,516.8000000000001,778.4098268826652
16,516.9,789.632450286497
16,517.0,806.8096016045641
16,517.1,841.3652397127494
16,517.2,817.4950667465097
16,517.3000000000001,817.0266384315263
16,517.4,777.5725864674627
16,517.5,817.6177321439169
16,517.6,780.4090061464279
16,517.7,823.1055044608688
16,517.8000000000001,805.4717526083832
16,517.9,779.0008251919647
16,518.0,757.4686940043255
16,518.1,799.2423035668044
16,518.2,821.6938835277364
16,518.3000000000001,798.5961253350126
16,518.4,789.6506509909218
16,518.5,807.3738667050136
16,518.6,790.3497462796316
16,518.7,784.0054835311151
16,518.8000000000001,803.2608192872508
16,518.9,824.2554352199853
16,519.0,775.200642393743
16,519.1,784.9091895771096
16,519.2,818.6474827110798
16,519.3000000000001,812.8417105839976
16,519.4,781.2020482310958
16,519.5,787.1899220207525
16,519.6,765.2499124720197
16,519.7,788.741336870527
16,519.8000000000001,790.0910678861516
16,519.9,770.3001229270305
16,520.0,791.8747739180145
16,520.1,785.4794415808653
16,520.2,796.190175736308
16,520.3000000000001,725.3244527149733
16,520.4,699.9232904749027
16,520.5,782.0145239037563
16,520.6,793.990303407804
16,520.7,761.8608876138405
16,520.8000000000001,422.088004548442
16,520.9,753.3477795246038
16,521.0,808.2227290016716
16,521.1,803.8711287463389
16,521.2,787.9947566862894
16,521.3000000000001,793.5959362398232
16,521.4,811.9395069315104
16,521.5,825.0757238190035
16,521.6,833.758028314196
16,521.7,815.8378701061984
16,521.8000000000001,765.8552392392444
16,521.9,766.941348423389
16,522.0,790.2827468377025
16,522.1,780.4959394920776
16,522.2,809.092237075003
16,522.3000000000001,772.2947187292857
16,522.4,809.4860796927162
16,522.5,810.8996709357965
16,522.6,803.9893091168728
16,522.7,727.2768680634157
16,522.8000000000001,770.6485969329015
16,522.9,796.6439990171632
16,523.0,810.0559437592291
16,523.1,793.642169549027
16,523.2,804.8292891284005
16,523.3000000000001,775.9696691386185
16,523.4,796.7058465892292
16,523.5,797.0570305747705
16,523.6,823.9907723083506
16,523.7,830.096397239536
16,523.8000000000001,820.1500679876856
16,523.9,779.7332286382498
16,524.0,812.5196552872903
16,524.1,788.8502349644397
16,524.2,814.8802958354154
16,524.3000000000001,735.9790342078362
16,524.4,859.31932197386
16,524.5,766.938522361432
16,524.6,812.9603425651324
16,524.7,805.6602053798367
16,524.8000000000001,771.4131233743166
16,524.9,819.6150343995464
16,525.0,788.8540532940076
16,525.1,837.8508832827769
16,525.2,791.536149835094
16,525.3000000000001,815.8267388114465
16,525.4,799.1330054607864
16,525.5,831.3012299505168
16,525.6,801.5819025502082
16,525.7,599.7501548685915
16,525.8000000000001,773.4081906030261
16,525.9,808.6582773848785
16,526.0,836.7347028408874
16,526.1,801.0066412083986
16,526.2,776.0584541845121
16,526.3000000000001,795.9932790589389
16,526.4,779.9762360529243
16,526.5,810.5617088140199
16,526.6,804.219006145716
16,526.7,805.9843976894599
16,526.8000000000001,777.9401344003671
16,526.9,791.7419636044934
16,527.0,777.726748624992
16,527.1,796.5102128888761
16,527.2,584.4378012749588
16,527.3000000000001,768.9019009367847
16,527.4,829.2616120171386
16,527.5,816.4689058860778
16,527.6,817.1843772270257
16,527.7,803.6574703576941
16,527.8000000000001,795.1992454790737
16,527.9,779.8437940181523
16,528.0,827.5519188135646
16,528.1,784.0102328287122
16,528.2,811.1266603827152
16,528.3000000000001,773.0834695932668
16,528.4,656.3259745705328
16,528.5,764.7764884436829
16,528.6,758.1272248704768
16,528.7,800.3823606447064
16,528.8000000000001,798.4819520798974
16,528.9,783.441128473913
16,529.0,838.2092516500471
16,529.1,723.2149419859886
16,529.2,710.8114648202946
16,529.3000000000001,764.8966446616568
16,529.4,796.0020819928637
16,529.5,810.5560782608283
16,529.6,797.1145673004755
16,529.7,815.193988935173
16,529.8000000000001,804.4302451179522
16,529.9,801.9718610671327
16,530.0,804.877520325881
16,530.1,799.2424896543993
16,530.2,812.1350659877833
16,530.3000000000001,749.5279684134243
16,530.4,775.0872209154272
16,530.5,663.1143261703395
16,530.6,462.0507981953851
16,530.7,701.1901899094546
16,530.8000000000001,813.7887872506554
16,530.9,797.2347843814159
16,531.0,769.1181965327833
16,531.1,785.9840516381546
16,531.2,801.2002165532712
16,531.3000000000001,815.7554166301597
16,531.4,657.1271958315467
16,531.5,765.7621475902039
16,531.6,798.6066882087715
16,531.7,619.3766345687126
16,531.8000000000001,721.7614989609264
16,531.9,767.7312492965117
16,532.0,801.6581015390766
16,532.1,778.212747076016
16,532.2,796.3457634705968
16,532.3000000000001,805.5298335077423
16,532.4,802.0773927930425
16,532.5,686.1007766493478
16,532.6,746.5462069056666
16,532.7,802.1048118863375
16,532.8000000000001,790.0213505935316
16,532.9,808.3052199869369
16,533.0,774.1548067218083
16,533.1,769.1579368114624
16,533.2,793.8297140513872
16,533.3000000000001,790.1341281341539
16,533.4,725.920308806406
16,533.5,776.19660829402
16,533.6,811.3465712394071
16,533.7,787.6098736445261
16,533.8000000000001,775.3711812986747
16,533.9,795.917618488795
16,534.0,780.2328900739209
16,534.1,815.357211778281
16,534.2,777.851040398314
16,534.3000000000001,808.0315751705193
16,534.4,800.2958940756467
16,534.5,811.352643183307
16,534.6,791.8652055926907
16,534.7,807.6482627562199
16,534.8000000000001,781.5444548556692
16,534.9,768.7385908170619
16,535.0,769.4976867188691
16,535.1,790.5364508761303
16,535.2,780.593999036402
16,535.3000000000001,793.7313792160288
16,535.4,806.2262688367306
16,535.5,815.947647109271
16,535.6,786.8111843992233
16,535.7,794.5029641583926
16,535.8000000000001,813.819162467817
16,535.9,811.3847341844298
16,536.0,721.5912559550889
16,536.1,751.714620470149
16,536.2,779.3269990984235
16,536.3000000000001,753.3230749513898
16,536.4,716.1422656875794
16,536.5,750.8235849564793
16,536.6,745.0363814622291
16,536.7,773.5039945231399
16,536.8000000000001,707.8389462493594
16,536.9,738.1132335816795
16,537.0,763.4443928644531
16,537.1,609.7980610517952
16,537.2,667.0714269952522
16,537.3000000000001,760.1805400626672
16,537.4,783.7012178894937
16,537.5,776.7166297937422
16,537.6,716.0726665826294
16,537.7,746.179877400712
16,537.8000000000001,771.283488438885
16,537.9,776.812429753524
16,538.0,644.6958047054496
16,538.1,689.8928081990875
16,538.2,781.079879026579
16,538.3000000000001,795.434864066102
16,538.4,803.2531330974256
16,538.5,794.890084023297
16,538.6,795.8923847614406
16,538.7,782.8908312276247
16,538.8000000000001,768.5670295703621
16,538.9,763.6736316736466
16,539.0,769.3334760659579
16,539.1,757.1695595506466
16,539.2,753.506935952394
16,539.3000000000001,718.8417307519214
16,539.4,738.3477982614646
16,539.5,761.2693607297468
16,539.6,776.6899424353015
16,539.7,584.929179847294
16,539.8000000000001,639.6929670074245
16,539.9,778.6841485263196
16,540.0,777.6476678462901
16,540.1,774.8118595932656
16,540.2,771.7491253318256
16,540.3000000000001,765.8681497960162
16,540.4,782.9708571891986
16,540.5,776.6709211571833
16,540.6,743.3872386873393
16,540.7,758.0489793308344
16,540.8000000000001,637.7495012253432
16,540.9,666.0011566842901
16,541.0,756.6955569279512
16,541.1,783.2011312328326
16,541.2,796.8479430482532
16,541.3000000000001,778.6465780034138
16,541.4,756.3428675606743
16,541.5,766.407697275931
16,541.6,772.7524767183746
16,541.7,759.9121406624974
16,541.8000000000001,759.9251784611556
16,541.9,680.1440455506994
16,542.0,699.9064620308546
16,542.1,756.8134216663461
16,542.2,770.7206167718588
16,542.3000000000001,775.9867095644954
16,542.4,769.38820354908
16,542.5,771.283917501183
16,542.6,764.3375249244561
16,542.7,787.3251366196849
16,542.8000000000001,787.2011089073712
16,542.9,785.3373405668596
16,543.0,795.7298424106441
16,543.1,785.9273293175534
16,543.2,680.4807024969643
16,543.3000000000001,678.7626305349817
16,543.4,749.5653202323126
16,543.5,768.1975747301345
16,543.6,787.4359705509731
16,543.7,792.1019716859205
16,543.8000000000001,787.0827773152286
16,543.9,782.1674353258687
16,544.0,782.769392684998
16,544.1,766.0548722660948
16,544.2,739.9966760021347
16,544.3000000000001,760.6776579963732
16,544.4,773.2466785406597
16,544.5,771.0537422754046
16,544.6,772.2676220161201
16,544.7,746.9205810897826
16,544.8000000000001,747.5777681578695
16,544.9,767.3141261592639
16,545.0,724.3700150274718
16,545.1,698.90257483691
16,545.2,745.5164727536632
16,545.3000000000001,772.2038201358754
16,545.4,761.8881354391075
16,545.5,760.9723011267156
16,545.6,779.7762132227198
16,545.7,782.3775549130298
16,545.8000000000001,748.155295808854
16,545.9,756.7850740976851
16,546.0,640.814529630775
16,546.1,642.2998656062077
16,546.2,796.7149760386435
16,546.3000000000001,777.1075273616628
16,546.4,758.1575575845377
16,546.5,769.0360968583645
16,546.6,756.0946044151774
16,546.7,761.3120599375912
16,546.8000000000001,792.5396582725981
16,546.9,783.1105585749981
16,547.0,775.4561167074793
16,547.1,798.0209901749312
16,547.2,818.9314100962209
16,547.3000000000001,793.7749724147001
16,547.4,773.902549787783
16,547.5,775.9884196219999
16,547.6,778.1640732332788
16,547.7,592.0920714402439
16,547.8000000000001,563.7662838703551
16,547.9,773.7160081187985
16,548.0,766.466737654174
16,548.1,734.9510881289871
16,548.2,682.4588826349451
16,548.3000000000001,661.0346367523514
16,548.4,746.5602335751814
16,548.5,803.7065017956144
16,548.6,793.3636497007468
16,548.7,789.5218299127762
16,548.8000000000001,788.5427210470684
16,548.9,771.1343206839016
16,549.0,656.6662835722093
16,549.1,621.330465239078
16,549.2,782.4914498682201
16,549.3000000000001,793.4782232800335
16,549.4,782.109483701935
16,549.5,688.5200585239309
16,549.6,664.3904684826282
16,549.7,768.1875475190994
16,549.8000000000001,804.3401445253693
16,549.9,818.7651904166186
16,550.0,802.8302544648919
16,550.1,754.1860289352377
16,550.2,741.4006531138347
16,550.3000000000001,754.0824582397562
16,550.4,763.9719423577793
16,550.5,773.0105526506709
16,550.6,758.1441350829676
16,550.7,743.4502236660288
16,550.8000000000001,765.5350578593999
16,550.9,783.9685534938633
16,551.0,782.5990897066624
16,551.1,802.6305507755362
16,551.2,806.5384211556974
16,551.3000000000001,778.73749530351
16,551.4,784.1635078234182
16,551.5,786.4133359075382
16,551.6,775.390063879236
16,551.7,788.2987142579501
16,551.8000000000001,790.740550383155
16,551.9,787.28955330828
16,552.0,787.4335314513844
16,552.1,788.6140876019856
16,552.2,785.2100588665857
16,552.3000000000001,774.8148150267273
16,552.4,779.0778469074893
16,552.5,784.426383378297
16,552.6,776.3203031602711
16,552.7,780.3566903403613
16,552.8000000000001,775.1556871403923
16,552.9,744.7797142932035
16,553.0,758.0170367662648
16,553.1,786.8168028716492
16,553.2,786.3160920981464
16,553.3000000000001,732.2296085399179
16,553.4,677.7055930613216
16,553.5,786.9759934624985
16,553.6,787.8940875231215
16,553.7,699.3954449484451
16,553.8000000000001,641.6664431081407
16,553.9,786.7755065500929
16,554.0,778.628793788385
16,554.1,784.2376351403482
16,554.2,646.119572875082
16,554.3000000000001,545.0277763288323
16,554.4,762.6630484332981
16,554.5,749.8018375755181
16,554.6,782.2461722647434
16,554.7,752.5675907801116
16,554.8000000000001,569.0308072709716
16,554.9,305.7011809129593
16,555.0,418.5091692277513
16,555.1,562.2955471859324
16,555.2,490.2429021198299
16,555.3000000000001,772.2579527428627
16,555.4,755.8305438668108
16,555.5,696.3651858582634
16,555.6,755.682198304928
16,555.7,764.0630189307388
16,555.8000000000001,788.67873027076
16,555.9,770.6419873192947
16,556.0,767.1743868125118
16,556.1,773.9109249886977
16,556.2,813.3308992333032
16,556.3000000000001,799.6460058886483
16,556.4,763.9146115939461
16,556.5,840.0167020170866
16,556.6,778.749840258616
16,556.7,760.3619890726586
16,556.8000000000001,768.5272396480234
16,556.9,762.6202676929792
16,557.0,756.5234105972855
16,557.1,726.2098325521296
16,557.2,741.1496264467709
16,557.3000000000001,664.0912745397469
16,557.4,507.0847405125319
16,557.5,798.7950987175152
16,557.6,756.3053009614882
16,557.7,823.6939577022184
16,557.8000000000001,792.2801727198938
16,557.9,793.0370605406769
16,558.0,712.5585668479101
16,558.1,559.3039825721934
16,558.2,757.2404557156033
16,558.3000000000001,761.2072752398063
16,558.4,754.946709014739
16,558.5,774.4249317818428
16,558.6,793.4006146971042
16,558.7,750.2579921950289
16,558.8000000000001,776.7090578873617
16,558.9,771.9505616967704
16,559.0,734.2028194559219
16,559.1,784.6564337391852
16,559.2,682.3164750120476
16,559.3000000000001,399.71786439080927
16,559.4,750.6537654379516
16,559.5,767.2241523179281
16,559.6,699.0102344794561
16,559.7,483.63703656935667
16,559.8000000000001,760.2088333052185
16,559.9,751.4225611014766
16,560.0,753.1797437681297
16,560.1,717.1965161248205
16,560.2,734.0230693970524
16,560.3000000000001,714.5823332821462
16,560.4,751.6310336958041
16,560.5,734.1444881710137
16,560.6,698.0298026729517
16,560.7,614.7742343569241
16,560.8000000000001,747.4328818057377
16,560.9,739.9380825488215
16,561.0,709.331589930405
16,561.1,719.4047848357513
16,561.2,742.1611160370073
16,561.3000000000001,788.8642396222971
16,561.4,803.8794348455635
16,561.5,748.830461060815
16,561.6,672.8176266174347
16,561.7,739.3559226378045
16,561.8000000000001,741.9327832418281
16,561.9,746.6200120822562
16,562.0,754.5173676841088
16,562.1,730.0752517902511
16,562.2,797.9382154640914
16,562.3000000000001,786.5697576501389
16,562.4,791.296349464166
16,562.5,755.4439240394166
16,562.6,767.6401420164284
16,562.7,790.1995327838383
16,562.8000000000001,764.5324316712667
16,562.9,721.4307148925518
16,563.0,583.927505657232
16,563.1,734.6829597281152
16,563.2,339.82831820824356
16,563.3000000000001,689.778819038652
16,563.4,794.7323241234496
16,563.5,805.5205761927215
16,563.6,839.9974272734547
16,563.7,1017.8691589424221
16,563.8000000000001,769.5075443635861
16,563.9,780.9417812881297
16,564.0,811.712787989224
16,564.1,763.8166868009176
16,564.2,786.9870107188923
16,564.3000000000001,798.5923696232707
16,564.4,815.5125651905767
16,564.5,802.2957771772872
16,564.6,775.1599726099677
16,564.7,791.385426054379
16,564.8000000000001,779.2382930010741
16,564.9,796.6367450652104
16,565.0,788.994604605942
16,565.1,802.6591984683913
16,565.2,780.8685821666417
16,565.3000000000001,768.2500056900246
16,565.4,762.9648945146942
16,565.5,762.2727189325589
16,565.6,747.4804105805716
16,565.7,372.8963688202478
16,565.8000000000001,770.7373390539719
16,565.9,767.509751158668
16,566.0,773.5850243505024
16,566.1,795.5414785680038
16,566.2,755.5792549314156
16,566.3000000000001,769.9979706336131
16,566.4,761.4658892512423
16,566.5,783.9500152190865
16,566.6,749.6439566534001
16,566.7,472.4987814334468
16,566.8000000000001,722.3367205359601
16,566.9,789.7007126449902
16,567.0,777.3647302809513
16,567.1,799.0869186716288
16,567.2,800.8605496091521
16,567.3000000000001,739.9136135206919
16,567.4,749.9089659805629
16,567.5,744.7274006585254
16,567.6,667.6302850941656
16,567.7,759.5539458676384
16,567.8000000000001,722.3810064984881
16,567.9,768.3832530939321
16,568.0,790.4486188482025
16,568.1,711.9461091355523
16,568.2,805.1332997613596
16,568.3000000000001,744.3476500933817
16,568.4,787.4943108578475
16,568.5,741.6670625406235
16,568.6,792.8655174093059
16,568.7,734.8348180357941
16,568.8000000000001,759.2886221250756
16,568.9,783.5833575537852
16,569.0,770.725216484629
16,569.1,748.1283753661825
16,569.2,755.9591185171837
16,569.3000000000001,728.5940871531513
16,569.4,738.605584799457
16,569.5,793.3371029236255
16,569.6,757.3101081914879
16,569.7,783.781277589687
16,569.8000000000001,784.8481960484349
16,569.9,746.2765682707441
16,570.0,799.4412719388156
16,570.1,784.8075271188421
16,570.2,439.5921417683545
16,570.3000000000001,760.6088009256113
16,570.4,748.7388436389458
16,570.5,808.0941950542909
16,570.6,796.7315426048597
16,570.7,749.8046730551937
16,570.8000000000001,748.6596070390542
16,570.9,767.0495529599858
16,571.0,782.5410752793415
16,571.1,795.0335700508961
16,571.2,771.6275833300281
16,571.3000000000001,751.7319645691822
16,571.4,771.2292540395803
16,571.5,800.6449442199196
16,571.6,779.732797520164
16,571.7,731.0993059496133
16,571.8000000000001,772.3937336162717
16,571.9,776.3320499078543
16,572.0,762.1642743535549
16,572.1,738.3115799851341
16,572.2,774.4578454300453
16,572.3000000000001,666.7341054095286
16,572.4,753.7852985668384
16,572.5,413.34292778597967
16,572.6,696.3961610690741
16,572.7,795.5972419934674
16,572.8000000000001,761.1998884287838
16,572.9,782.8950957505577
16,573.0,781.3338005691909
16,573.1,784.1019435720863
16,573.2,808.2112841817889
16,573.3000000000001,800.0200686949399
16,573.4,800.1148248149169
16,573.5,804.4465202381265
16,573.6,755.3433384365684
16,573.7,792.8942828153871
16,573.8000000000001,786.0742334285783
16,573.9,787.4426472335979
16,574.0,760.1047740002097
16,574.1,767.4547006340467
16,574.2,788.0619447632881
16,574.3000000000001,791.6087029520983
16,574.4,773.1823075654393
16,574.5,812.1865062103662
16,574.6,794.1870589808245
16,574.7,760.3302895386568
16,574.8000000000001,773.2952170239632
16,574.9,753.2619996360453
16,575.0,774.8483583755306
16,575.1,750.0526049709788
16,575.2,777.805630882652
16,575.3000000000001,774.5631656636381
16,575.4,806.10386063647
16,575.5,789.7265827762682
16,575.6,772.4049289052748
16,575.7,787.3947209778722
16,575.8000000000001,763.0047187976802
16,575.9,785.245705122331
16,576.0,765.8269719599258
16,576.1,747.6463221359928
16,576.2,801.8330877691798
16,576.3000000000001,763.6309873690815
16,576.4,773.7043491057561
16,576.5,777.0092661707008
16,576.6,626.4702692033882
16,576.7,774.907512201616
16,576.8000000000001,797.0939653474908
16,576.9,803.7816602875604
16,577.0,760.2928804848882
16,577.1,728.4110964014308
16,577.2,776.7464309093311
16,577.3000000000001,636.5830452144885
16,577.4,603.7829243317307
16,577.5,718.7308621685163
16,577.6,785.2529861881583
16,577.7,620.0807643011397
16,577.8000000000001,745.7887677702819
16,577.9,774.1249505977522
16,578.0,787.2901927023157
16,578.1,751.8964892380446
16,578.2,693.6626610178582
16,578.3000000000001,767.0860518997514
16,578.4,818.4715230588487
16,578.5,498.72416368277317
16,578.6,702.9827582699544
16,578.7,739.9588785720495
16,578.8000000000001,700.4960310963531
16,578.9,747.2826514111857
16,579.0,706.8287886800543
16,579.1,771.0412364502663
16,579.2,773.8469256952397
16,579.3000000000001,739.9051817181833
16,579.4,762.9606595514311
16,579.5,755.0512130226995
16,579.6,774.4771211797445
16,579.7,744.3212383964936
16,579.8000000000001,693.8712389476262
16,579.9,767.7186569108638
16,580.0,752.329085028704
16,580.1,800.0478592062489
16,580.2,770.481097571805
16,580.3000000000001,660.9480992799611
16,580.4,744.5798881670594
16,580.5,759.8583296773978
16,580.6,729.5707976901284
16,580.7,736.2293122964314
16,580.8000000000001,490.15694926252297
16,580.9,699.2976520469533
16,581.0,742.1269060684534
16,581.1,772.701064959129
16,581.2,767.5829581593927
16,581.3000000000001,765.7434717029573
16,581.4,771.1586356581008
16,581.5,633.4328426204085
16,581.6,708.6710238928403
16,581.7,773.9254110032695
16,581.8000000000001,755.2433060712749
16,581.9,763.3650691891324
16,582.0,761.2693151334676
16,582.1,704.900759311323
16,582.2,751.3407276032049
16,582.3000000000001,621.9012115514919
16,582.4,637.7550307786596
16,582.5,747.2261137032132
16,582.6,800.8972108783274
16,582.7,790.8477823025673
16,582.8000000000001,725.9454335151732
16,582.9,798.5335979934532
16,583.0,791.992502874419
16,583.1,768.9863971622412
16,583.2,781.4580298305659
16,583.3000000000001,779.3335005202837
16,583.4,759.6952074575048
16,583.5,771.4605248743952
16,583.6,781.092572317211
16,583.7,754.7211520323028
16,583.8000000000001,776.5583718119057
16,583.9,769.0313832912191
16,584.0,769.9540328442945
16,584.1,748.9332020368206
16,584.2,741.9683785954776
16,584.3000000000001,686.7127204102406
16,584.4,739.9450516433063
16,584.5,783.5597174026964
16,584.6,793.9273371756564
16,584.7,634.4492401710914
16,584.8000000000001,691.8433764235198
16,584.9,776.2081042516618
16,585.0,789.091748127062
16,585.1,779.3753676601722
16,585.2,729.3796413983055
16,585.3000000000001,742.1382719350115
16,585.4,689.6751127579956
16,585.5,742.2303486545345
16,585.6,789.9232360669541
16,585.7,780.1812059288238
16,585.8000000000001,782.6820107338826
16,585.9,764.9781857927325
16,586.0,769.6725443084714
16,586.1,776.7619348178625
16,586.2,778.9350723967101
16,586.3000000000001,775.6549121430002
16,586.4,750.195335440622
16,586.5,713.6703128772779
16,586.6,753.0713941260797
16,586.7,779.2502044110829
16,586.8000000000001,796.295042038235
16,586.9,772.3910025237411
16,587.0,760.5552735849056
16,587.1,774.8379617113884
16,587.2,780.297855744243
16,587.3000000000001,704.3903348121025
16,587.4,757.6862789105792
16,587.5,784.4177229746948
16,587.6,777.5898555733501
16,587.7,789.4777388472504
16,587.8000000000001,786.5066382177089
16,587.9,779.9389794169366
16,588.0,774.4622094979453
16,588.1,799.5211670623762
16,588.2,801.8134961671311
16,588.3000000000001,546.9819122020912
16,588.4,606.8597119404168
16,588.5,798.4728622721966
16,588.6,788.0426148804629
16,588.7,749.5457971394598
16,588.8000000000001,773.1914110964353
16,588.9,704.3649933078839
16,589.0,705.6561437643787
16,589.1,774.0322041089037
16,589.2,770.1735448628491
16,589.3000000000001,762.4668683178592
16,589.4,780.5610817713884
16,589.5,759.0825685800863
16,589.6,766.1420945882086
16,589.7,733.0648800730316
16,589.8000000000001,739.6743139994774
16,589.9,549.227209382199
16,590.0,600.4019110065125
16,590.1,792.0729009442653
16,590.2,801.296765680841
16,590.3000000000001,629.3271652297137
16,590.4,595.104678483556
16,590.5,748.4382436054725
16,590.6,699.0493587642563
16,590.7,699.4112473495732
16,590.8000000000001,578.424378459137
16,590.9,615.9055881648866
16,591.0,771.098989291184
16,591.1,769.567384860012
16,591.2,795.2733365006308
16,591.3000000000001,771.196143940305
16,591.4,773.7121695559424
16,591.5,773.3680274845003
16,591.6,693.3976274191671
16,591.7,572.8507632337513
16,591.8000000000001,620.5669001821584
16,591.9,769.9680591786865
16,592.0,706.704169970794
16,592.1,686.9988718065606
16,592.2,784.1338512583893
16,592.3000000000001,813.1380632470714
16,592.4,802.081714796068
16,592.5,771.7952496587834
16,592.6,756.0606047627646
16,592.7,758.0395803127386
16,592.8000000000001,763.6102058018695
16,592.9,774.9611205680993
16,593.0,794.7802110421088
16,593.1,779.0846943668912
16,593.2,729.6654887566276
16,593.3000000000001,715.0633625172882
16,593.4,535.3233644164403
16,593.5,538.3006863984701
16,593.6,717.5371973511641
16,593.7,629.436734658462
16,593.8000000000001,685.9381101686419
16,593.9,707.5549998161205
16,594.0,704.4926846160992
16,594.1,782.4175968090996
16,594.2,760.0830615045508
16,594.3000000000001,761.0395045526124
16,594.4,728.7055076015972
16,594.5,696.615865862361
16,594.6,755.7036106846052
16,594.7,795.2912679770889
16,594.8000000000001,750.7123624464158
16,594.9,743.1981914104736
16,595.0,792.7790924243768
16,595.1,735.9295060059549
16,595.2,725.5145188536469
16,595.3000000000001,779.3876952181844
16,595.4,707.0160791756608
16,595.5,711.253638060447
16,595.6,807.8882053052778
16,595.7,797.2186246748879
16,595.8000000000001,810.8249078346599
16,595.9,788.3998805075453
16,596.0,764.0726979760249
16,596.1,785.2518938930862
16,596.2,750.5899757035739
16,596.3000000000001,707.8205911953062
16,596.4,776.8913023012917
16,596.5,775.1514453807392
16,596.6,769.571164419003
16,596.7,751.5237851349111
16,596.8000000000001,728.5730367104045
16,596.9,767.023705868245
16,597.0,720.8371693923591
16,597.1,660.2814268936311
16,597.2,764.8276379639914
16,597.3000000000001,772.7280871376565
16,597.4,674.3216498605367
16,597.5,625.1420485889273
16,597.6,766.3034048863133
16,597.7,719.0620813515322
16,597.8000000000001,736.2253968468639
16,597.9,746.5056759228695
16,598.0,761.3416015989403
16,598.1,642.3618371435705
16,598.2,529.7344348264452
16,598.3000000000001,653.914541016876
16,598.4,410.5860641848329
16,598.5,483.1924077805859
16,598.6,666.4554049843348
16,598.7,754.1034852736058
16,598.8000000000001,750.8234397107016
16,598.9,761.557704274479
16,599.0,746.0339160096985
16,599.1,726.31979093102
16,599.2,758.8100721191628
16,599.3000000000001,773.2859596882658
16,599.4,778.076283937327
16,599.5,728.5534420686853
16,599.6,775.2905808961206
16,599.7,750.5071131557332
16,599.8000000000001,758.5224096539106
16,599.9,637.8289258662624
16,600.0,579.7967081229397
16,600.1,804.9058322338249
16,600.2,783.9006822327786
16,600.3000000000001,762.0245574464474
16,600.4,678.0680183505157
16,600.5,553.1446426512283
16,600.6,737.7774728329589
16,600.7,773.4978201927704
16,600.8000000000001,790.2538138841605
16,600.9,811.1482112660573
16,601.0,751.0055234247711
16,601.1,548.2005823477441
16,601.2,496.49042215570785
16,601.3000000000001,700.2143098279091
16,601.4,597.954690921421
16,601.5,773.4432921642191
16,601.6,778.286660058706
16,601.7,799.5308053188944
16,601.8000000000001,759.6063798641982
16,601.9,704.4326253581874
16,602.0,754.7359110019604
16,602.1,773.1723757400265
16,602.2,780.3757618462369
16,602.3000000000001,765.4288607893969
16,602.4,733.103744021943
16,602.5,630.2801109652894
16,602.6,745.7966990972798
16,602.7,797.258447166703
16,602.8000000000001,792.9493308971716
16,602.9,815.0732437071459
16,603.0,804.0016998355322
16,603.1,762.0519074709653
16,603.2,762.2630375978716
16,603.3000000000001,721.9087540168119
16,603.4,741.4422965299493
16,603.5,659.1263460442624
16,603.6,769.9946305396678
16,603.7,763.4097240395748
16,603.8000000000001,764.30800147852
16,603.9,709.1441829989991
16,604.0,464.3277224052444
16,604.1,741.6088357103017
16,604.2,601.8297883645648
16,604.3000000000001,782.3377379171114
16,604.4,784.4468958591386
16,604.5,777.8681940147773
16,604.6,817.3946602758907
16,604.7,766.0637348304679
16,604.8000000000001,754.9933734267424
16,604.9,745.0111914558149
16,605.0,677.2271251810489
16,605.1,727.2685981476362
16,605.2,756.9368643868986
16,605.3000000000001,674.5767881544509
16,605.4,794.2954928912407
16,605.5,738.1154531321467
16,605.6,633.4831198785463
16,605.7,775.3937657245975
16,605.8000000000001,807.2429710163084
16,605.9,756.2294611080782
16,606.0,759.9489633229467
16,606.1,689.7120850430338
16,606.2,768.1907988509089
16,606.3000000000001,784.1164044488459
16,606.4,771.4422606550523
16,606.5,795.1738633067517
16,606.6,754.9766018845465
16,606.7,787.6321380985804
16,606.8000000000001,724.6255541184968
16,606.9,566.930385489681
16,607.0,739.8183825079982
16,607.1,593.6331342293851
16,607.2,785.8051048502684
16,607.3000000000001,794.1408909494975
16,607.4,769.424222581911
16,607.5,683.3248256163561
16,607.6,679.8183687744418
16,607.7,736.7398348119125
16,607.8000000000001,707.737906535779
16,607.9,427.2433040978537
16,608.0,747.5274395545284
16,608.1,761.8814943884665
16,608.2,724.7588582806507
16,608.3000000000001,763.4533007102974
16,608.4,783.5017822530023
16,608.5,783.7948860558964
16,608.6,775.2952397771944
16,608.7,764.6246299827046
16,608.8000000000001,715.4835396105065
16,608.9,715.9537729440405
16,609.0,792.2580252409143
16,609.1,786.5664536994503
16,609.2,827.3326355755078
16,609.3000000000001,810.2621042504197
16,609.4,781.5224815596023
16,609.5,776.3522312762161
16,609.6,711.8157367033025
16,609.7,782.1103234855075
16,609.8000000000001,780.9407498707284
16,609.9,777.7333089692652
16,610.0,764.6033628414701
16,610.1,744.0155979121483
16,610.2,734.7261435173488
16,610.3000000000001,777.6080302780897
16,610.4,772.8688117577703
16,610.5,725.8795143147091
16,610.6,801.6291048440384
16,610.7,787.3103822203344
16,610.8000000000001,764.5977546321396
16,610.9,798.0288313032025
16,611.0,802.3519649084361
16,611.1,775.8906462563939
16,611.2,779.5570031880077
16,611.3000000000001,806.7569836114823
16,611.4,775.0975495145541
16,611.5,806.5631208016948
16,611.6,764.0434816430098
16,611.7,789.4519410664487
16,611.8000000000001,762.0978808737493
16,611.9,791.8991962970867
16,612.0,695.6138457972644
16,612.1,627.4288223204172
16,612.2,420.45169908133266
16,612.3000000000001,759.30617399461
16,612.4,800.6580596871054
16,612.5,641.7833343197727
16,612.6,763.4949583888848
16,612.7,751.9241841279592
16,612.8000000000001,752.6922690254602
16,612.9,758.9573580890715
16,613.0,521.6921169604851
16,613.1,752.6178650984322
16,613.2,597.8455126443891
16,613.3000000000001,766.6463641388616
16,613.4,792.1221892574582
16,613.5,748.701598232129
16,613.6,715.6290473479339
16,613.7,784.4521548140953
16,613.8000000000001,787.1695824362538
16,613.9,807.3971958430383
16,614.0,773.8840664910717
16,614.1,790.8433350797989
16,614.2,676.0099042462174
16,614.3000000000001,793.438941845006
16,614.4000000000001,773.7633815121578
16,614.5,746.9055414028645
16,614.6,712.7887261474856
16,614.7,747.7904976279508
16,614.8000000000001,755.7375012764146
16,614.9000000000001,767.2242649923393
16,615.0,794.047454553034
16,615.1,660.6743896381407
16,615.2,761.6273021521769
16,615.3000000000001,463.2709192798749
16,615.4000000000001,782.0826716088674
16,615.5,766.8644057925101
16,615.6,693.3556312340895
16,615.7,782.401502500536
16,615.8000000000001,760.9231627111682
16,615.9000000000001,770.7416098589562
16,616.0,801.8877706594816
16,616.1,787.8010605865145
16,616.2,792.263975008197
16,616.3000000000001,749.1602879844005
16,616.4000000000001,683.3833660317632
16,616.5,757.9004069426779
16,616.6,665.4522475211658
16,616.7,557.8684966843347
16,616.8000000000001,740.7631296130801
16,616.9000000000001,782.2584117177951
16,617.0,571.6529538018494
16,617.1,709.283838496922
16,617.2,593.1056078414306
16,617.3000000000001,761.4885647444517
16,617.4000000000001,779.6987815966825
16,617.5,579.1862066740684
16,617.6,776.975058034309
16,617.7,786.4435327384643
16,617.8000000000001,785.8552620792968
16,617.9000000000001,785.6761797243539
16,618.0,782.0270690851141
16,618.1,758.4570037990097
16,618.2,794.285112441647
16,618.3000000000001,769.9354650780117
16,618.4000000000001,667.0808607447642
16,618.5,600.7214988245606
16,618.6,758.7285753712549
16,618.7,767.2526388669627
16,618.8000000000001,624.0522196016191
16,618.9000000000001,749.8875825916809
16,619.0,763.786942832234
16,619.1,724.2629646944092
16,619.2,760.4319418659246
16,619.3000000000001,750.8681454536256
16,619.4000000000001,627.2907353473354
16,619.5,786.2574038358005
16,619.6,570.3676864201641
16,619.7,745.9491249455676
16,619.8000000000001,780.0902477995592
16,619.9000000000001,775.9966441706068
16,620.0,722.8438984117848
16,620.1,755.1634210321806
16,620.2,375.691477648255
16,620.3000000000001,698.4786081880261
16,620.4000000000001,787.4221307970992
16,620.5,783.0960074199854
16,620.6,766.8588159195076
16,620.7,770.6421362986571
16,620.8000000000001,787.2890122503087
16,620.9000000000001,772.656602922484
16,621.0,792.8710176563211
16,621.1,775.6677409368896
16,621.2,793.5783396080925
16,621.3000000000001,818.1175347955616
16,621.4000000000001,739.4670639787029
16,621.5,750.171194980842
16,621.6,749.5387053658263
16,621.7,789.4250042454889
16,621.8000000000001,748.8493914640989
16,621.9000000000001,805.4943808592989
16,622.0,792.4863592531739
16,622.1,728.5742493160692
16,622.2,773.4663238229416
16,622.3000000000001,775.1252786524037
16,622.4000000000001,740.7880128351725
16,622.5,461.77644763365834
16,622.6,706.5101180050113
16,622.7,767.0563588934705
16,622.8000000000001,780.1733564204195
16,622.9000000000001,720.0169479913183
16,623.0,766.7060875391597
16,623.1,796.0617923282375
16,623.2,796.5040328123165
16,623.3000000000001,813.0888662252061
16,623.4000000000001,762.7951782667392
16,623.5,785.6639036493568
16,623.6,807.2118396036047
16,623.7,797.1440951408758
16,623.8000000000001,801.0567043944204
16,623.9000000000001,781.8944472682056
16,624.0,774.2206273121625
16,624.1,757.3410018385271
16,624.2,742.9073373440402
16,624.3000000000001,775.1631422543145
16,624.4000000000001,788.3770638178372
16,624.5,803.9613994878148
16,624.6,761.5297757087135
16,624.7,773.3467015038958
16,624.8000000000001,794.4198399546518
16,624.9000000000001,781.9093190552493
16,625.0,790.7666037378102
16,625.1,752.7710418474447
16,625.2,776.6447656895472
16,625.3000000000001,765.0923674054507
16,625.4000000000001,634.2939438566752
16,625.5,738.2642863187084
16,625.6,765.0164535043243
16,625.7,793.399610657619
16,625.8000000000001,748.0976487364196
16,625.9000000000001,737.2891758580887
16,626.0,758.8734942052014
16,626.1,774.0113350252141
16,626.2,759.5154208263149
16,626.3000000000001,760.1858277379874
16,626.4000000000001,643.7714370803429
16,626.5,716.222013850943
16,626.6,767.2483421861218
16,626.7,766.7330406728364
16,626.8000000000001,738.4806126100988
16,626.9000000000001,772.1904599805714
16,627.0,740.4602713611267
16,627.1,770.9112191268288
16,627.2,795.1353217967714
16,627.3000000000001,779.0559294211677
16,627.4000000000001,804.6706209624133
16,627.5,574.4941402982314
16,627.6,684.3036474526059
16,627.7,731.5287634705198
16,627.8000000000001,723.409100023841
16,627.9000000000001,774.1865802211447
16,628.0,778.7557122752113
16,628.1,627.4271327199317
16,628.2,720.5683209711849
16,628.3000000000001,809.2791924791828
16,628.4000000000001,777.6549219952171
16,628.5,529.5251608059546
16,628.6,613.9222712604814
16,628.7,777.28996712305
16,628.8000000000001,774.5306945564936
16,628.9000000000001,758.7690699551613
16,629.0,790.0901498786307
16,629.1,689.8318278866217
16,629.2,693.4498912380894
16,629.3000000000001,743.5610608684652
16,629.4000000000001,622.0837192354678
16,629.5,508.4493217486547
16,629.6,635.4792587347632
16,629.7,761.734381945182
16,629.8000000000001,684.4508208702132
16,629.9000000000001,702.0728196183028
16,630.0,775.3012928244444
16,630.1,731.1029623772587
16,630.2,750.7214576023575
16,630.3000000000001,779.3927816063109
16,630.4000000000001,695.558889018805
16,630.5,726.9565652320973
16,630.6,802.1411945852524
16,630.7,776.8543583827376
16,630.8000000000001,768.6546796723128
16,630.9000000000001,779.6678664270243
16,631.0,747.2577871325864
16,631.1,730.5592681455702
16,631.2,751.9566749334556
16,631.3000000000001,775.0733846076068
16,631.4000000000001,624.0765227746195
16,631.5,617.699142716247
16,631.6,768.480273592993
16,631.7,785.5811012697457
16,631.8000000000001,704.7102106654143
16,631.9000000000001,708.1491378410756
16,632.0,806.4033097844066
16,632.1,802.1220333677214
16,632.2,810.2722081772594
16,632.3000000000001,796.1005717482853
16,632.4000000000001,790.1333483363584
16,632.5,782.4124547234622
16,632.6,765.6632877289236
16,632.7,757.5850375060974
16,632.8000000000001,769.4009259735881
16,632.9000000000001,785.5232324126449
16,633.0,776.9809596262643
16,633.1,766.8864858613254
16,633.2,775.92524351729
16,633.3000000000001,785.6751109382104
16,633.4000000000001,783.0170033030837
16,633.5,789.5557689895089
16,633.6,793.8857952992721
16,633.7,808.3967942280491
16,633.8000000000001,734.1769270850483
16,633.9000000000001,705.9889385291518
16,634.0,784.7084123785628
16,634.1,586.645918685169
16,634.2,545.4676253504315
16,634.3000000000001,799.5312124516055
16,634.4000000000001,816.7228694226443
16,634.5,787.6478792413127
16,634.6,780.6442139082856
16,634.7,771.5656283571016
16,634.8000000000001,763.1158380757894
16,634.9000000000001,794.5724002638749
16,635.0,779.1746140726974
16,635.1,765.8369142438645
16,635.2,775.5601098761459
16,635.3000000000001,772.8144789910414
16,635.4000000000001,689.4373393306531
16,635.5,641.7469899659816
16,635.6,769.6200632693555
16,635.7,617.6929189717716
16,635.8000000000001,564.1473394730011
16,635.9000000000001,798.7130966307992
16,636.0,788.3558089042091
16,636.1,717.5107772620794
16,636.2,693.8364954781454
16,636.3000000000001,784.3042808465858
16,636.4000000000001,769.0492893704007
16,636.5,776.2294157385903
16,636.6,762.2826569749705
16,636.7,756.033561168921
16,636.8000000000001,783.7166273317653
16,636.9000000000001,670.2074386875752
16,637.0,518.5773174564671
16,637.1,645.5717777905272
16,637.2,765.626771345417
16,637.3000000000001,778.2332489691818
16,637.4000000000001,805.1559643075245
16,637.5,800.4722384624912
16,637.6,734.1817232087175
16,637.7,733.3710308158788
16,637.8000000000001,754.2967067755397
16,637.9000000000001,732.2012767229501
16,638.0,771.0740645741384
16,638.1,781.4953360955888
16,638.2,623.8015789839287
16,638.3000000000001,523.9412030816954
16,638.4000000000001,766.6550554844526
16,638.5,763.1283261936178
16,638.6,747.3222202716852
16,638.7,748.0583289416135
16,638.8000000000001,731.0690578633518
16,638.9000000000001,703.4775158012317
16,639.0,769.8921624337188
16,639.1,744.8675515625566
16,639.2,776.2233924858069
16,639.3000000000001,763.6900401074607
16,639.4000000000001,743.8281762299807
16,639.5,744.04293680765
16,639.6,771.0314020691459
16,639.7,649.6861072765201
16,639.8000000000001,506.8413473158566
16,639.9000000000001,720.9720374738198
16,640.0,745.2139313868613
16,640.1,668.9672546934578
16,640.2,670.6814003201573
16,640.3000000000001,718.25142956957
16,640.4000000000001,720.4891537400949
16,640.5,764.6420142891857
16,640.6,760.16644034131
16,640.7,761.6116494256466
16,640.8000000000001,762.2290104659714
16,640.9000000000001,735.8709206708168
16,641.0,592.3790426132032
16,641.1,477.9812420198926
16,641.2,739.9230278963532
16,641.3000000000001,752.4738779318966
16,641.4000000000001,738.1300929149866
16,641.5,765.8367345589371
16,641.6,756.6879957052652
16,641.7,740.7201387857161
16,641.8000000000001,739.1081445631557
16,641.9000000000001,761.8268308833234
16,642.0,699.9717226708208
16,642.1,686.2948190578508
16,642.2,755.0919335945622
16,642.3000000000001,747.447026718758
16,642.4000000000001,732.8869279256346
16,642.5,726.9206914937902
16,642.6,737.1856857815891
16,642.7,772.90723734014
16,642.8000000000001,737.521353936686
16,642.9000000000001,733.0823699432036
16,643.0,718.2407790848135
16,643.1,703.6906539966867
16,643.2,742.1194266338241
16,643.3000000000001,750.2205307554751
16,643.4000000000001,770.3957379494273
16,643.5,741.1882700791134
16,643.6,632.7001966073719
16,643.7,511.6943059852702
16,643.8000000000001,704.4598884622699
16,643.9000000000001,608.0365264726028
16,644.0,450.02282713935676
16,644.1,737.2909105520429
16,644.2,747.9384499415138
16,644.3000000000001,732.0577592167901
16,644.4000000000001,720.8782149911885
16,644.5,740.7660583320454
16,644.6,732.229270673862
16,644.7,710.2920219722631
16,644.8000000000001,724.258114179264
16,644.9000000000001,741.7168364663698
16,645.0,743.1448669278908
16,645.1,760.6764410099642
16,645.2,751.4401331033795
16,645.3000000000001,733.7340807453543
16,645.4000000000001,728.5303576647459
16,645.5,649.4311744009641
16,645.6,416.1366538141357
16,645.7,532.6781299839934
16,645.8000000000001,779.1894958165292
16,645.9000000000001,772.3418900812878
16,646.0,770.4673013156266
16,646.1,749.677445932653
16,646.2,740.1271121661998
16,646.3000000000001,750.9586912343584
16,646.4000000000001,758.1937154374533
16,646.5,760.1438945941386
16,646.6,764.3966725984737
16,646.7,758.8717429131096
16,646.8000000000001,749.4243513367504
16,646.9000000000001,751.0039154125884
16,647.0,771.566079195352
16,647.1,764.4478481913582
16,647.2,734.0588357086126
16,647.3000000000001,657.6935765688914
16,647.4000000000001,750.2802322486774
16,647.5,762.9396525972327
16,647.6,766.5014439323976
16,647.7,784.203984355598
16,647.8000000000001,773.854617504669
16,647.9000000000001,722.9247788556368
16,648.0,603.6196328504026
16,648.1,773.0945457094527
16,648.2,751.7705710653064
16,648.3000000000001,753.0620361186346
16,648.4000000000001,760.8902539221205
16,648.5,758.439683348141
16,648.6,777.766714302175
16,648.7,775.1164287581776
16,648.8000000000001,773.9173404097361
16,648.9000000000001,797.4939843188944
16,649.0,713.0458798425178
16,649.1,555.4218484725644
16,649.2,769.0221467213867
16,649.3000000000001,754.5975823155219
16,649.4000000000001,697.3302141526584
16,649.5,467.95168152829893
16,649.6,767.0403664410273
16,649.7,777.7141315813051
16,649.8000000000001,787.3365933093392
16,649.9000000000001,775.2224555993173
16,650.0,772.7532604900686
16,650.1,773.5318011374154
16,650.2,748.2501846818724
16,650.3000000000001,737.6286554970259
16,650.4000000000001,736.5701416156273
16,650.5,752.9428327100355
16,650.6,790.354407736981
16,650.7,798.2781902053987
16,650.8000000000001,788.9353173839371
16,650.9000000000001,738.1456245229389
16,651.0,740.096423528545
16,651.1,709.0390559824442
16,651.2,762.0253961765003
16,651.3000000000001,768.8053655500049
16,651.4000000000001,783.428488772633
16,651.5,782.7106669638612
16,651.6,800.9872998909608
16,651.7,806.503062172985
16,651.8000000000001,767.4302151868338
16,651.9000000000001,733.0534422252732
16,652.0,479.3164566245644
16,652.1,759.2748607721841
16,652.2,802.2170586977612
16,652.3000000000001,836.8129579644697
16,652.4000000000001,748.8634524932866
16,652.5,761.59556892606
16,652.6,755.246056398674
16,652.7,721.8672639115629
16,652.8000000000001,735.6993507332533
16,652.9000000000001,623.7401316062237
16,653.0,844.3869488058998
16,653.1,757.6469367589829
16,653.2,510.9569532760215
16,653.3000000000001,776.2864781245498
16,653.4000000000001,684.8012737568489
16,653.5,723.3637844849292
16,653.6,774.0055605164325
16,653.7,761.3432094460068
16,653.8000000000001,784.2180387837234
16,653.9000000000001,762.9054283529236
16,654.0,707.2623729873145
16,654.1,745.8754104902918
16,654.2,633.1599682284882
16,654.3000000000001,512.2943497096688
16,654.4000000000001,737.26236360524
16,654.5,773.2665893496453
16,654.6,777.0626831836597
16,654.7,752.9161516263086
16,654.8000000000001,762.0218189492025
16,654.9000000000001,764.4220113665082
16,655.0,771.4362680693877
16,655.1,762.6638784276615
16,655.2,778.041000321558
16,655.3000000000001,787.0948801745717
16,655.4000000000001,774.9323815906545
16,655.5,667.2588267025559
16,655.6,451.0348180460539
16,655.7,789.2997511190991
16,655.8000000000001,755.1689013747304
16,655.9000000000001,771.9677245667539
16,656.0,471.3108345811468
16,656.1,786.5976281794461
16,656.2,783.4206916886577
16,656.3000000000001,810.2012753610156
16,656.4000000000001,458.08443556526015
16,656.5,756.7643932066206
16,656.6,783.0862142915795
16,656.7,763.8526539798407
16,656.8000000000001,813.6763101324387
16,656.9000000000001,772.7895153622944
16,657.0,795.8383577597991
16,657.1,441.89663417399294
16,657.2,758.2636451069136
16,657.3000000000001,810.0978702984179
16,657.4000000000001,815.4639395304891
16,657.5,795.411052113687
16,657.6,786.9484107634432
16,657.7,799.8636838991275
16,657.8000000000001,769.1637179522113
16,657.9000000000001,391.6566487491225
16,658.0,738.345922188194
16,658.1,782.7564507508106
16,658.2,795.0245350473145
16,658.3000000000001,788.7606202708693
16,658.4000000000001,796.8447880792619
16,658.5,702.4325469019434
16,658.6,727.4973396029372
16,658.7,736.2333516043684
16,658.8000000000001,778.4331119351806
16,658.9000000000001,798.3739167889095
16,659.0,682.6300188973157
16,659.1,411.3310868101997
16,659.2,748.7712940022363
16,659.3000000000001,502.38539341084476
16,659.4000000000001,760.3465276313832
16,659.5,824.7674693831855
16,659.6,811.3817481916362
16,659.7,708.8683998947896
16,659.8000000000001,765.5888557167224
16,659.9000000000001,787.3727289650445
16,660.0,672.9289235363201
16,660.1,784.1501668098447
16,660.2,766.5724206396445
16,660.3000000000001,628.621565628416
16,660.4000000000001,708.4077653853477
16,660.5,790.2310144378383
16,660.6,796.0790367712458
16,660.7,797.7678350679346
16,660.8000000000001,812.0321207653703
16,660.9000000000001,571.1010962448506
16,661.0,764.0299523513437
16,661.1,778.1963764874474
16,661.2,790.8148949892236
16,661.3000000000001,734.1167726257223
16,661.4000000000001,763.0653564120598
16,661.5,661.459365112678
16,661.6,736.0108736460206
16,661.7,683.2323826329125
16,661.8000000000001,775.4578726219768
16,661.9000000000001,806.7809495719773
16,662.0,671.9589203971803
16,662.1,770.58145955947
16,662.2,768.4601321050765
16,662.3000000000001,732.3305868513644
16,662.4000000000001,776.1851005830322
16,662.5,801.1700935553158
16,662.6,749.5985069232901
16,662.7,799.4529683650164
16,662.8000000000001,779.276661783043
16,662.9000000000001,765.0985889370887
16,663.0,791.9193742374478
16,663.1,749.0904656175945
16,663.2,757.5544105782737
16,663.3000000000001,779.8325980555027
16,663.4000000000001,796.1599904240657
16,663.5,760.1160206605973
16,663.6,738.4569317535312
16,663.7,782.0840184363838
16,663.8000000000001,784.6409058390832
16,663.9000000000001,793.124300752966
16,664.0,701.7309221068479
16,664.1,771.9827850161585
16,664.2,808.1850604068024
16,664.3000000000001,788.4778827651236
16,664.4000000000001,773.2252329915027
16,664.5,689.8666265541995
16,664.6,717.3968784500205
16,664.7,775.0352930777684
16,664.8000000000001,703.2917178033056
16,664.9000000000001,757.257795771138
16,665.0,517.1579880950964
16,665.1,593.1006538268161
16,665.2,696.4852185648099
16,665.3000000000001,754.0146738531115
16,665.4000000000001,752.3350632837502
16,665.5,706.0030276665999
16,665.6,581.4172311060871
16,665.7,669.7192192023141
16,665.8000000000001,704.650742842631
16,665.9000000000001,684.4866509030578
16,666.0,658.1847909259084
16,666.1,738.127968456968
16,666.2,753.9850875590148
16,666.3000000000001,696.4575625506642
16,666.4000000000001,727.4951552682153
16,666.5,656.8028709463048
16,666.6,600.410611668507
16,666.7,708.0013273707069
16,666.8000000000001,693.4839665024496
16,666.9000000000001,750.905317803494
16,667.0,784.4252565673255
16,667.1,644.2441215773919
16,667.2,698.8112096696408
16,667.3000000000001,576.8533786915023
16,667.4000000000001,636.9047156109154
16,667.5,654.112252451611
16,667.6,536.1928327197103
16,667.7,659.669310216278
16,667.8000000000001,756.409860296649
16,667.9000000000001,753.9686343485505
16,668.0,731.4151116436856
16,668.1,614.5937333671403
16,668.2,599.7577301703434
16,668.3000000000001,605.1309932211313
16,668.4000000000001,691.9371509181852
16,668.5,745.5265719639394
16,668.6,663.3161220754719
16,668.7,729.5053688091512
16,668.8000000000001,685.1572248507807
16,668.9000000000001,741.2433900482458
16,669.0,720.2477601170115
16,669.1,541.6974740988005
16,669.2,472.6483173541216
16,669.3000000000001,594.5597301258039
16,669.4000000000001,750.647674001226
16,669.5,772.2834054056625
16,669.6,715.9464705251057
16,669.7,600.953019601291
16,669.8000000000001,503.9426408732008
16,669.9000000000001,553.8498508525697
16,670.0,628.1347601420724
16,670.1,625.8224929819182
16,670.2,581.8955351083538
16,670.3000000000001,644.9614933261914
16,670.4000000000001,742.2811142319277
16,670.5,719.8424409865084
16,670.6,732.4711275535975
16,670.7,795.2525701008672
16,670.8000000000001,771.7054040654274
16,670.9000000000001,779.2649468041094
16,671.0,809.1807598085899
16,671.1,672.9886145288373
16,671.2,649.9509340202748
16,671.3000000000001,711.4140474166614
16,671.4000000000001,736.1303561166671
16,671.5,603.665210626213
16,671.6,498.8026101752254
16,671.7,506.89362375330046
16,671.8000000000001,622.4771382209897
16,671.9000000000001,734.6746068338496
16,672.0,714.3086630788355
16,672.1,495.4292532085732
16,672.2,430.1882573585174
16,672.3000000000001,542.9035285873896
16,672.4000000000001,686.352380409112
16,672.5,661.2444659672394
16,672.6,654.0576743873444
16,672.7,719.4714273521862
16,672.8000000000001,679.8439174458354
16,672.9000000000001,727.8420833830884
16,673.0,681.6466801129793
16,673.1,573.4490572490157
16,673.2,527.3709683988942
16,673.3000000000001,593.0696797899516
16,673.4000000000001,725.961871911124
16,673.5,631.990006653707
16,673.6,466.9120583611246
16,673.7,587.9234030086143
16,673.8000000000001,712.2659460117862
16,673.9000000000001,736.0336172342609
16,674.0,735.3385446086115
16,674.1,664.9992989080187
16,674.2,629.0192666437611
16,674.3000000000001,705.1825177092197
16,674.4000000000001,741.8452057977506
16,674.5,724.3658535390966
16,674.6,613.5578411918199
16,674.7,683.9501320059533
16,674.8000000000001,779.5053959704136
16,674.9000000000001,631.9926757104515
16,675.0,531.9725141568517
16,675.1,745.2920838078285
16,675.2,685.6663830122544
16,675.3000000000001,668.7915368869993
16,675.4000000000001,743.2223567978153
16,675.5,600.5155249006893
16,675.6,592.6122092487749
16,675.7,740.9982127676335
16,675.8000000000001,679.691248274411
16,675.9000000000001,719.740685114249
16,676.0,710.2073789811724
16,676.1,640.3031175447072
16,676.2,642.0372118086159
16,676.3000000000001,530.673765837468
16,676.4000000000001,731.0552133329504
16,676.5,724.2188103434721
16,676.6,764.3846416698648
16,676.7,769.17421902293
16,676.8000000000001,768.5814995666653
16,676.9000000000001,706.8476497818957
16,677.0,485.64183146709865
16,677.1,474.4999565775474
16,677.2,690.9853113970557
16,677.3000000000001,573.4680699962365
16,677.4000000000001,612.7112467847585
16,677.5,600.3765107304522
16,677.6,623.1118157418955
16,677.7,593.4315222382111
16,677.8000000000001,618.2355846287858
16,677.9000000000001,634.9813155921668
16,678.0,351.3205870678175
16,678.1,530.383677174742
16,678.2,671.472260213182
16,678.3000000000001,491.58792046435167
16,678.4000000000001,717.95128118392
16,678.5,516.417766018376
16,678.6,573.641048632124
16,678.7,778.9282074074043
16,678.8000000000001,662.5358667144244
16,678.9000000000001,511.1394845851805
16,679.0,698.1119623790959
16,679.1,666.900668750834
16,679.2,557.3819667907533
16,679.3000000000001,663.0918866069861
16,679.4000000000001,645.4906318139305
16,679.5,554.9101803463748
16,679.6,630.6295080447437
16,679.7,683.3255624078549
16,679.8000000000001,589.8109574063119
16,679.9000000000001,400.6027202727446
16,680.0,713.3606658957473
16,680.1,713.0247383044112
16,680.2,659.000722478818
16,680.3000000000001,590.2016789248356
16,680.4000000000001,673.5314430293897
16,680.5,566.2105837809854
16,680.6,783.3358188117799
16,680.7,729.2267940945576
16,680.8000000000001,682.2077295767427
16,680.9000000000001,674.5364561888266
16,681.0,628.0943220568336
16,681.1,721.4892129198987
16,681.2,644.0520120400504
16,681.3000000000001,446.8887673735056
16,681.4000000000001,756.7428040688887
16,681.5,731.3290657664654
16,681.6,644.5429515030804
16,681.7,709.823641826723
16,681.8000000000001,590.8004085753191
16,681.9000000000001,631.8472580638014
16,682.0,557.9792378652804
16,682.1,772.7820515706267
16,682.2,556.1269617039222
16,682.3000000000001,695.1812064487241
16,682.4000000000001,732.1220249809795
16,682.5,643.7409416747789
16,682.6,562.7362994987333
16,682.7,497.97452655081355
16,682.8000000000001,408.3566646063957
16,682.9000000000001,659.1402948363927
16,683.0,681.7471147769738
16,683.1,563.2015958951139
16,683.2,433.2915961478135
16,683.3000000000001,747.9897031644599
16,683.4000000000001,659.8089110116705
16,683.5,732.0335385181322
16,683.6,675.2762640385871
16,683.7,695.2666529851484
16,683.8000000000001,705.3487270870335
16,683.9000000000001,476.1739361615135
16,684.0,642.9598184688745
16,684.1,662.539847792713
16,684.2,543.7980928113934
16,684.3000000000001,556.8129400895457
16,684.4000000000001,536.2121311783164
16,684.5,660.9960760326286
16,684.6,663.9813137116978
16,684.7,433.1535597240015
16,684.8000000000001,722.2323902587278
16,684.9000000000001,548.4709376485625
16,685.0,673.9838954430037
16,685.1,681.092170874707
16,685.2,606.3243068494963
16,685.3000000000001,749.7432100149058
16,685.4000000000001,590.2677739594458
16,685.5,348.3429639992472
16,685.6,708.9276910246572
16,685.7,702.138132673456
16,685.8000000000001,642.2910695541223
16,685.9000000000001,695.0058860771802
16,686.0,474.1664400535451
16,686.1,602.9627886479079
16,686.2,719.3622644733208
16,686.3000000000001,682.1186307079628
16,686.4000000000001,582.9812942125347
16,686.5,513.2120675958304
16,686.6,489.35943457338925
16,686.7,713.635222488205
16,686.8000000000001,633.4296799545328
16,686.9000000000001,662.9587354127416
16,687.0,718.1678468390346
16,687.1,507.51934427776524
16,687.2,738.4556990727743
16,687.3000000000001,570.0622097773828
16,687.4000000000001,560.806213975158
16,687.5,746.8369200134164
16,687.6,241.76280156429573
16,687.7,783.5658289868607
16,687.8000000000001,752.4956467789762
16,687.9000000000001,732.7871180832224
16,688.0,635.3101768908434
16,688.1,674.9372365731903
16,688.2,805.3725657471258
16,688.3000000000001,461.5137680090074
16,688.4000000000001,735.8296858211274
16,688.5,634.235138139598
16,688.6,757.9069145091513
16,688.7,545.8993545955713
16,688.8000000000001,738.9104082229711
16,688.9000000000001,666.6118175367086
16,689.0,730.5756592900855
16,689.1,680.8641647488213
16,689.2,580.4610928773637
16,689.3000000000001,536.6268746055097
16,689.4000000000001,657.4144368259851
16,689.5,701.6688928558667
16,689.6,643.0721667428872
16,689.7,617.1389502819313
16,689.8000000000001,690.0494588891801
16,689.9000000000001,766.8060436257784
16,690.0,534.4569088302279
16,690.1,677.0538097804923
16,690.2,747.3846025638561
16,690.3000000000001,626.0644368061378
16,690.4000000000001,682.3529256944389
16,690.5,743.9051459609204
16,690.6,781.5298621337099
16,690.7,783.7624220795396
16,690.8000000000001,704.106187515483
16,690.9000000000001,707.2071518588341
16,691.0,660.6229172700006
16,691.1,551.6416877281658
16,691.2,771.598290367549
16,691.3000000000001,585.4889249079954
16,691.4000000000001,716.0614650787955
16,691.5,658.0771240365401
16,691.6,658.8046551948898
16,691.7,722.2544658538299
16,691.8000000000001,668.7778022703246
16,691.9000000000001,535.7678956961705
16,692.0,745.0654037637197
16,692.1,567.2068849183806
16,692.2,741.6106630641119
16,692.3000000000001,732.3006937927136
16,692.4000000000001,560.7299688687913
16,692.5,460.56210074897086
16,692.6,684.7949188413804
16,692.7,755.6781386467045
16,692.8000000000001,652.9321635672366
16,692.9000000000001,474.87195141237805
16,693.0,684.2140139159894
16,693.1,515.9824144760836
16,693.2,601.9646039721132
16,693.3000000000001,519.4396174054539
16,693.4000000000001,452.9097343640633
16,693.5,702.5736719708485
16,693.6,659.3490780351929
16,693.7,706.7823775491333
16,693.8000000000001,507.36379726684606
16,693.9000000000001,686.7744004018995
16,694.0,739.1242522835022
16,694.1,684.3426366585844
16,694.2,668.0935971709313
16,694.3000000000001,739.7704210582095
16,694.4000000000001,656.9715595678383
16,694.5,525.9068340707288
16,694.6,637.5470910881846
16,694.7,723.1512079116148
16,694.8000000000001,714.7109559438022
16,694.9000000000001,747.7655557413715
16,695.0,749.7469466977109
16,695.1,576.7906613800511
16,695.2,694.6048149436853
16,695.3000000000001,759.4991071013785
16,695.4000000000001,578.956143709906
16,695.5,678.3182734251992
16,695.6,691.0189877710153
16,695.7,759.1656381929818
16,695.8000000000001,791.3318998696977
16,695.9000000000001,650.3096169322214
16,696.0,691.4850375832019
16,696.1,629.8444325789976
16,696.2,704.0781945798301
16,696.3000000000001,746.5902387934101
16,696.4000000000001,674.268704507135
16,696.5,694.989385412175
16,696.6,671.7914953063961
16,696.7,590.9950952470169
16,696.8000000000001,701.0590890935314
16,696.9000000000001,725.3943014839413
16,697.0,659.6159007058072
16,697.1,764.7597532399661
16,697.2,762.2390859295482
16,697.3000000000001,794.5465904076134
16,697.4000000000001,695.3934626108506
16,697.5,411.6142373317451
16,697.6,613.6905474502715
16,697.7,723.032085836589
16,697.8000000000001,620.7014839147637
16,697.9000000000001,688.0300309379777
16,698.0,524.6595733124976
16,698.1,666.9773987975653
16,698.2,782.4806899733255
16,698.3000000000001,757.019311935483
16,698.4000000000001,706.4704936253052
16,698.5,718.3040198274746
16,698.6,709.9924165261851
16,698.7,641.0721850064982
16,698.8000000000001,706.6076488505494
16,698.9000000000001,792.6441457642072
16,699.0,711.3735333562094
16,699.1,667.1567207492196
16,699.2,707.0847702116952
16,699.3000000000001,579.9307983913513
16,699.4000000000001,442.7793161186429
16,699.5,626.3441682985749
16,699.6,578.4784132329066
16,699.7,675.2690664989701
16,699.8000000000001,778.6287142415986
16,699.9000000000001,780.874496598826
16,700.0,794.4300571074665
16,700.1,776.0101374326612
16,700.2,780.8077765601435
16,700.3000000000001,770.0684848671254
16,700.4000000000001,774.96549856126
16,700.5,787.4719727169256
16,700.6,594.7703772138904
16,700.7,665.2154033624663
16,700.8000000000001,777.9310249717737
16,700.9000000000001,778.2257719538899
16,701.0,791.0252650993601
16,701.1,803.5620619465677
16,701.2,781.433865575773
16,701.3000000000001,775.7559787244002
16,701.4000000000001,779.7887766229472
16,701.5,585.8065577602881
16,701.6,642.7591936695275
16,701.7,761.9599326124171
16,701.8000000000001,764.0564077324815
16,701.9000000000001,768.4819488477104
16,702.0,794.6348291553431
16,702.1,802.2695751313609
16,702.2,806.6614348919621
16,702.3000000000001,809.8349841363847
16,702.4000000000001,803.2370503777247
16,702.5,800.1369817900279
16,702.6,598.3750099125517
16,702.7,630.099512730066
16,702.8000000000001,791.6002022764412
16,702.9000000000001,796.247391394487
16,703.0,798.9794571022165
16,703.1,805.7317681117305
16,703.2,798.2374350751894
16,703.3000000000001,786.0716561349761
16,703.4000000000001,798.745286026907
16,703.5,812.2642171987633
16,703.6,586.2559322976681
16,703.7,621.6727022222972
16,703.8000000000001,801.5296127932575
16,703.9000000000001,587.3899378043502
16,704.0,627.511756574418
16,704.1,805.7561190366049
16,704.2,796.6563199347596
16,704.3000000000001,799.1771423382665
16,704.4000000000001,792.3972190163544
16,704.5,794.2470780770923
16,704.6,799.8099619267443
16,704.7,806.7254266543808
16,704.8000000000001,801.7098579366051
16,704.9000000000001,777.4741567767084
16,705.0,790.0238317999248
16,705.1,812.4019083408639
16,705.2,797.3683373855378
16,705.3000000000001,665.0858635160128
16,705.4000000000001,683.1655993332911
16,705.5,814.222217878572
16,705.6,796.7522090848574
16,705.7,784.4059302264334
16,705.8000000000001,804.2531658978211
16,705.9000000000001,797.5366745999725
16,706.0,793.6655725396686
16,706.1,816.7071304355741
16,706.2,823.3637614927328
16,706.3000000000001,796.6346472726789
16,706.4000000000001,783.9170803166485
16,706.5,786.0545691928022
16,706.6,769.975439841431
16,706.7,685.890907233981
16,706.8000000000001,703.5269230141622
16,706.9000000000001,651.710212906226
16,707.0,635.1848586926227
16,707.1,721.7724419228741
16,707.2,726.19562502078
16,707.3000000000001,566.7572704949241
16,707.4000000000001,461.28988012673665
16,707.5,650.5290351907346
16,707.6,694.9928173589586
16,707.7,609.3337832200295
16,707.8000000000001,620.1325957848485
16,707.9000000000001,671.1930225447112
16,708.0,550.0141663815817
16,708.1,588.2170441115106
16,708.2,700.1976273646756
16,708.3000000000001,683.3144323329276
16,708.4000000000001,675.3748583733702
16,708.5,648.9992151588427
16,708.6,672.6782578749838
16,708.7,730.2469776074155
16,708.8000000000001,664.4900861272006
16,708.9000000000001,578.3943852348569
16,709.0,714.6962247062522
16,709.1,651.6256472637913
16,709.2,415.3677848221135
16,709.3000000000001,424.3884576278432
16,709.4000000000001,632.023416517041
16,709.5,642.641192821524
16,709.6,419.0191454707119
16,709.7,512.9783185900343
16,709.8000000000001,602.2400502422854
16,709.9000000000001,593.771061269
16,710.0,734.6104131755927
16,710.1,727.9112077575943
16,710.2,732.7608383715858
16,710.3000000000001,665.1494019182287
16,710.4000000000001,700.0241012546377
16,710.5,719.0758312323129
16,710.6,642.1322348446972
16,710.7,764.4627716557454
16,710.8000000000001,752.7604224749201
16,710.9000000000001,753.839689961019
16,711.0,754.0205755115267
16,711.1,620.6145774771289
16,711.2,567.8293298080112
16,711.3000000000001,616.9308124656773
16,711.4000000000001,719.2468304508493
16,711.5,640.3406497826476
16,711.6,470.89339265958176
16,711.7,733.4609294246527
16,711.8000000000001,727.5316766616108
16,711.9000000000001,622.8359325811334
16,712.0,509.96551684019914
16,712.1,731.6648391982804
16,712.2,662.7676257016332
16,712.3000000000001,667.763971217473
16,712.4000000000001,743.3579673567814
16,712.5,666.5084117006602
16,712.6,649.2467580388061
16,712.7,664.3809816109776
16,712.8000000000001,580.026151384046
16,712.9000000000001,760.6527879815828
16,713.0,782.3735051265581
16,713.1,761.8615671772748
16,713.2,692.9944867854483
16,713.3000000000001,617.6909544422967
16,713.4000000000001,685.8602968827049
16,713.5,652.0691793744193
16,713.6,516.3650348064339
16,713.7,753.5432231172982
16,713.8000000000001,719.2369806570152
16,713.9000000000001,755.822218271267
16,714.0,634.2048673361471
16,714.1,476.6097985950299
16,714.2,756.8781174962461
16,714.3000000000001,779.9948868207899
16,714.4000000000001,688.2821922996719
16,714.5,597.7202341944644
16,714.6,573.3760144586895
16,714.7,701.1806818791886
16,714.8000000000001,699.9463665517836
16,714.9000000000001,738.5090976790417
16,715.0,718.3699083853077
16,715.1,659.2500262697548
16,715.2,755.9608675030254
16,715.3000000000001,640.7942032019407
16,715.4000000000001,581.8383531437551
16,715.5,543.8031808977951
16,715.6,446.89431086314426
16,715.7,744.2754830837501
16,715.8000000000001,583.1835017088857
16,715.9000000000001,692.4997255136732
16,716.0,657.1493821211031
16,716.1,677.1432277893296
16,716.2,717.0035714822642
16,716.3000000000001,665.747602431271
16,716.4000000000001,554.5691099984266
16,716.5,775.0051224457219
16,716.6,706.3497834768043
16,716.7,769.3103918094139
16,716.8000000000001,733.6990521037834
16,716.9000000000001,700.804926911016
16,717.0,682.1920467458709
16,717.1,587.2103918349588
16,717.2,633.8043275453296
16,717.3000000000001,725.9851999846536
16,717.4000000000001,583.0758098172279
16,717.5,680.6718720030061
16,717.6,500.8517494623394
16,717.7,714.5091229689335
16,717.8000000000001,675.4873431637484
16,717.9000000000001,640.0270040822619
16,718.0,538.9190548159302
16,718.1,746.2926943645604
16,718.2,714.0192258383654
16,718.3000000000001,732.1229850654213
16,718.4000000000001,548.3968721522142
16,718.5,697.1505606761943
16,718.6,759.6538135362235
16,718.7,742.9987531259117
16,718.8000000000001,597.0067620725732
16,718.9000000000001,799.5127474027731
16,719.0,656.2451405764956
16,719.1,656.8518773409677
16,719.2,769.4441032004418
16,719.3000000000001,707.7544284589713
16,719.4000000000001,754.8969389437626
16,719.5,667.3008048177387
16,719.6,457.793834272153
16,719.7,636.230441016807
16,719.8000000000001,354.1578174548578
16,719.9000000000001,512.5862347567885
16,720.0,514.4875293700046
16,720.1,575.4859514524827
16,720.2,751.0505703086063
16,720.3000000000001,601.3033598998851
16,720.4000000000001,587.9032140140527
16,720.5,630.354142365702
16,720.6,654.1100887409355
16,720.7,735.9405291201051
16,720.8000000000001,390.96613042457335
16,720.9000000000001,546.6745333864877
16,721.0,663.5322282035888
16,721.1,483.04203284674924
16,721.2,632.1922420925252
16,721.3000000000001,669.3190143459465
16,721.4000000000001,616.5929676137629
16,721.5,470.30867677412596
16,721.6,663.3378869542457
16,721.7,598.2645044744528
16,721.8000000000001,659.7772127256216
16,721.9000000000001,694.9249479654777
16,722.0,501.4893924791504
16,722.1,628.0388915687226
16,722.2,695.8561632826057
16,722.3000000000001,701.6861240735791
16,722.4000000000001,783.8008870465308
16,722.5,787.6434281943406
16,722.6,520.7469431614742
16,722.7,703.4811795056162
16,722.8000000000001,596.8809486629181
16,722.9000000000001,762.3530453659221
16,723.0,707.6238423535466
16,723.1,642.3897289038565
16,723.2,714.3275763052928
16,723.3000000000001,649.3873544961143
16,723.4000000000001,669.6997050529264
16,723.5,757.7196190475056
16,723.6,713.1268649320823
16,723.7,802.2561852734186
16,723.8000000000001,578.8029010537857
16,723.9000000000001,770.5948387351661
16,724.0,390.1385917022674
16,724.1,508.36039930727696
16,724.2,516.0286078928477
16,724.3000000000001,496.6067754187378
16,724.4000000000001,616.4206673934742
16,724.5,676.8996958606235
16,724.6,575.2755762157767
16,724.7,522.3003804194537
16,724.8000000000001,622.0754307223265
16,724.9000000000001,544.0595802185256
16,725.0,736.6215964842065
16,725.1,695.3055014430995
16,725.2,729.4007567656258
16,725.3000000000001,743.1027298854025
16,725.4000000000001,510.1181780777104
16,725.5,577.8539116869998
16,725.6,399.3947702893025
16,725.7,593.7353034772977
16,725.8000000000001,581.3893991669919
16,725.9000000000001,521.9037177212234
16,726.0,683.9571197665276
16,726.1,689.3396962454315
16,726.2,749.3736433688504
16,726.3000000000001,763.9999899635975
16,726.4000000000001,644.3274611520113
16,726.5,713.6193447110278
16,726.6,696.1803498166701
16,726.7,559.885329488908
16,726.8000000000001,666.4651578891771
16,726.9000000000001,712.3444674153878
16,727.0,754.3910494077455
16,727.1,675.0935978353094
16,727.2,621.2940597588579
16,727.3000000000001,763.1251606811022
16,727.4000000000001,712.079939449679
16,727.5,423.4906967646029
16,727.6,720.0050867297313
16,727.7,620.0270257173008
16,727.8000000000001,588.3900593939435
16,727.9000000000001,651.2443876436421
16,728.0,372.19169717487745
16,728.1,580.8811469441505
16,728.2,720.3737944334415
16,728.3000000000001,705.3294186946605
16,728.4000000000001,448.1783610279585
16,728.5,707.7566421766114
16,728.6,640.0280939504496
16,728.7,465.5412080018078
16,728.8000000000001,548.6293646683173
16,728.9000000000001,712.3614747953791
16,729.0,696.7594241128221
16,729.1,756.3945116882206
16,729.2,524.9146215094663
16,729.3000000000001,444.33626331451364
16,729.4000000000001,463.68476653809284
16,729.5,678.6811292095483
16,729.6,750.0116212624399
16,729.7,606.3617696511014
16,729.8000000000001,678.4575602736664
16,729.9000000000001,654.49797232754
16,730.0,606.1249905382315
16,730.1,693.0828600179655
16,730.2,657.988764437152
16,730.3000000000001,627.9895109567725
16,730.4000000000001,502.3448802981067
16,730.5,577.9687520088621
16,730.6,728.1409417309811
16,730.7,766.168471981542
16,730.8000000000001,764.517913230416
16,730.9000000000001,626.4873028381501
16,731.0,517.9262011825862
16,731.1,659.184067384112
16,731.2,514.5534797302005
16,731.3000000000001,565.65307524671
16,731.4000000000001,602.6835308419277
16,731.5,536.1779375824636
16,731.6,651.4899081090682
16,731.7,656.1251768478302
16,731.8000000000001,445.0273956293908
16,731.9000000000001,554.1443591778138
16,732.0,711.6800636742747
16,732.1,703.0681009636066
16,732.2,734.7013213232503
16,732.3000000000001,631.3941249485242
16,732.4000000000001,665.8375375560723
16,732.5,445.9128597525676
16,732.6,539.7472838058709
16,732.7,734.9896538182697
16,732.8000000000001,653.5339401287054
16,732.9000000000001,661.521580581474
16,733.0,479.7784503215698
16,733.1,387.4765312104688
16,733.2,471.2245856176424
16,733.3000000000001,622.1078844082584
16,733.4000000000001,677.730501070584
16,733.5,550.6829607775873
16,733.6,596.0145466743313
16,733.7,550.4809936593036
16,733.8000000000001,661.7032250380463
16,733.9000000000001,674.0124666952282
16,734.0,704.6623053391465
16,734.1,737.926339457172
16,734.2,759.6337964021836
16,734.3000000000001,753.4348057324878
16,734.4000000000001,756.6801701808391
16,734.5,768.1423058440939
16,734.6,732.2594669493795
16,734.7,658.3786458239937
16,734.8000000000001,509.4886778610374
16,734.9000000000001,641.1882072909746
16,735.0,701.8190011007391
16,735.1,696.5407473827272
16,735.2,734.7366390896686
16,735.3000000000001,638.7014078242017
16,735.4000000000001,613.8404619855806
16,735.5,440.1294691417149
16,735.6,601.1088891665763
16,735.7,757.3078354776161
16,735.8000000000001,647.6061388909117
16,735.9000000000001,693.0826001251504
16,736.0,664.4845365824025
16,736.1,660.8855092955883
16,736.2,644.8505942734887
16,736.3000000000001,519.5972464843652
16,736.4000000000001,628.0129886453548
16,736.5,692.3643349320258
16,736.6,719.2858070764142
16,736.7,718.358423705895
16,736.8000000000001,672.1163090541129
16,736.9000000000001,716.5612593601537
16,737.0,690.0730931309326
16,737.1,561.434818927071
16,737.2,512.912721496249
16,737.3000000000001,598.167895447089
16,737.4000000000001,643.6409740770341
16,737.5,554.8973067281419
16,737.6,609.5692291652612
16,737.7,751.5428730726861
16,737.8000000000001,677.8998384793691
16,737.9000000000001,676.8255421807402
16,738.0,620.644073076493
16,738.1,594.7974771099804
16,738.2,709.0543180179108
16,738.3000000000001,690.8542397981396
16,738.4000000000001,704.0842243183703
16,738.5,568.067060400102
16,738.6,552.9512924617333
16,738.7,699.4690756198547
16,738.8000000000001,667.9243686242296
16,738.9000000000001,691.9409706739315
16,739.0,565.6338901595517
16,739.1,540.5917750035885
16,739.2,719.3123610065763
16,739.3000000000001,723.7797080929823
16,739.4000000000001,691.6192088760374
16,739.5,666.9023204941896
16,739.6,717.9834435893013
16,739.7,739.1974393410554
16,739.8000000000001,735.2251580901006
16,739.9000000000001,568.4978369942564
16,740.0,559.3611557636555
16,740.1,782.0182178721309
16,740.2,784.7763504456066
16,740.3000000000001,664.6227994728739
16,740.4000000000001,631.7484435462293
16,740.5,788.2434367204094
16,740.6,790.3734350934276
16,740.7,791.3276952214499
16,740.8000000000001,781.0099358140742
16,740.9000000000001,780.9937216394845
16,741.0,784.8433178249835
16,741.1,776.291194497751
16,741.2,774.756988776134
16,741.3000000000001,753.5159643380205
16,741.4000000000001,770.3315249203048
16,741.5,784.5482209122868
16,741.6,658.2412350027679
16,741.7,564.7770062635565
16,741.8000000000001,666.1640503665761
16,741.9000000000001,605.5732850797593
16,742.0,766.4639607250471
16,742.1,774.3358338444833
16,742.2,771.4418384302409
16,742.3000000000001,786.4554744242112
16,742.4000000000001,777.2968485577377
16,742.5,785.2952572228486
16,742.6,759.9852671737657
16,742.7,723.8765033829644
16,742.8000000000001,704.455800229711
16,742.9000000000001,758.6893781815411
16,743.0,756.0443873709443
16,743.1,755.410552455292
16,743.2,752.8116156261005
16,743.3000000000001,784.1651695105204
32,0.0,823.799
32,0.1,642.3630610305916
32,0.2,493.8705135002474
32,0.30000000000000004,573.1074922432741
32,0.4,208.74958002676686
32,0.5,208.7763638496255
32,0.6000000000000001,383.05400109008457
32,0.7000000000000001,715.2745043301414
32,0.8,764.6542805132822
32,0.9,776.0279259462111
32,1.0,737.3394089352144
32,1.1,730.466432081123
32,1.2000000000000002,749.3334130026986
32,1.3,755.955307766958
32,1.4000000000000001,719.2068068932891
32,1.5,785.9240717259801
32,1.6,761.7000664434181
32,1.7000000000000002,748.5183956261915
32,1.8,762.5175254655989
32,1.9000000000000001,787.0739989956996
32,2.0,821.3368379396925
32,2.1,746.8742971244454
32,2.2,687.7507130894935
32,2.3000000000000003,823.7977343038194
32,2.4000000000000004,805.9513218874306
32,2.5,807.8520078988114
32,2.6,812.9858585691094
32,2.7,816.7032038036033
32,2.8000000000000003,782.5820478399523
32,2.9000000000000004,785.8846338502135
32,3.0,799.3121755610651
32,3.1,829.0587040598051
32,3.2,832.2554052634838
32,3.3000000000000003,819.2181452752811
32,3.4000000000000004,813.4089123643353
32,3.5,806.1109608411426
32,3.6,800.3269785454355
32,3.7,803.4422496551429
32,3.8000000000000003,691.7289917833658
32,3.9000000000000004,456.00023389682747
32,4.0,529.7736609046481
32,4.1000000000000005,779.560341569298
32,4.2,776.1308280407166
32,4.3,795.7922573476498
32,4.4,801.313218776783
32,4.5,790.1894629514929
32,4.6000000000000005,782.2207107080322
32,4.7,780.9711827439113
32,4.800000000000001,781.4371251893782
32,4.9,778.6754624502504
32,5.0,779.8277017686933
32,5.1000000000000005,820.6705241896175
32,5.2,817.4412772414317
32,5.300000000000001,808.4236256286063
32,5.4,814.1006168677106
32,5.5,803.4199559453318
32,5.6000000000000005,787.3045468486347
32,5.7,787.3722065919693
32,5.800000000000001,744.1935159617129
32,5.9,772.9268430809841
32,6.0,784.846277072586
32,6.1000000000000005,823.9011226804637
32,6.2,801.1172214877843
32,6.300000000000001,797.3529575107942
32,6.4,803.6615216798235
32,6.5,769.3319637574509
32,6.6000000000000005,804.0643606405222
32,6.7,809.9361489441559
32,6.800000000000001,795.0881910517105
32,6.9,783.4919454615176
32,7.0,821.737267863771
32,7.1000000000000005,807.805640074292
32,7.2,813.4585859208776
32,7.300000000000001,822.1137661507396
32,7.4,823.0852735800198
32,7.5,805.6649259358958
32,7.6000000000000005,727.6189337438524
32,7.7,561.8247369066825
32,7.800000000000001,793.6311050406573
32,7.9,787.208878423784
32,8.0,733.181434139609
32,8.1,616.3276043744842
32,8.200000000000001,780.9826680485696
32,8.3,769.4468862719525
32,8.4,773.0002284227879
32,8.5,708.2980689580451
32,8.6,562.9590214894017
32,8.700000000000001,789.4384606777426
32,8.8,794.655707672886
32,8.9,797.0275787336221
32,9.0,778.8255385081868
32,9.1,797.9464919224753
32,9.200000000000001,775.4094401834651
32,9.3,778.6820076377905
32,9.4,806.5210229359565
32,9.5,788.9831650545302
32,9.600000000000001,889.6242878988247
32,9.700000000000001,741.2615745742135
32,9.8,601.162454998084
32,9.9,743.0746906386609
32,10.0,585.6514144077184
32,10.100000000000001,756.4682387238277
32,10.200000000000001,731.4092644148001
32,10.3,785.7434613960171
32,10.4,776.0697257984708
32,10.5,779.0159250998518
32,10.600000000000001,758.8388603338499
32,10.700000000000001,818.4293456657199
32,10.8,784.6206680498614
32,10.9,684.6196291904714
32,11.0,431.6159770451049
32,11.100000000000001,770.9193434337956
32,11.200000000000001,796.1649714766072
32,11.3,776.3975027876667
32,11.4,803.5232746456812
32,11.5,779.8230759566601
32,11.600000000000001,766.7414489901707
32,11.700000000000001,754.9098248395981
32,11.8,767.302838979428
32,11.9,785.6620076223547
32,12.0,704.9207769315432
32,12.100000000000001,822.2706387196661
32,12.200000000000001,860.9429104076531
32,12.3,813.8146550480565
32,12.4,835.4657035033099
32,12.5,864.0401830211556
32,12.600000000000001,801.8140236187464
32,12.700000000000001,808.4276954083334
32,12.8,809.6502099761565
32,12.9,845.8254313134397
32,13.0,1028.4220399827673
32,13.100000000000001,772.4835616875656
32,13.200000000000001,827.0821135151604
32,13.3,838.1448729839559
32,13.4,784.129224976987
32,13.5,807.8099762860444
32,13.600000000000001,800.2195947105372
32,13.700000000000001,792.3378752177925
32,13.8,813.1458340467792
32,13.9,711.3497156013573
32,14.0,795.8656305869541
32,14.100000000000001,832.1888342674597
32,14.200000000000001,808.2396112466307
32,14.3,813.8394096377682
32,14.4,787.0612130946513
32,14.5,823.8286594086649
32,14.600000000000001,840.8252368253194
32,14.700000000000001,815.4168614792785
32,14.8,800.2624560897422
32,14.9,822.8334184565053
32,15.0,828.8315820102796
32,15.100000000000001,793.4884460268194
32,15.200000000000001,813.4330832007237
32,15.3,840.7623311978882
32,15.4,812.2424744848115
32,15.5,782.4804531038623
32,15.600000000000001,816.3744599314545
32,15.700000000000001,812.3612410248568
32,15.8,512.3109977251476
32,15.9,803.4795226950723
32,16.0,622.4475190066071
32,16.1,787.8107779717864
32,16.2,776.1744019513319
32,16.3,676.3204752244636
32,16.400000000000002,854.1167760713113
32,16.5,817.9048336215768
32,16.6,774.4644298423467
32,16.7,703.4777295096422
32,16.8,840.5136362122687
32,16.900000000000002,865.2846427985385
32,17.0,802.0876183677985
32,17.1,777.0044367105623
32,17.2,876.6049833289679
32,17.3,808.800559461492
32,17.400000000000002,809.816699306807
32,17.5,841.1963408967468
32,17.6,815.6207713762992
32,17.7,836.4363699681259
32,17.8,804.0866602806075
32,17.900000000000002,495.9420035444845
32,18.0,811.7835689434218
32,18.1,833.9250548651273
32,18.2,798.5762968876951
32,18.3,462.0181687616754
32,18.400000000000002,856.6697450033822
32,18.5,830.7578674462869
32,18.6,874.9777324382773
32,18.7,798.2373201698028
32,18.8,790.4083456796869
32,18.900000000000002,555.1860351191552
32,19.0,821.4542805342556
32,19.1,850.614833158326
32,19.200000000000003,519.9091430592067
32,19.3,808.8193657126906
32,19.400000000000002,454.40020462027934
32,19.5,728.6837418678609
32,19.6,812.4992414171475
32,19.700000000000003,850.4676108911582
32,19.8,801.5303707265945
32,19.900000000000002,809.8195706733554
32,20.0,823.1269257346164
32,20.1,837.6169699951882
32,20.200000000000003,853.7693760872669
32,20.3,856.5684292645977
32,20.400000000000002,878.5418984732136
32,20.5,804.3646948397071
32,20.6,824.2052898530834
32,20.700000000000003,798.3800762133816
32,20.8,855.2575671370307
32,20.900000000000002,748.5119605496806
32,21.0,842.7522424883717
32,21.1,839.4510238814169
32,21.200000000000003,573.4700775398098
32,21.3,315.2067786485591
32,21.400000000000002,726.5025445082756
32,21.5,524.495751928495
32,21.6,569.7914168345238
32,21.700000000000003,768.9326325919845
32,21.8,830.7991289589164
32,21.900000000000002,850.0627825796191
32,22.0,854.9214071725345
32,22.1,634.264906366417
32,22.200000000000003,832.0848852961506
32,22.3,825.7298415997519
32,22.400000000000002,826.2709420590467
32,22.5,577.7643338463225
32,22.6,782.5879529328469
32,22.700000000000003,772.1521649941733
32,22.8,815.0837294674831
32,22.900000000000002,818.4173704318747
32,23.0,818.1087087239983
32,23.1,856.4899226604992
32,23.200000000000003,859.0327109390216
32,23.3,805.5992619726694
32,23.400000000000002,823.1470371092652
32,23.5,846.2192375003573
32,23.6,840.2843577548398
32,23.700000000000003,846.8036786261017
32,23.8,472.36709484124503
32,23.900000000000002,743.3833812123086
32,24.0,810.2941444345333
32,24.1,822.3704537397282
32,24.200000000000003,816.7932623596895
32,24.3,850.910860619169
32,24.400000000000002,670.9908727086433
32,24.5,811.2673132954063
32,24.6,804.2887650028579
32,24.700000000000003,803.6764805419625
32,24.8,740.3005598275649
32,24.900000000000002,719.2600832810934
32,25.0,813.0366112020963
32,25.1,600.4514754914277
32,25.200000000000003,728.3118740488286
32,25.3,824.1875121000205
32,25.400000000000002,853.3932909490175
32,25.5,821.5010382109308
32,25.6,708.0064039851153
32,25.700000000000003,782.112893875027
32,25.8,816.9828391064705
32,25.900000000000002,816.9186931456443
32,26.0,797.3017335247102
32,26.1,818.165410492613
32,26.200000000000003,818.7943180614051
32,26.3,639.7774749169168
32,26.400000000000002,769.8175284577795
32,26.5,809.7845569997809
32,26.6,720.8923015267397
32,26.700000000000003,828.0848509377016
32,26.8,771.9185044048971
32,26.900000000000002,799.8097436859777
32,27.0,793.3007234661426
32,27.1,814.8286433998351
32,27.200000000000003,795.839280433
32,27.3,802.5304664951402
32,27.400000000000002,832.5463461538286
32,27.5,502.54551178164826
32,27.6,670.501101231248
32,27.700000000000003,810.3332079293322
32,27.8,835.7695775903719
32,27.900000000000002,824.7304135205333
32,28.0,801.0337773115451
32,28.1,723.4764838534456
32,28.200000000000003,425.43671738855926
32,28.3,665.2444765051492
32,28.400000000000002,789.3386493856209
32,28.5,808.8759227581477
32,28.6,545.2725157281795
32,28.700000000000003,594.5838503172881
32,28.8,711.7098347129098
32,28.900000000000002,796.3512735203119
32,29.0,839.068083432002
32,29.1,838.5395986602025
32,29.200000000000003,810.351614544934
32,29.3,811.0554631142368
32,29.400000000000002,851.8997271842381
32,29.5,844.6033905128254
32,29.6,676.1178713139143
32,29.700000000000003,755.9164215137831
32,29.8,820.7178337950178
32,29.900000000000002,813.251124760253
32,30.0,838.5138676084922
32,30.1,865.7473335342426
32,30.200000000000003,815.9368215085093
32,30.3,694.2539216508685
32,30.400000000000002,751.5154061414094
32,30.5,827.3822986580774
32,30.6,825.0311274911775
32,30.700000000000003,825.072623154625
32,30.8,808.0258097370619
32,30.900000000000002,805.2721709312689
32,31.0,800.157206801175
32,31.1,809.8562546618865
32,31.200000000000003,821.445880465071
32,31.3,825.5717513996118
32,31.400000000000002,544.2805625860457
32,31.5,663.7847786113507
32,31.6,764.590217177802
32,31.700000000000003,794.9482669255424
32,31.8,823.8070008238255
32,31.900000000000002,818.5360477803222
32,32.0,851.2208977311983
32,32.1,847.5327263648162
32,32.2,740.0411276893348
32,32.300000000000004,791.5045841884647
32,32.4,848.7720504185825
32,32.5,835.1457801163126
32,32.6,826.6950869533764
32,32.7,813.6899940891154
32,32.800000000000004,840.5333658389062
32,32.9,846.5365065091551
32,33.0,800.0154900417355
32,33.1,794.4969468326738
32,33.2,828.1653586521916
32,33.300000000000004,848.3900483440415
32,33.4,820.3335115605361
32,33.5,804.4386667942871
32,33.6,612.7040383968279
32,33.7,703.1478181357427
32,33.800000000000004,844.5622121342409
32,33.9,872.1806786378941
32,34.0,809.0536322301626
32,34.1,777.0618818655223
32,34.2,813.7827148547009
32,34.300000000000004,668.0159265550164
32,34.4,569.5504683889035
32,34.5,740.8478015265721
32,34.6,711.6333648026261
32,34.7,737.0127337776881
32,34.800000000000004,867.7617391287366
32,34.9,750.243985584756
32,35.0,754.9564627005309
32,35.1,846.6292545315939
32,35.2,818.7971783619196
32,35.300000000000004,769.9400665034343
32,35.4,822.4160488406368
32,35.5,720.1297701124238
32,35.6,759.8033336465301
32,35.7,917.0684109238133
32,35.800000000000004,866.6599220944272
32,35.9,826.9326578734087
32,36.0,840.7286108695906
32,36.1,835.9589984930735
32,36.2,855.7472121227156
32,36.300000000000004,886.732337628467
32,36.4,830.7467812606919
32,36.5,796.3561685685562
32,36.6,828.2125722596511
32,36.7,829.8390452483983
32,36.800000000000004,828.3885242521133
32,36.9,873.8702341329054
32,37.0,831.5293906861951
32,37.1,767.6709617912969
32,37.2,821.985909772067
32,37.300000000000004,824.4575146706276
32,37.4,801.6637688406048
32,37.5,830.1631782298275
32,37.6,825.1079168189245
32,37.7,824.6948152686243
32,37.800000000000004,856.1720086107584
32,37.9,847.6960068337917
32,38.0,839.7934520934332
32,38.1,822.9653930090278
32,38.2,830.4326040485552
32,38.300000000000004,867.9609913120519
32,38.400000000000006,857.6108526974314
32,38.5,856.761479358246
32,38.6,815.2316794195766
32,38.7,810.3837768876041
32,38.800000000000004,832.786634709031
32,38.900000000000006,834.3350097749236
32,39.0,618.4885306804512
32,39.1,558.9796122019852
32,39.2,858.213855837911
32,39.300000000000004,885.4802998084725
32,39.400000000000006,882.9068259292881
32,39.5,886.9502254501881
32,39.6,866.3345950979568
32,39.7,849.1583907523518
32,39.800000000000004,838.612162029986
32,39.900000000000006,819.7384662079463
32,40.0,705.4353579731865
32,40.1,609.4023755961836
32,40.2,770.9146661074566
32,40.300000000000004,865.8768145554443
32,40.400000000000006,849.323698964353
32,40.5,736.5580818460146
32,40.6,690.4819079309353
32,40.7,794.2017145513347
32,40.800000000000004,844.9731412814469
32,40.900000000000006,834.4118629863175
32,41.0,770.758883910979
32,41.1,574.3821827519805
32,41.2,562.04814487103
32,41.300000000000004,798.653805731027
32,41.400000000000006,630.9507967959454
32,41.5,627.3554854247571
32,41.6,797.9346079948916
32,41.7,803.5471211796483
32,41.800000000000004,848.3113958706006
32,41.900000000000006,862.2169948679103
32,42.0,857.3915090156202
32,42.1,783.339159557606
32,42.2,730.0927887028656
32,42.300000000000004,762.6707370277188
32,42.400000000000006,816.1133070841037
32,42.5,921.9921603803479
32,42.6,931.1714189663661
32,42.7,814.4073089040222
32,42.800000000000004,752.237120931542
32,42.900000000000006,823.8557892442632
32,43.0,673.1491585382123
32,43.1,570.5175489101107
32,43.2,805.7831997002795
32,43.300000000000004,622.3380903682814
32,43.400000000000006,550.9727723239463
32,43.5,608.2412019346461
32,43.6,569.7392478710393
32,43.7,665.6182671885477
32,43.800000000000004,596.641532102018
32,43.900000000000006,705.909513811528
32,44.0,750.2968866598843
32,44.1,775.2700493471852
32,44.2,799.14979685011
32,44.300000000000004,627.7728054569714
32,44.400000000000006,629.6980017426081
32,44.5,880.6886015658132
32,44.6,817.1090152537539
32,44.7,796.5460735766814
32,44.800000000000004,759.2944056014353
32,44.900000000000006,706.4092033146882
32,45.0,803.2294226480902
32,45.1,672.7374887911467
32,45.2,493.78341979949323
32,45.300000000000004,621.2292262789417
32,45.400000000000006,676.2115434810977
32,45.5,651.4235916201303
32,45.6,684.8978575551414
32,45.7,759.6136607762784
32,45.800000000000004,765.7374495045942
32,45.900000000000006,813.2244254478253
32,46.0,801.6552333511227
32,46.1,769.6420074192492
32,46.2,748.4067553227076
32,46.300000000000004,594.7052546321701
32,46.400000000000006,617.6694890624553
32,46.5,778.3720886216475
32,46.6,712.0946422081533
32,46.7,590.9833426890792
32,46.800000000000004,656.4058789169849
32,46.900000000000006,721.6752290133235
32,47.0,547.9815969958308
32,47.1,557.3810792456717
32,47.2,761.3534816530043
32,47.300000000000004,947.4601964391348
32,47.400000000000006,838.9035881886924
32,47.5,746.660042454853
32,47.6,732.666630257509
32,47.7,599.3679916880601
32,47.800000000000004,737.5038068582452
32,47.900000000000006,537.7559760475676
32,48.0,498.2028938467314
32,48.1,705.1143242505342
32,48.2,835.291392753004
32,48.300000000000004,860.8396126412301
32,48.400000000000006,848.1761842043873
32,48.5,883.5600414120696
32,48.6,875.9677607461593
32,48.7,898.3861905143559
32,48.800000000000004,845.7992937825629
32,48.900000000000006,795.6806742242858
32,49.0,704.5936595753298
32,49.1,664.3251872311149
32,49.2,748.7050078079695
32,49.300000000000004,750.3687412822525
32,49.400000000000006,779.3030160144812
32,49.5,776.6407829409354
32,49.6,871.5652495097304
32,49.7,731.3253631591874
32,49.800000000000004,562.7467037104519
32,49.900000000000006,783.5971317567203
32,50.0,817.5372741525869
32,50.1,851.6094037239296
32,50.2,858.2180949885852
32,50.300000000000004,755.8841474535228
32,50.400000000000006,744.5546071979079
32,50.5,922.3003290624762
32,50.6,739.7740340905286
32,50.7,528.2746504447304
32,50.800000000000004,788.6218030035224
32,50.900000000000006,801.3296722824576
32,51.0,851.2383671889704
32,51.1,729.1862549872402
32,51.2,656.0304752393931
32,51.300000000000004,748.2017118799338
32,51.400000000000006,786.2058130982012
32,51.5,728.9585565666913
32,51.6,849.9995801426176
32,51.7,833.4839319397594
32,51.800000000000004,842.9116630270156
32,51.900000000000006,736.1352535662359
32,52.0,517.6992014938353
32,52.1,776.8046603019508
32,52.2,783.3952061729267
32,52.300000000000004,778.5924440826046
32,52.400000000000006,820.0356350464253
32,52.5,808.7881335868043
32,52.6,880.0118837067586
32,52.7,875.180032552672
32,52.800000000000004,813.2148036672173
32,52.900000000000006,768.5462785800564
32,53.0,755.859572576234
32,53.1,735.8035761266867
32,53.2,817.8356064364771
32,53.300000000000004,845.8774453203221
32,53.400000000000006,846.8701781308281
32,53.5,788.2905118354121
32,53.6,731.7545598758228
32,53.7,686.3360437350351
32,53.800000000000004,436.1445839648488
32,53.900000000000006,733.9913313091099
32,54.0,793.4361287558761
32,54.1,729.2645130221002
32,54.2,753.8926602932828
32,54.300000000000004,696.5994232324948
32,54.400000000000006,767.8900826888532
32,54.5,659.5499417925382
32,54.6,825.791689440017
32,54.7,801.3570741576494
32,54.800000000000004,775.5168619587887
32,54.900000000000006,824.6900461936099
32,55.0,768.1668986216064
32,55.1,727.8643366010715
32,55.2,741.8684811781679
32,55.300000000000004,728.3917535432525
32,55.400000000000006,720.9388390772547
32,55.5,873.3387674449076
32,55.6,815.8905891517953
32,55.7,777.7292310465849
32,55.800000000000004,775.6316694397949
32,55.900000000000006,726.9824265398041
32,56.0,736.0598458260292
32,56.1,470.3024110346939
32,56.2,589.1934142268477
32,56.300000000000004,737.4361356791777
32,56.400000000000006,484.1681505756102
32,56.5,767.4423374697265
32,56.6,671.0168115417904
32,56.7,464.0562697650579
32,56.800000000000004,689.6721216091427
32,56.900000000000006,587.1443211408936
32,57.0,763.2524538261781
32,57.1,725.228098021691
32,57.2,823.8160942972908
32,57.300000000000004,770.3613971704681
32,57.400000000000006,875.5285359892583
32,57.5,732.6917679107873
32,57.6,766.4146407703694
32,57.7,666.322085175598
32,57.800000000000004,557.3080846579837
32,57.900000000000006,665.6973620790864
32,58.0,488.6485658854893
32,58.1,796.7295072155873
32,58.2,869.0328396213338
32,58.300000000000004,876.128019386899
32,58.400000000000006,777.5150425462779
32,58.5,776.7163419505931
32,58.6,741.5781159945193
32,58.7,662.4004888878264
32,58.800000000000004,588.721950187619
32,58.900000000000006,727.6248971887013
32,59.0,661.4596989648724
32,59.1,650.5792210174246
32,59.2,736.4256527759896
32,59.300000000000004,491.04452577027513
32,59.400000000000006,502.8272057942803
32,59.5,823.0281302393714
32,59.6,630.1360173509484
32,59.7,565.2493336776051
32,59.800000000000004,709.3194853434396
32,59.900000000000006,833.6018292467318
32,60.0,787.1770655257353
32,60.1,727.8423473595967
32,60.2,828.7873054576514
32,60.300000000000004,720.5647303718874
32,60.400000000000006,838.8819118880377
32,60.5,820.1949435862995
32,60.6,787.4507999547385
32,60.7,807.6392751875927
32,60.800000000000004,448.343520764719
32,60.900000000000006,825.3198503998126
32,61.0,826.6449141314525
32,61.1,944.1376674958256
32,61.2,897.1269123923743
32,61.300000000000004,770.5065247029708
32,61.400000000000006,839.6009475751391
32,61.5,923.1477029541754
32,61.6,814.5028523670675
32,61.7,845.8086920097862
32,61.800000000000004,828.365033214651
32,61.900000000000006,842.2897772203677
32,62.0,814.4378284509559
32,62.1,879.6847835800993
32,62.2,796.9163740111683
32,62.300000000000004,823.101468944389
32,62.400000000000006,848.7087157189791
32,62.5,793.3674689367824
32,62.6,751.3034711945147
32,62.7,913.0206642795846
32,62.800000000000004,788.7283378860265
32,62.900000000000006,809.4073137173203
32,63.0,879.3132708029422
32,63.1,791.7745883533445
32,63.2,771.1251006832433
32,63.300000000000004,847.2223499321066
32,63.400000000000006,880.1771459519709
32,63.5,851.4658341142143
32,63.6,815.0262649607797
32,63.7,802.6543183620678
32,63.800000000000004,825.5243869742643
32,63.900000000000006,909.0060211261825
32,64.0,781.6023650451143
32,64.10000000000001,941.4639467922246
32,64.2,691.5336454769978
32,64.3,909.8482753006465
32,64.4,916.4606968056146
32,64.5,899.9533563799487
32,64.60000000000001,792.7912205468398
32,64.7,830.3081736275476
32,64.8,927.849740691486
32,64.9,691.1889248484713
32,65.0,753.3889276901824
32,65.10000000000001,853.4335924988831
32,65.2,922.3169688710077
32,65.3,929.0526921229757
32,65.4,859.734957203179
32,65.5,869.0387290877192
32,65.60000000000001,834.7135918098629
32,65.7,721.4311394658764
32,65.8,848.8129225471419
32,65.9,826.6769705230156
32,66.0,835.6346152103152
32,66.10000000000001,897.4751022390727
32,66.2,873.6198639451108
32,66.3,827.492894206038
32,66.4,892.4693575361432
32,66.5,821.7517039913315
32,66.60000000000001,817.3287649728658
32,66.7,814.7846044242643
32,66.8,800.1457657800613
32,66.9,755.8461744557118
32,67.0,762.2280986795558
32,67.10000000000001,799.6545624034032
32,67.2,860.2616385795997
32,67.3,890.1634426978004
32,67.4,865.6216527198252
32,67.5,807.864375345442
32,67.60000000000001,799.0493819544614
32,67.7,854.0412261183841
32,67.8,774.0726740840312
32,67.9,871.7511691167813
32,68.0,780.230535089558
32,68.10000000000001,806.1191280607305
32,68.2,770.3242219860253
32,68.3,809.9187442317116
32,68.4,816.383443014728
32,68.5,899.2696943648588
32,68.60000000000001,851.783005061477
32,68.7,950.3652627400849
32,68.8,964.6086756676924
32,68.9,873.1989714843786
32,69.0,911.4002128439499
32,69.10000000000001,746.6558054303229
32,69.2,631.8794784064918
32,69.3,386.83172372663256
32,69.4,637.4245083450026
32,69.5,706.7601752587375
32,69.60000000000001,823.7970996381262
32,69.7,457.48302693650555
32,69.8,726.3188564520751
32,69.9,725.176177158019
32,70.0,458.25680229472533
32,70.10000000000001,742.2229994197037
32,70.2,736.0333828656493
32,70.3,724.2104064136277
32,70.4,786.9830522531063
32,70.5,764.6841939703397
32,70.60000000000001,888.9786898618987
32,70.7,849.452147061984
32,70.8,760.2318025379919
32,70.9,802.581279627697
32,71.0,753.542394854048
32,71.10000000000001,713.7860091642175
32,71.2,911.412251426201
32,71.3,829.9699075237438
32,71.4,871.2169296501488
32,71.5,916.0901637749512
32,71.60000000000001,810.3853181613453
32,71.7,854.3487705459798
32,71.8,842.9070207675059
32,71.9,880.5547259822365
32,72.0,835.5246995608604
32,72.10000000000001,889.7111887330983
32,72.2,781.7835078994233
32,72.3,743.1916523452016
32,72.4,808.1290469805897
32,72.5,887.2594706676797
32,72.60000000000001,804.0007884707395
32,72.7,841.1892013489372
32,72.8,838.7458835778807
32,72.9,872.5538649538813
32,73.0,675.8667565564274
32,73.10000000000001,784.5028245269739
32,73.2,839.4845179169588
32,73.3,815.5856617472695
32,73.4,520.211962869325
32,73.5,813.7185568880506
32,73.60000000000001,704.8892011048054
32,73.7,865.4539402889804
32,73.8,606.913389863551
32,73.9,779.222023665194
32,74.0,792.3916586273922
32,74.10000000000001,668.6566896977978
32,74.2,888.6237602440743
32,74.3,792.3172502451304
32,74.4,745.1359632506912
32,74.5,441.4549790663288
32,74.60000000000001,681.4039077228305
32,74.7,762.0070743280094
32,74.8,869.6924827036146
32,74.9,837.8111913781643
32,75.0,694.1669768137622
32,75.10000000000001,791.0249264549952
32,75.2,723.1198067078246
32,75.3,585.6321649306832
32,75.4,789.848203874492
32,75.5,929.2555199961923
32,75.60000000000001,826.2592953862217
32,75.7,774.2625152432714
32,75.8,770.419285787679
32,75.9,850.1339967675075
32,76.0,787.2283594016127
32,76.10000000000001,752.1323479440393
32,76.2,727.7107952973198
32,76.3,758.6420120895198
32,76.4,753.6499715975697
32,76.5,791.9809194566228
32,76.60000000000001,816.3809072677917
32,76.7,823.1589662476987
32,76.80000000000001,813.2641726603367
32,76.9,797.7132919339961
32,77.0,916.4787102291807
32,77.10000000000001,904.6288640544976
32,77.2,852.9886154323241
32,77.30000000000001,783.0496438490641
32,77.4,846.6428166807519
32,77.5,742.0991418461003
32,77.60000000000001,544.1180598360545
32,77.7,706.0383055279462
32,77.80000000000001,769.7709497187843
32,77.9,768.4181819304607
32,78.0,837.5941721021957
32,78.10000000000001,838.8029674694654
32,78.2,799.9363270243027
32,78.30000000000001,756.0395180746057
32,78.4,801.0298814086975
32,78.5,878.5271804264299
32,78.60000000000001,886.3594927941708
32,78.7,734.0099469820539
32,78.80000000000001,759.8856001991446
32,78.9,825.8932855193714
32,79.0,860.8405790737312
32,79.10000000000001,817.8795789189714
32,79.2,761.5487681270422
32,79.30000000000001,783.5011596630952
32,79.4,809.7826087039579
32,79.5,808.238615025845
32,79.60000000000001,671.9869474423067
32,79.7,735.3579001455132
32,79.80000000000001,722.9196946306373
32,79.9,703.7890525839517
32,80.0,764.2770841451833
32,80.10000000000001,798.7363427507041
32,80.2,755.191956036614
32,80.30000000000001,723.8093493069644
32,80.4,789.0581156190673
32,80.5,814.2322805948179
32,80.60000000000001,790.8438401952218
32,80.7,634.568139517523
32,80.80000000000001,731.2243432038945
32,80.9,827.3345858962281
32,81.0,832.729203770997
32,81.10000000000001,868.6549188435343
32,81.2,842.8394462602183
32,81.30000000000001,832.6091342639581
32,81.4,844.6541855166502
32,81.5,836.9666451520845
32,81.60000000000001,836.6828726132657
32,81.7,817.9362119044044
32,81.80000000000001,766.8064236552667
32,81.9,793.9241999644823
32,82.0,795.8059867726406
32,82.10000000000001,786.8722101078876
32,82.2,812.318415529204
32,82.30000000000001,768.449935233679
32,82.4,780.8543647710435
32,82.5,806.4837147287708
32,82.60000000000001,729.4956689413225
32,82.7,701.8312877424715
32,82.80000000000001,674.4664658563631
32,82.9,552.6752327206109
32,83.0,676.3351794709922
32,83.10000000000001,740.8085905482806
32,83.2,659.8962127264165
32,83.30000000000001,632.0120227998609
32,83.4,714.3202894438664
32,83.5,668.4659134396627
32,83.60000000000001,646.4558137623935
32,83.7,743.9182180105072
32,83.80000000000001,696.6311720029781
32,83.9,621.2887996283916
32,84.0,707.6769885576562
32,84.10000000000001,736.9493713135291
32,84.2,684.4372333071896
32,84.30000000000001,744.5200163084093
32,84.4,596.139309144682
32,84.5,596.4591418477203
32,84.60000000000001,780.3548604140789
32,84.7,793.4464328761721
32,84.80000000000001,776.702109732059
32,84.9,537.4414025923429
32,85.0,461.7640567527401
32,85.10000000000001,715.4446278313292
32,85.2,765.6247735430767
32,85.30000000000001,703.3406894400961
32,85.4,782.506218649586
32,85.5,717.487877945769
32,85.60000000000001,569.8581083904063
32,85.7,670.1080131572351
32,85.80000000000001,795.3443591159264
32,85.9,839.4605243212087
32,86.0,663.2612061712483
32,86.10000000000001,528.5648087621904
32,86.2,718.9953291343778
32,86.30000000000001,770.9758269595968
32,86.4,712.8885628815948
32,86.5,744.1038112013722
32,86.60000000000001,771.6050369026927
32,86.7,794.5626898188657
32,86.80000000000001,655.5420786410538
32,86.9,621.3379034630127
32,87.0,810.9506812963232
32,87.10000000000001,708.9740734673298
32,87.2,646.7426402781697
32,87.30000000000001,681.7114640030126
32,87.4,739.0974788990682
32,87.5,783.6933118204346
32,87.60000000000001,693.9303954305004
32,87.7,697.9933029923736
32,87.80000000000001,758.4141725432331
32,87.9,706.9515736710059
32,88.0,677.2251429279333
32,88.10000000000001,612.5145464050396
32,88.2,717.7856658584833
32,88.30000000000001,757.0489087785883
32,88.4,593.0238113656827
32,88.5,466.12848549621594
32,88.60000000000001,739.4428837416771
32,88.7,858.2173365173809
32,88.80000000000001,826.8621935363244
32,88.9,725.2066418807414
32,89.0,652.7246953893731
32,89.10000000000001,598.9705117451432
32,89.2,659.9672420248952
32,89.30000000000001,757.9472523412996
32,89.4,777.1739929387439
32,89.5,852.2545411016999
32,89.60000000000001,811.2425556498831
32,89.7,723.8364228423878
32,89.80000000000001,758.9981002768252
32,89.9,652.0219975006071
32,90.0,578.590425868793
32,90.10000000000001,719.7164234461021
32,90.2,712.6738579755886
32,90.30000000000001,794.4095219062261
32,90.4,764.8894530577514
32,90.5,652.365364478633
32,90.60000000000001,682.7643270548826
32,90.7,658.8574525618606
32,90.80000000000001,761.1350667684892
32,90.9,825.7574622396306
32,91.0,731.7415906747601
32,91.10000000000001,741.3472806532409
32,91.2,648.8931403274547
32,91.30000000000001,643.4089838268403
32,91.4,574.9127691646576
32,91.5,693.8649578345256
32,91.60000000000001,727.3214033805231
32,91.7,722.2582844402651
32,91.80000000000001,780.4116639132873
32,91.9,743.5169046561299
32,92.0,702.6474324997141
32,92.10000000000001,500.03572127854295
32,92.2,548.6851977253162
32,92.30000000000001,770.5585481421456
32,92.4,748.0664278676468
32,92.5,713.3264235326459
32,92.60000000000001,723.527185944459
32,92.7,663.257769841925
32,92.80000000000001,504.98300703608925
32,92.9,823.3026925232774
32,93.0,754.5396485173636
32,93.10000000000001,514.46190286734
32,93.2,694.9579487195404
32,93.30000000000001,801.42193177345
32,93.4,824.922975171707
32,93.5,783.6548755548461
32,93.60000000000001,785.2817767891554
32,93.7,729.0521451420831
32,93.80000000000001,621.2705887619568
32,93.9,614.1114195470217
32,94.0,557.9362810719118
32,94.10000000000001,450.5694331314063
32,94.2,614.0730122283912
32,94.30000000000001,481.2594310130764
32,94.4,775.0394598355698
32,94.5,762.3724219058963
32,94.60000000000001,496.09333236639696
32,94.7,734.4479689254712
32,94.80000000000001,765.3153766691935
32,94.9,784.0010287737969
32,95.0,767.4119491382083
32,95.10000000000001,379.93651869444335
32,95.2,646.1615237313883
32,95.30000000000001,724.3981010869369
32,95.4,712.4180296613328
32,95.5,840.7226259667113
32,95.60000000000001,778.7312703253587
32,95.7,813.3539477936472
32,95.80000000000001,881.6438807783119
32,95.9,790.9858447871309
32,96.0,600.0087660443254
32,96.10000000000001,772.8517278342181
32,96.2,830.2358258596824
32,96.30000000000001,822.0420414325039
32,96.4,720.4997752266216
32,96.5,674.2403797325113
32,96.60000000000001,536.0009683757055
32,96.7,725.7197669051511
32,96.80000000000001,523.3625027416855
32,96.9,832.8304620617928
32,97.0,689.4962245231997
32,97.10000000000001,829.5877282668393
32,97.2,697.4972768154607
32,97.30000000000001,683.2168501059073
32,97.4,773.164306192621
32,97.5,856.1122019962881
32,97.60000000000001,834.7194067062408
32,97.7,759.7349106520552
32,97.80000000000001,771.8078497402964
32,97.9,797.6136421478445
32,98.0,791.3399869586245
32,98.10000000000001,751.1494637725725
32,98.2,509.6679395266174
32,98.30000000000001,874.6251696132279
32,98.4,839.678574956874
32,98.5,803.957961784426
32,98.60000000000001,552.0015612599708
32,98.7,785.1978217074047
32,98.80000000000001,846.303928446674
32,98.9,710.7270623506897
32,99.0,880.0770437494342
32,99.10000000000001,776.8622324645457
32,99.2,881.6892152173687
32,99.30000000000001,635.6931706262355
32,99.4,469.4558613374422
32,99.5,858.2732993617371
32,99.60000000000001,844.6233445664216
32,99.7,762.9957820335504
32,99.80000000000001,819.8248198866335
32,99.9,771.2135124274156
32,100.0,659.970928514925
32,100.10000000000001,745.8739869862121
32,100.2,653.0226765612831
32,100.30000000000001,780.3779603767998
32,100.4,738.0535823786689
32,100.5,815.1883031738241
32,100.60000000000001,726.4599742229178
32,100.7,697.3484452066392
32,100.80000000000001,840.5522620450014
32,100.9,729.415485425101
32,101.0,840.12280106164
32,101.10000000000001,832.9724612818486
32,101.2,869.0648874106611
32,101.30000000000001,856.2062250512234
32,101.4,854.7674433983673
32,101.5,714.4254110696044
32,101.60000000000001,545.8522296921304
32,101.7,876.7767132239582
32,101.80000000000001,695.3040117322042
32,101.9,786.8527483759086
32,102.0,814.6681413173995
32,102.10000000000001,865.8882147707976
32,102.2,799.997778907179
32,102.30000000000001,304.2223943309012
32,102.4,704.2442327310997
32,102.5,823.2669576856731
32,102.60000000000001,803.9393699301747
32,102.7,839.720437613017
32,102.80000000000001,738.9559345016785
32,102.9,811.3046770729494
32,103.0,721.342872651163
32,103.10000000000001,786.7028413587102
32,103.2,856.1730771790799
32,103.30000000000001,861.200476367473
32,103.4,620.2259277175617
32,103.5,837.6614451557263
32,103.60000000000001,652.6458410646469
32,103.7,747.8072043850043
32,103.80000000000001,844.0113314644952
32,103.9,794.8088291052554
32,104.0,777.9916093956776
32,104.10000000000001,649.1261817199032
32,104.2,840.953646583679
32,104.30000000000001,771.7674870535345
32,104.4,827.5791288380893
32,104.5,754.1695230698492
32,104.60000000000001,822.9600368563313
32,104.7,846.8809211290428
32,104.80000000000001,847.4763583628098
32,104.9,713.9416072310544
32,105.0,744.5902042537377
32,105.10000000000001,735.7664069726561
32,105.2,812.4215695280508
32,105.30000000000001,850.587591930654
32,105.4,592.1506327028462
32,105.5,696.4236525359739
32,105.60000000000001,434.37574795246366
32,105.7,701.6251337909418
32,105.80000000000001,462.84636323248225
32,105.9,735.4695018681781
32,106.0,840.29532023995
32,106.10000000000001,783.177119226024
32,106.2,752.7617884605024
32,106.30000000000001,799.250919927962
32,106.4,714.9032727907191
32,106.5,781.5456105612998
32,106.60000000000001,850.5859442588878
32,106.7,680.5062012407625
32,106.80000000000001,846.40336878501
32,106.9,862.2531663071725
32,107.0,749.2186536298873
32,107.10000000000001,746.8099216767768
32,107.2,564.3268658637134
32,107.30000000000001,785.2946164170563
32,107.4,766.3214697446732
32,107.5,775.9053796821767
32,107.60000000000001,819.0683635666342
32,107.7,809.626281893635
32,107.80000000000001,895.6646868763314
32,107.9,607.7037222461583
32,108.0,814.7481147216848
32,108.10000000000001,878.8837704294696
32,108.2,818.4428689657451
32,108.30000000000001,869.44348566161
32,108.4,841.5748961347679
32,108.5,419.30973651721666
32,108.60000000000001,751.8006756346597
32,108.7,706.3076232311903
32,108.80000000000001,585.0299003766605
32,108.9,831.6902070975028
32,109.0,563.8299142522291
32,109.10000000000001,637.724647378384
32,109.2,542.7106994997813
32,109.30000000000001,657.917446388751
32,109.4,583.3896159921217
32,109.5,728.9464725769757
32,109.60000000000001,829.8550721238403
32,109.7,633.437893811682
32,109.80000000000001,800.2259184073157
32,109.9,834.9301039278595
32,110.0,853.3702522853922
32,110.10000000000001,793.9615203490796
32,110.2,619.1004243306036
32,110.30000000000001,739.357970962654
32,110.4,796.3913760342782
32,110.5,820.4641448849965
32,110.60000000000001,696.0586808105359
32,110.7,739.0956480259629
32,110.80000000000001,736.6013944847693
32,110.9,827.5863406901716
32,111.0,747.591987372173
32,111.10000000000001,584.2893063504624
32,111.2,796.1597542518228
32,111.30000000000001,776.3441538379313
32,111.4,624.7714055600329
32,111.5,502.3576739257058
32,111.60000000000001,648.657059593101
32,111.7,682.053385332488
32,111.80000000000001,532.1717369152196
32,111.9,642.6897786599129
32,112.0,610.1442335082512
32,112.10000000000001,440.2349454929061
32,112.2,688.3344013956134
32,112.30000000000001,820.7910343235891
32,112.4,791.8678039508545
32,112.5,709.7107052698177
32,112.60000000000001,610.2752758380398
32,112.7,708.5849296871937
32,112.80000000000001,744.768144207131
32,112.9,462.06297821683734
32,113.0,711.094968493526
32,113.10000000000001,651.7917151460897
32,113.2,741.1416414707487
32,113.30000000000001,787.3396189601036
32,113.4,818.2962459477458
32,113.5,789.7380712696469
32,113.60000000000001,815.6804656622437
32,113.7,644.9213064565694
32,113.80000000000001,721.1812105033474
32,113.9,827.3782201451044
32,114.0,753.8945679837623
32,114.10000000000001,772.9842477460897
32,114.2,827.1036413601051
32,114.30000000000001,715.3829423411712
32,114.4,767.5031297539596
32,114.5,747.6294517992384
32,114.60000000000001,805.3728473124495
32,114.7,787.6327797276733
32,114.80000000000001,794.1876009752494
32,114.9,805.6402463221485
32,115.0,728.462616835052
32,115.10000000000001,798.592998440045
32,115.2,878.8116694463912
32,115.30000000000001,857.9380037433887
32,115.4,751.0773339344814
32,115.5,738.1645546277348
32,115.60000000000001,806.6596779219883
32,115.7,575.8927407247054
32,115.80000000000001,409.5063067972472
32,115.9,625.0779592012267
32,116.0,677.6169273033933
32,116.10000000000001,763.2189513072245
32,116.2,520.1205832188077
32,116.30000000000001,642.4776977549216
32,116.4,782.8728544473993
32,116.5,738.8812188953267
32,116.60000000000001,692.243654239075
32,116.7,735.6351950195263
32,116.80000000000001,803.4051109723018
32,116.9,835.4258841363488
32,117.0,842.7557272657968
32,117.10000000000001,722.6242067695408
32,117.2,533.5465173566304
32,117.30000000000001,694.3992855146189
32,117.4,852.5978613184927
32,117.5,852.2453496755381
32,117.60000000000001,564.8101204316735
32,117.7,609.140700798732
32,117.80000000000001,804.4738686356613
32,117.9,691.5964225005769
32,118.0,641.9462374045875
32,118.10000000000001,775.5609379007847
32,118.2,831.7625844534172
32,118.30000000000001,612.8242516063597
32,118.4,560.9217356002903
32,118.5,757.5454497268657
32,118.60000000000001,840.0233033426639
32,118.7,840.6235402170806
32,118.80000000000001,819.2694032265625
32,118.9,796.9123288164662
32,119.0,756.8938832914438
32,119.10000000000001,568.2264296475319
32,119.2,553.944378298502
32,119.30000000000001,674.2153279673075
32,119.4,716.7602558727766
32,119.5,798.5028937233749
32,119.60000000000001,773.6388836090435
32,119.7,771.152778710198
32,119.80000000000001,705.3456288153094
32,119.9,733.968424665169
32,120.0,879.7577466443673
32,120.10000000000001,636.0392178003167
32,120.2,610.4560344472811
32,120.30000000000001,813.7468821521439
32,120.4,833.6892452232668
32,120.5,660.8992437617172
32,120.60000000000001,521.9856275670222
32,120.7,725.1046314122331
32,120.80000000000001,802.1597284779326
32,120.9,810.2516952971592
32,121.0,774.0519834760361
32,121.10000000000001,685.7479765317485
32,121.2,708.5996641174661
32,121.30000000000001,616.7387759449317
32,121.4,574.1114185169297
32,121.5,676.200816250822
32,121.60000000000001,757.7107940021136
32,121.7,830.8954166104401
32,121.80000000000001,790.7168401371229
32,121.9,785.7423868067391
32,122.0,808.3494588464031
32,122.10000000000001,725.1141523069008
32,122.2,647.0905977694997
32,122.30000000000001,670.9429371389937
32,122.4,719.2034048351715
32,122.5,718.4410200261584
32,122.60000000000001,548.221644404665
32,122.7,547.4297577649917
32,122.80000000000001,786.4101269767599
32,122.9,757.80131182555
32,123.0,697.2573221173661
32,123.10000000000001,789.6079748763752
32,123.2,822.9913583407571
32,123.30000000000001,813.0083013204892
32,123.4,766.7243372307317
32,123.5,694.8511990566037
32,123.60000000000001,792.3120558577867
32,123.7,814.8270915451898
32,123.80000000000001,847.2604098715284
32,123.9,876.0356393089628
32,124.0,815.109843181071
32,124.10000000000001,625.4939255380139
32,124.2,480.4509054046473
32,124.30000000000001,809.1028639419654
32,124.4,817.9176739433611
32,124.5,816.5354119975988
32,124.60000000000001,826.0171542681288
32,124.7,833.6217101666577
32,124.80000000000001,847.7685873759015
32,124.9,848.645465123761
32,125.0,854.1690991544197
32,125.10000000000001,847.5882705080292
32,125.2,755.3627691412736
32,125.30000000000001,607.8886127121634
32,125.4,827.17065399363
32,125.5,794.9641101910328
32,125.60000000000001,865.6653186430167
32,125.7,784.0581532425949
32,125.80000000000001,665.1440326534722
32,125.9,816.9216874129288
32,126.0,825.8346048178076
32,126.10000000000001,786.2390039125049
32,126.2,785.6422521764837
32,126.30000000000001,756.94229382416
32,126.4,571.628986202883
32,126.5,757.597163632725
32,126.60000000000001,857.5459000123723
32,126.7,807.9472099270289
32,126.80000000000001,705.7647812924462
32,126.9,716.5305590005727
32,127.0,584.3126805199879
32,127.10000000000001,822.7432065860597
32,127.2,830.6527209554055
32,127.30000000000001,746.421943302041
32,127.4,530.1335114452329
32,127.5,716.6588336005603
32,127.60000000000001,556.1777050680403
32,127.7,797.1128812796006
32,127.80000000000001,710.829805923624
32,127.9,520.9156813694892
32,128.0,834.6256758352877
32,128.1,819.9804285614891
32,128.20000000000002,748.7853400627688
32,128.3,500.8963831207898
32,128.4,830.2114647848733
32,128.5,826.9093920917475
32,128.6,832.9747847852484
32,128.70000000000002,827.5526544761285
32,128.8,841.9452621255203
32,128.9,804.8239325693953
32,129.0,832.8396490031217
32,129.1,777.4861675785879
32,129.20000000000002,813.6029144194697
32,129.3,827.6917342635055
32,129.4,832.8819078230055
32,129.5,835.1783265913856
32,129.6,794.7901915351325
32,129.70000000000002,752.5593900628787
32,129.8,544.9632204943659
32,129.9,844.2586819471713
32,130.0,794.6766721146312
32,130.1,668.2324677764641
32,130.20000000000002,672.8550038346347
32,130.3,840.546700503785
32,130.4,850.7946143002895
32,130.5,841.6235358320139
32,130.6,791.4576697144684
32,130.70000000000002,822.7552554128006
32,130.8,820.2164324021428
32,130.9,828.9679717572226
32,131.0,726.4659778987104
32,131.1,838.7787110115919
32,131.20000000000002,831.264769994545
32,131.3,829.4138966184537
32,131.4,827.0642637378553
32,131.5,830.5679554617004
32,131.6,809.873930339373
32,131.70000000000002,830.0228478245514
32,131.8,851.8757232169905
32,131.9,847.8357602644213
32,132.0,846.9363260044116
32,132.1,814.9611740620048
32,132.20000000000002,825.2952550434004
32,132.3,801.8725043788554
32,132.4,865.0893785368704
32,132.5,828.899585238912
32,132.6,672.3712531461581
32,132.70000000000002,825.8106539163597
32,132.8,843.9846324815725
32,132.9,874.6082838976748
32,133.0,865.1646320954951
32,133.1,841.595508723058
32,133.20000000000002,831.6705130296073
32,133.3,861.8152672213698
32,133.4,857.3983274803984
32,133.5,830.7641837526157
32,133.6,856.519950435223
32,133.70000000000002,692.5644696133043
32,133.8,858.2470045095079
32,133.9,708.6057996969623
32,134.0,478.9263446811845
32,134.1,709.8654051694331
32,134.20000000000002,774.0394692551206
32,134.3,394.5208330628971
32,134.4,619.9905458404407
32,134.5,523.4562480054506
32,134.6,576.6404176291637
32,134.70000000000002,821.6250138739671
32,134.8,657.4039188145614
32,134.9,346.6671418622662
32,135.0,790.1233081218479
32,135.1,697.9657297674728
32,135.20000000000002,700.7459615035775
32,135.3,346.92879248622336
32,135.4,764.6497581542047
32,135.5,376.14758190628663
32,135.6,514.5454187005743
32,135.70000000000002,835.3440725828749
32,135.8,356.4043945411228
32,135.9,486.203835700486
32,136.0,689.1844680657667
32,136.1,716.1788572924289
32,136.20000000000002,667.6387039748718
32,136.3,721.9437209993367
32,136.4,740.1043290776273
32,136.5,588.5437714078789
32,136.6,497.6986947885911
32,136.70000000000002,822.6318057106388
32,136.8,723.1597989483824
32,136.9,575.197854934651
32,137.0,791.0513389175964
32,137.1,728.3137628829965
32,137.20000000000002,688.7554088556107
32,137.3,821.5507999449882
32,137.4,838.5500087663213
32,137.5,806.1426187318937
32,137.6,734.2691692482566
32,137.70000000000002,573.0448278455946
32,137.8,717.5912290383769
32,137.9,749.4785845735428
32,138.0,1080.71828665088
32,138.1,464.8194912916259
32,138.20000000000002,361.6393152346235
32,138.3,530.3450213262956
32,138.4,768.1276071602116
32,138.5,801.6557825680883
32,138.6,621.7485880697548
32,138.70000000000002,431.8134652827716
32,138.8,497.3992042620086
32,138.9,729.9057205950458
32,139.0,756.7266989069268
32,139.1,832.2725802760685
32,139.20000000000002,809.4664018811179
32,139.3,848.7165660290834
32,139.4,813.88791702573
32,139.5,825.2524702085993
32,139.6,485.15479046824703
32,139.70000000000002,665.390818847365
32,139.8,784.8019910328774
32,139.9,713.9137279236401
32,140.0,870.0408522100136
32,140.1,860.8848225149518
32,140.20000000000002,816.1125231298435
32,140.3,821.5983572383635
32,140.4,819.6656816396826
32,140.5,759.5845827432743
32,140.6,496.0914195623752
32,140.70000000000002,632.7964664492695
32,140.8,849.3550805929438
32,140.9,642.134783729438
32,141.0,830.6527020183731
32,141.1,695.776715535142
32,141.20000000000002,667.5094040365892
32,141.3,465.96937445114094
32,141.4,416.00485892765744
32,141.5,811.2332497623569
32,141.6,863.2498606721485
32,141.70000000000002,714.6233791229484
32,141.8,639.0894387153573
32,141.9,843.8850580101334
32,142.0,689.1387363799902
32,142.1,856.8786531751138
32,142.20000000000002,635.9150727264507
32,142.3,675.5709650665099
32,142.4,809.3891368629278
32,142.5,832.4875051477369
32,142.6,1023.7749131617132
32,142.70000000000002,738.6227406807546
32,142.8,752.0288176170333
32,142.9,767.5775637025503
32,143.0,682.7964625599463
32,143.1,862.9710466647404
32,143.20000000000002,500.67945071951283
32,143.3,741.1768584329966
32,143.4,749.541132047965
32,143.5,437.41299538334164
32,143.6,693.2946753840456
32,143.70000000000002,483.3062045278492
32,143.8,842.9743699321061
32,143.9,622.2163099616263
32,144.0,500.78428310652413
32,144.1,646.3114188015837
32,144.20000000000002,593.920538404471
32,144.3,608.9874202152258
32,144.4,724.0403739169371
32,144.5,355.6774736020812
32,144.6,497.9860391322639
32,144.70000000000002,556.8100237567007
32,144.8,690.4877356099108
32,144.9,471.28629421943464
32,145.0,713.234811800398
32,145.1,734.6658564354269
32,145.20000000000002,741.3966630330088
32,145.3,763.5538489992188
32,145.4,746.0189602069804
32,145.5,685.2309203589576
32,145.6,810.1650871197446
32,145.70000000000002,861.1792891557354
32,145.8,541.8472505193902
32,145.9,505.98826306345615
32,146.0,663.5006131774758
32,146.1,640.2551548382986
32,146.20000000000002,666.6831329847427
32,146.3,772.7388685284367
32,146.4,795.8931731027232
32,146.5,627.4820904367217
32,146.6,678.8695697633959
32,146.70000000000002,752.547519079033
32,146.8,658.7243393314546
32,146.9,751.6441477695015
32,147.0,729.5301825259743
32,147.1,716.9990684256287
32,147.20000000000002,866.8338760249037
32,147.3,687.0990515046948
32,147.4,703.7227242030533
32,147.5,809.3598400823463
32,147.6,840.2274001205476
32,147.70000000000002,696.6839259094826
32,147.8,546.8888742762463
32,147.9,710.0801823848806
32,148.0,653.9100540751101
32,148.1,592.2358007981362
32,148.20000000000002,755.0046998485094
32,148.3,739.1652378854741
32,148.4,729.6728691079327
32,148.5,691.3012570497365
32,148.6,582.9979200238685
32,148.70000000000002,705.0125255769163
32,148.8,781.2100744898177
32,148.9,709.2733747439027
32,149.0,744.7460674544852
32,149.1,740.9077858957636
32,149.20000000000002,660.5830818792871
32,149.3,833.8132604268504
32,149.4,866.7552630177171
32,149.5,720.6410037598554
32,149.6,736.2086369020859
32,149.70000000000002,779.4723975847585
32,149.8,746.8168106772579
32,149.9,711.8614339615791
32,150.0,761.2224927859417
32,150.1,566.8396049294222
32,150.20000000000002,783.386359497643
32,150.3,885.9455761988736
32,150.4,779.4234701933028
32,150.5,795.2019522238132
32,150.6,492.56936337923173
32,150.70000000000002,720.9557937508935
32,150.8,818.7323960316824
32,150.9,651.2033623176078
32,151.0,713.037153354077
32,151.1,533.9041569386629
32,151.20000000000002,658.6943260015578
32,151.3,691.5845868629237
32,151.4,635.3637657610111
32,151.5,654.8102003199024
32,151.6,762.659304480307
32,151.70000000000002,670.033937088911
32,151.8,653.8513669245435
32,151.9,814.0154417203813
32,152.0,829.5174599827493
32,152.1,821.8656278620043
32,152.20000000000002,834.1487753028431
32,152.3,765.4035796653668
32,152.4,699.2487791375756
32,152.5,784.6764602771841
32,152.6,751.0960713480196
32,152.70000000000002,715.2627656628017
32,152.8,748.1853352390356
32,152.9,679.8191593502096
32,153.0,741.260879792435
32,153.1,755.2239351287118
32,153.20000000000002,675.3676796978992
32,153.3,661.2093034758666
32,153.4,670.2552077307394
32,153.5,716.5724099695273
32,153.60000000000002,628.7968328881166
32,153.70000000000002,743.5611576495955
32,153.8,815.7206848849263
32,153.9,649.4048907169488
32,154.0,650.0964706667041
32,154.10000000000002,766.4652189105572
32,154.20000000000002,691.35735153831
32,154.3,663.5472888768285
32,154.4,782.9507784617965
32,154.5,746.6744107543617
32,154.60000000000002,759.0680753202453
32,154.70000000000002,811.1260370572229
32,154.8,797.6357123817079
32,154.9,752.9212302605309
32,155.0,792.8173054616414
32,155.10000000000002,715.1483163707827
32,155.20000000000002,655.8463020514454
32,155.3,687.6457821305648
32,155.4,701.3814935135613
32,155.5,642.037565818816
32,155.60000000000002,701.8955817824825
32,155.70000000000002,666.1651984313879
32,155.8,736.010462543506
32,155.9,842.7030236248248
32,156.0,867.8375729057714
32,156.10000000000002,642.1089702327488
32,156.20000000000002,729.2212051545562
32,156.3,786.9793315454286
32,156.4,696.6589369897006
32,156.5,679.1850606916794
32,156.60000000000002,733.440633563578
32,156.70000000000002,629.8601404022945
32,156.8,569.0560202695635
32,156.9,503.5286871400988
32,157.0,540.8274351905236
32,157.10000000000002,712.7361702693752
32,157.20000000000002,627.9770745909962
32,157.3,641.8218715555279
32,157.4,747.9127139817907
32,157.5,750.1708276741067
32,157.60000000000002,766.8555002982949
32,157.70000000000002,732.4723602398435
32,157.8,741.1413853712318
32,157.9,784.0344740985107
32,158.0,788.5400635818044
32,158.10000000000002,737.0031881898683
32,158.20000000000002,722.7290363423315
32,158.3,744.328250160224
32,158.4,714.1600627737297
32,158.5,567.8094061736159
32,158.60000000000002,648.6756203299831
32,158.70000000000002,786.8127472458897
32,158.8,785.4627112869936
32,158.9,745.4647262963246
32,159.0,668.2167414457366
32,159.10000000000002,635.2368016220669
32,159.20000000000002,667.3628809824571
32,159.3,729.7333478495436
32,159.4,738.3228788979
32,159.5,628.2874365048543
32,159.60000000000002,572.3423394418274
32,159.70000000000002,653.506746115309
32,159.8,629.3164603843007
32,159.9,439.00516090002503
32,160.0,368.88445779670946
32,160.10000000000002,478.0528481352463
32,160.20000000000002,544.2460083349611
32,160.3,644.9300836984127
32,160.4,768.5102984868421
32,160.5,598.679347208325
32,160.60000000000002,405.64997652405435
32,160.70000000000002,568.7187691459395
32,160.8,744.7414071874828
32,160.9,680.0403051091359
32,161.0,519.0051779898653
32,161.10000000000002,597.2096559803949
32,161.20000000000002,667.4082424265207
32,161.3,666.4496415723742
32,161.4,695.7955682691405
32,161.5,692.5645917865534
32,161.60000000000002,748.6887414245462
32,161.70000000000002,583.648241465894
32,161.8,534.5594926823956
32,161.9,697.8785960087356
32,162.0,719.2084575374711
32,162.10000000000002,744.1229663647349
32,162.20000000000002,778.5047893561194
32,162.3,783.4769972327226
32,162.4,743.7477618984718
32,162.5,685.6620626065555
32,162.60000000000002,583.3274905783703
32,162.70000000000002,623.9881094448846
32,162.8,708.9143460600212
32,162.9,695.2853952643139
32,163.0,749.685405501925
32,163.10000000000002,612.165461120971
32,163.20000000000002,666.0152330699186
32,163.3,793.085575746935
32,163.4,565.41052981132
32,163.5,572.7166678698726
32,163.60000000000002,643.5115191167909
32,163.70000000000002,652.245317612586
32,163.8,773.049240935814
32,163.9,674.285453268374
32,164.0,509.46333617736053
32,164.10000000000002,539.2843826438842
32,164.20000000000002,725.8158952872418
32,164.3,819.5106537241387
32,164.4,819.8879913292341
32,164.5,849.3609775058434
32,164.60000000000002,826.3158082948114
32,164.70000000000002,743.8083096131508
32,164.8,761.0605650063674
32,164.9,707.3707063378985
32,165.0,503.94765429745667
32,165.10000000000002,485.6566286388456
32,165.20000000000002,629.6830593423199
32,165.3,794.5192896149771
32,165.4,776.1579595093668
32,165.5,768.1762520658499
32,165.60000000000002,806.3951758636462
32,165.70000000000002,736.8131640574468
32,165.8,760.9437178879646
32,165.9,763.1275768980009
32,166.0,724.3591070404951
32,166.10000000000002,752.8613423866292
32,166.20000000000002,646.377852355026
32,166.3,614.7190817441177
32,166.4,682.9224911010526
32,166.5,623.4122480188136
32,166.60000000000002,720.0959120953472
32,166.70000000000002,701.2180217515496
32,166.8,538.5785553722245
32,166.9,603.5745377702592
32,167.0,707.7638494505311
32,167.10000000000002,607.1187375114516
32,167.20000000000002,551.1856004831543
32,167.3,583.3586955873851
32,167.4,557.4700670383158
32,167.5,630.400377974049
32,167.60000000000002,744.5335682130792
32,167.70000000000002,725.6056406749087
32,167.8,707.8754396189797
32,167.9,603.6577657006237
32,168.0,545.0230534664834
32,168.10000000000002,699.6593813631845
32,168.20000000000002,656.0210646065466
32,168.3,737.1082607605007
32,168.4,702.0108383607377
32,168.5,547.0059227609931
32,168.60000000000002,578.5937383276657
32,168.70000000000002,638.8082686766567
32,168.8,629.099502663533
32,168.9,696.6363723213882
32,169.0,731.2938717403787
32,169.10000000000002,814.064828787514
32,169.20000000000002,882.873310863168
32,169.3,836.1876856089124
32,169.4,793.775987761488
32,169.5,783.4735238292651
32,169.60000000000002,637.1507956730414
32,169.70000000000002,509.27419446910045
32,169.8,567.0168406064798
32,169.9,512.7447880094504
32,170.0,740.3870468186789
32,170.10000000000002,736.517717330046
32,170.20000000000002,731.432562825677
32,170.3,716.9608683195947
32,170.4,671.2132473684246
32,170.5,738.0144676917907
32,170.60000000000002,787.1896287948097
32,170.70000000000002,772.9707003668785
32,170.8,711.1399821929749
32,170.9,609.3254174256248
32,171.0,532.2076101838263
32,171.10000000000002,525.8206374841731
32,171.20000000000002,528.0825742703722
32,171.3,661.6373272327255
32,171.4,725.8534180246128
32,171.5,709.4003165818253
32,171.60000000000002,679.549550289956
32,171.70000000000002,487.4444003481077
32,171.8,606.069553909952
32,171.9,547.3652389283999
32,172.0,708.1537765433204
32,172.10000000000002,831.7710912900473
32,172.20000000000002,540.2941500062234
32,172.3,578.0265495744092
32,172.4,673.79025091351
32,172.5,544.9060908350169
32,172.60000000000002,662.5128674474931
32,172.70000000000002,641.3539845002151
32,172.8,668.8493366153352
32,172.9,496.7371316132888
32,173.0,703.2545338082701
32,173.10000000000002,599.9552936943614
32,173.20000000000002,721.665695871175
32,173.3,652.2044011798305
32,173.4,651.9079715692616
32,173.5,646.3956904833949
32,173.60000000000002,814.5322325367551
32,173.70000000000002,748.9317409566372
32,173.8,621.4868864664882
32,173.9,735.026779423907
32,174.0,742.9955926503558
32,174.10000000000002,776.2368706985897
32,174.20000000000002,674.0132752511605
32,174.3,501.65453530404704
32,174.4,654.0358083092542
32,174.5,609.8646567165242
32,174.60000000000002,768.6413923923043
32,174.70000000000002,782.0791432763262
32,174.8,640.740571049254
32,174.9,759.9843132491475
32,175.0,662.5781480224051
32,175.10000000000002,621.4662208619424
32,175.20000000000002,585.6910422936124
32,175.3,716.0365402268905
32,175.4,783.201277945664
32,175.5,726.9468701007252
32,175.60000000000002,696.6042223126574
32,175.70000000000002,624.7558967373733
32,175.8,793.6262423537023
32,175.9,675.3823453648881
32,176.0,778.9105242278258
32,176.10000000000002,622.768801855842
32,176.20000000000002,561.8196514380338
32,176.3,501.12957660028167
32,176.4,716.6158240340166
32,176.5,653.6810794770937
32,176.60000000000002,775.287610492643
32,176.70000000000002,661.4331406602487
32,176.8,758.1639425486344
32,176.9,740.131154937139
32,177.0,755.4060732637035
32,177.10000000000002,629.779356114609
32,177.20000000000002,781.6386919473181
32,177.3,855.9791304638536
32,177.4,730.1553274929557
32,177.5,705.5578045101496
32,177.60000000000002,786.1338739486002
32,177.70000000000002,665.2963056528673
32,177.8,690.4546928007005
32,177.9,783.1596297166687
32,178.0,762.5258919687125
32,178.10000000000002,827.3735377228463
32,178.20000000000002,889.8415621474611
32,178.3,762.2751279711687
32,178.4,656.6665669230918
32,178.5,778.9280597964377
32,178.60000000000002,769.3079526819283
32,178.70000000000002,817.2774073365216
32,178.8,600.964899108448
32,178.9,568.2395312270653
32,179.0,664.0723499241217
32,179.10000000000002,527.3003821684832
32,179.20000000000002,683.8673096185797
32,179.3,628.459913680397
32,179.4,694.7580540293512
32,179.5,615.4231666571371
32,179.60000000000002,732.3174745823036
32,179.70000000000002,547.2309338523439
32,179.8,478.43800049269356
32,179.9,678.2124490705288
32,180.0,807.4875164397514
32,180.10000000000002,812.0021485533073
32,180.20000000000002,663.4675915103875
32,180.3,783.5947156791711
32,180.4,671.7557971030442
32,180.5,573.9497760349913
32,180.60000000000002,591.4927625236936
32,180.70000000000002,417.3066819523682
32,180.8,329.4522198804405
32,180.9,637.0912323329713
32,181.0,867.3862179735775
32,181.10000000000002,788.7781667291249
32,181.20000000000002,679.2013765904684
32,181.3,754.2082922189055
32,181.4,613.1695511442123
32,181.5,631.3754573766587
32,181.60000000000002,795.1602661127658
32,181.70000000000002,788.2361217898363
32,181.8,768.7898376225016
32,181.9,709.1314249702007
32,182.0,605.7482334893692
32,182.10000000000002,596.5184581147648
32,182.20000000000002,579.5586533479818
32,182.3,766.9239271254164
32,182.4,719.8643023983182
32,182.5,766.9036133607145
32,182.60000000000002,769.8009181118389
32,182.70000000000002,710.545956621999
32,182.8,454.4793131861219
32,182.9,654.8910926126559
32,183.0,795.2626399566414
32,183.10000000000002,778.1756332520519
32,183.20000000000002,773.0033213924614
32,183.3,680.4007219217801
32,183.4,725.2468549995375
32,183.5,626.497348756322
32,183.60000000000002,573.430923854932
32,183.70000000000002,547.1334865616889
32,183.8,707.7275481725447
32,183.9,782.5736425879007
32,184.0,806.8227350904566
32,184.10000000000002,756.6591964817682
32,184.20000000000002,715.2307527570575
32,184.3,912.8523089465554
32,184.4,776.2192425863228
32,184.5,483.64619619595777
32,184.60000000000002,722.8529068607713
32,184.70000000000002,462.03903355175703
32,184.8,775.9165290120245
32,184.9,741.6188554545708
32,185.0,629.7513603949548
32,185.10000000000002,797.5974584231083
32,185.20000000000002,630.739124388683
32,185.3,772.2702970706735
32,185.4,777.1939055170839
32,185.5,406.7275546945717
32,185.60000000000002,457.6696087605104
32,185.70000000000002,675.4288650986451
32,185.8,533.4211710478789
32,185.9,688.9023274850704
32,186.0,680.2043541893479
32,186.10000000000002,303.4057414579136
32,186.20000000000002,565.8730178987737
32,186.3,868.086742803543
32,186.4,706.7357678898969
32,186.5,337.5833567553918
32,186.60000000000002,810.4990589912105
32,186.70000000000002,844.4259990714016
32,186.8,607.0849296262938
32,186.9,531.0628185145351
32,187.0,734.3818218272971
32,187.10000000000002,450.40261136511276
32,187.20000000000002,766.8001183679237
32,187.3,763.2075925667951
32,187.4,560.5405563722265
32,187.5,533.5280609108138
32,187.60000000000002,578.2272249683866
32,187.70000000000002,440.17696455208807
32,187.8,704.6988414733793
32,187.9,751.0833534662539
32,188.0,651.2951122029659
32,188.10000000000002,455.41389461408994
32,188.20000000000002,469.761490329073
32,188.3,653.0219597919933
32,188.4,789.0297172418138
32,188.5,715.5085350814924
32,188.60000000000002,698.4030768528597
32,188.70000000000002,619.7446188109755
32,188.8,718.4070020324774
32,188.9,701.6462033844751
32,189.0,812.0181849032962
32,189.10000000000002,734.5067148143249
32,189.20000000000002,741.8852141531353
32,189.3,725.4337616168812
32,189.4,813.4170748871054
32,189.5,652.8566541455467
32,189.60000000000002,772.685566327184
32,189.70000000000002,819.2005977474832
32,189.8,725.9343429015734
32,189.9,833.0872874123368
32,190.0,810.2623010645622
32,190.10000000000002,791.0216144222208
32,190.20000000000002,618.8905319658745
32,190.3,708.9921067117219
32,190.4,802.8534916522219
32,190.5,575.136676557609
32,190.60000000000002,527.9136499477993
32,190.70000000000002,470.5245703893815
32,190.8,550.4788614790115
32,190.9,717.0886084160474
32,191.0,742.7999133461068
32,191.10000000000002,824.4872159740008
32,191.20000000000002,640.4661290430987
32,191.3,583.0489641614249
32,191.4,744.3016739714391
32,191.5,657.371653475016
32,191.60000000000002,783.6759403130241
32,191.70000000000002,561.8786019799538
32,191.8,355.0937310992358
32,191.9,567.9360756741603
32,192.0,754.8822952917972
32,192.10000000000002,651.4104199998679
32,192.20000000000002,806.1302392698428
32,192.3,806.9872713933789
32,192.4,781.1473423231847
32,192.5,690.4215914516924
32,192.60000000000002,632.3135086742851
32,192.70000000000002,421.15371362795247
32,192.8,648.3148190626766
32,192.9,749.5600475051451
32,193.0,708.1838916103637
32,193.10000000000002,606.3599776850739
32,193.20000000000002,722.8086181466787
32,193.3,703.243553149268
32,193.4,505.7505094968342
32,193.5,581.4024878252728
32,193.60000000000002,491.73073274112045
32,193.70000000000002,718.6918348868214
32,193.8,740.8537670949061
32,193.9,485.19300712750834
32,194.0,619.5663402473414
32,194.10000000000002,727.4245132362803
32,194.20000000000002,567.0468138006464
32,194.3,664.3019305504051
32,194.4,717.0260664603754
32,194.5,698.337917751702
32,194.60000000000002,666.9547403202563
32,194.70000000000002,695.3781857077306
32,194.8,505.18824668065724
32,194.9,633.0904315812941
32,195.0,675.2338632890575
32,195.10000000000002,691.8872859445404
32,195.20000000000002,682.9267409690658
32,195.3,547.8186922325486
32,195.4,609.3313782777086
32,195.5,468.6924823492138
32,195.60000000000002,622.7844864428309
32,195.70000000000002,754.0267742211583
32,195.8,750.7233961881454
32,195.9,792.0196303087203
32,196.0,557.6263252280214
32,196.10000000000002,699.2451238503257
32,196.20000000000002,606.6580270549415
32,196.3,649.3558633266917
32,196.4,653.8289671693649
32,196.5,397.1042237563007
32,196.60000000000002,547.0660759258029
32,196.70000000000002,673.5853557557997
32,196.8,738.6386827532108
32,196.9,578.2900933136871
32,197.0,576.9230123697931
32,197.10000000000002,639.8666182883712
32,197.20000000000002,566.4582374693244
32,197.3,722.3327734400963
32,197.4,819.7312612758091
32,197.5,807.2569750960638
32,197.60000000000002,528.8436812002986
32,197.70000000000002,373.2759552881343
32,197.8,666.2547345239897
32,197.9,792.648413161633
32,198.0,758.1604445512241
32,198.10000000000002,772.9509593735769
32,198.20000000000002,765.7382657331875
32,198.3,782.9925311399483
32,198.4,542.5313601747457
32,198.5,615.8696677342532
32,198.60000000000002,610.5041155089987
32,198.70000000000002,673.7790319691683
32,198.8,738.2487031126677
32,198.9,725.1234086838516
32,199.0,795.0401997008228
32,199.10000000000002,647.5732438192397
32,199.20000000000002,660.1356899106747
32,199.3,821.7728300136596
32,199.4,826.68050969514
32,199.5,671.5530598905104
32,199.60000000000002,604.4473336310123
32,199.70000000000002,732.7746795682353
32,199.8,736.6203782324702
32,199.9,644.042993396949
32,200.0,732.9020555955234
32,200.10000000000002,648.3878077075839
32,200.20000000000002,661.8264816302259
32,200.3,786.4181018352524
32,200.4,755.161095128508
32,200.5,808.8111144159853
32,200.60000000000002,648.6425229566224
32,200.70000000000002,645.6947574702672
32,200.8,677.734602981293
32,200.9,679.1282285597489
32,201.0,713.8251835045751
32,201.10000000000002,553.1265677044572
32,201.20000000000002,676.6371476260413
32,201.3,799.0673911628388
32,201.4,747.3410715076913
32,201.5,791.426409775063
32,201.60000000000002,774.971919811276
32,201.70000000000002,749.2015889919489
32,201.8,797.913780268399
32,201.9,822.9412915092933
32,202.0,714.4098
32,202.10000000000002,704.5330014355121
32,202.20000000000002,762.0374026583384
32,202.3,708.3864325064134
32,202.4,820.5359466852208
32,202.5,704.4257013897299
32,202.60000000000002,690.2206684380512
32,202.70000000000002,874.801056711881
32,202.8,735.9135487505278
32,202.9,618.5487236279984
32,203.0,745.1459684710546
32,203.10000000000002,755.3159174926368
32,203.20000000000002,659.7841638082006
32,203.3,698.2518379356482
32,203.4,726.0672804476887
32,203.5,734.7462288232492
32,203.60000000000002,744.3514616174673
32,203.70000000000002,842.7636739569461
32,203.8,839.3969874556574
32,203.9,834.3519069570392
32,204.0,821.7426117929106
32,204.10000000000002,639.5257975410397
32,204.20000000000002,610.9796684501729
32,204.3,828.0420854699584
32,204.4,853.3630671930755
32,204.5,820.8154841512562
32,204.60000000000002,789.5929732573175
32,204.70000000000002,779.6401607639281
32,204.8,653.5247259755813
32,204.9,688.4664875497973
32,205.0,744.4272831739089
32,205.10000000000002,714.4675763689763
32,205.20000000000002,640.0856230480553
32,205.3,584.1458531500028
32,205.4,724.3307478732463
32,205.5,836.7492152376325
32,205.60000000000002,816.6517931557904
32,205.70000000000002,746.0425557936358
32,205.8,673.1771414595637
32,205.9,788.7467201835206
32,206.0,687.7429010949749
32,206.10000000000002,595.123671099387
32,206.20000000000002,759.1129863744194
32,206.3,635.0683514454709
32,206.4,530.7282719484803
32,206.5,560.0230122911415
32,206.60000000000002,725.6266089099571
32,206.70000000000002,687.5910905586467
32,206.8,687.0534716882989
32,206.9,578.7714398046619
32,207.0,438.1654089259002
32,207.10000000000002,708.899295173192
32,207.20000000000002,773.6539939092851
32,207.3,738.2572033507332
32,207.4,843.2253075131317
32,207.5,818.1291574309031
32,207.60000000000002,784.9595750868301
32,207.70000000000002,828.0415217840325
32,207.8,796.4472699075508
32,207.9,653.0054038849088
32,208.0,516.3035190312407
32,208.10000000000002,775.8147807318135
32,208.20000000000002,771.1657219542631
32,208.3,685.7527218962259
32,208.4,654.4443817106
32,208.5,710.8652326276072
32,208.60000000000002,847.2084046452476
32,208.70000000000002,866.2552407011998
32,208.8,808.2114508974275
32,208.9,741.1068137615998
32,209.0,646.8759897880186
32,209.10000000000002,657.109447729532
32,209.20000000000002,708.3631759530273
32,209.3,816.2377841664097
32,209.4,739.825911857078
32,209.5,538.411231931564
32,209.60000000000002,676.6045229027872
32,209.70000000000002,668.026956360784
32,209.8,809.8920853049924
32,209.9,758.6848027554272
32,210.0,529.4287720838713
32,210.10000000000002,482.1210628661409
32,210.20000000000002,795.6176204153651
32,210.3,777.9365175390002
32,210.4,671.9394310212464
32,210.5,458.0363976295277
32,210.60000000000002,628.3209847480864
32,210.70000000000002,603.1783039016718
32,210.8,564.1902498115294
32,210.9,466.34936151977286
32,211.0,759.62912503097
32,211.10000000000002,784.5355450752677
32,211.20000000000002,699.1068546442169
32,211.3,724.2434628063221
32,211.4,731.6653988156494
32,211.5,699.6799439766168
32,211.60000000000002,453.39439334343865
32,211.70000000000002,734.0280307838137
32,211.8,630.4457640015677
32,211.9,835.4337363928673
32,212.0,725.4483333143023
32,212.10000000000002,644.891150957104
32,212.20000000000002,811.1578519136627
32,212.3,786.6893874615257
32,212.4,808.7614027906789
32,212.5,855.7675599060448
32,212.60000000000002,852.2977108009198
32,212.70000000000002,796.073152775061
32,212.8,702.6680304121771
32,212.9,769.0041384463706
32,213.0,817.7617018403155
32,213.10000000000002,716.6678063111714
32,213.20000000000002,769.4065905218577
32,213.3,826.8158319330133
32,213.4,868.5886133879571
32,213.5,814.3262592105546
32,213.60000000000002,743.4112114157164
32,213.70000000000002,455.6251761780429
32,213.8,611.0330397677376
32,213.9,820.2123370173606
32,214.0,773.4848141793623
32,214.10000000000002,797.2844556587644
32,214.20000000000002,827.171983497396
32,214.3,712.3460373584566
32,214.4,519.8592422465655
32,214.5,764.4336390516618
32,214.60000000000002,734.5543250777399
32,214.70000000000002,598.2145372508932
32,214.8,613.287675225503
32,214.9,499.9495260669037
32,215.0,766.9396989019838
32,215.10000000000002,581.9942415496303
32,215.20000000000002,782.7779297295693
32,215.3,578.9410522435511
32,215.4,713.1773276393675
32,215.5,595.9846111964742
32,215.60000000000002,654.3508353452157
32,215.70000000000002,598.5197923572994
32,215.8,656.1616557743055
32,215.9,370.40835815240126
32,216.0,452.95308722486897
32,216.10000000000002,793.9427888724125
32,216.20000000000002,728.5069418985089
32,216.3,633.8571716014977
32,216.4,633.9688919126214
32,216.5,767.0906407628686
32,216.60000000000002,556.1454586059618
32,216.70000000000002,779.194154599061
32,216.8,805.0934393221271
32,216.9,824.4796088088079
32,217.0,803.1858879011357
32,217.10000000000002,866.3609437991878
32,217.20000000000002,860.3362639585662
32,217.3,830.3889603459934
32,217.4,887.0731973029117
32,217.5,835.2767389282709
32,217.60000000000002,829.0233012654292
32,217.70000000000002,848.4180086767674
32,217.8,867.4894061261891
32,217.9,820.678324138345
32,218.0,869.990159458262
32,218.10000000000002,830.4463574513358
32,218.20000000000002,898.3328066666758
32,218.3,861.097818616858
32,218.4,850.8419161854297
32,218.5,831.6686492204952
32,218.60000000000002,835.7030630877708
32,218.70000000000002,710.0808975427043
32,218.8,820.2043184011411
32,218.9,752.2586598979412
32,219.0,876.4531715241189
32,219.10000000000002,800.6513950098354
32,219.20000000000002,833.9156447751029
32,219.3,865.335572798535
32,219.4,879.8226959756837
32,219.5,830.2131713895042
32,219.60000000000002,795.2274497069301
32,219.70000000000002,873.9955446029395
32,219.8,819.6845548850263
32,219.9,878.7564207530769
32,220.0,881.682071662012
32,220.10000000000002,858.2187477534626
32,220.20000000000002,516.377005169791
32,220.3,861.7715818647806
32,220.4,811.8128361150583
32,220.5,875.9841295561891
32,220.60000000000002,850.8002222841723
32,220.70000000000002,865.7161524108526
32,220.8,870.8816523828506
32,220.9,713.6876503488023
32,221.0,774.2045594123978
32,221.10000000000002,907.1454265138696
32,221.20000000000002,843.273956021743
32,221.3,843.9461053898964
32,221.4,891.1956183292363
32,221.5,855.1910621118752
32,221.60000000000002,881.3741228471362
32,221.70000000000002,836.2874790074337
32,221.8,843.7725133546566
32,221.9,831.6143450890679
32,222.0,757.2735278096808
32,222.10000000000002,454.1631507510351
32,222.20000000000002,848.4689082292265
32,222.3,760.337850821708
32,222.4,876.0190631929382
32,222.5,861.5352066058813
32,222.60000000000002,821.6236561112815
32,222.70000000000002,855.5857411264565
32,222.8,714.3417367845575
32,222.9,812.83747399559
32,223.0,846.9857757415463
32,223.10000000000002,867.1391971298383
32,223.20000000000002,823.3627174478349
32,223.3,838.4890098983648
32,223.4,872.031893636686
32,223.5,821.8533047561475
32,223.60000000000002,720.0775687176701
32,223.70000000000002,830.9271220394065
32,223.8,851.4195856974441
32,223.9,868.1158562938555
32,224.0,857.5576706031432
32,224.10000000000002,841.7409756764831
32,224.20000000000002,463.2156464953897
32,224.3,864.2980860686657
32,224.4,766.6661012725574
32,224.5,501.53468614812317
32,224.60000000000002,832.2437244284683
32,224.70000000000002,874.4593861951565
32,224.8,850.7627508069999
32,224.9,857.3174467283683
32,225.0,823.3997499952429
32,225.10000000000002,732.5107408677289
32,225.20000000000002,833.0088924865712
32,225.3,784.6061547645008
32,225.4,674.7340455470667
32,225.5,705.3694089253426
32,225.60000000000002,731.8905448776276
32,225.70000000000002,786.2132520569157
32,225.8,726.8842719106341
32,225.9,556.782934299872
32,226.0,740.0774053429514
32,226.10000000000002,774.3768607642054
32,226.20000000000002,860.8248472565241
32,226.3,845.6101691081147
32,226.4,752.9295018394618
32,226.5,798.1653787607795
32,226.60000000000002,806.5793841202299
32,226.70000000000002,863.2322453488183
32,226.8,763.4499482881939
32,226.9,765.649215182306
32,227.0,843.2362529371409
32,227.10000000000002,753.4001975781136
32,227.20000000000002,658.0037099447046
32,227.3,674.3142221482734
32,227.4,730.8636431679812
32,227.5,732.71438728796
32,227.60000000000002,770.0845182965076
32,227.70000000000002,525.5694235497022
32,227.8,597.3197011817359
32,227.9,666.127920623015
32,228.0,503.5128500814619
32,228.10000000000002,727.0019155627693
32,228.20000000000002,737.2788384846148
32,228.3,724.6347161441413
32,228.4,636.5571263207231
32,228.5,557.1227203480854
32,228.60000000000002,657.7585672355477
32,228.70000000000002,777.0716390895594
32,228.8,487.3980302046349
32,228.9,706.757132823771
32,229.0,625.4537201528175
32,229.10000000000002,500.8732007908766
32,229.20000000000002,692.6985479185071
32,229.3,781.075797664748
32,229.4,717.3277709007953
32,229.5,787.3435233328572
32,229.60000000000002,787.4518623812357
32,229.70000000000002,800.6350256697655
32,229.8,842.8365865528133
32,229.9,747.8129103813387
32,230.0,809.6542015264375
32,230.10000000000002,786.0265955970281
32,230.20000000000002,672.6971314001297
32,230.3,605.1977188971265
32,230.4,755.6465136935726
32,230.5,769.8075211760138
32,230.60000000000002,800.3719755942742
32,230.70000000000002,697.8018389708444
32,230.8,736.2302984924601
32,230.9,607.0615338084925
32,231.0,681.2032740351178
32,231.10000000000002,726.4945981416847
32,231.20000000000002,836.9545958157323
32,231.3,655.7459526091321
32,231.4,705.0543369783202
32,231.5,683.2713802100208
32,231.60000000000002,739.6069778742761
32,231.70000000000002,801.4767859750768
32,231.8,760.0970203120949
32,231.9,719.0420794272833
32,232.0,746.4500865263906
32,232.10000000000002,843.57464153607
32,232.20000000000002,837.7649492393394
32,232.3,763.1694818223497
32,232.4,747.1336586715464
32,232.5,690.9215197352905
32,232.60000000000002,629.122727690137
32,232.70000000000002,673.8527508585084
32,232.8,523.1320214942308
32,232.9,618.8358474886907
32,233.0,748.874608987308
32,233.10000000000002,758.5737838319973
32,233.20000000000002,517.934308402209
32,233.3,572.4478263247368
32,233.4,746.5738082716992
32,233.5,726.3871536919668
32,233.60000000000002,784.7778613867667
32,233.70000000000002,781.2412098759776
32,233.8,810.3316911489534
32,233.9,812.7862434094815
32,234.0,639.6750585561441
32,234.10000000000002,716.1738214325695
32,234.20000000000002,784.7712924201256
32,234.3,815.1202206810414
32,234.4,870.2013995969457
32,234.5,586.8197803570922
32,234.60000000000002,613.3038458976101
32,234.70000000000002,774.9690145936314
32,234.8,718.0800298352062
32,234.9,668.5899100190812
32,235.0,756.8702183218037
32,235.10000000000002,784.6205627317338
32,235.20000000000002,794.7039500305061
32,235.3,666.8343114927934
32,235.4,648.6108577264583
32,235.5,574.7192833207885
32,235.60000000000002,557.9309568453369
32,235.70000000000002,725.7184177962148
32,235.8,751.6000184286239
32,235.9,728.3595077625324
32,236.0,563.6930888817951
32,236.10000000000002,540.2377911069271
32,236.20000000000002,702.8429826870777
32,236.3,634.7041292013225
32,236.4,636.936045962068
32,236.5,658.4950767614542
32,236.60000000000002,682.6570941828423
32,236.70000000000002,590.0423301432095
32,236.8,454.53881231534
32,236.9,631.954556224556
32,237.0,713.2745355305823
32,237.10000000000002,698.9076471588476
32,237.20000000000002,602.1064318008465
32,237.3,653.6635159808749
32,237.4,589.069157822881
32,237.5,533.1021862420303
32,237.60000000000002,759.3388025426368
32,237.70000000000002,826.8955113984704
32,237.8,744.528852628656
32,237.9,663.1765707526372
32,238.0,547.358814592019
32,238.10000000000002,635.9903772592367
32,238.20000000000002,851.3926292002553
32,238.3,840.8869597130029
32,238.4,699.6678002182025
32,238.5,702.4564327414463
32,238.60000000000002,616.5977688902037
32,238.70000000000002,619.3267303564327
32,238.8,836.1742818073969
32,238.9,824.8675097129634
32,239.0,612.6099003079869
32,239.10000000000002,481.75187023609544
32,239.20000000000002,602.0506945453121
32,239.3,675.001732257321
32,239.4,765.2421323033757
32,239.5,760.8428218267582
32,239.60000000000002,765.8783363896606
32,239.70000000000002,778.4451675020217
32,239.8,740.9389294815655
32,239.9,644.4412075312399
32,240.0,513.1356562142666
32,240.10000000000002,704.8711253437466
32,240.20000000000002,690.6021140731403
32,240.3,631.9398748405501
32,240.4,843.992927877849
32,240.5,780.929875618228
32,240.60000000000002,644.6507192671501
32,240.70000000000002,664.9221059229297
32,240.8,803.203753885877
32,240.9,789.506728076699
32,241.0,629.917252484199
32,241.10000000000002,502.2658348264532
32,241.20000000000002,757.605744466498
32,241.3,775.1635781438798
32,241.4,765.524081378898
32,241.5,911.2388114746287
32,241.60000000000002,897.1622321595485
32,241.70000000000002,830.5798060538247
32,241.8,695.9302815745261
32,241.9,701.1467039704054
32,242.0,826.8012565040176
32,242.10000000000002,821.8886310827677
32,242.20000000000002,798.2311350776525
32,242.3,808.8012049877678
32,242.4,821.4998377313731
32,242.5,828.4047707752158
32,242.60000000000002,838.8220992760113
32,242.70000000000002,766.4413322955537
32,242.8,689.011333924055
32,242.9,848.2075083734603
32,243.0,702.8798476343414
32,243.10000000000002,418.71610765660324
32,243.20000000000002,527.9242635153006
32,243.3,659.6198932611002
32,243.4,622.6454319415693
32,243.5,825.6009022390157
32,243.60000000000002,715.2720853946194
32,243.70000000000002,663.4772081682665
32,243.8,810.1081735645342
32,243.9,792.5485184012837
32,244.0,713.1234440873791
32,244.10000000000002,793.1978631147579
32,244.20000000000002,835.4718601172058
32,244.3,816.1355718624591
32,244.4,789.1124175787114
32,244.5,691.2200712106016
32,244.60000000000002,474.0526784316169
32,244.70000000000002,467.19431274624634
32,244.8,564.9730846560185
32,244.9,599.6136223676273
32,245.0,654.5710376020448
32,245.10000000000002,872.4921019975567
32,245.20000000000002,836.7551126709831
32,245.3,785.9858482049638
32,245.4,843.8655070089286
32,245.5,776.494145649802
32,245.60000000000002,684.8969900007409
32,245.70000000000002,670.5110421512431
32,245.8,683.9618959942295
32,245.9,765.607804177189
32,246.0,656.2936403245277
32,246.10000000000002,607.4167449047546
32,246.20000000000002,552.2747120577292
32,246.3,807.720739177256
32,246.4,799.4343385528987
32,246.5,716.9330944680698
32,246.60000000000002,714.9660698640837
32,246.70000000000002,672.0707473816617
32,246.8,651.843595493404
32,246.9,855.3560007775792
32,247.0,840.2494782616982
32,247.10000000000002,833.6036127794702
32,247.20000000000002,752.7309592336946
32,247.3,537.923512685083
32,247.4,741.3880678543028
32,247.5,840.4527215997383
32,247.60000000000002,763.1711850318981
32,247.70000000000002,731.8396526036931
32,247.8,598.643723099223
32,247.9,572.0661501403301
32,248.0,796.3343871102851
32,248.10000000000002,827.3438432988388
32,248.20000000000002,743.4297940483881
32,248.3,510.70792218456893
32,248.4,791.5749456942971
32,248.5,840.4921110121118
32,248.60000000000002,863.1901153051639
32,248.70000000000002,688.6334814840479
32,248.8,483.07156293990505
32,248.9,657.5314676993221
32,249.0,574.8206889946447
32,249.10000000000002,756.5452390963313
32,249.20000000000002,560.4066942613155
32,249.3,801.297287725922
32,249.4,777.1218122278284
32,249.5,637.3607376602504
32,249.60000000000002,730.1457828939886
32,249.70000000000002,740.3140698613946
32,249.8,485.1169814041016
32,249.9,629.2050959475868
32,250.0,603.4632137204172
32,250.10000000000002,596.5804863334857
32,250.20000000000002,725.9324202173117
32,250.3,653.1121251679534
32,250.4,627.5009020445228
32,250.5,686.8216904244999
32,250.60000000000002,785.5111919322893
32,250.70000000000002,567.7488894708349
32,250.8,781.0147066441446
32,250.9,759.4293903114649
32,251.0,729.3981556021986
32,251.10000000000002,832.6967567559927
32,251.20000000000002,809.7517712452028
32,251.3,517.1750312068021
32,251.4,571.194831147608
32,251.5,804.8629966555741
32,251.60000000000002,459.5327307681347
32,251.70000000000002,871.7377882623564
32,251.8,820.9050353410324
32,251.9,836.3700876999701
32,252.0,675.397877443179
32,252.10000000000002,533.661363110301
32,252.20000000000002,527.7714190529547
32,252.3,665.7041613481301
32,252.4,539.9459767902812
32,252.5,829.861318265208
32,252.60000000000002,720.6914106524093
32,252.70000000000002,773.3415893758752
32,252.8,766.1264269691177
32,252.9,727.5412430190163
32,253.0,873.6508131847974
32,253.10000000000002,737.1117140221585
32,253.20000000000002,756.3616237353339
32,253.3,856.1869734072604
32,253.4,835.5717825986376
32,253.5,808.5273424671568
32,253.60000000000002,725.2131307221949
32,253.70000000000002,824.319073811856
32,253.8,834.8651385557704
32,253.9,543.8340231142361
32,254.0,580.0517502002572
32,254.10000000000002,755.5708270386457
32,254.20000000000002,561.0713083821978
32,254.3,644.399910730582
32,254.4,839.4247375714348
32,254.5,750.9185285276702
32,254.60000000000002,517.5354528715073
32,254.70000000000002,851.5983259485437
32,254.8,776.4731302166787
32,254.9,688.6971065490239
32,255.0,827.3820449325773
32,255.10000000000002,801.3281368969789
32,255.20000000000002,710.1609829553001
32,255.3,599.4931271904877
32,255.4,749.8985169333846
32,255.5,868.6781393423896
32,255.60000000000002,747.9287907831268
32,255.70000000000002,799.9020533552019
32,255.8,531.4342214993346
32,255.9,738.5474269740527
32,256.0,523.8029091032541
32,256.1,495.16468785154586
32,256.2,820.9526178280198
32,256.3,728.089518678191
32,256.40000000000003,528.716308087654
32,256.5,335.05281319738907
32,256.6,788.0665425972021
32,256.7,858.3823737065876
32,256.8,464.47943248001366
32,256.90000000000003,790.4483071800489
32,257.0,722.6740794640453
32,257.1,838.4805731911487
32,257.2,483.39132064952787
32,257.3,795.6540955992496
32,257.40000000000003,657.4828853457976
32,257.5,717.638272614848
32,257.6,744.2236492467994
32,257.7,712.5200612508436
32,257.8,402.6552179269952
32,257.90000000000003,666.0066257311445
32,258.0,580.6075373584923
32,258.1,816.3571359376402
32,258.2,632.2248574908343
32,258.3,342.5575271809515
32,258.40000000000003,627.2360432887235
32,258.5,807.4187430955744
32,258.6,833.5734325202709
32,258.7,867.7953306565363
32,258.8,766.7991545134123
32,258.90000000000003,661.8605703111358
32,259.0,468.0588921689197
32,259.1,540.9142924690111
32,259.2,799.323226258434
32,259.3,829.3701054300363
32,259.40000000000003,792.5252891367086
32,259.5,841.3854903736882
32,259.6,632.9711182961803
32,259.7,764.439505753
32,259.8,711.6694267981956
32,259.90000000000003,861.8022273727453
32,260.0,483.28103225376077
32,260.1,643.2597183493942
32,260.2,809.5484711983182
32,260.3,485.93144902745877
32,260.40000000000003,774.0509356597312
32,260.5,682.2636290284538
32,260.6,733.359114695838
32,260.7,804.9395994253711
32,260.8,818.1733527941499
32,260.90000000000003,751.190246198463
32,261.0,625.2568414686754
32,261.1,826.0910700563753
32,261.2,643.0551068394731
32,261.3,774.7640021553954
32,261.40000000000003,824.2042917753563
32,261.5,857.386295296769
32,261.6,829.7229303958715
32,261.7,693.9966452928173
32,261.8,805.0085653947656
32,261.90000000000003,646.7337997402361
32,262.0,738.0719633443408
32,262.1,763.4686795238298
32,262.2,836.5858549015404
32,262.3,797.4565652784165
32,262.40000000000003,815.4923736776003
32,262.5,849.9592414749377
32,262.6,533.8318662421789
32,262.7,766.4223151298758
32,262.8,688.2398506451024
32,262.90000000000003,817.498358995172
32,263.0,734.403911046628
32,263.1,760.3111592774958
32,263.2,754.5817198036875
32,263.3,827.3508975070514
32,263.40000000000003,796.6596063988922
32,263.5,673.3969281005313
32,263.6,735.9106954161462
32,263.7,844.454245250137
32,263.8,656.0603071558124
32,263.90000000000003,696.1721235874123
32,264.0,836.6822773991123
32,264.1,711.4831634391894
32,264.2,745.9651101235547
32,264.3,617.9884360496667
32,264.40000000000003,774.242284819301
32,264.5,727.0642278150492
32,264.6,758.0782164931553
32,264.7,807.8056087766057
32,264.8,818.9535701740177
32,264.90000000000003,750.0129354957074
32,265.0,803.3623180495963
32,265.1,460.92522900738703
32,265.2,366.48115923765175
32,265.3,419.5904037485992
32,265.40000000000003,363.3385119151283
32,265.5,469.4200198637628
32,265.6,445.5500595505661
32,265.7,651.4757109141309
32,265.8,629.5257962118932
32,265.90000000000003,521.0237068751603
32,266.0,512.1166320343227
32,266.1,646.9133542897015
32,266.2,407.82321644773043
32,266.3,422.4930296849458
32,266.40000000000003,595.2539933483259
32,266.5,782.3430130762083
32,266.6,617.2085626262277
32,266.7,700.6605487968645
32,266.8,649.6246074919557
32,266.90000000000003,509.04576905353844
32,267.0,601.8361582859267
32,267.1,759.4427471104018
32,267.2,769.5665524895517
32,267.3,837.2160084033698
32,267.40000000000003,566.9799448963405
32,267.5,482.6833430343227
32,267.6,521.6405653037247
32,267.7,737.4003491735314
32,267.8,765.1980598983145
32,267.90000000000003,750.4074660385289
32,268.0,594.8120978150836
32,268.1,631.8797435133871
32,268.2,667.156645091911
32,268.3,432.90614774483913
32,268.40000000000003,563.7505741691206
32,268.5,760.3789109154326
32,268.6,513.9743490459527
32,268.7,614.2065366991274
32,268.8,774.639633440159
32,268.90000000000003,838.4764782330429
32,269.0,482.54697468487126
32,269.1,621.1462233398107
32,269.2,776.532887146962
32,269.3,538.3554857775529
32,269.40000000000003,686.2024394042614
32,269.5,788.9023624923763
32,269.6,803.0550698736346
32,269.7,737.8427285863479
32,269.8,779.7406786270054
32,269.90000000000003,554.1336676590158
32,270.0,698.1135086096186
32,270.1,811.5352998534627
32,270.2,832.7422792746479
32,270.3,850.1715628257031
32,270.40000000000003,639.4511310461717
32,270.5,577.2770478572858
32,270.6,724.0057260647227
32,270.7,535.5711322039098
32,270.8,652.2087495393861
32,270.90000000000003,836.5882754120989
32,271.0,823.1538260606465
32,271.1,852.5188576512058
32,271.2,879.0222615081135
32,271.3,756.3947704417301
32,271.40000000000003,740.5537902706538
32,271.5,795.3346212978845
32,271.6,853.6722909645493
32,271.7,837.2625633333323
32,271.8,793.5048230591245
32,271.90000000000003,818.4866037154583
32,272.0,563.4832582102246
32,272.1,689.1383132757065
32,272.2,769.2950335341106
32,272.3,750.9892139812392
32,272.40000000000003,793.920438274925
32,272.5,788.651464007986
32,272.6,680.0887743380584
32,272.7,725.7575267758946
32,272.8,790.5286438551524
32,272.90000000000003,804.2423388798397
32,273.0,828.904591327198
32,273.1,827.7745350315636
32,273.2,602.7214379462547
32,273.3,522.8210011326049
32,273.40000000000003,565.7329087181491
32,273.5,641.432334122709
32,273.6,761.7406406449973
32,273.7,783.700023901076
32,273.8,775.164370742552
32,273.90000000000003,684.1080567515205
32,274.0,635.1460837021826
32,274.1,530.4092301139356
32,274.2,631.7406771138668
32,274.3,710.3059487228176
32,274.40000000000003,659.3372522413363
32,274.5,713.068049111641
32,274.6,765.0015826683159
32,274.7,682.5354348463502
32,274.8,683.6473376905009
32,274.90000000000003,746.2451290525133
32,275.0,683.3024557073013
32,275.1,552.381865936
32,275.2,667.5105285293015
32,275.3,627.1834089625538
32,275.40000000000003,610.8860057547068
32,275.5,632.2444187207377
32,275.6,719.769532994738
32,275.7,700.9758379710422
32,275.8,698.4609842657364
32,275.90000000000003,682.3860312120795
32,276.0,596.1113557107258
32,276.1,674.5246140545129
32,276.2,591.1482700015797
32,276.3,428.74112178428487
32,276.40000000000003,598.4739815365803
32,276.5,728.0517372423453
32,276.6,815.891527275106
32,276.7,796.2986842222299
32,276.8,555.9750939061066
32,276.90000000000003,510.0306494771414
32,277.0,583.3504346595512
32,277.1,702.7902152925523
32,277.2,641.6436329765495
32,277.3,714.8614256909683
32,277.40000000000003,836.776222826992
32,277.5,789.8201347869177
32,277.6,772.5855619603062
32,277.7,703.912807185336
32,277.8,714.8917962407927
32,277.90000000000003,819.2224430507684
32,278.0,698.0136779921401
32,278.1,542.4520573892532
32,278.2,461.7362113661176
32,278.3,557.1228880264205
32,278.40000000000003,636.7806561943635
32,278.5,476.73485817344914
32,278.6,586.6433824573826
32,278.7,771.8582741984409
32,278.8,674.4081628023986
32,278.90000000000003,690.5201134665082
32,279.0,745.939817716007
32,279.1,801.8339236726816
32,279.2,845.5058183461301
32,279.3,621.7472121693785
32,279.40000000000003,418.5559947984283
32,279.5,542.930951828584
32,279.6,772.2623178347155
32,279.7,763.4339486336613
32,279.8,572.4881045335422
32,279.90000000000003,654.4379398618389
32,280.0,775.999866655072
32,280.1,694.8317105427581
32,280.2,760.0417450038359
32,280.3,789.6351105729061
32,280.40000000000003,655.7668055980253
32,280.5,733.139805999438
32,280.6,770.6068930695546
32,280.7,763.4879727720881
32,280.8,817.6544130591672
32,280.90000000000003,851.0360229378899
32,281.0,697.4869411806751
32,281.1,640.5673790639344
32,281.2,802.8577952492949
32,281.3,829.6338571771571
32,281.40000000000003,683.8778529867304
32,281.5,642.1667845288072
32,281.6,654.1246679406163
32,281.7,734.343215142632
32,281.8,858.7086947818433
32,281.90000000000003,741.4709750320343
32,282.0,694.2526247670967
32,282.1,784.1769767099373
32,282.2,806.1938735079221
32,282.3,809.6999741699884
32,282.40000000000003,775.2265683633832
32,282.5,713.3658854693768
32,282.6,620.8092740924278
32,282.7,636.0836212637387
32,282.8,635.9220777704242
32,282.90000000000003,672.3612287591181
32,283.0,716.123757190508
32,283.1,726.0640511790995
32,283.2,768.1650331382112
32,283.3,648.2375928244925
32,283.40000000000003,718.0519445762235
32,283.5,858.6788240223398
32,283.6,824.3316968054747
32,283.7,737.2085308780348
32,283.8,693.2017103995146
32,283.90000000000003,762.572467492654
32,284.0,726.4055410207148
32,284.1,639.5017569729339
32,284.2,648.6122432497843
32,284.3,533.5632880299517
32,284.40000000000003,569.7215049916018
32,284.5,742.594369710022
32,284.6,686.8456597989222
32,284.7,699.554668276048
32,284.8,756.4542629849018
32,284.90000000000003,672.1864092913341
32,285.0,610.9042158454387
32,285.1,742.502414770669
32,285.2,808.2302584072876
32,285.3,762.996146506094
32,285.40000000000003,707.4678647807793
32,285.5,523.4369767262331
32,285.6,665.1220245014401
32,285.7,639.7016368047964
32,285.8,411.6000228113594
32,285.90000000000003,659.809905784035
32,286.0,654.8917770463734
32,286.1,411.89504681055394
32,286.2,436.63239033113473
32,286.3,617.3007995961115
32,286.40000000000003,722.2478435237699
32,286.5,685.5456446958119
32,286.6,712.0061036082062
32,286.7,691.0346234603217
32,286.8,831.5850498189338
32,286.90000000000003,751.9907444927001
32,287.0,679.4671645840729
32,287.1,607.7725720092812
32,287.2,473.10784631289084
32,287.3,629.4705820924667
32,287.40000000000003,724.879843315739
32,287.5,839.4925062680167
32,287.6,694.4876717604784
32,287.7,520.912183043566
32,287.8,724.4538916150796
32,287.90000000000003,803.8711376035872
32,288.0,757.4543337700918
32,288.1,664.7034042099043
32,288.2,745.2486724791702
32,288.3,792.8906695563846
32,288.40000000000003,780.2837287652077
32,288.5,788.9983831324785
32,288.6,760.4068812885421
32,288.7,749.1373496990005
32,288.8,697.2621615146448
32,288.90000000000003,806.4842231443928
32,289.0,727.1371318037786
32,289.1,732.9303747269911
32,289.2,740.9132963580442
32,289.3,637.529535909758
32,289.40000000000003,742.3267843443795
32,289.5,708.8316441246545
32,289.6,805.2854052599258
32,289.7,745.3182975048787
32,289.8,721.2059784197398
32,289.90000000000003,570.453706230952
32,290.0,837.6617741014871
32,290.1,651.7193487677492
32,290.2,531.2296577440528
32,290.3,808.7009328835254
32,290.40000000000003,778.2289730058541
32,290.5,812.3229187079805
32,290.6,785.2797243545215
32,290.7,752.1001103280596
32,290.8,770.5189736649505
32,290.90000000000003,673.1673810607002
32,291.0,678.4328813430916
32,291.1,758.0257146159367
32,291.2,638.4242866008279
32,291.3,651.6235168185597
32,291.40000000000003,523.856248616039
32,291.5,499.5975311170992
32,291.6,738.2693128344583
32,291.7,682.2023432411221
32,291.8,506.14957907322605
32,291.90000000000003,706.2709328650565
32,292.0,669.9359486324216
32,292.1,692.8330707552043
32,292.2,712.8129221206589
32,292.3,590.191122150656
32,292.40000000000003,615.2123576824144
32,292.5,777.3309963406615
32,292.6,735.0390744239642
32,292.7,693.3097215504212
32,292.8,570.5191753114021
32,292.90000000000003,651.6048773783268
32,293.0,769.9209168336363
32,293.1,802.986065549892
32,293.2,718.3163952493913
32,293.3,600.4648916643945
32,293.40000000000003,515.118589152705
32,293.5,803.1297086391869
32,293.6,808.2492071450148
32,293.7,733.1228988337485
32,293.8,717.035316084419
32,293.90000000000003,652.5183706786918
32,294.0,476.30333920556046
32,294.1,614.6688445690164
32,294.2,452.2670810118673
32,294.3,413.1988551228271
32,294.40000000000003,513.6311552752956
32,294.5,777.7044556846527
32,294.6,591.3169740446568
32,294.7,717.3073018480616
32,294.8,658.9316361155924
32,294.90000000000003,611.7705440288522
32,295.0,427.96909958141185
32,295.1,395.45035107863254
32,295.2,495.9331192320792
32,295.3,682.8969151864757
32,295.40000000000003,451.949619586175
32,295.5,354.30820491398975
32,295.6,552.3087182254155
32,295.7,792.8249259417634
32,295.8,559.9934317025004
32,295.90000000000003,417.0059708319931
32,296.0,555.5293212615176
32,296.1,421.04488700689694
32,296.2,402.1046667244708
32,296.3,530.1124785245667
32,296.40000000000003,754.9921494013682
32,296.5,626.5849318320973
32,296.6,580.327254325993
32,296.7,426.51659152877477
32,296.8,647.2731596679555
32,296.90000000000003,416.7022271657962
32,297.0,512.763183479769
32,297.1,739.2536270630682
32,297.2,644.8055292929189
32,297.3,695.3914385185037
32,297.40000000000003,767.2377096338762
32,297.5,846.8739202733485
32,297.6,739.7394470791419
32,297.7,821.859572947071
32,297.8,770.9260428010235
32,297.90000000000003,834.2818802883683
32,298.0,843.9850299691232
32,298.1,877.8029825742506
32,298.2,828.8199235255594
32,298.3,803.9003312463585
32,298.40000000000003,747.4373341792082
32,298.5,759.981630977339
32,298.6,793.1995785874459
32,298.7,810.0189751207934
32,298.8,848.7645040031464
32,298.90000000000003,828.8355094294332
32,299.0,658.043156752314
32,299.1,714.4102743714922
32,299.2,833.5246465934306
32,299.3,865.600604250278
32,299.40000000000003,869.2243359470767
32,299.5,890.9985551994853
32,299.6,816.0938703082688
32,299.7,718.6733732990692
32,299.8,855.7492606991954
32,299.90000000000003,781.3280154833088
32,300.0,523.8787447163846
32,300.1,808.6881622399112
32,300.2,865.218824093405
32,300.3,814.2772043160523
32,300.40000000000003,734.6516533219378
32,300.5,763.5223703863408
32,300.6,781.3300809331985
32,300.7,720.7231419097078
32,300.8,857.757360602877
32,300.90000000000003,848.4934611758893
32,301.0,780.943293473004
32,301.1,705.2450537188674
32,301.2,839.0161128823579
32,301.3,831.9581404814583
32,301.40000000000003,668.4439813243798
32,301.5,582.632373017915
32,301.6,719.9083079365305
32,301.7,846.4773929530317
32,301.8,739.062291242955
32,301.90000000000003,858.8234165205637
32,302.0,810.5823180737473
32,302.1,825.2957206317388
32,302.2,580.767211606376
32,302.3,857.1818852151844
32,302.40000000000003,769.1981071570661
32,302.5,754.8974149751273
32,302.6,837.4306653027535
32,302.7,737.9214716860628
32,302.8,759.7226984088139
32,302.90000000000003,783.6061387779631
32,303.0,780.8959610055462
32,303.1,688.0596219825092
32,303.2,599.1201532950507
32,303.3,788.2379610640307
32,303.40000000000003,845.497783857634
32,303.5,720.554938714104
32,303.6,847.635603763688
32,303.7,694.922567772689
32,303.8,830.888560869784
32,303.90000000000003,522.9696702052415
32,304.0,486.1568585252272
32,304.1,723.0309981643668
32,304.2,742.4268080579964
32,304.3,1007.0911461856762
32,304.40000000000003,530.8452839715554
32,304.5,469.6689974027184
32,304.6,737.3240225635503
32,304.7,703.9351714881863
32,304.8,814.802164463368
32,304.90000000000003,439.4702010588181
32,305.0,656.5068366343252
32,305.1,765.5868564642885
32,305.2,769.967337163092
32,305.3,466.58690464141785
32,305.40000000000003,713.4802958460161
32,305.5,837.1400556505911
32,305.6,789.2209167352771
32,305.7,857.1950526270317
32,305.8,725.5215433205922
32,305.90000000000003,843.0153166690529
32,306.0,519.3457338956607
32,306.1,809.9585097477699
32,306.2,664.034685011373
32,306.3,843.1643846533113
32,306.40000000000003,669.5638317546242
32,306.5,781.2659952255931
32,306.6,746.3029591467786
32,306.7,825.9375936036341
32,306.8,690.4574354741158
32,306.90000000000003,802.9077086034603
32,307.0,663.8821469466421
32,307.1,654.2258911152355
32,307.20000000000005,620.1329578618166
32,307.3,603.5529464156537
32,307.40000000000003,776.2637498741607
32,307.5,836.5245172593707
32,307.6,795.3672552909701
32,307.70000000000005,711.8035386356689
32,307.8,538.3281346827331
32,307.90000000000003,725.2007353675465
32,308.0,559.633363492124
32,308.1,706.8414952174896
32,308.20000000000005,839.9366988593844
32,308.3,674.4317127519591
32,308.40000000000003,809.1424287737909
32,308.5,857.2930141021579
32,308.6,428.7213928501752
32,308.70000000000005,744.0656313336362
32,308.8,675.3738122101399
32,308.90000000000003,652.2283259976222
32,309.0,527.0146107924226
32,309.1,709.5561797570076
32,309.20000000000005,818.8931008367376
32,309.3,838.0257547514167
32,309.40000000000003,821.6741735396627
32,309.5,726.0780056705821
32,309.6,662.2754087136001
32,309.70000000000005,812.3894263160112
32,309.8,839.9307706694805
32,309.90000000000003,852.6991429825364
32,310.0,850.8162122147044
32,310.1,747.4182998755814
32,310.20000000000005,783.3272256312805
32,310.3,736.1324789218166
32,310.40000000000003,720.4985137251617
32,310.5,376.5157438981101
32,310.6,673.0461611046292
32,310.70000000000005,650.9196563851893
32,310.8,744.2202095714654
32,310.90000000000003,700.2763790142814
32,311.0,655.1873904153492
32,311.1,405.73908206191476
32,311.20000000000005,401.22126431058814
32,311.3,481.5031666546356
32,311.40000000000003,660.6249101591475
32,311.5,714.7544421016862
32,311.6,555.723224730462
32,311.70000000000005,704.728582862184
32,311.8,783.214011051999
32,311.90000000000003,470.2951798807973
32,312.0,672.6829874664088
32,312.1,674.5227500388314
32,312.20000000000005,667.7487132248298
32,312.3,707.5737049765613
32,312.40000000000003,487.587988772313
32,312.5,484.9203473810068
32,312.6,415.6490561599019
32,312.70000000000005,738.0705821633699
32,312.8,747.4261709760161
32,312.90000000000003,569.9670600441098
32,313.0,737.4676498783142
32,313.1,694.4716226181133
32,313.20000000000005,719.4699720886254
32,313.3,464.90729224500967
32,313.40000000000003,672.3580977204782
32,313.5,835.2364174246792
32,313.6,664.3878785952368
32,313.70000000000005,656.2015749331729
32,313.8,701.222958838566
32,313.90000000000003,609.8526627371255
32,314.0,620.9920652773777
32,314.1,688.428847752857
32,314.20000000000005,694.7925562028929
32,314.3,664.4803388290064
32,314.40000000000003,563.6259878219097
32,314.5,655.1078762986804
32,314.6,638.6602302734723
32,314.70000000000005,752.0497666762324
32,314.8,847.3299589179205
32,314.90000000000003,824.459740617547
32,315.0,835.984215762397
32,315.1,814.8087965601231
32,315.20000000000005,719.7007130901785
32,315.3,700.9026193377522
32,315.40000000000003,645.6719013617943
32,315.5,662.9924495496998
32,315.6,534.7722650923046
32,315.70000000000005,642.4846239343337
32,315.8,680.3048811655501
32,315.90000000000003,733.3739201281635
32,316.0,787.1488791986602
32,316.1,721.1786066334217
32,316.20000000000005,778.9199543988674
32,316.3,651.4720681625134
32,316.40000000000003,617.7296559284404
32,316.5,769.796856458441
32,316.6,793.8223728154123
32,316.70000000000005,672.5659664844595
32,316.8,677.9093802895197
32,316.90000000000003,626.0887719373885
32,317.0,715.1865976318392
32,317.1,802.7054719806771
32,317.20000000000005,702.4187909083973
32,317.3,709.8755353635532
32,317.40000000000003,727.3155354188642
32,317.5,578.5319737156824
32,317.6,566.473098555566
32,317.70000000000005,737.9403942789403
32,317.8,794.0823148553145
32,317.90000000000003,821.263988226487
32,318.0,749.0367720515362
32,318.1,695.6305732989803
32,318.20000000000005,759.2225138320962
32,318.3,751.0143626887929
32,318.40000000000003,736.4947584251017
32,318.5,754.5891796935861
32,318.6,773.6442251595531
32,318.70000000000005,811.4418249100906
32,318.8,779.6818624867086
32,318.90000000000003,789.5032463593874
32,319.0,850.071005215096
32,319.1,827.7176692139735
32,319.20000000000005,635.2569506638904
32,319.3,600.8599565257047
32,319.40000000000003,805.5790173687496
32,319.5,869.0209769963241
32,319.6,874.9401938545105
32,319.70000000000005,867.4161533593605
32,319.8,862.381198014379
32,319.90000000000003,846.5077317255368
32,320.0,838.4450287349887
32,320.1,767.9889203989558
32,320.20000000000005,748.6556539597452
32,320.3,864.0366465257176
32,320.40000000000003,852.1511930032138
32,320.5,864.9704237110237
32,320.6,842.0340406433193
32,320.70000000000005,840.3317620966718
32,320.8,850.8605122984574
32,320.90000000000003,857.5241492808544
32,321.0,837.5528461228936
32,321.1,828.8142586444295
32,321.20000000000005,829.6086605803482
32,321.3,812.3781191088151
32,321.40000000000003,896.0714092772209
32,321.5,865.9214303981532
32,321.6,842.3557820138582
32,321.70000000000005,836.379696785266
32,321.8,868.6776637020163
32,321.90000000000003,826.7503484970321
32,322.0,812.6061082301499
32,322.1,766.8569741704928
32,322.20000000000005,786.2265651532908
32,322.3,850.4472039779982
32,322.40000000000003,751.9384533151776
32,322.5,638.0293525286119
32,322.6,878.5970508104858
32,322.70000000000005,879.0241209520693
32,322.8,856.9483008653297
32,322.90000000000003,846.9459244638275
32,323.0,856.5334896293137
32,323.1,856.6714469440553
32,323.20000000000005,875.3859546643251
32,323.3,877.1172346571535
32,323.40000000000003,857.1279095243976
32,323.5,847.1355081034287
32,323.6,836.3190109227086
32,323.70000000000005,854.2434913189644
32,323.8,849.7669691480437
32,323.90000000000003,793.3531853914023
32,324.0,682.0112431994353
32,324.1,836.1837078121988
32,324.20000000000005,756.0950069598643
32,324.3,473.8456320971862
32,324.40000000000003,694.2579590076981
32,324.5,874.6882311756314
32,324.6,755.9908467246378
32,324.70000000000005,515.8397148602023
32,324.8,830.5937024069304
32,324.90000000000003,813.8804582324614
32,325.0,554.9603523160159
32,325.1,803.9421169844597
32,325.20000000000005,754.7199742026329
32,325.3,749.1093380686403
32,325.40000000000003,782.8403660480458
32,325.5,534.5324723648445
32,325.6,555.4258885228973
32,325.70000000000005,782.7085004305346
32,325.8,384.3906543834896
32,325.90000000000003,625.8554102201956
32,326.0,665.835639879344
32,326.1,829.3545934966406
32,326.20000000000005,434.63471093455007
32,326.3,818.5980205044708
32,326.40000000000003,778.581358108681
32,326.5,476.9422351336607
32,326.6,861.5585674708659
32,326.70000000000005,839.9403312265094
32,326.8,894.0636943809036
32,326.90000000000003,843.5583552244922
32,327.0,862.3980057724149
32,327.1,862.8278857247026
32,327.20000000000005,872.4769961144408
32,327.3,853.8201428461298
32,327.40000000000003,876.7609728079861
32,327.5,880.8645439381379
32,327.6,854.075433870607
32,327.70000000000005,838.0424487608219
32,327.8,836.3467664771907
32,327.90000000000003,855.6852078799297
32,328.0,666.4388498356952
32,328.1,571.8241876319254
32,328.20000000000005,772.8914984781032
32,328.3,668.2116491877654
32,328.40000000000003,687.8090898819122
32,328.5,743.8286291109898
32,328.6,673.9963166169739
32,328.70000000000005,780.6614693421121
32,328.8,721.4649383928323
32,328.90000000000003,487.4780897182438
32,329.0,836.1823549618321
32,329.1,800.2695001714676
32,329.20000000000005,560.6441974301322
32,329.3,792.0960072232592
32,329.40000000000003,846.9038372846687
32,329.5,711.0167613205866
32,329.6,781.9006260955415
32,329.70000000000005,815.5411185775024
32,329.8,820.121919770619
32,329.90000000000003,772.2281562925009
32,330.0,792.5476233351676
32,330.1,860.5174311911888
32,330.20000000000005,585.6949675765342
32,330.3,794.1884059746591
32,330.40000000000003,514.9825178998037
32,330.5,724.735762089454
32,330.6,635.6149538533817
32,330.70000000000005,521.5481573073852
32,330.8,733.0609698330984
32,330.90000000000003,767.3789265249166
32,331.0,749.72922825973
32,331.1,790.0261741099614
32,331.20000000000005,833.1387099283312
32,331.3,778.7710634533576
32,331.40000000000003,858.6229949846173
32,331.5,678.7818166189794
32,331.6,888.2756871162783
32,331.70000000000005,830.6127820752574
32,331.8,793.1314460885973
32,331.90000000000003,859.9302246273048
32,332.0,718.9629496161891
32,332.1,801.2130432366824
32,332.20000000000005,775.1726425833994
32,332.3,857.7643792486235
32,332.40000000000003,698.3670498610471
32,332.5,885.8706516465215
32,332.6,550.5472724154733
32,332.70000000000005,429.32730345998584
32,332.8,854.2133569823033
32,332.90000000000003,833.2699274999427
32,333.0,479.73607333981073
32,333.1,844.1009745738172
32,333.20000000000005,512.2961118785447
32,333.3,822.7323258123757
32,333.40000000000003,861.2036097520988
32,333.5,417.977363341577
32,333.6,459.18739965361686
32,333.70000000000005,814.3154843658128
32,333.8,451.19027189846776
32,333.90000000000003,600.9463214171063
32,334.0,804.9663724862834
32,334.1,864.4471386178465
32,334.20000000000005,822.6626479844281
32,334.3,872.4541057780972
32,334.40000000000003,892.2315076908841
32,334.5,719.9930363249135
32,334.6,833.659209662568
32,334.70000000000005,793.5101805413932
32,334.8,756.1244865825203
32,334.90000000000003,835.3336564884252
32,335.0,626.6908176936674
32,335.1,752.9097756087647
32,335.20000000000005,830.088668901327
32,335.3,674.6191472048986
32,335.40000000000003,795.5002031809857
32,335.5,802.6032728463947
32,335.6,629.5399498135356
32,335.70000000000005,742.1214292595546
32,335.8,782.1018207771705
32,335.90000000000003,754.7324628008264
32,336.0,614.7440036738603
32,336.1,812.7547442051325
32,336.20000000000005,583.3728307341532
32,336.3,781.5699553596862
32,336.40000000000003,786.9944511527827
32,336.5,807.1966004869786
32,336.6,813.2680712611157
32,336.70000000000005,634.7396903093072
32,336.8,818.8207856563797
32,336.90000000000003,734.78756612702
32,337.0,804.9434461965456
32,337.1,844.1255086726246
32,337.20000000000005,880.3250208791609
32,337.3,824.7293130604029
32,337.40000000000003,727.1029150848028
32,337.5,673.701383069963
32,337.6,830.5346130372823
32,337.70000000000005,548.143198754844
32,337.8,633.9221697590115
32,337.90000000000003,774.0848990379731
32,338.0,838.459074507216
32,338.1,815.3895881873914
32,338.20000000000005,666.6508453010789
32,338.3,714.7485249275804
32,338.40000000000003,677.7801644228994
32,338.5,440.24015624186916
32,338.6,710.2505127766799
32,338.70000000000005,862.88541851735
32,338.8,722.7060379835416
32,338.90000000000003,742.4682125518625
32,339.0,855.1072966783001
32,339.1,826.0876418686745
32,339.20000000000005,719.7335864917659
32,339.3,713.0519647256714
32,339.40000000000003,804.5786624842815
32,339.5,704.993823606495
32,339.6,812.2825532727678
32,339.70000000000005,867.6071059819299
32,339.8,638.56043797426
32,339.90000000000003,793.0474525497937
32,340.0,785.0423922352487
32,340.1,772.393942114741
32,340.20000000000005,855.9178299838204
32,340.3,838.1570359327384
32,340.40000000000003,766.8289986790647
32,340.5,844.3126637965335
32,340.6,705.6484505992963
32,340.70000000000005,815.2890620833017
32,340.8,795.9399352463115
32,340.90000000000003,651.2445652517875
32,341.0,614.9712612621627
32,341.1,644.836773245166
32,341.20000000000005,700.6790693768912
32,341.3,590.6890798109198
32,341.40000000000003,701.5697614573653
32,341.5,715.8376006938157
32,341.6,540.1029984654942
32,341.70000000000005,597.0747493280522
32,341.8,737.7860219929162
32,341.90000000000003,718.3057467060082
32,342.0,732.2413943910626
32,342.1,847.6638389969926
32,342.20000000000005,491.38044123450004
32,342.3,769.0166766683271
32,342.40000000000003,806.506296796481
32,342.5,691.1547440953605
32,342.6,794.6894940195803
32,342.70000000000005,788.2999082158029
32,342.8,508.3775672523995
32,342.90000000000003,702.1708725222992
32,343.0,804.3577535973623
32,343.1,791.7331080151662
32,343.20000000000005,443.48237766804
32,343.3,778.6953175492088
32,343.40000000000003,787.2215660796144
32,343.5,680.5113776864939
32,343.6,462.8597588254633
32,343.70000000000005,560.1847165817335
32,343.8,730.0118568187693
32,343.90000000000003,772.4570734685359
32,344.0,806.1753899209552
32,344.1,783.9010912217583
32,344.20000000000005,744.8782826735986
32,344.3,792.4707859141722
32,344.40000000000003,788.2021284472307
32,344.5,850.6051202776977
32,344.6,836.2977804840651
32,344.70000000000005,485.37777838369385
32,344.8,728.7924963082042
32,344.90000000000003,631.3952317247581
32,345.0,705.5380837967265
32,345.1,837.453514394865
32,345.20000000000005,726.9236080687297
32,345.3,720.758159236347
32,345.40000000000003,819.5017071324977
32,345.5,850.893101679289
32,345.6,811.9536755442044
32,345.70000000000005,734.3255204304585
32,345.8,817.5929392058246
32,345.90000000000003,675.2287666221195
32,346.0,641.3101679120125
32,346.1,799.2309211159927
32,346.20000000000005,700.9024458270942
32,346.3,721.4752736603177
32,346.40000000000003,829.7651115920677
32,346.5,535.6729785774186
32,346.6,695.808134417882
32,346.70000000000005,667.7487808912432
32,346.8,777.9491896120436
32,346.90000000000003,557.9363258847956
32,347.0,726.2649102591286
32,347.1,847.8270533362391
32,347.20000000000005,780.1698682212315
32,347.3,765.9005376661447
32,347.40000000000003,722.9647696493588
32,347.5,737.8613666700817
32,347.6,808.7958356436205
32,347.70000000000005,849.5301732106743
32,347.8,715.9527023079081
32,347.90000000000003,747.6073668968438
32,348.0,720.3148541856266
32,348.1,752.0488348539313
32,348.20000000000005,783.014343855914
32,348.3,655.0208130707455
32,348.40000000000003,862.72001627682
32,348.5,502.1625819074574
32,348.6,471.908530897398
32,348.70000000000005,628.2527041474368
32,348.8,776.8500521404507
32,348.90000000000003,653.8221748700203
32,349.0,477.9329620464426
32,349.1,648.1553960544308
32,349.20000000000005,522.6709287745973
32,349.3,718.6058288593342
32,349.40000000000003,710.3352964892667
32,349.5,689.9016864576384
32,349.6,793.6870060809075
32,349.70000000000005,668.6140693452488
32,349.8,711.4366473656177
32,349.90000000000003,734.502969322104
32,350.0,848.4069423747712
32,350.1,826.7894495691878
32,350.20000000000005,686.687257805282
32,350.3,767.702975603619
32,350.40000000000003,866.3102000714987
32,350.5,508.97824692350963
32,350.6,553.370455915452
32,350.70000000000005,714.7640782905113
32,350.8,733.720936388067
32,350.90000000000003,701.6404508179899
32,351.0,731.6000929877396
32,351.1,830.1811589184763
32,351.20000000000005,825.9595640110551
32,351.3,754.1495048385012
32,351.40000000000003,828.6793912894025
32,351.5,740.9792151279004
32,351.6,794.6037052081273
32,351.70000000000005,813.0169568760392
32,351.8,743.1473296523845
32,351.90000000000003,772.9378126977143
32,352.0,831.1204134370311
32,352.1,861.0350573449715
32,352.20000000000005,883.4162625650488
32,352.3,765.3105078499264
32,352.40000000000003,681.3304265370251
32,352.5,737.7066526889329
32,352.6,800.1889953562933
32,352.70000000000005,687.1809554954904
32,352.8,780.783541735823
32,352.90000000000003,738.4887003103562
32,353.0,613.1917413217647
32,353.1,582.7321359806172
32,353.20000000000005,639.911799856609
32,353.3,689.7839870337449
32,353.40000000000003,609.5917876865277
32,353.5,656.2289020502387
32,353.6,760.3275451471148
32,353.70000000000005,779.3470798532393
32,353.8,602.0933819360993
32,353.90000000000003,619.6012257746004
32,354.0,675.9566877561036
32,354.1,720.3934293179237
32,354.20000000000005,744.4527644931495
32,354.3,693.7716572874266
32,354.40000000000003,748.0245057627131
32,354.5,817.0044903957952
32,354.6,769.4568575474541
32,354.70000000000005,749.1592503804669
32,354.8,711.1282991566127
32,354.90000000000003,512.719198923115
32,355.0,582.5586385740219
32,355.1,606.2776487389741
32,355.20000000000005,692.0611307935104
32,355.3,774.9769201569522
32,355.40000000000003,699.2818820354676
32,355.5,707.2773323493744
32,355.6,732.1209526033986
32,355.70000000000005,794.5083796153598
32,355.8,773.3232446163527
32,355.90000000000003,761.2097472260647
32,356.0,670.2944356301192
32,356.1,498.5618550656153
32,356.20000000000005,652.6973244579228
32,356.3,649.8622850078146
32,356.40000000000003,692.8820135437446
32,356.5,594.7327492025148
32,356.6,582.3882439977741
32,356.70000000000005,625.352362412084
32,356.8,766.093592204997
32,356.90000000000003,655.536977842474
32,357.0,597.3640617475728
32,357.1,530.5263900175659
32,357.20000000000005,625.269709673845
32,357.3,721.3102013331428
32,357.40000000000003,606.4885989249985
32,357.5,462.8746986436486
32,357.6,553.5438562351286
32,357.70000000000005,672.7825408310962
32,357.8,724.5812084650644
32,357.90000000000003,632.7419878404362
32,358.0,614.0277211998199
32,358.1,550.0674408853617
32,358.20000000000005,514.4728850651088
32,358.3,541.6756343392447
32,358.40000000000003,485.9079433411066
32,358.5,413.90887632188947
32,358.6,425.31122571385583
32,358.70000000000005,621.5471694801789
32,358.8,689.5217750308608
32,358.90000000000003,668.0659814800858
32,359.0,648.7488222547751
32,359.1,687.5030790407789
32,359.20000000000005,656.2506378885007
32,359.3,618.7541838739335
32,359.40000000000003,668.9827614104861
32,359.5,664.8215581594803
32,359.6,654.6525401083975
32,359.70000000000005,542.6972263478517
32,359.8,525.2081535003229
32,359.90000000000003,532.9648021707129
32,360.0,516.00846840642
32,360.1,464.84541375240013
32,360.20000000000005,548.2040938003347
32,360.3,664.2431841137261
32,360.40000000000003,734.3273348307047
32,360.5,753.1050966911905
32,360.6,688.4320435140299
32,360.70000000000005,588.1879809394597
32,360.8,555.7304772484489
32,360.90000000000003,524.8109011013112
32,361.0,588.0603095033168
32,361.1,547.761724278514
32,361.20000000000005,498.0069357519181
32,361.3,612.3142055890279
32,361.40000000000003,566.8741899266855
32,361.5,694.194524636369
32,361.6,765.5501316880508
32,361.70000000000005,747.676458975162
32,361.8,810.0914849491002
32,361.90000000000003,818.3115741737178
32,362.0,696.0774339869437
32,362.1,606.2866242622455
32,362.20000000000005,705.9678304123129
32,362.3,774.423471891363
32,362.40000000000003,793.2983078464082
32,362.5,797.3133915226941
32,362.6,775.6102742804596
32,362.70000000000005,726.2617075276327
32,362.8,752.6106420505992
32,362.90000000000003,720.0572146159631
32,363.0,678.7670109563129
32,363.1,631.7204826270045
32,363.20000000000005,494.6771083524161
32,363.3,663.5637426228727
32,363.40000000000003,828.0504070196516
32,363.5,828.2576853625823
32,363.6,838.1640538666687
32,363.70000000000005,856.962938046182
32,363.8,786.3314084832343
32,363.90000000000003,616.5538196753023
32,364.0,653.1127024981652
32,364.1,785.3870333005017
32,364.20000000000005,677.5529953521939
32,364.3,672.1405137723647
32,364.40000000000003,726.3290911552639
32,364.5,793.1282883457652
32,364.6,669.5217459917498
32,364.70000000000005,549.4522477564651
32,364.8,758.1761629785459
32,364.90000000000003,809.3324510479478
32,365.0,672.6652405871547
32,365.1,678.2631078275006
32,365.20000000000005,791.614874443513
32,365.3,756.7009661582322
32,365.40000000000003,819.646148326486
32,365.5,793.9649641435307
32,365.6,761.2572700216832
32,365.70000000000005,830.1474711656612
32,365.8,796.2241951144829
32,365.90000000000003,759.8937887081738
32,366.0,774.5523932400622
32,366.1,705.0147375666008
32,366.20000000000005,624.4008528840343
32,366.3,677.0181258666719
32,366.40000000000003,528.8980389446034
32,366.5,430.9426638229443
32,366.6,625.875286437664
32,366.70000000000005,637.1399831594127
32,366.8,419.7252856365535
32,366.90000000000003,452.5574029038685
32,367.0,478.11378654900403
32,367.1,568.2543220332484
32,367.20000000000005,611.6983630202013
32,367.3,560.8544999304374
32,367.40000000000003,560.9107222931408
32,367.5,467.91240211937696
32,367.6,436.4874448027275
32,367.70000000000005,556.6106420235747
32,367.8,602.3281947844256
32,367.90000000000003,494.68560848399204
32,368.0,436.85965154807167
32,368.1,499.50620644202934
32,368.20000000000005,667.7960357476929
32,368.3,715.7343794592806
32,368.40000000000003,743.1200578563017
32,368.5,634.0787928224114
32,368.6,534.6473247011005
32,368.70000000000005,595.8613004287378
32,368.8,536.1904371855134
32,368.90000000000003,698.2560456447354
32,369.0,700.7285144363722
32,369.1,679.6284581336604
32,369.20000000000005,640.927305928987
32,369.3,579.6756738980152
32,369.40000000000003,550.0037890068452
32,369.5,612.6559084603527
32,369.6,614.9821036523323
32,369.70000000000005,544.1952944423515
32,369.8,471.82588442316955
32,369.90000000000003,701.254488162402
32,370.0,614.5547894914899
32,370.1,572.4068581097408
32,370.20000000000005,676.0788310964676
32,370.3,561.0646928714898
32,370.40000000000003,524.4997586587918
32,370.5,669.2501763826258
32,370.6,698.5323897747523
32,370.70000000000005,613.4325495486148
32,370.8,723.9905843313868
32,370.90000000000003,669.4526002978462
32,371.0,751.0809992158336
32,371.1,590.0902981624344
32,371.20000000000005,461.53348274447416
32,371.3,641.8994228439835
32,371.40000000000003,653.6916568762706
32,371.5,541.1435613902497
32,371.6,489.90427609915963
32,371.70000000000005,602.3654251012526
32,371.8,516.3540403533711
32,371.90000000000003,604.3681382343815
32,372.0,652.8675988488166
32,372.1,749.8942895828842
32,372.20000000000005,769.6627750394069
32,372.3,734.9000847667475
32,372.40000000000003,765.6997812582109
32,372.5,819.3428741834035
32,372.6,826.0981237606388
32,372.70000000000005,800.5216762752627
32,372.8,807.2177191381762
32,372.90000000000003,731.3400696596781
32,373.0,826.3375624620281
32,373.1,759.9071903843293
32,373.20000000000005,776.1184509777387
32,373.3,734.196388660715
32,373.40000000000003,764.8635348088343
32,373.5,652.6235973413379
32,373.6,779.0981182292085
32,373.70000000000005,827.3089400965615
32,373.8,785.686467873901
32,373.90000000000003,870.2189255001817
32,374.0,827.4333817201996
32,374.1,647.7951165118529
32,374.20000000000005,796.4053245833842
32,374.3,355.95349380375154
32,374.40000000000003,498.9769422540526
32,374.5,710.293361692091
32,374.6,769.0738836257824
32,374.70000000000005,768.3874452528661
32,374.8,835.641888130301
32,374.90000000000003,763.4359741920613
32,375.0,467.44518606002856
32,375.1,831.1947530385943
32,375.20000000000005,837.6360863155746
32,375.3,774.8153394581678
32,375.40000000000003,865.2675174655561
32,375.5,870.533953288811
32,375.6,814.2296992306957
32,375.70000000000005,798.5756259260304
32,375.8,807.4979237539974
32,375.90000000000003,885.9789302399366
32,376.0,675.7599272171574
32,376.1,883.7599141845262
32,376.20000000000005,887.6741311959103
32,376.3,829.1335080266925
32,376.40000000000003,783.3140993977795
32,376.5,877.6643223803161
32,376.6,846.5390020991059
32,376.70000000000005,587.3250987433294
32,376.8,848.5908983885652
32,376.90000000000003,871.3773728021891
32,377.0,805.8603557918608
32,377.1,896.67649991519
32,377.20000000000005,880.8050647457621
32,377.3,876.8124945128711
32,377.40000000000003,777.0364023744171
32,377.5,835.6192738870309
32,377.6,825.5751343484446
32,377.70000000000005,921.5825057042152
32,377.8,840.136353630923
32,377.90000000000003,392.80914572921085
32,378.0,882.6313940484583
32,378.1,651.2253397250236
32,378.20000000000005,880.8322752459839
32,378.3,903.7875473301549
32,378.40000000000003,869.2764817800452
32,378.5,870.4908159779299
32,378.6,869.1381112609582
32,378.70000000000005,918.2645225950757
32,378.8,814.7690002591951
32,378.90000000000003,851.3341606982023
32,379.0,784.7419438865919
32,379.1,573.7216104501158
32,379.20000000000005,658.6809827492717
32,379.3,806.7346195219691
32,379.40000000000003,764.5357712176533
32,379.5,803.6473256586282
32,379.6,879.5270600685642
32,379.70000000000005,889.5861346287182
32,379.8,836.0863963470892
32,379.90000000000003,976.3855161501112
32,380.0,881.5359175018762
32,380.1,803.3528546339406
32,380.20000000000005,808.6712441754789
32,380.3,810.6490102613583
32,380.40000000000003,812.6692737567596
32,380.5,528.8795507648916
32,380.6,686.7162612986114
32,380.70000000000005,841.1754018392941
32,380.8,927.1816638845179
32,380.90000000000003,846.4058188561953
32,381.0,841.3389188246645
32,381.1,892.641123052646
32,381.20000000000005,741.0057389912731
32,381.3,807.1165204394107
32,381.40000000000003,883.5155550738982
32,381.5,597.1326300808178
32,381.6,790.3116500738828
32,381.70000000000005,832.7783765290766
32,381.8,856.7306262741716
32,381.90000000000003,813.3993897209699
32,382.0,879.4564005561717
32,382.1,496.9015028024291
32,382.20000000000005,786.5896919108653
32,382.3,844.4021161897848
32,382.40000000000003,851.5879146021501
32,382.5,855.722355970558
32,382.6,844.1424843599607
32,382.70000000000005,821.2042494540406
32,382.8,791.3073071634268
32,382.90000000000003,839.3071887243818
32,383.0,819.7486364758208
32,383.1,826.2790210806702
32,383.20000000000005,841.6917418336188
32,383.3,825.0350621437515
32,383.40000000000003,792.3227974559862
32,383.5,792.2335866951911
32,383.6,792.7255176320646
32,383.70000000000005,844.4311185623419
32,383.8,853.8607268923537
32,383.90000000000003,817.9837576501113
32,384.0,806.9031102045246
32,384.1,764.2463733824288
32,384.20000000000005,821.0227747347923
32,384.3,628.3244632778933
32,384.40000000000003,648.0506000000231
32,384.5,502.2369979894853
32,384.6,792.299019201196
32,384.70000000000005,825.6883547638746
32,384.8,843.2054890475462
32,384.90000000000003,851.2261510195926
32,385.0,862.4862432169758
32,385.1,813.3149114746302
32,385.20000000000005,845.1772653288376
32,385.3,716.8613535197411
32,385.40000000000003,842.6455732073028
32,385.5,872.8944233497612
32,385.6,836.6352158043591
32,385.70000000000005,868.9953758338424
32,385.8,872.2547476916835
32,385.90000000000003,832.3806397589537
32,386.0,823.5816877618837
32,386.1,854.8555579152778
32,386.20000000000005,883.0502423031411
32,386.3,719.7620175053531
32,386.40000000000003,822.2901349069369
32,386.5,856.3451806898556
32,386.6,876.3012551231337
32,386.70000000000005,879.6971030745683
32,386.8,835.4584735390606
32,386.90000000000003,842.3213213681152
32,387.0,460.2552694290911
32,387.1,713.5923249882005
32,387.20000000000005,803.6295034345603
32,387.3,785.0926826105066
32,387.40000000000003,814.8490019821188
32,387.5,812.6928030416658
32,387.6,809.8473992107197
32,387.70000000000005,804.5597233700888
32,387.8,639.1953449221687
32,387.90000000000003,671.113248932847
32,388.0,812.3163075503068
32,388.1,767.6870728089281
32,388.20000000000005,527.8643241866832
32,388.3,760.3090451576528
32,388.40000000000003,801.2278717012174
32,388.5,774.2711207160638
32,388.6,761.05047155845
32,388.70000000000005,886.1358060684829
32,388.8,782.452800010458
32,388.90000000000003,792.883029747
32,389.0,843.2860938379174
32,389.1,789.0817054537976
32,389.20000000000005,931.0993257470781
32,389.3,879.7111726905844
32,389.40000000000003,899.5917152830925
32,389.5,900.1855806141189
32,389.6,779.3499028064683
32,389.70000000000005,513.8546041824918
32,389.8,771.9859546035642
32,389.90000000000003,785.433908363439
32,390.0,786.1798756466587
32,390.1,807.6702483735846
32,390.20000000000005,832.8762253459909
32,390.3,878.260616544697
32,390.40000000000003,864.804582720728
32,390.5,806.7623613864334
32,390.6,739.5717970300573
32,390.70000000000005,816.2163971112946
32,390.8,809.7797868001771
32,390.90000000000003,757.9777228515585
32,391.0,829.4105962819327
32,391.1,839.5850439503679
32,391.20000000000005,831.4374092368084
32,391.3,859.388107610494
32,391.40000000000003,648.5849427789038
32,391.5,734.309572407052
32,391.6,862.4664454587945
32,391.70000000000005,820.837825101803
32,391.8,804.6929445151552
32,391.90000000000003,841.5080439909277
32,392.0,848.7156025195109
32,392.1,604.5366079129767
32,392.20000000000005,721.1830433492577
32,392.3,853.0193902639776
32,392.40000000000003,826.0112444896162
32,392.5,642.2842985721024
32,392.6,693.3144279371671
32,392.70000000000005,792.3828791317994
32,392.8,802.478772872032
32,392.90000000000003,829.32645167745
32,393.0,613.3974217342637
32,393.1,469.37742999897904
32,393.20000000000005,700.8115417951389
32,393.3,805.3672466757897
32,393.40000000000003,829.6116301288702
32,393.5,635.7345223000474
32,393.6,360.56119078980856
32,393.70000000000005,307.14497074926425
32,393.8,583.5380975880807
32,393.90000000000003,831.5094783311375
32,394.0,809.9111784325869
32,394.1,812.72151400162
32,394.20000000000005,846.7069533922689
32,394.3,840.8735959835225
32,394.40000000000003,848.2634924462421
32,394.5,795.8409195474304
32,394.6,815.681720147321
32,394.70000000000005,868.8694241525765
32,394.8,838.1277044209345
32,394.90000000000003,810.2114647315533
32,395.0,828.8484894714536
32,395.1,675.5321250193713
32,395.20000000000005,539.4278075348867
32,395.3,571.4767803546624
32,395.40000000000003,723.8758272482418
32,395.5,799.8541481056203
32,395.6,811.4499968438903
32,395.70000000000005,867.2455459911637
32,395.8,849.5638983615705
32,395.90000000000003,727.4258475184372
32,396.0,745.3798338454942
32,396.1,827.846650293475
32,396.20000000000005,956.9668829974445
32,396.3,965.8998753640983
32,396.40000000000003,744.1518527922583
32,396.5,764.3577575065274
32,396.6,855.9138209523737
32,396.70000000000005,857.4878722246949
32,396.8,855.9196966079606
32,396.90000000000003,858.7497901668922
32,397.0,810.780855894354
32,397.1,805.203776346506
32,397.20000000000005,835.4247761555288
32,397.3,589.8657495008792
32,397.40000000000003,593.8452245057276
32,397.5,828.0543904287937
32,397.6,637.9147790948766
32,397.70000000000005,609.4205252567433
32,397.8,845.9867234323533
32,397.90000000000003,858.6552288589296
32,398.0,787.7626620038079
32,398.1,764.8796115937064
32,398.20000000000005,800.0579218633923
32,398.3,829.2948143680237
32,398.40000000000003,853.7183068281141
32,398.5,826.6008804009349
32,398.6,819.079181768897
32,398.70000000000005,754.3788539280885
32,398.8,719.2149243061411
32,398.90000000000003,820.467221023613
32,399.0,816.7780774608534
32,399.1,821.3246400718524
32,399.20000000000005,838.7556423145261
32,399.3,817.2204107613055
32,399.40000000000003,798.4248687800401
32,399.5,833.2622757569261
32,399.6,772.6377399562848
32,399.70000000000005,772.1970906782801
32,399.8,868.646455162093
32,399.90000000000003,801.3683698700482
32,400.0,757.5087162676517
32,400.1,735.1233556168122
32,400.20000000000005,587.5520249898117
32,400.3,675.9123541687492
32,400.40000000000003,829.3336749829692
32,400.5,802.4569038481238
32,400.6,797.3453926760445
32,400.70000000000005,865.1333107142784
32,400.8,859.1679733073986
32,400.90000000000003,783.4012136147052
32,401.0,712.5843364216644
32,401.1,804.9541188459401
32,401.20000000000005,844.786191598768
32,401.3,852.8531949546602
32,401.40000000000003,834.3412696155111
32,401.5,824.1534856509408
32,401.6,768.3714194458116
32,401.70000000000005,703.3784086949955
32,401.8,761.7398930474801
32,401.90000000000003,804.070701513246
32,402.0,813.185247787863
32,402.1,820.8054004293476
32,402.20000000000005,833.2299121383173
32,402.3,844.4782594328356
32,402.40000000000003,870.4348695482184
32,402.5,837.5691460861628
32,402.6,739.8216814606465
32,402.70000000000005,588.5165280590671
32,402.8,669.067767681267
32,402.90000000000003,609.4882336497795
32,403.0,813.1444560661503
32,403.1,818.7282334139846
32,403.20000000000005,803.500709544435
32,403.3,843.6939252115973
32,403.40000000000003,858.9640655978459
32,403.5,806.2931911114065
32,403.6,659.9951495785583
32,403.70000000000005,829.2590693298846
32,403.8,814.8154571155397
32,403.90000000000003,819.7301567138841
32,404.0,794.6716159119289
32,404.1,841.222420773932
32,404.20000000000005,820.0628938712906
32,404.3,688.702034965311
32,404.40000000000003,617.8784777400713
32,404.5,815.5758028820957
32,404.6,806.9991541616376
32,404.70000000000005,802.2850015175609
32,404.8,573.6776204260485
32,404.90000000000003,584.2405720093684
32,405.0,494.0562946270114
32,405.1,843.9652022336451
32,405.20000000000005,782.7723941098837
32,405.3,682.1296831116856
32,405.40000000000003,641.5566325811737
32,405.5,856.931490815449
32,405.6,807.836853413363
32,405.70000000000005,795.090645603857
32,405.8,774.7209526063983
32,405.90000000000003,589.5381816839594
32,406.0,836.7042683935972
32,406.1,840.7450926724086
32,406.20000000000005,824.3310025052829
32,406.3,840.1304093466937
32,406.40000000000003,792.3800484012189
32,406.5,828.3216166343466
32,406.6,850.9468883464237
32,406.70000000000005,809.6517632847233
32,406.8,835.3234129536278
32,406.90000000000003,845.5708445513412
32,407.0,801.7138880249278
32,407.1,826.3027028560991
32,407.20000000000005,835.0048444080281
32,407.3,741.2343364938032
32,407.40000000000003,808.7601066811214
32,407.5,740.586213640925
32,407.6,805.6177015674974
32,407.70000000000005,840.6948690659841
32,407.8,495.2491258407656
32,407.90000000000003,832.3464621304855
32,408.0,751.1012996711573
32,408.1,835.3490921738667
32,408.20000000000005,847.2828415413701
32,408.3,821.3384498163512
32,408.40000000000003,775.9181198661945
32,408.5,845.2808877753506
32,408.6,835.5304705313221
32,408.70000000000005,829.7203728442979
32,408.8,854.5844705252906
32,408.90000000000003,859.5176494189864
32,409.0,853.0901093654726
32,409.1,809.1417993823135
32,409.20000000000005,854.5938127883326
32,409.3,799.7926598221255
32,409.40000000000003,823.5870656500864
32,409.5,672.1315220536824
32,409.6,835.9334345681481
32,409.70000000000005,779.7064495917199
32,409.8,836.7846217005718
32,409.90000000000003,817.2701303146412
32,410.0,809.1279580589833
32,410.1,864.8584168543504
32,410.20000000000005,814.8491385717222
32,410.3,796.6895639335419
32,410.40000000000003,807.9277184429474
32,410.5,835.406770349681
32,410.6,810.1617729284885
32,410.70000000000005,835.4406547742153
32,410.8,803.1582378180251
32,410.90000000000003,730.1667105279943
32,411.0,807.0090513169251
32,411.1,738.2772264434628
32,411.20000000000005,833.7266802339107
32,411.3,798.847956977588
32,411.40000000000003,555.9834109778648
32,411.5,789.8835014267131
32,411.6,857.5635272890186
32,411.70000000000005,842.3110009043385
32,411.8,808.1523733526079
32,411.90000000000003,832.7439314019834
32,412.0,778.2681612606559
32,412.1,829.2712659730918
32,412.20000000000005,417.54576794569596
32,412.3,738.7664716918077
32,412.40000000000003,632.571874079461
32,412.5,748.2278727689844
32,412.6,779.507215632194
32,412.70000000000005,831.4639861893361
32,412.8,824.1971225446009
32,412.90000000000003,778.3589628836178
32,413.0,757.3503560160112
32,413.1,807.4444377888058
32,413.20000000000005,850.3078198316064
32,413.3,799.2977642796834
32,413.40000000000003,840.8702323776383
32,413.5,866.090798941383
32,413.6,856.5972951065378
32,413.70000000000005,674.966876138887
32,413.8,793.0720180579648
32,413.90000000000003,835.0816698859644
32,414.0,816.9038164628583
32,414.1,822.9229605227827
32,414.20000000000005,825.6845026656031
32,414.3,811.1588296222989
32,414.40000000000003,803.7069747037267
32,414.5,825.014497646848
32,414.6,860.9204955559923
32,414.70000000000005,566.4090705838366
32,414.8,795.8169871503957
32,414.90000000000003,837.3758644982906
32,415.0,807.8149740166288
32,415.1,817.3911093636285
32,415.20000000000005,815.5547216251329
32,415.3,839.059205690766
32,415.40000000000003,803.9058687794491
32,415.5,862.7696980778883
32,415.6,716.4764553910325
32,415.70000000000005,760.9331686271056
32,415.8,826.4586328095027
32,415.90000000000003,628.3616979697811
32,416.0,774.9967908480719
32,416.1,830.4415938361863
32,416.20000000000005,814.6800272483983
32,416.3,813.5368153308449
32,416.40000000000003,829.7404041995616
32,416.5,842.5443598014948
32,416.6,849.2196913899983
32,416.70000000000005,799.9860005073725
32,416.8,789.6277695300537
32,416.90000000000003,542.1191824458365
32,417.0,705.5982153532802
32,417.1,803.4929911062303
32,417.20000000000005,812.5624186621425
32,417.3,743.4365257993609
32,417.40000000000003,566.4758423046129
32,417.5,775.9771196598097
32,417.6,834.9434154256566
32,417.70000000000005,705.842978965902
32,417.8,760.6519654697257
32,417.90000000000003,794.4865128822905
32,418.0,828.538575234031
32,418.1,726.2761761691457
32,418.20000000000005,784.613655561223
32,418.3,823.9676642789044
32,418.40000000000003,726.9094961374615
32,418.5,777.5625120748468
32,418.6,806.4054673972695
32,418.70000000000005,825.762472422242
32,418.8,840.7729696797971
32,418.90000000000003,848.4506513710269
32,419.0,802.1949129463435
32,419.1,812.9700969086402
32,419.20000000000005,830.0866372224217
32,419.3,802.0388799426579
32,419.40000000000003,793.1530065723897
32,419.5,828.951160819988
32,419.6,820.9518812017274
32,419.70000000000005,802.1884294670036
32,419.8,785.4473722485294
32,419.90000000000003,822.7913868663237
32,420.0,829.2699601160019
32,420.1,800.5720268763818
32,420.20000000000005,787.9826503331175
32,420.3,855.413688812253
32,420.40000000000003,866.0256323030983
32,420.5,842.6816996510036
32,420.6,818.5104237455628
32,420.70000000000005,808.0007746428622
32,420.8,822.0780460473119
32,420.90000000000003,533.1255576903853
32,421.0,680.5011640110033
32,421.1,776.2380786272431
32,421.20000000000005,773.1722920317774
32,421.3,812.4871728679642
32,421.40000000000003,833.1723063016385
32,421.5,849.9016181239322
32,421.6,810.9035326501792
32,421.70000000000005,802.3060646846673
32,421.8,828.1518574314168
32,421.90000000000003,846.4244676120122
32,422.0,845.4752957671166
32,422.1,849.4067309100028
32,422.20000000000005,707.450711383287
32,422.3,663.7115096108192
32,422.40000000000003,595.2653516498569
32,422.5,526.1903730143459
32,422.6,681.0884464206844
32,422.70000000000005,616.160073970812
32,422.8,513.6609559014873
32,422.90000000000003,691.5467198868292
32,423.0,806.737445664236
32,423.1,833.1919325965891
32,423.20000000000005,803.478018587803
32,423.3,835.4035184707712
32,423.40000000000003,825.4496460167591
32,423.5,805.3142651870797
32,423.6,776.0296595589457
32,423.70000000000005,793.277907757255
32,423.8,807.4921793297132
32,423.90000000000003,739.6649846863126
32,424.0,827.9652519011248
32,424.1,874.8421047515484
32,424.20000000000005,839.0841160467779
32,424.3,761.6222369121216
32,424.40000000000003,796.454694550522
32,424.5,783.7350315529992
32,424.6,759.8140761816115
32,424.70000000000005,768.133941463996
32,424.8,768.9433014024656
32,424.90000000000003,779.9094624969424
32,425.0,609.4840038962336
32,425.1,687.2346394336054
32,425.20000000000005,839.2330915833091
32,425.3,781.9503334227278
32,425.40000000000003,835.1735192992215
32,425.5,853.189519234251
32,425.6,842.6785638657569
32,425.70000000000005,843.2755397030905
32,425.8,606.9868932657064
32,425.90000000000003,400.2968403496679
32,426.0,637.7078062172617
32,426.1,837.6494195083002
32,426.20000000000005,838.1219837634724
32,426.3,850.7316117631127
32,426.40000000000003,866.7867661021803
32,426.5,867.3033801371494
32,426.6,846.6159721365988
32,426.70000000000005,862.046951027879
32,426.8,872.4361214726595
32,426.90000000000003,859.5258558688129
32,427.0,660.0940313563036
32,427.1,719.6101027651391
32,427.20000000000005,870.0798288735826
32,427.3,879.8206205410212
32,427.40000000000003,891.3310976055751
32,427.5,859.4924316934433
32,427.6,878.6803150495771
32,427.70000000000005,879.3268112984631
32,427.8,873.5670221528671
32,427.90000000000003,814.407567011561
32,428.0,819.2716583450411
32,428.1,880.6561275794388
32,428.20000000000005,863.1153565411677
32,428.3,881.903386403867
32,428.40000000000003,897.6620143089481
32,428.5,869.6342408035599
32,428.6,874.5157807223995
32,428.70000000000005,784.8151895035569
32,428.8,765.5325557153774
32,428.90000000000003,866.2008137345089
32,429.0,906.5811532437093
32,429.1,910.9354163191366
32,429.20000000000005,877.6224874609488
32,429.3,835.8919850862382
32,429.40000000000003,869.3233644119176
32,429.5,894.7197234074995
32,429.6,759.7228716759896
32,429.70000000000005,735.4656901001036
32,429.8,845.8163379574745
32,429.90000000000003,867.7003165955113
32,430.0,877.8135045889023
32,430.1,852.5656956353846
32,430.20000000000005,848.3474753222699
32,430.3,890.7938786243315
32,430.40000000000003,869.7930958208217
32,430.5,847.0967627090456
32,430.6,891.032639111915
32,430.70000000000005,904.0086057357812
32,430.8,852.5080017741997
32,430.90000000000003,869.307961668198
32,431.0,855.9270902884439
32,431.1,847.0309353872968
32,431.20000000000005,876.4433642142119
32,431.3,878.545065195674
32,431.40000000000003,882.3834011242897
32,431.5,818.4794688419242
32,431.6,811.6255931592895
32,431.70000000000005,814.1406619687975
32,431.8,839.6634297439658
32,431.90000000000003,866.7953970106046
32,432.0,840.5903384676868
32,432.1,843.9970726101437
32,432.20000000000005,853.0257701832769
32,432.3,880.467285823259
32,432.40000000000003,889.2919862152953
32,432.5,878.0528816310701
32,432.6,855.0092466512061
32,432.70000000000005,864.916412983814
32,432.8,885.1785831709853
32,432.90000000000003,770.0377015224408
32,433.0,755.480768685673
32,433.1,887.1308370002283
32,433.20000000000005,885.2425708610282
32,433.3,763.6052882744282
32,433.40000000000003,756.2595464189354
32,433.5,878.1992354679896
32,433.6,870.2937048836403
32,433.70000000000005,869.4034216127511
32,433.8,880.150830667804
32,433.90000000000003,890.563987008149
32,434.0,875.2245620275954
32,434.1,884.1554698864064
32,434.20000000000005,882.2633026792215
32,434.3,879.0182897453624
32,434.40000000000003,885.1527366425325
32,434.5,879.0829233340082
32,434.6,885.4022700964391
32,434.70000000000005,895.71474750243
32,434.8,658.3257964207372
32,434.90000000000003,572.9478814882992
32,435.0,799.4511500310853
32,435.1,800.522791824334
32,435.20000000000005,854.9501962650693
32,435.3,871.7864238744286
32,435.40000000000003,883.2618630507233
32,435.5,907.2288793024618
32,435.6,908.5758832308076
32,435.70000000000005,893.4385448575607
32,435.8,889.4408500625323
32,435.90000000000003,892.7794144052394
32,436.0,891.0008815848041
32,436.1,858.9927945506629
32,436.20000000000005,857.0083154101001
32,436.3,729.1354077201357
32,436.40000000000003,661.7636180094702
32,436.5,839.5251234804557
32,436.6,863.9352023985446
32,436.70000000000005,681.1309993415715
32,436.8,587.6554817048916
32,436.90000000000003,889.2049844286908
32,437.0,892.2499803034526
32,437.1,876.3139616435973
32,437.20000000000005,775.9701894871173
32,437.3,779.3559494829366
32,437.40000000000003,919.123150741331
32,437.5,776.0648758320136
32,437.6,720.9616094372989
32,437.70000000000005,886.0156732675498
32,437.8,880.5186110353605
32,437.90000000000003,885.0634280934469
32,438.0,874.686621266422
32,438.1,856.2208466936678
32,438.20000000000005,864.549310277249
32,438.3,875.7574079426688
32,438.40000000000003,903.7667954202595
32,438.5,899.160287693384
32,438.6,914.7986087162975
32,438.70000000000005,908.2698974145799
32,438.8,706.6222800966061
32,438.90000000000003,607.6328188230798
32,439.0,893.6922012247386
32,439.1,887.5750417280746
32,439.20000000000005,895.566981120597
32,439.3,886.6223596905224
32,439.40000000000003,768.8514392697612
32,439.5,695.7480227943697
32,439.6,849.3696533544987
32,439.70000000000005,877.8821886341467
32,439.8,867.5729395404009
32,439.90000000000003,880.2840494731307
32,440.0,876.0289220056507
32,440.1,833.3683227679262
32,440.20000000000005,819.0710779347897
32,440.3,886.2456880228176
32,440.40000000000003,896.9694532865495
32,440.5,871.0037260822758
32,440.6,686.6638020908744
32,440.70000000000005,579.5705065758966
32,440.8,885.4199596238012
32,440.90000000000003,887.1116193212857
32,441.0,728.2114495834455
32,441.1,586.2981525176737
32,441.20000000000005,909.8719842155738
32,441.3,873.0869285953229
32,441.40000000000003,873.1960813221012
32,441.5,914.0660099408402
32,441.6,905.9675179173325
32,441.70000000000005,912.8782669580581
32,441.8,925.1414729610719
32,441.90000000000003,919.6670865955547
32,442.0,897.1802364998583
32,442.1,895.139875153469
32,442.20000000000005,885.0074583295855
32,442.3,902.071096815885
32,442.40000000000003,921.1733390933073
32,442.5,903.9155097610112
32,442.6,900.4863815117799
32,442.70000000000005,874.8916472406845
32,442.8,866.491576571068
32,442.90000000000003,855.378246127256
32,443.0,864.8289914617877
32,443.1,842.5450416831682
32,443.20000000000005,822.9699064700659
32,443.3,842.3436611497192
32,443.40000000000003,783.4127415515832
32,443.5,862.8885847811335
32,443.6,853.4894340310574
32,443.70000000000005,816.1606528598209
32,443.8,887.7702310127125
32,443.90000000000003,910.4298709008752
32,444.0,883.287446857976
32,444.1,858.054452827946
32,444.20000000000005,876.6442660729243
32,444.3,892.4161078608506
32,444.40000000000003,900.0758640276412
32,444.5,861.2566802937006
32,444.6,824.0115898422257
32,444.70000000000005,882.905411013646
32,444.8,835.0662688225552
32,444.90000000000003,838.0797754201076
32,445.0,867.0096418120575
32,445.1,882.0014701801434
32,445.20000000000005,853.8864022077306
32,445.3,861.1602932640818
32,445.40000000000003,858.0149796314241
32,445.5,853.3629634721037
32,445.6,877.2896547174499
32,445.70000000000005,869.1335451785422
32,445.8,912.6354457985033
32,445.90000000000003,852.6738477941227
32,446.0,892.2683769749112
32,446.1,903.3713194341003
32,446.20000000000005,956.8398937794004
32,446.3,862.1981098191408
32,446.40000000000003,895.5917292889408
32,446.5,917.4767915704003
32,446.6,883.4273328681787
32,446.70000000000005,871.0959222630183
32,446.8,830.7315086644364
32,446.90000000000003,705.3917838106664
32,447.0,895.6736250354378
32,447.1,901.4480035007633
32,447.20000000000005,871.1595483839175
32,447.3,896.8890815040425
32,447.40000000000003,846.0755996786338
32,447.5,856.9350297684072
32,447.6,928.9698844443058
32,447.70000000000005,800.7300718721523
32,447.8,516.7376370253373
32,447.90000000000003,876.3966100300966
32,448.0,887.8248141810222
32,448.1,865.7223625554949
32,448.20000000000005,912.5742798019297
32,448.3,873.0230056416013
32,448.40000000000003,864.5784497991629
32,448.5,921.175740752387
32,448.6,889.956509221677
32,448.70000000000005,902.8768330968237
32,448.8,918.5847775474994
32,448.90000000000003,875.8597652116133
32,449.0,874.6274174421677
32,449.1,874.6921502959945
32,449.20000000000005,816.2666276982573
32,449.3,681.273803271858
32,449.40000000000003,875.4563475076791
32,449.5,876.8767884730838
32,449.6,797.718175093583
32,449.70000000000005,783.2843238757152
32,449.8,920.1053313517588
32,449.90000000000003,878.0454966627708
32,450.0,920.037507369389
32,450.1,897.1475341830212
32,450.20000000000005,889.8731546509346
32,450.3,889.2688201132412
32,450.40000000000003,897.2706184586175
32,450.5,868.8944386373108
32,450.6,661.5604837131691
32,450.70000000000005,900.2019903033937
32,450.8,890.9518746027476
32,450.90000000000003,900.5201870314808
32,451.0,737.1230668683596
32,451.1,505.853269520042
32,451.20000000000005,835.7489039091207
32,451.3,530.6593774478883
32,451.40000000000003,878.9262452537558
32,451.5,822.5834722120422
32,451.6,834.8523460895988
32,451.70000000000005,569.7536447551579
32,451.8,864.7589138564902
32,451.90000000000003,839.2143676742685
32,452.0,638.4821959588601
32,452.1,879.868645810138
32,452.20000000000005,825.5943189770226
32,452.3,607.1817690763401
32,452.40000000000003,907.8342960311982
32,452.5,905.508232805329
32,452.6,851.8884340179704
32,452.70000000000005,682.3116932789106
32,452.8,934.1114765726048
32,452.90000000000003,890.432697486349
32,453.0,876.8482375789694
32,453.1,875.1448596037098
32,453.20000000000005,792.6774826370025
32,453.3,881.7714219005056
32,453.40000000000003,911.8480462672144
32,453.5,754.6642988406817
32,453.6,848.8751169669433
32,453.70000000000005,816.2315973839511
32,453.8,917.8115007488735
32,453.90000000000003,903.8253177182589
32,454.0,802.69442362389
32,454.1,936.3222423599907
32,454.20000000000005,884.5262453169466
32,454.3,859.5719617824997
32,454.40000000000003,923.7968977242275
32,454.5,900.3328754746647
32,454.6,893.5392564009624
32,454.70000000000005,928.667971662548
32,454.8,875.8996826148004
32,454.90000000000003,935.8206861820796
32,455.0,930.0430477940913
32,455.1,877.937673126254
32,455.20000000000005,668.0746721367974
32,455.3,776.2604612507176
32,455.40000000000003,874.4465427118976
32,455.5,863.9227376118507
32,455.6,437.27498171780644
32,455.70000000000005,589.2163107410728
32,455.8,846.3684523412405
32,455.90000000000003,888.4045648180136
32,456.0,887.9926020942409
32,456.1,855.6758289463598
32,456.20000000000005,874.519119120523
32,456.3,687.8526171781517
32,456.40000000000003,778.7381999632591
32,456.5,471.30247670480117
32,456.6,841.8530176156648
32,456.70000000000005,764.3506199389836
32,456.8,898.3162490321935
32,456.90000000000003,896.1200939680966
32,457.0,848.2593534330863
32,457.1,825.7415054016859
32,457.20000000000005,835.2764737853913
32,457.3,895.0271536091736
32,457.40000000000003,892.3827691074177
32,457.5,898.6927882277702
32,457.6,816.4427491071068
32,457.70000000000005,872.3640048884274
32,457.8,865.1997666136164
32,457.90000000000003,619.5430372772457
32,458.0,864.6835557151466
32,458.1,871.6268044037836
32,458.20000000000005,870.4150933336504
32,458.3,882.3065067627637
32,458.40000000000003,875.9670994302244
32,458.5,889.9566481411341
32,458.6,895.9928185603077
32,458.70000000000005,845.9015999550462
32,458.8,822.0193617464366
32,458.90000000000003,884.5664145741606
32,459.0,583.6528253327109
32,459.1,862.3475567741908
32,459.20000000000005,750.6695118994181
32,459.3,663.6617430877482
32,459.40000000000003,696.0208804876161
32,459.5,720.3424277688833
32,459.6,854.7305170399255
32,459.70000000000005,868.3423135246896
32,459.8,883.7691500338292
32,459.90000000000003,873.0177801227273
32,460.0,700.9290614013146
32,460.1,846.6061956964317
32,460.20000000000005,897.0357988193348
32,460.3,886.8254057651974
32,460.40000000000003,906.0726386592738
32,460.5,773.898628232425
32,460.6,874.1988451159183
32,460.70000000000005,826.5141014983776
32,460.8,862.3939299297392
32,460.90000000000003,863.0478309071441
32,461.0,572.9730846918262
32,461.1,810.3273773805702
32,461.20000000000005,882.0500235651662
32,461.3,834.4078362066311
32,461.40000000000003,891.5438594200975
32,461.5,880.9480681608645
32,461.6,921.1600568357468
32,461.70000000000005,905.7041187343447
32,461.8,604.7493847042991
32,461.90000000000003,841.00910058709
32,462.0,737.1315031338216
32,462.1,506.1120344867597
32,462.20000000000005,781.9078266657802
32,462.3,652.5876150259044
32,462.40000000000003,859.9627483184037
32,462.5,833.1543337463858
32,462.6,869.1138370036794
32,462.70000000000005,869.3304052470669
32,462.8,543.8916061554709
32,462.90000000000003,809.3329243874663
32,463.0,875.2171004910537
32,463.1,836.8260729961071
32,463.20000000000005,866.577360250833
32,463.3,856.2829578963892
32,463.40000000000003,838.6759793376443
32,463.5,857.4126824045973
32,463.6,866.1354407494066
32,463.70000000000005,852.9221373493208
32,463.8,897.7190629967097
32,463.90000000000003,614.2432395526433
32,464.0,801.8636737536657
32,464.1,746.8203406978535
32,464.20000000000005,839.7379700062169
32,464.3,824.436354920232
32,464.40000000000003,697.1061773320425
32,464.5,728.1510525867017
32,464.6,840.3678237940655
32,464.70000000000005,456.70255426895125
32,464.8,729.8111386011192
32,464.90000000000003,830.2217832897334
32,465.0,621.5359174032556
32,465.1,774.0412996439229
32,465.20000000000005,839.3692182439419
32,465.3,846.0998330099137
32,465.40000000000003,871.7836792559857
32,465.5,874.4276773348324
32,465.6,851.1643893574443
32,465.70000000000005,860.999770440719
32,465.8,883.3021587909848
32,465.90000000000003,778.4202828229364
32,466.0,849.8548859380807
32,466.1,859.4440947686501
32,466.20000000000005,854.8860237000315
32,466.3,836.0840870501037
32,466.40000000000003,851.0064708984505
32,466.5,880.1312333969764
32,466.6,881.4402358302924
32,466.70000000000005,714.5512304519929
32,466.8,832.7190116345718
32,466.90000000000003,904.4212171965711
32,467.0,890.8601749673626
32,467.1,876.83873541814
32,467.20000000000005,878.0411748061262
32,467.3,858.7400168603768
32,467.40000000000003,865.1083275633143
32,467.5,855.3455312192577
32,467.6,715.9602710267196
32,467.70000000000005,782.0259824387209
32,467.8,848.793494673404
32,467.90000000000003,818.162520777637
32,468.0,807.9952519640399
32,468.1,844.8548344947446
32,468.20000000000005,856.4776957575428
32,468.3,740.3016557174655
32,468.40000000000003,797.424104943367
32,468.5,849.7224531940136
32,468.6,852.7489991362864
32,468.70000000000005,860.7468586838784
32,468.8,865.9459971657562
32,468.90000000000003,761.9166413838685
32,469.0,694.4217591768262
32,469.1,662.8367103519626
32,469.20000000000005,766.7987275925018
32,469.3,835.231678725437
32,469.40000000000003,553.8038582016964
32,469.5,651.975580616939
32,469.6,790.9893917030325
32,469.70000000000005,850.5939971600891
32,469.8,874.0193242617395
32,469.90000000000003,595.4316872559003
32,470.0,684.229484256864
32,470.1,865.4412985463396
32,470.20000000000005,853.5463135995756
32,470.3,868.1016549114463
32,470.40000000000003,880.2199961424625
32,470.5,811.1945170406564
32,470.6,814.7711605813279
64,0.0,431.055
64,0.1,432.4340863406344
64,0.2,482.5108867711194
64,0.30000000000000004,687.4877998904304
64,0.4,845.9636991781997
64,0.5,591.8958055559526
64,0.6000000000000001,390.9858904427254
64,0.7000000000000001,461.51038068671267
64,0.8,671.4320950761096
64,0.9,833.8728644930748
64,1.0,643.4228667554933
64,1.1,663.718999823712
64,1.2000000000000002,856.5223160917831
64,1.3,657.3939594286596
64,1.4000000000000001,622.7846576777962
64,1.5,857.8347032762322
64,1.6,864.3174951589046
64,1.7000000000000002,678.7881862849812
64,1.8,640.6595316711284
64,1.9000000000000001,864.6228667085909
64,2.0,831.7026923461195
64,2.1,812.957715558505
64,2.2,848.6827092170882
64,2.3000000000000003,848.5084834656191
64,2.4000000000000004,820.0816217537741
64,2.5,815.4846791866302
64,2.6,825.6217211317797
64,2.7,851.9390154006607
64,2.8000000000000003,879.2836004557553
64,2.9000000000000004,841.4660290697371
64,3.0,812.2532175557609
64,3.1,815.9133211788775
64,3.2,792.5680815785839
64,3.3000000000000003,823.6803479198572
64,3.4000000000000004,798.2856553694007
64,3.5,630.3880949434937
64,3.6,581.3196268857884
64,3.7,888.7155881325247
64,3.8000000000000003,893.0682131264762
64,3.9000000000000004,682.4483648218446
64,4.0,566.1005373506948
64,4.1000000000000005,873.6469786672387
64,4.2,935.1944518951522
64,4.3,916.1761048383257
64,4.4,822.2093383971248
64,4.5,825.2035619693671
64,4.6000000000000005,821.8948871311998
64,4.7,742.281411074875
64,4.800000000000001,698.9154856663978
64,4.9,758.078404108294
64,5.0,846.4246391841015
64,5.1000000000000005,860.8116763621723
64,5.2,833.9667133815801
64,5.300000000000001,816.3484980523873
64,5.4,734.551435446975
64,5.5,669.8993720852765
64,5.6000000000000005,834.2238079474807
64,5.7,715.457233623856
64,5.800000000000001,585.2402948529442
64,5.9,879.697890590841
64,6.0,879.6076951066708
64,6.1000000000000005,843.0948321687551
64,6.2,862.571327403677
64,6.300000000000001,857.8251356495549
64,6.4,808.0034172650766
64,6.5,798.4177040282282
64,6.6000000000000005,683.5259292494883
64,6.7,616.9278252386862
64,6.800000000000001,1006.4882143225374
64,6.9,895.0171558100642
64,7.0,811.7308054545715
64,7.1000000000000005,818.6196636989954
64,7.2,706.358911138322
64,7.300000000000001,591.2498757544233
64,7.4,819.2414427340818
64,7.5,717.590163763614
64,7.6000000000000005,609.8640897372262
64,7.7,743.7492044641007
64,7.800000000000001,624.746984891207
64,7.9,791.968448642881
64,8.0,815.367568012617
64,8.1,840.3537786726257
64,8.200000000000001,823.6660803431506
64,8.3,749.5970682620853
64,8.4,689.518840289128
64,8.5,850.7370543417154
64,8.6,751.5502895213502
64,8.700000000000001,618.4667046630998
64,8.8,852.3310641445701
64,8.9,853.3434035870208
64,9.0,815.3149822607851
64,9.1,775.5117760823417
64,9.200000000000001,675.3449240959952
64,9.3,829.4129153576034
64,9.4,682.2718410193002
64,9.5,439.75140654146605
64,9.600000000000001,529.4805671657045
64,9.700000000000001,669.6463167909974
64,9.8,602.4878435855126
64,9.9,790.0496800671636
64,10.0,659.4640513966481
64,10.100000000000001,797.9883783957125
64,10.200000000000001,807.7690632414519
64,10.3,744.8233998470567
64,10.4,837.1404049279766
64,10.5,807.2126823433838
64,10.600000000000001,767.3633081051823
64,10.700000000000001,578.801604665449
64,10.8,598.9956533628141
64,10.9,981.6816515143203
64,11.0,743.1621334729409
64,11.100000000000001,708.6935137152678
64,11.200000000000001,791.1862449014207
64,11.3,736.8828637598351
64,11.4,643.0091804246849
64,11.5,749.0283867431218
64,11.600000000000001,749.3829577511485
64,11.700000000000001,713.5704180194089
64,11.8,749.8688435929677
64,11.9,685.5368386497441
64,12.0,676.2695484557838
64,12.100000000000001,579.4007967938621
64,12.200000000000001,746.6688990704574
64,12.3,728.71626154381
64,12.4,496.27392726295705
64,12.5,635.1314231996644
64,12.600000000000001,803.9745456950342
64,12.700000000000001,698.6518772956734
64,12.8,731.0180558678073
64,12.9,829.644894553356
64,13.0,748.2090803697572
64,13.100000000000001,512.6298715842835
64,13.200000000000001,535.3467045637908
64,13.3,796.5811965747293
64,13.4,789.1394879628715
64,13.5,550.8925309621496
64,13.600000000000001,562.965903619881
64,13.700000000000001,718.0664142529359
64,13.8,536.6409677063058
64,13.9,834.3862254650378
64,14.0,821.0522360214413
64,14.100000000000001,827.5337456022262
64,14.200000000000001,811.9917927321416
64,14.3,780.04940914174
64,14.4,750.054354780751
64,14.5,801.9364878570526
64,14.600000000000001,851.8833597726573
64,14.700000000000001,794.3158121343749
64,14.8,816.5823976162892
64,14.9,578.3903013569278
64,15.0,745.8747897126281
64,15.100000000000001,774.9094288865623
64,15.200000000000001,659.4430535411071
64,15.3,814.8519508697103
64,15.4,716.4022989982111
64,15.5,751.9333641922084
64,15.600000000000001,633.4000014121716
64,15.700000000000001,830.8845143160705
64,15.8,786.3267265432708
64,15.9,653.6610191855884
64,16.0,760.7522695783922
64,16.1,757.7690901353363
64,16.2,429.1250297706401
64,16.3,577.8446651536875
64,16.400000000000002,510.1903886871592
64,16.5,625.3507637896572
64,16.6,670.8094928667222
64,16.7,815.0918386100496
64,16.8,787.3202892600897
64,16.900000000000002,668.5504558200744
64,17.0,848.9089952802456
64,17.1,781.0074954552869
64,17.2,445.46366383122484
64,17.3,657.7933630823973
64,17.400000000000002,491.07939310572397
64,17.5,843.0321870674971
64,17.6,795.7061238421926
64,17.7,611.212722131492
64,17.8,633.7788449580721
64,17.900000000000002,750.4646404730216
64,18.0,829.1516270590421
64,18.1,817.2735214239186
64,18.2,787.5416058276292
64,18.3,862.6760270126059
64,18.400000000000002,1017.382104215281
64,18.5,775.8147174706709
64,18.6,516.3138545077755
64,18.7,745.3094095409624
64,18.8,664.5521849914479
64,18.900000000000002,687.4348414481697
64,19.0,769.7636426631406
64,19.1,776.2873412360569
64,19.200000000000003,743.1287883530588
64,19.3,608.0092427590926
64,19.400000000000002,444.157864890265
64,19.5,695.2819634387188
64,19.6,416.45625384542615
64,19.700000000000003,770.9993056488614
64,19.8,765.8164447474483
64,19.900000000000002,709.5491614667346
64,20.0,651.3039432921295
64,20.1,640.4089410222716
64,20.200000000000003,796.4471832547865
64,20.3,812.6133920961914
64,20.400000000000002,833.4091756541933
64,20.5,705.4158285710201
64,20.6,417.83316263427616
64,20.700000000000003,611.6567199238744
64,20.8,825.3274176532243
64,20.900000000000002,790.8788283921422
64,21.0,837.2190034448009
64,21.1,825.5514809669459
64,21.200000000000003,831.1259357613493
64,21.3,810.4962729434891
64,21.400000000000002,498.72750418969855
64,21.5,674.6269216637286
64,21.6,831.0720903527033
64,21.700000000000003,818.8021420565734
64,21.8,853.28675842358
64,21.900000000000002,768.0243718897449
64,22.0,817.2118573334856
64,22.1,832.5365683715128
64,22.200000000000003,795.8287695647919
64,22.3,445.45319655860925
64,22.400000000000002,557.126537205643
64,22.5,645.1823563140907
64,22.6,678.4525151076535
64,22.700000000000003,726.2070486351803
64,22.8,667.9162063333082
64,22.900000000000002,655.2065713828295
64,23.0,771.4986968101579
64,23.1,442.9087991881703
64,23.200000000000003,630.6790084484725
64,23.3,677.0423024097938
64,23.400000000000002,664.1404250194524
64,23.5,720.8950056228126
64,23.6,718.6342443590036
64,23.700000000000003,628.3292595335049
64,23.8,454.17844259301046
64,23.900000000000002,400.1533797051161
64,24.0,633.1040121708347
64,24.1,501.6395808828621
64,24.200000000000003,778.7134878507968
64,24.3,790.2964889478648
64,24.400000000000002,535.4765718941111
64,24.5,615.3955586200653
64,24.6,442.2810935694025
64,24.700000000000003,763.089626947081
64,24.8,745.8760901010733
64,24.900000000000002,678.5304622658483
64,25.0,793.9007590739403
64,25.1,727.6110292887574
64,25.200000000000003,791.8940130626555
64,25.3,568.5720615326322
64,25.400000000000002,385.55228773737593
64,25.5,658.8176628374854
64,25.6,722.7359224842955
64,25.700000000000003,754.250080682948
64,25.8,826.6464712551996
64,25.900000000000002,854.0737452094614
64,26.0,777.2703283745752
64,26.1,744.7331456906467
64,26.200000000000003,638.6511940719155
64,26.3,694.3609981951813
64,26.400000000000002,699.1132313658971
64,26.5,781.6318967472489
64,26.6,580.3721694175011
64,26.700000000000003,769.2211205023946
64,26.8,823.8953321200573
64,26.900000000000002,829.0826795557367
64,27.0,776.5562604551213
64,27.1,778.52099086426
64,27.200000000000003,547.1845551416664
64,27.3,446.51145863762036
64,27.400000000000002,730.4303191414419
64,27.5,730.0752132526188
64,27.6,653.2643285785406
64,27.700000000000003,704.0626839222434
64,27.8,792.5303645219971
64,27.900000000000002,818.5045067184752
64,28.0,629.6967921538359
64,28.1,653.7190475454763
64,28.200000000000003,768.9276999647474
64,28.3,502.13180577891535
64,28.400000000000002,653.8780708289418
64,28.5,749.2460333245992
64,28.6,776.5664933675417
64,28.700000000000003,539.3643331783211
64,28.8,773.9651357565732
64,28.900000000000002,831.879853969222
64,29.0,820.9896472589198
64,29.1,848.8360107867057
64,29.200000000000003,864.9325629720507
64,29.3,860.9544690514982
64,29.400000000000002,862.0858864832417
64,29.5,620.8276236165965
64,29.6,817.774772622633
64,29.700000000000003,840.5898481692325
64,29.8,834.3293380899979
64,29.900000000000002,852.0659679131013
64,30.0,838.6196107006369
64,30.1,842.186642035863
64,30.200000000000003,851.3933493150753
64,30.3,605.3849265472596
64,30.400000000000002,778.0944370631729
64,30.5,846.3067303168692
64,30.6,820.404191220129
64,30.700000000000003,749.9816270808857
64,30.8,807.7677349287843
64,30.900000000000002,855.1461445891455
64,31.0,848.1945637872601
64,31.1,855.3247899135085
64,31.200000000000003,694.1763264425031
64,31.3,713.9436455467328
64,31.400000000000002,801.8475546278664
64,31.5,806.5566052136752
64,31.6,473.16179820105503
64,31.700000000000003,744.0138882763698
64,31.8,513.5416708135239
64,31.900000000000002,747.1481048625872
64,32.0,835.1189544613336
64,32.1,861.0352973818304
64,32.2,851.8989941271469
64,32.300000000000004,864.0936358667574
64,32.4,863.3231925565289
64,32.5,861.8419015080875
64,32.6,864.2715825823725
64,32.7,882.8264197251614
64,32.800000000000004,866.7791622640511
64,32.9,931.5414021940425
64,33.0,869.4480457858705
64,33.1,822.2734632076723
64,33.2,816.9877311434017
64,33.300000000000004,811.3678619201091
64,33.4,850.4892373070586
64,33.5,844.2070110544219
64,33.6,831.9679033550667
64,33.7,819.567866224083
64,33.800000000000004,814.7391987446193
64,33.9,840.7306913010231
64,34.0,678.157531087509
64,34.1,780.8731228566284
64,34.2,856.2211520471604
64,34.300000000000004,753.9979969005807
64,34.4,815.0841423105572
64,34.5,841.0452861279936
64,34.6,671.4356853758891
64,34.7,476.98054288238626
64,34.800000000000004,703.1135059672114
64,34.9,829.7682626716932
64,35.0,847.396968146479
64,35.1,854.2725295583482
64,35.2,861.9487631021055
64,35.300000000000004,857.7922879310711
64,35.4,861.9580051146772
64,35.5,844.7934844653627
64,35.6,852.8059167266281
64,35.7,849.5604423541122
64,35.800000000000004,835.2954181132573
64,35.9,666.2999729217292
64,36.0,770.6596267072802
64,36.1,867.5414935772313
64,36.2,864.5142469455516
64,36.300000000000004,820.5755337684892
64,36.4,868.9776633263532
64,36.5,873.250133126581
64,36.6,827.9018670641104
64,36.7,852.5912405446757
64,36.800000000000004,860.7271227603811
64,36.9,698.1555480110538
64,37.0,782.6362447103777
64,37.1,844.3445570126291
64,37.2,859.7447617091992
64,37.300000000000004,866.1770634070588
64,37.4,842.4147304918288
64,37.5,843.3312518131432
64,37.6,867.3955593256184
64,37.7,884.7703998928037
64,37.800000000000004,881.9906832179215
64,37.9,863.3882549667047
64,38.0,837.8586827187639
64,38.1,733.5944854964404
64,38.2,741.2582193822552
64,38.300000000000004,769.171363444569
64,38.400000000000006,540.8874824648002
64,38.5,647.2923241825644
64,38.6,759.9338858106443
64,38.7,784.9067296946936
64,38.800000000000004,832.4594385564743
64,38.900000000000006,841.062415260443
64,39.0,831.5671226638715
64,39.1,802.2956661765296
64,39.2,752.0831932316032
64,39.300000000000004,819.0304451706538
64,39.400000000000006,875.0384273051444
64,39.5,827.7381729481993
64,39.6,835.0381735754287
64,39.7,863.8678006941386
64,39.800000000000004,867.5287587587902
64,39.900000000000006,868.1326979608456
64,40.0,804.658375770901
64,40.1,769.9425605356087
64,40.2,812.9156011726529
64,40.300000000000004,832.2366950097866
64,40.400000000000006,858.3589155685471
64,40.5,880.4499624561671
64,40.6,852.4159245046072
64,40.7,858.9284905276406
64,40.800000000000004,836.6102067214239
64,40.900000000000006,833.11349669153
64,41.0,858.9589192781848
64,41.1,852.1258190617963
64,41.2,721.9938430663848
64,41.300000000000004,753.6292222596568
64,41.400000000000006,807.3479270009574
64,41.5,839.8931644596448
64,41.6,875.9631841057678
64,41.7,841.0607906987473
64,41.800000000000004,819.4187528279326
64,41.900000000000006,828.2444864665941
64,42.0,842.0500519064769
64,42.1,864.3017308425476
64,42.2,874.8441041393224
64,42.300000000000004,860.5064652495707
64,42.400000000000006,838.7588055829676
64,42.5,853.7161739743449
64,42.6,870.0501607753652
64,42.7,858.7546457800099
64,42.800000000000004,849.2466504080494
64,42.900000000000006,851.3927347999555
64,43.0,858.0024600623531
64,43.1,855.4442424390556
64,43.2,820.8019224803157
64,43.300000000000004,827.4487019282969
64,43.400000000000006,863.8397909513354
64,43.5,860.7006947452658
64,43.6,623.3419332936259
64,43.7,671.7868749987613
64,43.800000000000004,802.4185670010518
64,43.900000000000006,821.7595633877634
64,44.0,865.4002957888853
64,44.1,855.5459395557333
64,44.2,848.6710460953541
64,44.300000000000004,840.4673915085676
64,44.400000000000006,723.6936561547652
64,44.5,726.3529375321533
64,44.6,830.0806720961981
64,44.7,850.9720661243645
64,44.800000000000004,838.8968826178826
64,44.900000000000006,851.5719071060308
64,45.0,819.713429069651
64,45.1,819.7753054014021
64,45.2,859.2571511589958
64,45.300000000000004,756.5788922904268
64,45.400000000000006,760.3074244162417
64,45.5,860.3347266720498
64,45.6,835.6245705533615
64,45.7,837.0750217568665
64,45.800000000000004,847.4162528501884
64,45.900000000000006,816.7568625383506
64,46.0,837.0552756869545
64,46.1,853.5285870413513
64,46.2,808.0503260588338
64,46.300000000000004,828.9299482015324
64,46.400000000000006,868.2409131175057
64,46.5,855.9472378620427
64,46.6,856.737587212593
64,46.7,868.1209723941362
64,46.800000000000004,883.2244946980329
64,46.900000000000006,876.4341974144387
64,47.0,836.3725652152191
64,47.1,824.731744823496
64,47.2,853.4234471247293
64,47.300000000000004,870.5708441451998
64,47.400000000000006,876.7372137146915
64,47.5,871.210271673938
64,47.6,813.9431644881954
64,47.7,828.2516978559539
64,47.800000000000004,874.249713963934
64,47.900000000000006,838.4793273317887
64,48.0,854.4671751850547
64,48.1,690.9834840028814
64,48.2,648.7781920175609
64,48.300000000000004,815.6416414389581
64,48.400000000000006,829.6116783665985
64,48.5,839.4699227639468
64,48.6,854.419391962955
64,48.7,838.3920631593671
64,48.800000000000004,799.1571491801724
64,48.900000000000006,843.9002934337004
64,49.0,823.4614313613113
64,49.1,813.1253423582613
64,49.2,863.4014998721284
64,49.300000000000004,859.3939689887275
64,49.400000000000006,759.1075891701329
64,49.5,745.5208388985214
64,49.6,884.3603471666721
64,49.7,872.5378097603907
64,49.800000000000004,822.1650092645459
64,49.900000000000006,822.3678777154487
64,50.0,845.7004241013885
64,50.1,863.2130177710666
64,50.2,887.3550442860607
64,50.300000000000004,873.8947306864469
64,50.400000000000006,884.0297842903366
64,50.5,825.4160658000814
64,50.6,722.9720229643614
64,50.7,776.1360241438
64,50.800000000000004,856.5966480974118
64,50.900000000000006,870.8133035738903
64,51.0,897.9539975335539
64,51.1,886.7853847319515
64,51.2,870.5722401765609
64,51.300000000000004,861.0165481523479
64,51.400000000000006,845.7614166396819
64,51.5,848.3178529466417
64,51.6,706.5963554644021
64,51.7,546.6602898833181
64,51.800000000000004,722.8088844002569
64,51.900000000000006,720.8140418165555
64,52.0,597.0985690534555
64,52.1,563.2380574293103
64,52.2,758.7975471640688
64,52.300000000000004,642.1642470346663
64,52.400000000000006,554.2026270370271
64,52.5,796.8635237583592
64,52.6,799.0709788386296
64,52.7,751.0957998980399
64,52.800000000000004,806.8411188836147
64,52.900000000000006,799.4455669290136
64,53.0,615.9540852107996
64,53.1,587.4273081319706
64,53.2,803.4091560487541
64,53.300000000000004,827.4708529862187
64,53.400000000000006,818.7275167406372
64,53.5,672.9493202223101
64,53.6,507.3929028070217
64,53.7,837.3004190881877
64,53.800000000000004,831.9429083292029
64,53.900000000000006,866.1117520873631
64,54.0,742.480444808389
64,54.1,627.6140290694481
64,54.2,793.1385579951351
64,54.300000000000004,716.2548019768368
64,54.400000000000006,651.0191005763434
64,54.5,598.7963587597136
64,54.6,862.3893320728998
64,54.7,738.708485293039
64,54.800000000000004,604.1520768337898
64,54.900000000000006,706.5935805521901
64,55.0,826.3361817304911
64,55.1,827.1998198191385
64,55.2,788.6140010968891
64,55.300000000000004,800.6499051977929
64,55.400000000000006,834.9608342327152
64,55.5,777.5922844143562
64,55.6,502.60135114382615
64,55.7,554.5223358244068
64,55.800000000000004,827.2519748168933
64,55.900000000000006,861.7293494674499
64,56.0,670.8096568746341
64,56.1,711.4097183433132
64,56.2,726.6218538650364
64,56.300000000000004,812.4819812097037
64,56.400000000000006,686.5794717443572
64,56.5,510.1037691651679
64,56.6,656.9290805750917
64,56.7,741.0687321635922
64,56.800000000000004,822.5210945382148
64,56.900000000000006,846.775043250839
64,57.0,800.9257488891842
64,57.1,673.5079243920362
64,57.2,836.6485349600224
64,57.300000000000004,703.3335005502312
64,57.400000000000006,622.4393646940493
64,57.5,844.9324058860792
64,57.6,773.721331475409
64,57.7,566.8998332977686
64,57.800000000000004,836.2815757326631
64,57.900000000000006,783.6274994866383
64,58.0,706.6383722713443
64,58.1,648.7707973599624
64,58.2,840.1703701805305
64,58.300000000000004,843.7491431391719
64,58.400000000000006,683.0211882737734
64,58.5,688.6419332012242
64,58.6,767.2679580193281
64,58.7,805.6458019725728
64,58.800000000000004,527.4047790575966
64,58.900000000000006,755.6935847489309
64,59.0,701.0657687068206
64,59.1,823.2560922895863
64,59.2,699.4082541193219
64,59.300000000000004,549.263106644034
64,59.400000000000006,811.0752148994861
64,59.5,771.3825351486563
64,59.6,780.8392739530035
64,59.7,812.1371607758595
64,59.800000000000004,787.1670385398996
64,59.900000000000006,567.6792759359906
64,60.0,828.3580237089756
64,60.1,858.1965970333418
64,60.2,820.4891547669034
64,60.300000000000004,701.0125745161289
64,60.400000000000006,664.268504789236
64,60.5,578.5664828985107
64,60.6,811.8529912513143
64,60.7,699.3352831405344
64,60.800000000000004,766.9469532602209
64,60.900000000000006,739.3381653733695
64,61.0,808.9766989168284
64,61.1,629.7606934186773
64,61.2,825.6930068734573
64,61.300000000000004,664.3051144459995
64,61.400000000000006,803.7583508028014
64,61.5,789.920141500692
64,61.6,652.0533352879746
64,61.7,360.1376084819344
64,61.800000000000004,786.2602521601142
64,61.900000000000006,706.2073199301462
64,62.0,613.392420640271
64,62.1,669.4087860655317
64,62.2,829.430678557199
64,62.300000000000004,690.8299733167855
64,62.400000000000006,737.8685597169026
64,62.5,796.9490461932054
64,62.6,709.1629968969526
64,62.7,799.8216644269077
64,62.800000000000004,483.6060926393631
64,62.900000000000006,731.2637985172889
64,63.0,815.8613971759594
64,63.1,703.343236257613
64,63.2,844.9445249593045
64,63.300000000000004,805.1242606866762
64,63.400000000000006,617.3541563182417
64,63.5,735.6987346663109
64,63.6,827.3378180324265
64,63.7,858.4867121300956
64,63.800000000000004,739.0492750657164
64,63.900000000000006,850.5440632706262
64,64.0,750.5663231077804
64,64.10000000000001,775.5040540622963
64,64.2,780.4122346092497
64,64.3,459.076006263727
64,64.4,859.3920764231208
64,64.5,790.3949251288745
64,64.60000000000001,791.5551719677104
64,64.7,771.5344399191957
64,64.8,766.2117404937487
64,64.9,794.3393881230022
64,65.0,761.1328768720982
64,65.10000000000001,337.8741275041011
64,65.2,843.8779865138478
64,65.3,589.5066392220004
64,65.4,836.1340222730561
64,65.5,780.4503807995769
64,65.60000000000001,766.5991805192168
64,65.7,547.9219778012739
64,65.8,748.3160223669413
64,65.9,728.3752276581986
64,66.0,575.1529684051045
64,66.10000000000001,732.9063348692911
64,66.2,716.1837130907254
64,66.3,789.2685383362256
64,66.4,698.8855041337582
64,66.5,455.0414690012507
64,66.60000000000001,686.0950814373961
64,66.7,668.1107170406993
64,66.8,594.671457574944
64,66.9,469.86665517575807
64,67.0,518.0367982433153
64,67.10000000000001,708.5207993582097
64,67.2,510.34106898601425
64,67.3,768.6922127686958
64,67.4,723.2553701118629
64,67.5,584.1455523156089
64,67.60000000000001,691.6955252661363
64,67.7,647.7359083731147
64,67.8,588.6143297817309
64,67.9,519.811958516291
64,68.0,750.2345120513071
64,68.10000000000001,827.6044027620705
64,68.2,570.2528819929546
64,68.3,621.7922809472758
64,68.4,391.2967144216104
64,68.5,703.0273614912189
64,68.60000000000001,739.7567112338854
64,68.7,716.9889297292914
64,68.8,680.8821708478366
64,68.9,505.84632028912677
64,69.0,783.0511407750454
64,69.10000000000001,764.375448367593
64,69.2,789.915632522674
64,69.3,466.46033534300096
64,69.4,630.923926077165
64,69.5,804.6353129718257
64,69.60000000000001,631.9806789925366
64,69.7,678.6212673546428
64,69.8,507.15209236568063
64,69.9,519.4549885689008
64,70.0,607.952781754426
64,70.10000000000001,703.0411326981063
64,70.2,602.9635253959533
64,70.3,690.4507022960183
64,70.4,781.0737622561184
64,70.5,787.5925549339897
64,70.60000000000001,683.8480272297493
64,70.7,732.8959974865722
64,70.8,764.8628125158125
64,70.9,611.1925269773994
64,71.0,697.928946613113
64,71.10000000000001,582.4598462243249
64,71.2,745.3095524151962
64,71.3,826.7700549775947
64,71.4,858.0148278787901
64,71.5,787.6917230278749
64,71.60000000000001,807.889298228686
64,71.7,754.3179497511616
64,71.8,466.97219024543483
64,71.9,618.7262163586272
64,72.0,680.684500832569
64,72.10000000000001,765.1560042402671
64,72.2,795.3736213851458
64,72.3,709.2812387671403
64,72.4,568.7822668027576
64,72.5,576.3811049531082
64,72.60000000000001,749.8958698092983
64,72.7,687.1863503068255
64,72.8,563.5069436610758
64,72.9,683.5023475323259
64,73.0,532.6167699478063
64,73.10000000000001,675.6341401727183
64,73.2,512.5183028632724
64,73.3,653.5604081314158
64,73.4,625.569882506601
64,73.5,551.1289794752267
64,73.60000000000001,426.8580906109536
64,73.7,452.83748589571195
64,73.8,601.8285969347588
64,73.9,429.9905485173325
64,74.0,404.7048959712439
64,74.10000000000001,695.6921517134103
64,74.2,676.5819535672626
64,74.3,647.5158852299212
64,74.4,390.6064895204744
64,74.5,670.2249860527162
64,74.60000000000001,503.1860545454087
64,74.7,591.7902044151695
64,74.8,568.6701399753758
64,74.9,460.95277510129046
64,75.0,713.812920159234
64,75.10000000000001,579.1613041521908
64,75.2,576.7799626588348
64,75.3,567.39244930833
64,75.4,512.2888515288942
64,75.5,710.040936231028
64,75.60000000000001,627.2035843610532
64,75.7,495.87848180889057
64,75.8,622.0485362175953
64,75.9,631.3047585331163
64,76.0,588.5294098572828
64,76.10000000000001,446.4869360292348
64,76.2,604.844256567728
64,76.3,696.4479182020276
64,76.4,704.603849959506
64,76.5,605.1271959168116
64,76.60000000000001,608.4043022977601
64,76.7,719.3630095274874
64,76.80000000000001,797.7124310914623
64,76.9,628.46427038234
64,77.0,467.17327291402273
64,77.10000000000001,605.7634835187419
64,77.2,581.7925581188862
64,77.30000000000001,458.97952356944035
64,77.4,491.47888558305823
64,77.5,457.94041615048883
64,77.60000000000001,536.794898661336
64,77.7,713.267069064701
64,77.80000000000001,832.725867638026
64,77.9,834.2206668511458
64,78.0,590.2519979990567
64,78.10000000000001,656.6698750326026
64,78.2,697.5113351396606
64,78.30000000000001,690.5608362828759
64,78.4,799.261634205703
64,78.5,766.3037491721855
64,78.60000000000001,551.0612716480371
64,78.7,442.0550321757741
64,78.80000000000001,579.5989541238322
64,78.9,695.6463041534167
64,79.0,704.0102363976771
64,79.10000000000001,558.5278323044694
64,79.2,590.620116141368
64,79.30000000000001,699.8849486501588
64,79.4,686.2000036006278
64,79.5,711.7615645462882
64,79.60000000000001,677.9198042667699
64,79.7,595.1146610793953
64,79.80000000000001,586.3081396370881
64,79.9,595.18841729964
64,80.0,599.3802634771195
64,80.10000000000001,473.3252850374819
64,80.2,503.59253756048906
64,80.30000000000001,679.7614594297113
64,80.4,763.6853611226263
64,80.5,808.9367868303837
64,80.60000000000001,601.5951510341191
64,80.7,589.0981477608044
64,80.80000000000001,748.6002802405295
64,80.9,791.6400956461927
64,81.0,839.8735020222663
64,81.10000000000001,838.9472011615156
64,81.2,756.996895571292
64,81.30000000000001,517.4724219787335
64,81.4,479.9337377926807
64,81.5,736.3059734767094
64,81.60000000000001,720.1014899760241
64,81.7,681.1487913570351
64,81.80000000000001,757.0402125675412
64,81.9,735.6688776760523
64,82.0,648.0410654814914
64,82.10000000000001,437.05240102613493
64,82.2,574.4569453468414
64,82.30000000000001,654.9601827929212
64,82.4,574.0751188221989
64,82.5,681.8893048221845
64,82.60000000000001,716.1925239650875
64,82.7,677.9452973429183
64,82.80000000000001,581.0320749027937
64,82.9,500.6019818678228
64,83.0,494.0898499043545
64,83.10000000000001,424.2106435191458
64,83.2,480.27406213505725
64,83.30000000000001,675.6474253203679
64,83.4,844.7533140245008
64,83.5,694.298926015248
64,83.60000000000001,548.8061275686254
64,83.7,636.952885305486
64,83.80000000000001,436.8886059790482
64,83.9,591.6621785991987
64,84.0,796.2676356410793
64,84.10000000000001,649.6332761691056
64,84.2,355.0376919900052
64,84.30000000000001,488.31055001196665
64,84.4,700.4551336584457
64,84.5,745.0605227117336
64,84.60000000000001,606.1297074764377
64,84.7,537.9237017445195
64,84.80000000000001,749.4194030659129
64,84.9,633.6761140487192
64,85.0,735.2027003337131
64,85.10000000000001,560.8635235519425
64,85.2,307.5997580961462
64,85.30000000000001,391.6953693676533
64,85.4,564.7544442360806
64,85.5,636.7672244437563
64,85.60000000000001,673.4394906755349
64,85.7,628.8324220932534
64,85.80000000000001,509.36483489274633
64,85.9,616.5757145216336
64,86.0,295.18151820611524
64,86.10000000000001,452.1411848999576
64,86.2,656.5268512085654
64,86.30000000000001,480.2814557791815
64,86.4,474.65911408011334
64,86.5,346.04572179061535
64,86.60000000000001,463.0781671436154
64,86.7,563.9547237932012
64,86.80000000000001,305.501071596492
64,86.9,465.97635660317223
64,87.0,608.7910975593487
64,87.10000000000001,544.8154173451795
64,87.2,659.6870029645519
64,87.30000000000001,407.50787315504226
64,87.4,395.81923475903153
64,87.5,406.271311573378
64,87.60000000000001,402.3010565016027
64,87.7,504.5114133460144
64,87.80000000000001,366.37578868667646
64,87.9,394.8619970487416
64,88.0,380.7028704619912
64,88.10000000000001,531.7769386572055
64,88.2,742.9049403516439
64,88.30000000000001,527.1221526001084
64,88.4,729.5534655753862
64,88.5,701.2363547359917
64,88.60000000000001,442.95297439026655
64,88.7,635.4074484015829
64,88.80000000000001,638.3052897398044
64,88.9,674.6014274021235
64,89.0,666.5448326099798
64,89.10000000000001,765.2722364697083
64,89.2,675.3261985695523
64,89.30000000000001,524.2349403958877
64,89.4,483.63167983646696
64,89.5,564.8274539241187
64,89.60000000000001,669.6709817490758
64,89.7,745.5302260854573
64,89.80000000000001,546.6785610286037
64,89.9,561.4281474337266
64,90.0,534.1574675300546
64,90.10000000000001,767.2582537427371
64,90.2,752.4900817509562
64,90.30000000000001,625.9081820924424
64,90.4,798.7300652518304
64,90.5,801.7455002663521
64,90.60000000000001,702.6589823350083
64,90.7,538.7386395380634
64,90.80000000000001,448.8988807235595
64,90.9,680.244568181114
64,91.0,567.6135524581142
64,91.10000000000001,725.4612453278413
64,91.2,604.4972844924982
64,91.30000000000001,744.2381569028237
64,91.4,737.6745043920477
64,91.5,699.3816235736643
64,91.60000000000001,669.0565022089796
64,91.7,756.8914501690302
64,91.80000000000001,802.3229084845455
64,91.9,727.1707971995916
64,92.0,765.2544209464469
64,92.10000000000001,680.0975204125472
64,92.2,536.0755803596915
64,92.30000000000001,795.6389274345211
64,92.4,807.8954760787707
64,92.5,840.1915029074823
64,92.60000000000001,854.2347907386242
64,92.7,824.483205564213
64,92.80000000000001,863.981775454257
64,92.9,827.7901617319699
64,93.0,819.916568740414
64,93.10000000000001,786.4001566626132
64,93.2,815.961304524899
64,93.30000000000001,791.84638295592
64,93.4,447.186316306615
64,93.5,720.8247252336449
64,93.60000000000001,831.1626688773446
64,93.7,812.9351032656002
64,93.80000000000001,859.1703031760435
64,93.9,844.758246829104
64,94.0,823.0321175161553
64,94.10000000000001,842.3517994856845
64,94.2,834.3154457925183
64,94.30000000000001,785.5732516585299
64,94.4,560.652539733934
64,94.5,641.2511138755707
64,94.60000000000001,826.0354068386547
64,94.7,832.5700080959723
64,94.80000000000001,843.2101136796028
64,94.9,845.2152177618887
64,95.0,821.8793224726219
64,95.10000000000001,859.8727297217611
64,95.2,986.056479841186
64,95.30000000000001,829.6348294381208
64,95.4,863.9795543900857
64,95.5,832.8899742067509
64,95.60000000000001,789.4886637942346
64,95.7,849.1728125443799
64,95.80000000000001,833.795474065165
64,95.9,824.099895743247
64,96.0,755.3528121265098
64,96.10000000000001,842.0421748040918
64,96.2,819.5389292042435
64,96.30000000000001,720.2915182606566
64,96.4,874.0954462927284
64,96.5,882.9654836803521
64,96.60000000000001,878.1324072229253
64,96.7,885.6320991605932
64,96.80000000000001,898.6933789172302
64,96.9,872.4261850324307
64,97.0,886.276318609703
64,97.10000000000001,781.4790770409203
64,97.2,841.4768713992158
64,97.30000000000001,851.8254183272762
64,97.4,841.6121210021437
64,97.5,843.8877611844315
64,97.60000000000001,803.0270561751767
64,97.7,834.1777501084161
64,97.80000000000001,518.4428933853507
64,97.9,567.40480898547
64,98.0,875.6144308317338
64,98.10000000000001,579.5592902297291
64,98.2,852.0256744107171
64,98.30000000000001,868.0366627988376
64,98.4,890.0924342212766
64,98.5,861.0274863191041
64,98.60000000000001,841.0870788422604
64,98.7,852.3199640387162
64,98.80000000000001,424.6743606334408
64,98.9,876.819165042887
64,99.0,874.6977881335547
64,99.10000000000001,870.4102587427755
64,99.2,874.8397297694693
64,99.30000000000001,887.4489540092293
64,99.4,794.7027134791683
64,99.5,870.6724371799452
64,99.60000000000001,891.1284019623295
64,99.7,855.4439445921048
64,99.80000000000001,748.5287254644275
64,99.9,854.4644780241391
64,100.0,885.5771988039899
64,100.10000000000001,890.8857429991674
64,100.2,875.6440513362871
64,100.30000000000001,880.9808547308038
64,100.4,848.0302758648248
64,100.5,793.5911887472125
64,100.60000000000001,882.8750399959032
64,100.7,884.6778120323265
64,100.80000000000001,823.6297686001557
64,100.9,863.6855659063032
64,101.0,864.7609449011336
64,101.10000000000001,775.2811939305698
64,101.2,887.4699659264023
64,101.30000000000001,887.6734377508068
64,101.4,819.5222861888961
64,101.5,878.3408769967823
64,101.60000000000001,907.3039586796591
64,101.7,916.9080252508307
64,101.80000000000001,898.3175843479318
64,101.9,898.6843872493664
64,102.0,732.6939148840105
64,102.10000000000001,882.4474405835794
64,102.2,668.7141341493153
64,102.30000000000001,855.2131224565942
64,102.4,834.9069106211476
64,102.5,812.9845199511236
64,102.60000000000001,895.5885240450923
64,102.7,804.8455493185535
64,102.80000000000001,599.2099276104307
64,102.9,681.8234443941543
64,103.0,612.7445220251067
64,103.10000000000001,314.1083377115931
64,103.2,736.6265537422399
64,103.30000000000001,811.4595015005442
64,103.4,842.2058467366141
64,103.5,871.8226426442021
64,103.60000000000001,465.84819623653715
64,103.7,462.49207361254736
64,103.80000000000001,828.7230788306543
64,103.9,330.2052959855998
64,104.0,773.5979233847914
64,104.10000000000001,644.8813778282674
64,104.2,605.4167658254433
64,104.30000000000001,833.9586984570652
64,104.4,908.7838951408892
64,104.5,786.8517852708413
64,104.60000000000001,449.9800965579572
64,104.7,732.739098278476
64,104.80000000000001,854.1910481548035
64,104.9,767.9757130843021
64,105.0,845.8520612144256
64,105.10000000000001,799.8489288332107
64,105.2,648.9521099823455
64,105.30000000000001,820.1956992419725
64,105.4,811.9386643849435
64,105.5,757.0626771725478
64,105.60000000000001,800.1434590812447
64,105.7,409.38667780703304
64,105.80000000000001,702.9359319734396
64,105.9,567.3418165102581
64,106.0,523.2460285476732
64,106.10000000000001,654.4748835895268
64,106.2,723.8141718523547
64,106.30000000000001,438.5379342787339
64,106.4,683.9142356582868
64,106.5,582.6631597314861
64,106.60000000000001,704.0316005996481
64,106.7,864.7687215408776
64,106.80000000000001,515.0066216429716
64,106.9,699.1921846366198
64,107.0,790.5488869403652
64,107.10000000000001,848.6809949567154
64,107.2,679.2886180992101
64,107.30000000000001,799.4507807089935
64,107.4,699.7550208305981
64,107.5,790.7294349209828
64,107.60000000000001,830.9782897128722
64,107.7,787.8276526968111
64,107.80000000000001,755.5419166929092
64,107.9,664.3189169929487
64,108.0,754.453267677416
64,108.10000000000001,674.1900966846569
64,108.2,481.8125005595823
64,108.30000000000001,392.1849152930009
64,108.4,701.5228423740388
64,108.5,723.8486865962485
64,108.60000000000001,853.7764745349683
64,108.7,531.4989157966047
64,108.80000000000001,780.8622255002045
64,108.9,623.8586590993075
64,109.0,613.0719154653764
64,109.10000000000001,569.8108744722315
64,109.2,783.462534863175
64,109.30000000000001,744.0370843363942
64,109.4,771.1823992773482
64,109.5,848.6704704449521
64,109.60000000000001,864.9495382999502
64,109.7,555.4376662445122
64,109.80000000000001,794.7464915175286
64,109.9,601.4943524161553
64,110.0,455.4143337176699
64,110.10000000000001,600.9045618232014
64,110.2,833.5897103580783
64,110.30000000000001,828.8728786063207
64,110.4,876.9318661470361
64,110.5,842.1388018491915
64,110.60000000000001,842.5995228086315
64,110.7,655.1860036651591
64,110.80000000000001,595.0190138916082
64,110.9,622.722499194105
64,111.0,597.8378812859656
64,111.10000000000001,636.3963742592393
64,111.2,570.8610670528869
64,111.30000000000001,709.7802990215971
64,111.4,807.8064111439899
64,111.5,767.3288196887686
64,111.60000000000001,830.9879076824963
64,111.7,879.5872496712286
64,111.80000000000001,890.3919725770585
64,111.9,768.4197780643028
64,112.0,760.0807819342174
64,112.10000000000001,821.8182359538724
64,112.2,809.7218883205736
64,112.30000000000001,667.4883834203071
64,112.4,701.9382830764472
64,112.5,815.0318438077177
64,112.60000000000001,862.3279584528467
64,112.7,594.2450476099386
64,112.80000000000001,530.5954695925401
64,112.9,689.2025152652145
64,113.0,784.6314262752992
64,113.10000000000001,590.6478945171061
64,113.2,633.5718594377581
64,113.30000000000001,526.3579876824574
64,113.4,555.6845150960377
64,113.5,795.3642883029142
64,113.60000000000001,740.6942164173232
64,113.7,738.8669853645678
64,113.80000000000001,855.169820837333
64,113.9,868.7825764328315
64,114.0,713.8215569231501
64,114.10000000000001,771.5199636849871
64,114.2,752.840057197314
64,114.30000000000001,736.4230967673133
64,114.4,632.2586835621664
64,114.5,512.7744439049841
64,114.60000000000001,552.9405566841817
64,114.7,648.7287596644867
64,114.80000000000001,757.8400559892585
64,114.9,687.6548971597423
64,115.0,642.7281064115699
64,115.10000000000001,743.3784600232627
64,115.2,794.6514576681443
64,115.30000000000001,765.4577243138099
64,115.4,635.1241040595283
64,115.5,554.1406241277525
64,115.60000000000001,650.4068623774093
64,115.7,728.1128628503907
64,115.80000000000001,640.5986409623379
64,115.9,724.0799050086653
64,116.0,775.699386821055
64,116.10000000000001,552.8950041085836
64,116.2,653.7953206919088
64,116.30000000000001,813.9423980907401
64,116.4,619.4493966294056
64,116.5,615.9832608545461
64,116.60000000000001,585.2433141161129
64,116.7,356.88391324343223
64,116.80000000000001,386.4336152101788
64,116.9,533.2824306539699
64,117.0,659.8224762889348
64,117.10000000000001,586.1110873616531
64,117.2,521.961657570145
64,117.30000000000001,744.3583446675015
64,117.4,715.1716528012922
64,117.5,711.640691903452
64,117.60000000000001,651.9263091208043
64,117.7,517.039926274266
64,117.80000000000001,745.4243968596824
64,117.9,689.7257113097816
64,118.0,508.9140001621035
64,118.10000000000001,685.6110847540269
64,118.2,804.8681085786138
64,118.30000000000001,710.7328829614731
64,118.4,747.962600901965
64,118.5,719.1370763231118
64,118.60000000000001,585.4869835291236
64,118.7,644.0534445999907
64,118.80000000000001,693.100060493628
64,118.9,665.0806415529088
64,119.0,669.4751568324276
64,119.10000000000001,737.4063052333258
64,119.2,804.8241488815519
64,119.30000000000001,713.8842531836767
64,119.4,687.4626545532625
64,119.5,798.3755760588373
64,119.60000000000001,763.0682940569361
64,119.7,701.6300540613645
64,119.80000000000001,589.8164539206449
64,119.9,606.0205798298239
64,120.0,832.198705849841
64,120.10000000000001,848.2061168507433
64,120.2,751.1105351964196
64,120.30000000000001,665.275449653756
64,120.4,769.6669784905664
64,120.5,700.0363317538933
64,120.60000000000001,691.5775882530214
64,120.7,809.6662332733721
64,120.80000000000001,735.003533789959
64,120.9,716.038910753233
64,121.0,777.5339941581772
64,121.10000000000001,781.5748296976255
64,121.2,800.9675876159904
64,121.30000000000001,772.9344798722777
64,121.4,662.3199398395869
64,121.5,765.7682010989195
64,121.60000000000001,837.0063056944251
64,121.7,753.2089255708182
64,121.80000000000001,684.4640561336616
64,121.9,763.4618448315733
64,122.0,740.9440317354813
64,122.10000000000001,723.073864855935
64,122.2,676.1808268248125
64,122.30000000000001,845.1455576527527
64,122.4,731.2239226946124
64,122.5,611.6387429333778
64,122.60000000000001,793.7055891898499
64,122.7,789.045391103492
64,122.80000000000001,872.1925765133852
64,122.9,846.8651069517786
64,123.0,722.268890895057
64,123.10000000000001,559.0790072053719
64,123.2,616.0494572269926
64,123.30000000000001,664.2739281104631
64,123.4,676.6037163803531
64,123.5,726.5105493709111
64,123.60000000000001,709.6218068547271
64,123.7,727.6634132094797
64,123.80000000000001,652.1328292031448
64,123.9,551.5611674064578
64,124.0,731.5937655147113
64,124.10000000000001,736.9433319214452
64,124.2,596.5717813730174
64,124.30000000000001,783.1063126992477
64,124.4,838.6149099823654
64,124.5,747.566604351366
64,124.60000000000001,743.0188601261175
64,124.7,810.1405169221985
64,124.80000000000001,785.2054475767446
64,124.9,715.7765438731708
64,125.0,718.9534452593342
64,125.10000000000001,697.0244156321223
64,125.2,821.5523135022161
64,125.30000000000001,775.5697187202776
64,125.4,825.5018081384592
64,125.5,740.433467979122
64,125.60000000000001,815.5023141408946
64,125.7,706.6147795514653
64,125.80000000000001,647.6613283067364
64,125.9,585.9363793315954
64,126.0,729.4116852055669
64,126.10000000000001,526.5995404570965
64,126.2,840.9605472694493
64,126.30000000000001,818.6773935073753
64,126.4,718.136276451993
64,126.5,578.3143577106972
64,126.60000000000001,490.67924658069705
64,126.7,759.9106452263386
64,126.80000000000001,732.852603693658
64,126.9,831.8760772599795
64,127.0,859.6095145675013
64,127.10000000000001,808.4273420956625
64,127.2,715.0161135151983
64,127.30000000000001,676.3777925592201
64,127.4,636.5040996997832
64,127.5,433.64657879200837
64,127.60000000000001,774.0556163594279
64,127.7,853.049552877332
64,127.80000000000001,771.9682244256495
64,127.9,657.6886181970211
64,128.0,667.7302954332666
64,128.1,721.6760803411598
64,128.20000000000002,697.5030187906631
64,128.3,794.4771374840609
64,128.4,771.9768415226919
64,128.5,835.039864041911
64,128.6,760.8773413891313
64,128.70000000000002,706.2491396097755
64,128.8,713.5441780097326
64,128.9,841.8632350761526
64,129.0,859.5394961548358
64,129.1,826.1835298486668
64,129.20000000000002,867.2705553133321
64,129.3,862.6963193584827
64,129.4,796.9307363333149
64,129.5,725.9825811635947
64,129.6,756.611539556851
64,129.70000000000002,578.4196182234155
64,129.8,852.6167431812677
64,129.9,740.5573404952216
64,130.0,546.0501509143077
64,130.1,742.7931933056424
64,130.20000000000002,405.84096256568336
64,130.3,599.5903785470774
64,130.4,765.9236899558733
64,130.5,639.7539108558316
64,130.6,524.7310205389956
64,130.70000000000002,645.7491772766543
64,130.8,740.6326559205062
64,130.9,747.4934368299377
64,131.0,777.5572566669366
64,131.1,790.897618916327
64,131.20000000000002,463.83504660516337
64,131.3,753.8245215873307
64,131.4,533.6003958175319
64,131.5,356.56492313514
64,131.6,750.9206612275356
64,131.70000000000002,846.4305994109947
64,131.8,451.40328657973964
64,131.9,486.1101725703526
64,132.0,788.0402840363307
64,132.1,691.3321158419585
64,132.20000000000002,527.6261262036323
64,132.3,878.0509173733778
64,132.4,737.2408234523231
64,132.5,800.6602430560685
64,132.6,727.3392247112189
64,132.70000000000002,824.7348709642469
64,132.8,698.046939872478
64,132.9,664.4285348206624
64,133.0,509.1299735688125
64,133.1,791.9519619832137
64,133.20000000000002,886.5228403247335
64,133.3,712.6129348618923
64,133.4,834.106945731817
64,133.5,633.2506777235377
64,133.6,495.2275119336897
64,133.70000000000002,703.7259361375254
64,133.8,740.6141136699224
64,133.9,673.0554338894422
64,134.0,788.2452135311889
64,134.1,800.7292334347426
64,134.20000000000002,894.7659291503745
64,134.3,793.8434380430439
64,134.4,537.6777350362206
64,134.5,832.5981496758241
64,134.6,617.3532904078136
64,134.70000000000002,892.8373801081171
64,134.8,851.4786267621233
64,134.9,732.8433386347972
64,135.0,847.3351216923274
64,135.1,735.8624064934456
64,135.20000000000002,753.7389170458517
64,135.3,718.0825446441758
64,135.4,765.2076371779905
64,135.5,686.8214338522235
64,135.6,855.7315115793582
64,135.70000000000002,765.1548790786688
64,135.8,720.3106583194705
64,135.9,612.7235217823841
64,136.0,850.5890283721395
64,136.1,824.1122259395872
64,136.20000000000002,783.7877135909401
64,136.3,714.6594126584791
64,136.4,887.1297128999032
64,136.5,650.6735206379612
64,136.6,805.8146855919697
64,136.70000000000002,873.0078673837781
64,136.8,851.0485580552293
64,136.9,786.1054639202076
64,137.0,776.8638018325368
64,137.1,725.1709623549308
64,137.20000000000002,724.8278477128227
64,137.3,774.2852056833851
64,137.4,817.4014701785338
64,137.5,890.3229001188862
64,137.6,778.2264087438836
64,137.70000000000002,624.0225563712505
64,137.8,636.9869293007459
64,137.9,340.9589173979758
64,138.0,752.8567895225866
64,138.1,641.9472652408991
64,138.20000000000002,639.520218560087
64,138.3,694.4479739687221
64,138.4,649.2099624264365
64,138.5,772.6982631086208
64,138.6,872.6963274385442
64,138.70000000000002,894.6595091331334
64,138.8,875.3495388544078
64,138.9,542.665871440801
64,139.0,748.9226347224076
64,139.1,881.298024426022
64,139.20000000000002,706.7281292008443
64,139.3,759.9744729467111
64,139.4,825.5451956243068
64,139.5,881.2075947081563
64,139.6,772.9631302056096
64,139.70000000000002,843.4461480050506
64,139.8,566.6669338054435
64,139.9,778.8984150731505
64,140.0,790.0838188038424
64,140.1,780.873645592372
64,140.20000000000002,872.9779564210573
64,140.3,552.1760322407597
64,140.4,521.9389542640901
64,140.5,756.7597972926936
64,140.6,832.9994435999894
64,140.70000000000002,637.648422429483
64,140.8,706.0735282167796
64,140.9,787.3722446870121
64,141.0,737.2054237246545
64,141.1,839.7283324665824
64,141.20000000000002,819.7579175399953
64,141.3,830.559777746547
64,141.4,807.0129103422042
64,141.5,759.720995098226
64,141.6,792.7524309350426
64,141.70000000000002,865.3575450041584
64,141.8,871.8433271999979
64,141.9,835.4931652929984
64,142.0,844.1399714162511
64,142.1,800.6856996902899
64,142.20000000000002,761.3104142369588
64,142.3,697.9205436513861
64,142.4,664.9320144160275
64,142.5,688.6345519153803
64,142.6,808.7655498084422
64,142.70000000000002,866.1529397117222
64,142.8,817.3433377908136
64,142.9,819.6431749316276
64,143.0,571.4908439754157
64,143.1,500.99303142193355
64,143.20000000000002,625.5509896867935
64,143.3,765.2264732548734
64,143.4,629.3555425324569
64,143.5,654.4067842361882
64,143.6,813.4555509258659
64,143.70000000000002,754.3422952326852
64,143.8,747.8962509135429
64,143.9,756.0961782798756
64,144.0,753.4109167828086
64,144.1,755.3198333912247
64,144.20000000000002,552.4943726663645
64,144.3,535.46178594963
64,144.4,668.9886490037576
64,144.5,809.1395803430393
64,144.6,795.9257436187886
64,144.70000000000002,466.87607988037325
64,144.8,621.1218030113414
64,144.9,743.8444602246566
64,145.0,800.968294154786
64,145.1,823.0476034815943
64,145.20000000000002,809.5541747125664
64,145.3,873.6974134481308
64,145.4,848.5552779974789
64,145.5,563.4051181972607
64,145.6,712.5856584719223
64,145.70000000000002,698.7967715224049
64,145.8,722.5349270277626
64,145.9,781.9800596347276
64,146.0,528.1369612653325
64,146.1,415.53245597541263
64,146.20000000000002,703.5133096668144
64,146.3,836.610048293995
64,146.4,819.1709301200975
64,146.5,565.5185482612238
64,146.6,545.295312520773
64,146.70000000000002,790.8729576126779
64,146.8,879.2292105613968
64,146.9,615.2106384558339
64,147.0,489.99292140337167
64,147.1,705.3016575127813
64,147.20000000000002,823.2884143985349
64,147.3,844.9047002522934
64,147.4,738.2987361210138
64,147.5,535.4863687356152
64,147.6,431.4119622118586
64,147.70000000000002,421.0237969058893
64,147.8,661.2733084458362
64,147.9,728.7250457078245
64,148.0,760.1907092674211
64,148.1,798.7018335134799
64,148.20000000000002,770.8893227166664
64,148.3,827.5682299702096
64,148.4,682.6157968158632
64,148.5,532.5606897732227
64,148.6,718.1112224037221
64,148.70000000000002,889.1850231914326
64,148.8,759.3604924463922
64,148.9,586.0067383676325
64,149.0,542.5130123380615
64,149.1,719.6801780830081
64,149.20000000000002,878.5433862316636
64,149.3,805.6521478648701
64,149.4,787.0975247578401
64,149.5,795.9172547888612
64,149.6,813.229353957971
64,149.70000000000002,869.7852862347481
64,149.8,847.7573802735682
64,149.9,703.0695666146394
64,150.0,666.8028921067115
64,150.1,782.5121199919885
64,150.20000000000002,855.0033983877878
64,150.3,796.3625215295218
64,150.4,696.7975930401932
64,150.5,631.5463017676768
64,150.6,643.8365752439212
64,150.70000000000002,615.7542834247496
64,150.8,713.4454318525219
64,150.9,816.4679299972319
64,151.0,731.7323286772763
64,151.1,768.7970176119748
64,151.20000000000002,620.278494556659
64,151.3,590.6851736892042
64,151.4,797.4341377022655
64,151.5,794.2983644500097
64,151.6,768.2493579814551
64,151.70000000000002,672.4541079877014
64,151.8,657.0558876182133
64,151.9,795.0381608141041
64,152.0,858.0341311116882
64,152.1,863.9962792744117
64,152.20000000000002,824.8424620453583
64,152.3,582.2578877874458
64,152.4,531.3930221328702
64,152.5,787.9401206966384
64,152.6,882.4929417869175
64,152.70000000000002,888.5981253099874
64,152.8,761.7200048177718
64,152.9,515.9012851969641
64,153.0,653.720101814389
64,153.1,874.7719907116772
64,153.20000000000002,817.2339084878528
64,153.3,832.2934633593212
64,153.4,744.846970576057
64,153.5,555.6408164533141
64,153.60000000000002,669.9227667506976
64,153.70000000000002,881.7820613042724
64,153.8,808.3964244849202
64,153.9,782.8014504123906
64,154.0,831.4662230525691
64,154.10000000000002,823.2127339537179
64,154.20000000000002,698.0973040375617
64,154.3,595.1307526414635
64,154.4,778.3816395114299
64,154.5,833.7170482372346
64,154.60000000000002,857.9213377496353
64,154.70000000000002,878.6557450396143
64,154.8,893.2242671069331
64,154.9,868.6154009133174
64,155.0,802.9241840765333
64,155.10000000000002,799.7073362697175
64,155.20000000000002,744.144925575222
64,155.3,657.3741198942694
64,155.4,856.781581510838
64,155.5,771.9484310463534
64,155.60000000000002,550.7602989803567
64,155.70000000000002,517.6487786299994
64,155.8,700.3588440595935
64,155.9,858.1266723634136
64,156.0,841.0070025729724
64,156.10000000000002,710.8515567477228
64,156.20000000000002,404.1394877775663
64,156.3,549.0200109077513
64,156.4,811.421065041364
64,156.5,828.5012403511989
64,156.60000000000002,826.743327633223
64,156.70000000000002,810.088335839367
64,156.8,808.0714680622109
64,156.9,792.2012300961114
64,157.0,806.9514682404895
64,157.10000000000002,829.9851338311069
64,157.20000000000002,832.9006096736049
64,157.3,798.6394254931562
64,157.4,623.5198085593253
64,157.5,550.8595205836007
64,157.60000000000002,736.3778639899034
64,157.70000000000002,594.2481969680193
64,157.8,462.41863790540015
64,157.9,660.3724868690603
64,158.0,661.0793986434976
64,158.10000000000002,633.3997689994625
64,158.20000000000002,743.2431600202053
64,158.3,746.2553873910065
64,158.4,729.9564956867276
64,158.5,776.910888
64,158.60000000000002,720.1758943633125
64,158.70000000000002,523.9075734308186
64,158.8,793.8404034881811
64,158.9,842.413710351398
64,159.0,789.9845427096411
64,159.10000000000002,703.7022998682405
64,159.20000000000002,733.4739246287978
64,159.3,853.7676080152445
64,159.4,787.7965901366733
64,159.5,737.820663791029
64,159.60000000000002,839.9344341417411
64,159.70000000000002,824.9445005241062
64,159.8,825.7644851568563
64,159.9,842.3302601739099
64,160.0,705.5436202579892
64,160.10000000000002,563.1394109195023
64,160.20000000000002,793.9921645457113
64,160.3,709.2573093557922
64,160.4,687.5940228924509
64,160.5,661.0234436222953
64,160.60000000000002,722.1145033550599
64,160.70000000000002,697.6559249299473
64,160.8,856.3048565841608
64,160.9,709.03506996263
64,161.0,627.4772222873398
64,161.10000000000002,806.78807282693
64,161.20000000000002,660.6574512217916
64,161.3,636.7381854703024
64,161.4,498.87266282128735
64,161.5,846.4104187190006
64,161.60000000000002,784.7341665328674
64,161.70000000000002,829.2316517089563
64,161.8,810.8656147629073
64,161.9,571.0863113052264
64,162.0,413.5291780638768
64,162.10000000000002,626.023765954245
64,162.20000000000002,781.5635345668924
64,162.3,694.6499395525815
64,162.4,818.9849381092392
64,162.5,845.8865093642416
64,162.60000000000002,844.3035986687245
64,162.70000000000002,774.4052577110026
64,162.8,724.9090794374439
64,162.9,837.9639040019852
64,163.0,846.8665399656946
64,163.10000000000002,766.247050956782
64,163.20000000000002,839.8331871117415
64,163.3,792.8072703984228
64,163.4,687.4891609028127
64,163.5,777.9081541841298
64,163.60000000000002,839.7990741531459
64,163.70000000000002,833.8855114607751
64,163.8,787.2398550501792
64,163.9,823.1994489941677
64,164.0,776.4080025820467
64,164.10000000000002,737.0483329063936
64,164.20000000000002,849.2095016438981
64,164.3,817.3226899225725
64,164.4,841.5290055357159
64,164.5,846.9266392288796
64,164.60000000000002,833.0938723362444
64,164.70000000000002,718.8373151841804
64,164.8,522.3878500803169
64,164.9,744.2848988900693
64,165.0,800.4723030380441
64,165.10000000000002,880.6329663159411
64,165.20000000000002,847.6959912151883
64,165.3,844.5313501422297
64,165.4,852.2729321351832
64,165.5,832.7684385641827
64,165.60000000000002,708.8057352092342
64,165.70000000000002,679.8729776454852
64,165.8,601.8895941341607
64,165.9,819.6079191819587
64,166.0,719.0027141090966
64,166.10000000000002,792.1668523155874
64,166.20000000000002,730.6387436976382
64,166.3,848.6077886108387
64,166.4,796.7979251430064
64,166.5,571.9144995199009
64,166.60000000000002,808.0994505979216
64,166.70000000000002,373.0865709250616
64,166.8,688.7579938392862
64,166.9,619.6413346361684
64,167.0,797.232387641743
64,167.10000000000002,789.163726177719
64,167.20000000000002,723.023696721186
64,167.3,724.6223168335288
64,167.4,771.1217684754707
64,167.5,790.5293158297221
64,167.60000000000002,614.5342034239143
64,167.70000000000002,744.4788789510178
64,167.8,630.2612967487579
64,167.9,764.7698541367649
64,168.0,727.5633995056479
64,168.10000000000002,795.1355853243654
64,168.20000000000002,711.5982141449971
64,168.3,419.8617092501714
64,168.4,513.5292544175326
64,168.5,753.6850792328448
64,168.60000000000002,807.0890717826426
64,168.70000000000002,537.4214486833475
64,168.8,743.5056424454735
64,168.9,839.786979238253
64,169.0,822.1512968347088
64,169.10000000000002,565.5572085957822
64,169.20000000000002,802.5480227589339
64,169.3,845.858806563538
64,169.4,630.8176776443344
64,169.5,544.2190860376693
64,169.60000000000002,819.9193702235189
64,169.70000000000002,757.7943650124411
64,169.8,592.8922082532124
64,169.9,747.160670992453
64,170.0,677.1407095999599
64,170.10000000000002,771.2861882436965
64,170.20000000000002,625.7831921088755
64,170.3,569.0450218499303
64,170.4,486.98755709467605
64,170.5,663.0259574271436
64,170.60000000000002,516.3361640314205
64,170.70000000000002,739.109149642692
64,170.8,728.7880419200615
64,170.9,729.4151612752216
64,171.0,840.3414384637136
64,171.10000000000002,849.9782112399537
64,171.20000000000002,555.7883017811255
64,171.3,568.5409067582684
64,171.4,853.9875298267549
64,171.5,774.8205269892995
64,171.60000000000002,561.7438098921734
64,171.70000000000002,548.5914359432634
64,171.8,694.4457530994958
64,171.9,553.2164480797369
64,172.0,457.80650091352805
64,172.10000000000002,839.299483994154
64,172.20000000000002,335.3971040267806
64,172.3,714.7337097086663
64,172.4,782.0454785063993
64,172.5,824.5811316287857
64,172.60000000000002,654.274424377467
64,172.70000000000002,661.6109269442443
64,172.8,519.7655834520964
64,172.9,749.1804019757401
64,173.0,794.3374571035869
64,173.10000000000002,820.1102303479124
64,173.20000000000002,799.6050274079488
64,173.3,817.476051469589
64,173.4,697.1283008747698
64,173.5,678.9475935418666
64,173.60000000000002,651.0940912685435
64,173.70000000000002,626.7182514522128
64,173.8,770.9823783025823
64,173.9,574.3446520887193
64,174.0,730.5638099661237
64,174.10000000000002,725.9473955556012
64,174.20000000000002,844.4137305662986
64,174.3,716.8721238169416
64,174.4,753.1747336756945
64,174.5,571.7973815796996
64,174.60000000000002,423.23769990679807
64,174.70000000000002,699.6438524924166
64,174.8,666.74038936412
64,174.9,618.4339553097475
64,175.0,791.0970414609694
64,175.10000000000002,496.08760690758504
64,175.20000000000002,762.9343066246186
64,175.3,638.1126332213564
64,175.4,752.7069112186256
64,175.5,815.460655448748
64,175.60000000000002,846.4900899177746
64,175.70000000000002,804.5855515876036
64,175.8,808.1910702893178
64,175.9,516.9521977445014
64,176.0,649.0675510075732
64,176.10000000000002,723.1100238358235
64,176.20000000000002,477.1581383150585
64,176.3,433.81179132087817
64,176.4,759.9377509955207
64,176.5,518.0866830820228
64,176.60000000000002,734.3524240308059
64,176.70000000000002,724.8925230439212
64,176.8,473.1599793378436
64,176.9,707.3518043249069
64,177.0,594.5612395003918
64,177.10000000000002,680.2673805865895
64,177.20000000000002,743.6066349463221
64,177.3,838.8638644725125
64,177.4,614.1243650604318
64,177.5,617.4382575483631
64,177.60000000000002,742.1657596464376
64,177.70000000000002,686.9429917002544
64,177.8,562.23152660035
64,177.9,517.0913944487448
64,178.0,583.1178451557114
64,178.10000000000002,605.5998692532675
64,178.20000000000002,665.2035738596342
64,178.3,508.41295660174814
64,178.4,633.5651132406871
64,178.5,652.4991542830189
64,178.60000000000002,565.257723139498
64,178.70000000000002,618.2648782351582
64,178.8,788.5733493810178
64,178.9,728.8854005406026
64,179.0,682.4078460384153
64,179.10000000000002,680.0135639738991
64,179.20000000000002,603.3608770150734
64,179.3,720.9025684354168
64,179.4,797.162403539979
64,179.5,806.944166609541
64,179.60000000000002,856.0021915598784
64,179.70000000000002,796.886521505325
64,179.8,791.1852192812127
64,179.9,689.5449311200056
64,180.0,584.6856000590776
64,180.10000000000002,722.6953572392723
64,180.20000000000002,727.5444821380997
64,180.3,754.1459482917666
64,180.4,604.5858217963039
64,180.5,550.307781288646
64,180.60000000000002,488.4350583344567
64,180.70000000000002,724.6711680032545
64,180.8,860.7209659726886
64,180.9,488.90344958750893
64,181.0,557.9609591205829
64,181.10000000000002,694.1435881867244
64,181.20000000000002,655.0446117784842
64,181.3,450.9586820348933
64,181.4,394.8103857035608
64,181.5,537.4092453049997
64,181.60000000000002,753.9242406378884
64,181.70000000000002,802.3116460493178
64,181.8,716.2382359290676
64,181.9,623.2161845410578
64,182.0,714.9896526150087
64,182.10000000000002,715.4635501600546
64,182.20000000000002,699.7189814414146
64,182.3,724.9117804276551
64,182.4,642.2886399828684
64,182.5,570.6246744426979
64,182.60000000000002,760.6730565508872
64,182.70000000000002,860.8156327912828
64,182.8,753.4613024991972
64,182.9,734.0144515337839
64,183.0,690.3948717942001
64,183.10000000000002,649.8473181670499
64,183.20000000000002,699.7798239075107
64,183.3,778.3518268390789
64,183.4,776.9629115991845
64,183.5,746.3060064888351
64,183.60000000000002,658.825147014404
64,183.70000000000002,760.0252412355957
64,183.8,763.3363664705328
64,183.9,769.8782372714895
64,184.0,831.3628733880478
64,184.10000000000002,558.9979187333508
64,184.20000000000002,605.5863470751747
64,184.3,583.619101916747
64,184.4,616.4311270266237
64,184.5,783.835920795405
64,184.60000000000002,797.1619273410706
64,184.70000000000002,704.8009153018763
64,184.8,641.0572120664783
64,184.9,774.2841513241439
64,185.0,853.5708840367347
64,185.10000000000002,805.3419879920762
64,185.20000000000002,686.753584646644
64,185.3,584.6215607165689
64,185.4,683.1086601789048
64,185.5,769.0626573362636
64,185.60000000000002,816.2062520481135
64,185.70000000000002,873.152264954917
64,185.8,834.1739161826846
64,185.9,823.1137403912162
64,186.0,843.5486706346371
64,186.10000000000002,857.8417470851504
64,186.20000000000002,790.6450874303242
64,186.3,726.2751665094323
64,186.4,639.424411400947
64,186.5,714.5676683410622
64,186.60000000000002,827.8797768905251
64,186.70000000000002,824.2144278834439
64,186.8,830.4927869231337
64,186.9,847.3511926408606
64,187.0,852.6043162548435
64,187.10000000000002,847.7233483912131
64,187.20000000000002,839.4058090718527
64,187.3,771.2190200315239
64,187.4,794.4122451244561
64,187.5,888.7696026027932
64,187.60000000000002,869.5889405940171
64,187.70000000000002,844.1406621810088
64,187.8,837.7898540255093
64,187.9,823.0482111777872
64,188.0,821.1301125734615
64,188.10000000000002,828.8774181712537
64,188.20000000000002,844.8158075202074
64,188.3,863.8685063013705
64,188.4,873.8968993461741
64,188.5,870.3839541904064
64,188.60000000000002,880.8340230910294
64,188.70000000000002,869.3584712798029
64,188.8,861.2324833720819
64,188.9,812.0428931109914
64,189.0,645.7081607011461
64,189.10000000000002,678.9672558766317
64,189.20000000000002,842.4606203295687
64,189.3,847.7070433982939
64,189.4,869.6893757489864
64,189.5,828.2814889240093
64,189.60000000000002,814.4196739185952
64,189.70000000000002,660.0838790126367
64,189.8,546.0811733961293
64,189.9,820.2005986510695
64,190.0,851.8462647753687
64,190.10000000000002,845.0716880490169
64,190.20000000000002,862.7107729134801
64,190.3,864.6115422589331
64,190.4,687.6555529520775
64,190.5,614.628972982243
64,190.60000000000002,829.6680602397837
64,190.70000000000002,806.5090034286129
64,190.8,862.8368871706568
64,190.9,848.9144216510431
64,191.0,823.873935627406
64,191.10000000000002,833.5514086145104
64,191.20000000000002,815.7317017253994
64,191.3,720.9720858623162
64,191.4,633.9233945505326
64,191.5,758.135059653644
64,191.60000000000002,823.9023226408691
64,191.70000000000002,819.5033631578387
64,191.8,853.9751863719193
64,191.9,732.37416077499
64,192.0,619.7873754274758
64,192.10000000000002,843.2546021948933
64,192.20000000000002,855.7396008141551
64,192.3,789.8138096227282
64,192.4,730.6761822718457
64,192.5,809.7063200746974
64,192.60000000000002,810.3650327519964
64,192.70000000000002,851.2064386698944
64,192.8,851.0661072130135
64,192.9,841.4416380539722
64,193.0,831.2891241037954
64,193.10000000000002,855.1727090566065
64,193.20000000000002,840.2409077798108
64,193.3,850.4818715711382
64,193.4,941.6467867032637
64,193.5,1053.9165310826963
64,193.60000000000002,881.6337052967407
64,193.70000000000002,777.0783064022659
64,193.8,726.1881914021429
64,193.9,531.9447786361775
64,194.0,619.0440555162498
64,194.10000000000002,564.6604500235611
64,194.20000000000002,565.3808439892762
64,194.3,759.9578460360177
64,194.4,823.1019709031259
64,194.5,830.1096867708961
64,194.60000000000002,748.6453695090618
64,194.70000000000002,676.4247032843018
64,194.8,583.4483528352306
64,194.9,803.332436757018
64,195.0,690.6565151613333
64,195.10000000000002,685.2553679663974
64,195.20000000000002,591.6025623418
64,195.3,598.6438480769356
64,195.4,770.2489196041506
64,195.5,851.8692244981575
64,195.60000000000002,766.712490101941
64,195.70000000000002,539.7915155509044
64,195.8,646.9553150575368
64,195.9,736.0031760567867
64,196.0,715.5676284110182
64,196.10000000000002,652.6737490044243
64,196.20000000000002,572.6797136007661
64,196.3,718.029985968303
64,196.4,598.2226414276103
64,196.5,674.6637660577994
64,196.60000000000002,688.6856080481728
64,196.70000000000002,688.1224323677563
64,196.8,734.8888325909102
64,196.9,812.8642805891226
64,197.0,754.6194266206255
64,197.10000000000002,540.843077406123
64,197.20000000000002,793.5841946772232
64,197.3,676.9508855645535
64,197.4,741.1223347123498
64,197.5,696.8133172460779
64,197.60000000000002,523.1527203198319
64,197.70000000000002,622.9889567501987
64,197.8,666.6679987779012
64,197.9,682.855060542887
64,198.0,803.6482385773742
64,198.10000000000002,806.4561662530289
64,198.20000000000002,724.0761585401681
64,198.3,709.9329494398646
64,198.4,583.0100734610938
64,198.5,738.2319294705646
64,198.60000000000002,741.7459464159091
64,198.70000000000002,526.1262350695232
64,198.8,792.3323248793627
64,198.9,666.1604719256582
64,199.0,689.4217152420113
64,199.10000000000002,782.4007529857496
64,199.20000000000002,699.1672725090064
64,199.3,648.059544551312
64,199.4,771.5808214973092
64,199.5,596.5677296431294
64,199.60000000000002,813.7597803804987
64,199.70000000000002,642.2279467294636
64,199.8,648.1573219808456
64,199.9,576.4100039390793
64,200.0,786.6549321738385
64,200.10000000000002,808.7988641969122
64,200.20000000000002,686.2588017980398
64,200.3,623.8871228293857
64,200.4,736.5318521000482
64,200.5,700.1847226860929
64,200.60000000000002,873.1760496962941
64,200.70000000000002,806.3450692483017
64,200.8,505.07016779663206
64,200.9,784.4845783873036
64,201.0,809.3342477968451
64,201.10000000000002,779.1134387278495
64,201.20000000000002,747.7100003736659
64,201.3,811.7047261592162
64,201.4,792.5315128939926
64,201.5,772.2759095297728
64,201.60000000000002,745.6175835198419
64,201.70000000000002,872.3435605897878
64,201.8,798.8336534997833
64,201.9,839.1878833948774
64,202.0,502.2526149770837
64,202.10000000000002,524.3561908711133
64,202.20000000000002,880.8937163498692
64,202.3,812.490966734369
64,202.4,680.2534640383159
64,202.5,549.0108628999407
64,202.60000000000002,775.8662198355358
64,202.70000000000002,831.3588882726319
64,202.8,813.7926865858865
64,202.9,828.214369464966
64,203.0,743.2698243844571
64,203.10000000000002,790.9487434874621
64,203.20000000000002,781.4184769668335
64,203.3,784.3982900761545
64,203.4,388.1297204720087
64,203.5,780.3708819857292
64,203.60000000000002,833.6258407045777
64,203.70000000000002,638.6382775280086
64,203.8,756.5903067970215
64,203.9,820.1017428012705
64,204.0,731.1108834450969
64,204.10000000000002,742.0901721392888
64,204.20000000000002,809.3146596744546
64,204.3,630.5385840150706
64,204.4,806.5892299602104
64,204.5,741.7223713155344
64,204.60000000000002,714.2233742888205
64,204.70000000000002,856.2970574014948
64,204.8,825.6130211931958
64,204.9,675.2690000443004
64,205.0,784.1337040537842
64,205.10000000000002,856.7301338709384
64,205.20000000000002,846.5884995732156
64,205.3,806.9922979059913
64,205.4,834.8320639271672
64,205.5,789.6168328045051
64,205.60000000000002,793.6266893961304
64,205.70000000000002,728.1410610759965
64,205.8,713.877884549123
64,205.9,498.8862540133437
64,206.0,731.6695173916254
64,206.10000000000002,754.4751473257882
64,206.20000000000002,462.28738711941514
64,206.3,735.5395346894736
64,206.4,812.9473394460178
64,206.5,795.1449072293145
64,206.60000000000002,621.5136583210362
64,206.70000000000002,785.3384678256542
64,206.8,789.663271664762
64,206.9,714.9518722957941
64,207.0,835.5535264478226
64,207.10000000000002,547.5902814152092
64,207.20000000000002,714.1716422956506
64,207.3,741.4982936224699
64,207.4,666.0007188989799
64,207.5,725.4248775139724
64,207.60000000000002,817.1923349905716
64,207.70000000000002,703.3656658415816
64,207.8,707.9887660027788
64,207.9,796.3324442179414
64,208.0,798.1378537993313
64,208.10000000000002,738.933404933162
64,208.20000000000002,726.3180501037829
64,208.3,748.0622119183432
64,208.4,463.4865454593317
64,208.5,553.8102145581953
64,208.60000000000002,798.9375989928236
64,208.70000000000002,561.6866887014663
64,208.8,620.4140894422
64,208.9,659.4154328960544
64,209.0,817.9844093033672
64,209.10000000000002,840.1117167296256
64,209.20000000000002,783.0422766231067
64,209.3,777.6976865346239
64,209.4,752.8273546136304
64,209.5,705.0454800404076
64,209.60000000000002,552.2794066996245
64,209.70000000000002,500.55218433723184
64,209.8,736.2027844304398
64,209.9,809.9199502939313
64,210.0,788.3845332513812
64,210.10000000000002,855.2782764099401
64,210.20000000000002,852.4081647017257
64,210.3,767.9555362874582
64,210.4,828.5223065045894
64,210.5,704.8926721874658
64,210.60000000000002,774.138414000774
64,210.70000000000002,755.2165114251966
64,210.8,813.4545989635578
64,210.9,786.2354731165834
64,211.0,843.8955814267065
64,211.10000000000002,783.039836608238
64,211.20000000000002,644.9437814698292
64,211.3,714.4857317289502
64,211.4,734.1998556723328
64,211.5,692.2070132981922
64,211.60000000000002,434.1085304185816
64,211.70000000000002,531.452977127825
64,211.8,628.7251620065296
64,211.9,749.2862299824219
64,212.0,565.2053850309928
64,212.10000000000002,726.5350451992763
64,212.20000000000002,809.7447964293763
64,212.3,718.6766369679834
64,212.4,825.5204709292058
64,212.5,830.7701844412945
64,212.60000000000002,688.068711888401
64,212.70000000000002,763.7483464804504
64,212.8,781.6457917147978
64,212.9,740.0396150572169
64,213.0,783.1063658585392
64,213.10000000000002,630.3377539240039
64,213.20000000000002,440.53597226347307
64,213.3,618.7181210921774
64,213.4,724.5601266507994
64,213.5,543.0409340781058
64,213.60000000000002,523.4005831448097
64,213.70000000000002,676.0401411158812
64,213.8,714.7185141553897
64,213.9,696.9988442896995
64,214.0,708.1820660353761
64,214.10000000000002,708.0613001341154
64,214.20000000000002,797.6716611372077
64,214.3,823.0224494184844
64,214.4,769.19844691302
64,214.5,726.0387307579608
64,214.60000000000002,762.6572081380266
64,214.70000000000002,809.1841498213344
64,214.8,793.2980740562297
64,214.9,760.522405586548
64,215.0,699.5922396067342
64,215.10000000000002,701.24480723678
64,215.20000000000002,791.4772200911601
64,215.3,678.1509183624296
64,215.4,642.9432831615514
64,215.5,642.0864373350357
64,215.60000000000002,717.3590149734794
64,215.70000000000002,823.1835201864702
64,215.8,779.7185798299163
64,215.9,669.4479313124565
64,216.0,628.5271366422342
64,216.10000000000002,671.2761033973017
64,216.20000000000002,790.0296214367879
64,216.3,843.4972838299013
64,216.4,818.2307511059782
64,216.5,836.6664463549372
64,216.60000000000002,780.3845409068576
64,216.70000000000002,756.4302897446908
64,216.8,603.2836170207416
64,216.9,586.6477271281702
64,217.0,673.9103228287953
64,217.10000000000002,568.992514504642
64,217.20000000000002,676.3481794738135
64,217.3,723.0301528301599
64,217.4,793.1386293757663
64,217.5,708.440596389288
64,217.60000000000002,630.1300671434626
64,217.70000000000002,702.3873613143477
64,217.8,741.8636478582007
64,217.9,850.7295115508772
64,218.0,817.1613649013059
64,218.10000000000002,810.6928603533592
64,218.20000000000002,758.5759122291284
64,218.3,633.179699355184
64,218.4,590.8724632716686
64,218.5,663.5679180476058
64,218.60000000000002,658.2535283791303
64,218.70000000000002,681.1035701991588
64,218.8,794.1940267255512
64,218.9,627.826759199629
64,219.0,459.74845248849374
64,219.10000000000002,597.2760983562852
64,219.20000000000002,743.9292817759464
64,219.3,743.1140466011498
64,219.4,739.3169005753157
64,219.5,790.9547444278744
64,219.60000000000002,642.260395188279
64,219.70000000000002,516.62374188881
64,219.8,460.6815911076237
64,219.9,573.8973102163532
64,220.0,731.5750840370968
64,220.10000000000002,620.8644286481813
64,220.20000000000002,649.104007387679
64,220.3,672.3847382116263
64,220.4,621.9324098995597
64,220.5,707.1828033905088
64,220.60000000000002,660.0097185525922
64,220.70000000000002,717.3215480739847
64,220.8,764.192102994696
64,220.9,770.0246123595485
64,221.0,736.1143972422005
64,221.10000000000002,758.6215618652134
64,221.20000000000002,716.8211172815918
64,221.3,784.5865976515656
64,221.4,707.3279829481829
64,221.5,547.4198791225546
64,221.60000000000002,630.6093793939881
64,221.70000000000002,728.7230742420693
64,221.8,742.9033883537579
64,221.9,758.6188496963987
64,222.0,642.4073387716891
64,222.10000000000002,463.287908676433
64,222.20000000000002,549.2604122613093
64,222.3,804.3867466135991
64,222.4,861.189678313628
64,222.5,854.2423133001406
64,222.60000000000002,715.8424497622252
64,222.70000000000002,462.9698018305441
64,222.8,585.1437716226465
64,222.9,831.7045662114788
64,223.0,758.2567631664836
64,223.10000000000002,646.0129193453067
64,223.20000000000002,765.46351427211
64,223.3,789.1109241191975
64,223.4,746.3429010315037
64,223.5,685.4954039476097
64,223.60000000000002,726.7733846126503
64,223.70000000000002,842.4433132615792
64,223.8,749.9520290948611
64,223.9,718.9555041934829
64,224.0,678.1828767137646
64,224.10000000000002,601.1492161334961
64,224.20000000000002,809.8337459385572
64,224.3,683.5239159790424
64,224.4,686.637106667898
64,224.5,643.1878698385824
64,224.60000000000002,706.3415310554667
64,224.70000000000002,631.1324130473171
64,224.8,719.2409874518064
64,224.9,662.767840462893
64,225.0,742.8316790497347
64,225.10000000000002,838.2460767008812
64,225.20000000000002,712.2409570025077
64,225.3,606.0045057608507
64,225.4,759.0263888091329
64,225.5,707.0498135011143
64,225.60000000000002,674.0957941057123
64,225.70000000000002,592.7992535528848
64,225.8,693.5954297605674
64,225.9,630.7106380896596
64,226.0,482.05753182983426
64,226.10000000000002,423.8902624617329
64,226.20000000000002,703.3255458638838
64,226.3,816.7245169926287
64,226.4,756.7448010806276
64,226.5,761.2150539342867
64,226.60000000000002,795.7386063862801
64,226.70000000000002,813.1878678849957
64,226.8,787.427128157105
64,226.9,769.8448297714125
64,227.0,804.1448700734031
64,227.10000000000002,737.6240824273153
64,227.20000000000002,698.6557132432835
64,227.3,709.2847265401036
64,227.4,750.5021767307644
64,227.5,757.8277718829289
64,227.60000000000002,629.0295636427599
64,227.70000000000002,697.2407768571773
64,227.8,586.078871481281
64,227.9,709.3093320469663
64,228.0,512.9998509868852
64,228.10000000000002,633.6300877404348
64,228.20000000000002,675.4249490177905
64,228.3,530.6251882907465
64,228.4,558.4763649184042
64,228.5,393.05435731626835
64,228.60000000000002,498.7186539647899
64,228.70000000000002,771.2664164729858
64,228.8,742.396530384181
64,228.9,696.152640107307
64,229.0,846.1609973221646
64,229.10000000000002,739.2134430777385
64,229.20000000000002,570.2158017249078
64,229.3,811.9411976576224
64,229.4,824.4880006584785
64,229.5,581.9735433068994
64,229.60000000000002,577.8611693333219
64,229.70000000000002,602.8685066766761
64,229.8,822.0321358222894
64,229.9,726.1926245188753
64,230.0,778.8609825446628
64,230.10000000000002,725.5402289827158
64,230.20000000000002,779.0815316591309
64,230.3,649.683328343179
64,230.4,570.726101253603
64,230.5,674.7644639401663
64,230.60000000000002,776.8616803490286
64,230.70000000000002,705.0346918765862
64,230.8,755.4970893794124
64,230.9,472.0829068244439
64,231.0,684.8912108766555
64,231.10000000000002,758.6055459089522
64,231.20000000000002,642.094775770346
64,231.3,786.4015803701526
64,231.4,646.6575864096978
64,231.5,789.2792849332104
64,231.60000000000002,594.455849575503
64,231.70000000000002,860.9696411211648
64,231.8,632.1142663860414
64,231.9,697.272291442667
64,232.0,757.8600437702214
64,232.10000000000002,545.8377210033046
64,232.20000000000002,311.40101117024807
64,232.3,482.49583953100733
64,232.4,783.4999960946923
64,232.5,655.0229572495828
64,232.60000000000002,758.5530355142984
64,232.70000000000002,706.3609785322487
64,232.8,832.1082009429318
64,232.9,763.9034338842864
64,233.0,761.277413999795
64,233.10000000000002,490.4625838646987
64,233.20000000000002,753.4346337280879
64,233.3,826.2680050260705
64,233.4,669.438029001492
64,233.5,519.1376943128753
64,233.60000000000002,539.2791428872354
64,233.70000000000002,293.14104674352785
64,233.8,623.2615963490133
64,233.9,739.3656166271544
64,234.0,723.1229096807695
64,234.10000000000002,786.3443483657184
64,234.20000000000002,723.0254107160264
64,234.3,795.261182745473
64,234.4,812.5301379108769
64,234.5,829.0456083344848
64,234.60000000000002,824.931751989193
64,234.70000000000002,591.2640206432173
64,234.8,803.7173912513233
64,234.9,858.092736331095
64,235.0,863.5723896186113
64,235.10000000000002,818.5684687358737
64,235.20000000000002,691.9749123538807
64,235.3,861.6979591117749
64,235.4,851.6718297022446
64,235.5,541.658819088967
64,235.60000000000002,777.5466407614446
64,235.70000000000002,813.2721048600871
64,235.8,647.8781581436597
64,235.9,751.975605754929
64,236.0,813.5894715451028
64,236.10000000000002,775.084513623208
64,236.20000000000002,746.2651318627181
64,236.3,701.3240127719735
64,236.4,744.4774363829149
64,236.5,703.2454475870333
64,236.60000000000002,840.1550492649469
64,236.70000000000002,794.1928570250246
64,236.8,868.0549452418309
64,236.9,847.3597391995258
64,237.0,538.6229098264189
64,237.10000000000002,595.2742194333362
64,237.20000000000002,737.6889085202127
64,237.3,846.349875511986
64,237.4,802.8926764070402
64,237.5,596.262753547637
64,237.60000000000002,822.9043336194372
64,237.70000000000002,773.2341668712598
64,237.8,832.183767172479
64,237.9,699.7982110903403
64,238.0,825.9804247038111
64,238.10000000000002,711.8827942584467
64,238.20000000000002,828.9080438944889
64,238.3,534.3908649465385
64,238.4,757.1757677277018
64,238.5,611.9700149870283
64,238.60000000000002,527.8256726071185
64,238.70000000000002,669.1738271154238
64,238.8,712.5449473690718
64,238.9,735.2976733510116
64,239.0,461.2219215363943
64,239.10000000000002,727.6253045751429
64,239.20000000000002,746.3088031856826
64,239.3,844.9982090108754
64,239.4,600.0300594687278
64,239.5,840.3084872874895
64,239.60000000000002,795.3212819317188
64,239.70000000000002,581.0481864130115
64,239.8,750.5042658592363
64,239.9,443.934000026185
64,240.0,695.121184427577
64,240.10000000000002,433.46632545712635
64,240.20000000000002,767.0402002709656
64,240.3,670.9829141604692
64,240.4,794.5704536176875
64,240.5,829.2391168157616
64,240.60000000000002,390.8434115066249
64,240.70000000000002,756.9355685833708
64,240.8,779.745096631232
64,240.9,651.9422456863016
64,241.0,793.341530717992
64,241.10000000000002,640.1240031571838
64,241.20000000000002,682.0219555270874
64,241.3,683.8995414997809
64,241.4,623.0670667362343
64,241.5,598.3847044682955
64,241.60000000000002,630.8673144240482
64,241.70000000000002,669.4403193951077
64,241.8,696.3896127884371
64,241.9,766.6043735188799
64,242.0,510.2574000700435
64,242.10000000000002,741.5922556031412
64,242.20000000000002,796.4166424300481
64,242.3,798.1427688696097
64,242.4,813.494319874786
64,242.5,654.8086371369142
64,242.60000000000002,484.6169549180364
64,242.70000000000002,593.0199045424199
64,242.8,803.8811554976617
64,242.9,856.9796619099195
64,243.0,680.0431602965596
64,243.10000000000002,440.99088318536394
64,243.20000000000002,476.7660860942927
64,243.3,702.2226755096059
64,243.4,413.5823577492595
64,243.5,454.93905244472825
64,243.60000000000002,637.2741474997028
64,243.70000000000002,793.9903617541012
64,243.8,606.7151236283789
64,243.9,789.1837818287253
64,244.0,843.0257298235416
64,244.10000000000002,810.1733911003447
64,244.20000000000002,617.4612806029702
64,244.3,527.4068376354663
64,244.4,767.8496476145734
64,244.5,862.7694335906416
64,244.60000000000002,782.4165272060355
64,244.70000000000002,609.9649735202272
64,244.8,735.2254204720757
64,244.9,616.9143168579677
64,245.0,636.8190333024448
64,245.10000000000002,654.1469098829848
64,245.20000000000002,779.8826196259967
64,245.3,810.6534695413277
64,245.4,528.5512669352188
64,245.5,391.7137818191347
64,245.60000000000002,558.1033929210162
64,245.70000000000002,805.2851140259435
64,245.8,789.982756033446
64,245.9,609.9624063148149
64,246.0,489.86052584632074
64,246.10000000000002,717.8269516974145
64,246.20000000000002,808.7718106847583
64,246.3,549.427672520101
64,246.4,546.5446472381074
64,246.5,472.65904182201524
64,246.60000000000002,687.8214002073499
64,246.70000000000002,605.4785114598266
64,246.8,681.0267095327176
64,246.9,552.2124442112624
64,247.0,766.4425481381297
64,247.10000000000002,530.1103772274715
64,247.20000000000002,726.238278596442
64,247.3,751.1814710006729
64,247.4,754.4198555816623
64,247.5,620.9664125210546
64,247.60000000000002,689.190456823514
64,247.70000000000002,687.6067439770352
64,247.8,499.8843024585217
64,247.9,680.5749062424247
64,248.0,644.5635670267154
64,248.10000000000002,688.0547881227375
64,248.20000000000002,668.4122863028106
64,248.3,691.0791479464682
64,248.4,696.0791908231246
64,248.5,672.4576606400492
64,248.60000000000002,718.1298909891583
64,248.70000000000002,796.5203214289423
64,248.8,850.6692144997036
64,248.9,633.8773567454002
64,249.0,533.7375629267827
64,249.10000000000002,587.577447054158
64,249.20000000000002,673.6688529878647
64,249.3,604.2091215234567
64,249.4,639.1583843100804
64,249.5,777.4764772184197
64,249.60000000000002,616.1115934559846
64,249.70000000000002,706.2208273543499
64,249.8,605.7343703395395
64,249.9,644.7599518343403
64,250.0,774.1130352131132
64,250.10000000000002,743.077845833284
64,250.20000000000002,644.6494406482744
64,250.3,688.4066554607298
64,250.4,820.4825224019917
64,250.5,783.5550264204132
64,250.60000000000002,709.1921110294712
64,250.70000000000002,797.7115162589977
64,250.8,571.00164105297
64,250.9,660.954430627663
64,251.0,673.8110277168281
64,251.10000000000002,768.860027238813
64,251.20000000000002,857.6107007240488
64,251.3,718.4206192075632
64,251.4,592.0439599786475
64,251.5,722.2402838511699
64,251.60000000000002,786.4719402384698
64,251.70000000000002,730.2520052094184
64,251.8,699.3289485693167
64,251.9,763.1214901718304
64,252.0,695.2540411293108
64,252.10000000000002,610.8436054352904
64,252.20000000000002,768.167530108042
64,252.3,815.9024546678216
64,252.4,642.9282800217168
64,252.5,592.2161113387718
64,252.60000000000002,653.1554283197872
64,252.70000000000002,656.0786787755558
64,252.8,719.0929620497789
64,252.9,636.8408025062532
64,253.0,719.2235312583388
64,253.10000000000002,838.3275887241292
64,253.20000000000002,821.2355166191321
64,253.3,801.861906485919
64,253.4,817.5644638233616
64,253.5,620.8030597375123
64,253.60000000000002,666.280104610528
64,253.70000000000002,773.4343374963621
64,253.8,779.5528361313075
64,253.9,672.9028498402535
64,254.0,698.3790964280269
64,254.10000000000002,661.535123986022
64,254.20000000000002,723.8859744690193
64,254.3,782.2268918062695
64,254.4,622.9016106301499
64,254.5,542.282166912872
64,254.60000000000002,670.5696708823174
64,254.70000000000002,728.9045831877592
64,254.8,776.0149565598233
64,254.9,697.2053408197122
64,255.0,717.2736998086951
64,255.10000000000002,860.7253027343546
64,255.20000000000002,800.9483875750433
64,255.3,783.8083484942123
64,255.4,730.6457423120079
64,255.5,667.6126720917822
64,255.60000000000002,555.766897414204
64,255.70000000000002,611.2367813055713
64,255.8,797.794842172078
64,255.9,827.7995023019315
64,256.0,845.9773583406675
64,256.1,820.6903978333252
64,256.2,816.439662380128
64,256.3,813.5031216376086
64,256.40000000000003,594.1295489799704
64,256.5,612.8211404930928
64,256.6,715.0334135781089
64,256.7,643.4680546209631
64,256.8,726.8322562394967
64,256.90000000000003,666.6810393983689
64,257.0,659.4550173258363
64,257.1,766.157371437885
64,257.2,691.7243990994059
64,257.3,708.0224063767217
64,257.40000000000003,737.8131610052718
64,257.5,752.8544977521424
64,257.6,769.5455087487693
64,257.7,774.379225698942
64,257.8,754.9935470442482
64,257.90000000000003,702.1651536149593
64,258.0,660.7339185049998
64,258.1,647.7265451164463
64,258.2,702.4427217791382
64,258.3,725.3959558910725
64,258.40000000000003,742.5986394872433
64,258.5,679.2203885921231
64,258.6,607.4841165701899
64,258.7,646.3102836690871
64,258.8,587.1265644234272
64,258.90000000000003,527.3098619288535
64,259.0,765.706947730294
64,259.1,887.809274268623
64,259.2,732.5452606435398
64,259.3,567.3175693810116
64,259.40000000000003,655.1090065730581
64,259.5,663.7047909493336
64,259.6,773.6996185176671
64,259.7,839.814786832108
64,259.8,844.1752810566614
64,259.90000000000003,824.2216531048415
64,260.0,797.1115978046721
64,260.1,785.1774018982757
64,260.2,808.203088163132
64,260.3,851.544314224326
64,260.40000000000003,806.6727241434022
64,260.5,689.0623100717573
64,260.6,750.2199918917405
64,260.7,739.6281984880718
64,260.8,707.7167465629296
64,260.90000000000003,758.7606546843704
64,261.0,716.9642540180976
64,261.1,708.9241918550816
64,261.2,786.8915783826957
64,261.3,846.2845804429785
64,261.40000000000003,770.3785653369458
64,261.5,689.912190465979
64,261.6,803.6824241057705
64,261.7,829.5369561901065
64,261.8,799.5787641731545
64,261.90000000000003,825.0253316972086
64,262.0,710.295163971607
64,262.1,640.2661638223655
64,262.2,739.3556852483081
64,262.3,767.9916277693438
64,262.40000000000003,853.3948499474868
64,262.5,827.3725477751623
64,262.6,705.0815224407418
64,262.7,685.7838519261154
64,262.8,680.967844548978
64,262.90000000000003,844.2741341802695
64,263.0,829.3727735506599
64,263.1,818.6188190383568
64,263.2,786.7289630239911
64,263.3,699.6433206273521
64,263.40000000000003,876.6263804983043
64,263.5,769.0926166039353
64,263.6,671.4017550643844
64,263.7,815.9359419026536
64,263.8,804.2783037321522
64,263.90000000000003,780.538012939241
64,264.0,885.8413384086128
64,264.1,866.8519930886538
64,264.2,808.7222490361903
64,264.3,852.7361676975554
64,264.40000000000003,775.9825748937164
64,264.5,638.5556647774379
64,264.6,871.5391002734798
64,264.7,727.5696658687671
64,264.8,584.1195616118536
64,264.90000000000003,727.6641683400753
64,265.0,632.1836062308369
64,265.1,844.1419334883169
64,265.2,889.5460850536871
64,265.3,852.3966417016555
64,265.40000000000003,753.6058240228658
64,265.5,777.7743952073838
64,265.6,872.447075207149
64,265.7,854.4660969407065
64,265.8,866.2479783976983
64,265.90000000000003,786.4116859181911
64,266.0,560.1705312406933
64,266.1,841.938698555124
64,266.2,769.695812277121
64,266.3,590.5793756815093
64,266.40000000000003,762.0293934144768
64,266.5,489.0517067260728
64,266.6,751.7903488804783
64,266.7,717.7451105810692
64,266.8,526.6211021762279
64,266.90000000000003,616.2654034156357
64,267.0,588.461252841031
64,267.1,705.1342688003958
64,267.2,784.6347108695569
64,267.3,786.2703111371303
64,267.40000000000003,643.424858747208
64,267.5,853.9850538609436
64,267.6,695.8149173277316
64,267.7,758.7981855697567
64,267.8,649.8525130749879
64,267.90000000000003,644.6024404970439
64,268.0,675.2774433708074
64,268.1,704.1198207018504
64,268.2,740.6736620635993
64,268.3,815.8154112188047
64,268.40000000000003,746.8755762197601
64,268.5,671.9299161361644
64,268.6,695.1170799283736
64,268.7,837.9235043794539
64,268.8,848.8512565864446
64,268.90000000000003,670.103286048578
64,269.0,794.1348354012408
64,269.1,767.1094108837846
64,269.2,858.6788333802851
64,269.3,733.3266090530225
64,269.40000000000003,708.1569639685301
64,269.5,724.1027974065137
64,269.6,605.0856102316762
64,269.7,551.9780776080813
64,269.8,791.2773458073497
64,269.90000000000003,751.6280751828435
64,270.0,770.2490237645983
64,270.1,772.5802789855153
64,270.2,602.7593320467538
64,270.3,615.0220509434783
64,270.40000000000003,625.0167675390949
64,270.5,650.99336116861
64,270.6,774.0642993501068
64,270.7,881.9052720617093
64,270.8,829.652858788167
64,270.90000000000003,862.7763786816788
64,271.0,635.2580549738781
64,271.1,580.1320941101442
64,271.2,758.1940129506751
64,271.3,443.5062383238697
64,271.40000000000003,641.8056253881842
64,271.5,481.6965341779752
64,271.6,741.0922797147127
64,271.7,685.196327342903
64,271.8,716.6133257378425
64,271.90000000000003,840.9916613498651
64,272.0,772.0198755500389
64,272.1,729.8340952291969
64,272.2,792.510510473586
64,272.3,724.1506810173938
64,272.40000000000003,747.8451728045633
64,272.5,656.9209448825447
64,272.6,855.8324581206732
64,272.7,661.6070831920863
64,272.8,756.6315386978671
64,272.90000000000003,761.4826022852658
64,273.0,710.5568190347311
64,273.1,812.204468043176
64,273.2,816.5040555557298
64,273.3,902.2084668888648
64,273.40000000000003,872.2191383270243
64,273.5,778.2866235673054
64,273.6,847.8807632883988
64,273.7,591.8825925931669
64,273.8,532.0002094233604
64,273.90000000000003,700.5669542653714
64,274.0,787.8578305392432
64,274.1,821.8569818738134
64,274.2,853.1660805620753
64,274.3,705.6164237192697
64,274.40000000000003,881.8554760196349
64,274.5,578.5601866100294
64,274.6,759.3621550394647
64,274.7,706.9592677768486
64,274.8,665.9418674741623
64,274.90000000000003,870.3784154500388
64,275.0,594.072619981942
64,275.1,777.1159651205044
64,275.2,631.0444929001958
64,275.3,748.6032573389915
64,275.40000000000003,455.9078770570864
64,275.5,612.5792002401453
64,275.6,740.0620641549226
64,275.7,752.8135301989828
64,275.8,556.572079446376
64,275.90000000000003,512.78417316389
64,276.0,841.5758582782782
64,276.1,733.3212736979351
64,276.2,862.5860672594183
64,276.3,731.5362382139988
64,276.40000000000003,623.5099563605937
64,276.5,486.7841701794096
64,276.6,811.0205203376534
64,276.7,900.2056293595292
64,276.8,1105.8208671861362
64,276.90000000000003,771.9860270696914
64,277.0,593.0654768244118
64,277.1,782.2483779773848
64,277.2,433.6773670098281
64,277.3,534.7732369328626
64,277.40000000000003,706.7953071928547
64,277.5,519.9426728735062
64,277.6,875.9949562290547
64,277.7,698.9853225902483
64,277.8,854.7299388359603
64,277.90000000000003,623.7825513266988
64,278.0,798.2906707009677
64,278.1,531.6491901022407
64,278.2,754.6409217886116
64,278.3,686.4875496484328
64,278.40000000000003,621.783951608357
64,278.5,768.3081666515764
64,278.6,757.9640878898365
64,278.7,498.68796475902064
64,278.8,652.8906867461103
64,278.90000000000003,487.0379491912488
64,279.0,642.7306588128789
64,279.1,817.5381699686876
64,279.2,511.675012670857
64,279.3,584.4834810732592
64,279.40000000000003,597.8708090264868
64,279.5,707.5457461438394
64,279.6,757.7690395735618
64,279.7,748.9485899906622
64,279.8,861.6248626804785
64,279.90000000000003,718.8776347848788
64,280.0,838.1603574181898
64,280.1,841.1289471656586
64,280.2,907.918083833012
64,280.3,783.537444825394
64,280.40000000000003,793.4402502502709
64,280.5,746.5413747435979
64,280.6,734.1194554679641
64,280.7,856.4210439210308
64,280.8,812.8684383296948
64,280.90000000000003,798.8821884731511
64,281.0,791.9608845209139
64,281.1,797.270831254096
64,281.2,879.0082562506155
64,281.3,833.3795066333714
64,281.40000000000003,839.9474717227116
64,281.5,861.7285279235583
64,281.6,433.80149554583795
64,281.7,860.5377124990221
64,281.8,834.359162739211
64,281.90000000000003,757.3562195864403
64,282.0,810.4223884288069
64,282.1,718.5835966225507
64,282.2,620.2363827962122
64,282.3,573.6282569141284
64,282.40000000000003,772.5999771794602
64,282.5,798.8072624049438
64,282.6,404.7546232050119
64,282.7,774.8400767564516
64,282.8,665.4807729636314
64,282.90000000000003,826.482054470064
64,283.0,883.0410218987317
64,283.1,504.2538263124156
64,283.2,820.0992188812849
64,283.3,821.9224036137563
64,283.40000000000003,886.6611387180169
64,283.5,859.580009903632
64,283.6,853.3801913531768
64,283.7,867.4794354489396
64,283.8,857.3851698685603
64,283.90000000000003,839.0350755132072
64,284.0,786.3614833826467
64,284.1,811.4954805207261
64,284.2,606.6032191045767
64,284.3,815.957784819861
64,284.40000000000003,727.3219852084696
64,284.5,595.8882026944289
64,284.6,803.2551041849487
64,284.7,729.9792578712024
64,284.8,594.6266416871442
64,284.90000000000003,758.5557261070926
64,285.0,832.6058157210657
64,285.1,830.1916549687036
64,285.2,768.5193091919863
64,285.3,760.8635305680972
64,285.40000000000003,507.0067808491942
64,285.5,469.1864905195541
64,285.6,608.1660584907833
64,285.7,707.0580571361775
64,285.8,753.6518216598337
64,285.90000000000003,525.6533060533613
64,286.0,742.39114120077
64,286.1,811.9307688830575
64,286.2,754.2952818712084
64,286.3,737.5983501249552
64,286.40000000000003,761.6574648710564
64,286.5,854.3169594928329
64,286.6,873.5016320045163
64,286.7,823.4945253916101
64,286.8,619.9474606330058
64,286.90000000000003,761.4382537081249
64,287.0,750.214610943799
64,287.1,844.1896700408213
64,287.2,553.7238050536375
64,287.3,655.9747905697852
64,287.40000000000003,624.4761720738423
64,287.5,772.3237100737803
64,287.6,799.3540817195035
64,287.7,833.9329895004804
64,287.8,827.0473405336746
64,287.90000000000003,903.7519753197878
64,288.0,745.7257970885217
64,288.1,841.7517930828649
64,288.2,860.9038883634089
64,288.3,859.8595685430879
64,288.40000000000003,749.4387091386401
64,288.5,893.6961830669444
64,288.6,902.7548018281619
64,288.7,866.0815089424648
64,288.8,798.8168508985823
64,288.90000000000003,839.6616605342722
64,289.0,868.209365375968
64,289.1,862.3285790346224
64,289.2,715.3456859743868
64,289.3,804.4193332361796
64,289.40000000000003,856.7681641091083
64,289.5,858.9829615900337
64,289.6,855.0306632632911
64,289.7,863.6016650948029
64,289.8,888.6146121131738
64,289.90000000000003,894.489044703117
64,290.0,875.3265467272689
64,290.1,834.0523504894575
64,290.2,845.5476446014932
64,290.3,873.489202104077
64,290.40000000000003,859.3273084527132
64,290.5,860.1271716535246
64,290.6,840.3609186228491
64,290.7,864.06716457299
64,290.8,879.0757530681357
64,290.90000000000003,676.8808540216885
64,291.0,755.1446220126355
64,291.1,867.4299557915069
64,291.2,878.0188123525954
64,291.3,873.2553266088516
64,291.40000000000003,877.711219036347
64,291.5,838.3538243570966
64,291.6,855.336387349262
64,291.7,877.1687082083004
64,291.8,861.8269976176956
64,291.90000000000003,673.8506166742627
64,292.0,773.6066872493756
64,292.1,895.4646244831627
64,292.2,881.3770619513991
64,292.3,883.1806224968618
64,292.40000000000003,866.6251829851004
64,292.5,856.5302872646525
64,292.6,871.090183814604
64,292.7,578.3445912852843
64,292.8,656.6304554768739
64,292.90000000000003,684.5315217959117
64,293.0,741.5238868071968
64,293.1,843.9281555962285
64,293.2,863.2941290968059
64,293.3,738.4708562447722
64,293.40000000000003,644.7941680576316
64,293.5,779.6105014216026
64,293.6,878.6996901554095
64,293.7,858.9710317973753
64,293.8,859.6212115568565
64,293.90000000000003,884.5969570058107
64,294.0,885.4190100912886
64,294.1,896.161706087745
64,294.2,732.1143870961048
64,294.3,726.2879436282645
64,294.40000000000003,845.3152009382219
64,294.5,843.6546306567083
64,294.6,626.553402077982
64,294.7,670.1078533899481
64,294.8,876.5277000783885
64,294.90000000000003,877.1640608953196
64,295.0,876.3940182864819
64,295.1,864.5425437847641
64,295.2,891.517478099791
64,295.3,912.7368231835142
64,295.40000000000003,860.3856025914652
64,295.5,854.9838231880606
64,295.6,890.3604688979384
64,295.7,829.2303475169552
64,295.8,812.3533659850357
64,295.90000000000003,866.3399111861863
64,296.0,867.5386519160899
64,296.1,813.0890802547967
64,296.2,811.7164798944165
64,296.3,884.8745131131049
64,296.40000000000003,893.5903350850957
64,296.5,860.6578779477943
64,296.6,857.361994677666
64,296.7,883.1454718435764
64,296.8,872.4733395168352
64,296.90000000000003,837.5852148222668
64,297.0,798.9210433122172
64,297.1,825.7013489938184
64,297.2,808.12609911205
64,297.3,753.0075884656982
64,297.40000000000003,777.642424464237
64,297.5,822.0521375585404
64,297.6,617.8071153629459
64,297.7,519.5675476120058
64,297.8,716.8766577598884
64,297.90000000000003,697.2035613501474
64,298.0,568.7044106476716
64,298.1,540.2022076440111
64,298.2,715.8109198960431
64,298.3,650.9264746878465
64,298.40000000000003,527.8070254655125
64,298.5,475.7456326090116
64,298.6,781.8180201999234
64,298.7,850.0249346374882
64,298.8,815.0681343416262
64,298.90000000000003,785.0200259524922
64,299.0,650.8133621573201
64,299.1,479.81105506562216
64,299.2,532.6011791394761
64,299.3,546.0193943094347
64,299.40000000000003,601.7543254201788
64,299.5,785.3561994563545
64,299.6,794.249829624517
64,299.7,835.6608602944211
64,299.8,839.0997398608055
64,299.90000000000003,655.6835781489342
64,300.0,556.3075957553261
64,300.1,763.9453291976629
64,300.2,725.9557828125819
64,300.3,509.979391423507
64,300.40000000000003,565.4487667225535
64,300.5,650.8121150163549
64,300.6,664.6992485776424
64,300.7,697.9630406121327
64,300.8,613.7125513341836
64,300.90000000000003,762.6597576296448
64,301.0,722.8871133096225
64,301.1,582.9144539698942
64,301.2,508.914988665361
64,301.3,651.0041869751644
64,301.40000000000003,701.8052565623345
64,301.5,715.2005578081173
64,301.6,606.065859012294
64,301.7,503.36105228450776
64,301.8,732.4757219698813
64,301.90000000000003,709.4267689728138
64,302.0,643.3630601251198
64,302.1,782.2522771491142
64,302.2,669.6009828933634
64,302.3,695.0861051480082
64,302.40000000000003,758.5560423441564
64,302.5,672.3858980195213
64,302.6,721.2643555456374
64,302.7,681.6061690323334
64,302.8,763.8113894851141
64,302.90000000000003,871.4543607687395
64,303.0,835.4810931392872
64,303.1,744.2343654207184
64,303.2,674.5383988783881
64,303.3,659.3469190480334
96,0.0,537.648
96,0.1,536.7119688623353
96,0.2,802.1243875186098
96,0.30000000000000004,835.9332810073741
96,0.4,839.8046857789302
96,0.5,813.6843700628158
96,0.6000000000000001,612.3581332963382
96,0.7000000000000001,728.7270150145916
96,0.8,845.6872423423918
96,0.9,862.1631737477012
96,1.0,856.686654731275
96,1.1,833.9401660801326
96,1.2000000000000002,825.3042093306472
96,1.3,518.238446652564
96,1.4000000000000001,727.1960230467973
96,1.5,871.279329765264
96,1.6,862.3773760660962
96,1.7000000000000002,854.1353416869949
96,1.8,855.7835799371996
96,1.9000000000000001,753.0088611189848
96,2.0,794.3717186707098
96,2.1,860.6889845661309
96,2.2,845.891248404211
96,2.3000000000000003,857.8734694773218
96,2.4000000000000004,760.0593515090309
96,2.5,524.3736724756328
96,2.6,737.2298953022116
96,2.7,472.3977920669857
96,2.8000000000000003,681.4109197431825
96,2.9000000000000004,708.3450513887298
96,3.0,698.0281758506775
96,3.1,815.6930327761298
96,3.2,849.2540707119298
96,3.3000000000000003,535.5015813075169
96,3.4000000000000004,722.7332818481864
96,3.5,870.0774108451811
96,3.6,852.0817996526694
96,3.7,852.5575681548867
96,3.8000000000000003,674.2912886225599
96,3.9000000000000004,747.7856445967074
96,4.0,885.9055858989598
96,4.1000000000000005,918.0693768993981
96,4.2,795.6284246666664
96,4.3,655.1952912256266
96,4.4,794.18440248991
96,4.5,852.5152792031664
96,4.6000000000000005,841.4009554354232
96,4.7,845.4302979376533
96,4.800000000000001,850.3175231802688
96,4.9,847.6317276873274
96,5.0,773.9688332694783
96,5.1000000000000005,807.9974253680451
96,5.2,831.5272990078836
96,5.300000000000001,867.2816292229014
96,5.4,736.6670955943174
96,5.5,829.6854484512153
96,5.6000000000000005,896.7562400117092
96,5.7,903.2971879730874
96,5.800000000000001,882.3811516272275
96,5.9,861.015930962348
96,6.0,833.7417627718813
96,6.1000000000000005,824.0286889350352
96,6.2,872.7977408656379
96,6.300000000000001,686.6385988697425
96,6.4,665.1582718769644
96,6.5,787.2480119824696
96,6.6000000000000005,876.9403158833082
96,6.7,907.9786706621856
96,6.800000000000001,901.6103500752796
96,6.9,738.3207501825387
96,7.0,812.7316940338494
96,7.1000000000000005,865.1632694338866
96,7.2,886.2811452364849
96,7.300000000000001,666.8104348835743
96,7.4,773.0746240565276
96,7.5,887.4019828953951
96,7.6000000000000005,903.6359080251179
96,7.7,883.0574753008273
96,7.800000000000001,865.9383084866489
96,7.9,697.3234407076981
96,8.0,779.0008014585418
96,8.1,873.9615016788305
96,8.200000000000001,896.4983037805715
96,8.3,904.2226180519535
96,8.4,900.2957303908522
96,8.5,892.33649732125
96,8.6,875.152810343949
96,8.700000000000001,854.2941684124801
96,8.8,628.5329901861567
96,8.9,762.6338279851516
96,9.0,881.6143936074973
96,9.1,853.333559427001
96,9.200000000000001,872.1397381847031
96,9.3,902.1276640497283
96,9.4,898.4043790567538
96,9.5,881.2461079500259
96,9.600000000000001,882.2861978155429
96,9.700000000000001,875.6832526954979
96,9.8,897.1352940798691
96,9.9,897.1962016599447
96,10.0,892.2625879333972
96,10.100000000000001,898.7223965399277
96,10.200000000000001,906.7214140933544
96,10.3,861.4173241203156
96,10.4,772.9539953515732
96,10.5,851.8577305859179
96,10.600000000000001,896.0988907816239
96,10.700000000000001,788.749398831452
96,10.8,813.6082412484722
96,10.9,835.0405274181138
96,11.0,845.1730857926659
96,11.100000000000001,885.082764600822
96,11.200000000000001,899.4443626028254
96,11.3,910.2732568604611
96,11.4,920.9610399044428
96,11.5,897.6194422222117
96,11.600000000000001,896.8503453878928
96,11.700000000000001,872.342343494317
96,11.8,838.2164383833862
96,11.9,876.3731289476319
96,12.0,910.2580481798715
96,12.100000000000001,912.0208490050196
96,12.200000000000001,889.5421737600293
96,12.3,893.6112031027028
96,12.4,913.7148344691556
96,12.5,915.5511047231003
96,12.600000000000001,914.8057306538544
96,12.700000000000001,893.7674627953287
96,12.8,906.886251284137
96,12.9,913.2868621120941
96,13.0,887.3786402207782
96,13.100000000000001,653.474526741272
96,13.200000000000001,738.8603615743292
96,13.3,919.0352975349508
96,13.4,875.4777027232161
96,13.5,875.9517608065395
96,13.600000000000001,849.6498656074507
96,13.700000000000001,831.3913949998458
96,13.8,884.0216698180939
96,13.9,910.8901671034769
96,14.0,806.57647611703
96,14.100000000000001,811.2674182001848
96,14.200000000000001,818.2679529950366
96,14.3,822.7729364393324
96,14.4,884.5310578788016
96,14.5,848.3701717261345
96,14.600000000000001,859.491083987617
96,14.700000000000001,804.0079273160813
96,14.8,791.4035061863342
96,14.9,868.6016524341001
96,15.0,901.0408999290904
96,15.100000000000001,905.246915639819
96,15.200000000000001,870.993729229166
96,15.3,860.3212458790687
96,15.4,662.6614701027721
96,15.5,663.4374273148214
96,15.600000000000001,876.8433745700645
96,15.700000000000001,874.4135042505673
96,15.8,884.1315774389589
96,15.9,808.6331689664122
96,16.0,816.0202744099414
96,16.1,884.95865478741
96,16.2,856.1204425089103
96,16.3,853.2009907968492
96,16.400000000000002,887.807168990746
96,16.5,902.0632976848324
96,16.6,716.216631329153
96,16.7,714.0265227417876
96,16.8,928.0936896379809
96,16.900000000000002,913.7106180430961
96,17.0,906.8290413864398
96,17.1,892.4814882494666
96,17.2,887.3690764982028
96,17.3,879.6366369235451
96,17.400000000000002,873.7956357672982
96,17.5,866.5832323252015
96,17.6,684.8412099358853
96,17.7,664.8787833929622
96,17.8,872.2962937693588
96,17.900000000000002,877.3029600695635
96,18.0,901.6314983719393
96,18.1,757.269598569216
96,18.2,746.640034588427
96,18.3,920.966487509916
96,18.400000000000002,896.5892739583084
96,18.5,899.4849559055118
96,18.6,892.4769036431588
96,18.7,879.8130976562499
96,18.8,889.7819291519666
96,18.900000000000002,897.3338325284941
96,19.0,833.6454949780588
96,19.1,811.1848429596657
96,19.200000000000003,853.2136706801713
96,19.3,808.9096575969962
96,19.400000000000002,849.3727899239585
96,19.5,803.2627436605359
96,19.6,862.4680389816667
96,19.700000000000003,821.3157879795068
96,19.8,796.2600584607187
96,19.900000000000002,751.7369565250875
96,20.0,588.2754183735701
96,20.1,734.3633638500764
96,20.200000000000003,878.5256260351691
96,20.3,899.4082076606954
96,20.400000000000002,885.5875178651543
96,20.5,797.1718305285398
96,20.6,746.7965926972171
96,20.700000000000003,837.5314010984955
96,20.8,817.445968857747
96,20.900000000000002,732.3203444077561
96,21.0,685.7737502768668
96,21.1,880.179106532982
96,21.200000000000003,676.758957941075
96,21.3,602.2891492849055
96,21.400000000000002,871.0823078101073
96,21.5,892.77273506668
96,21.6,896.9185139038365
96,21.700000000000003,866.4906841539735
96,21.8,845.7033728732814
96,21.900000000000002,909.8942310861543
96,22.0,886.4209116357127
96,22.1,880.5027549902871
96,22.200000000000003,879.2015372246035
96,22.3,751.6757058447664
96,22.400000000000002,702.5613623794183
96,22.5,720.8179009379361
96,22.6,593.3233664986271
96,22.700000000000003,887.3130567842825
96,22.8,816.3069862351485
96,22.900000000000002,684.5354456956959
96,23.0,555.7659047464781
96,23.1,616.810753870743
96,23.200000000000003,867.6552613650045
96,23.3,869.4554391396767
96,23.400000000000002,738.1163211923167
96,23.5,607.7106858333809
96,23.6,913.911636745127
96,23.700000000000003,922.0227376406938
96,23.8,905.4981275032518
96,23.900000000000002,886.4812785068989
96,24.0,890.294722807845
96,24.1,924.588980150237
96,24.200000000000003,891.5392316282473
96,24.3,871.4694384962456
96,24.400000000000002,889.2987563872601
96,24.5,901.6901018860212
96,24.6,846.0538045969886
96,24.700000000000003,838.6856398216923
96,24.8,877.8769468346649
96,24.900000000000002,882.581157787679
96,25.0,784.5731318754331
96,25.1,638.0967850971691
96,25.200000000000003,915.4956951885646
96,25.3,885.5387408524925
96,25.400000000000002,908.2093549077007
96,25.5,883.8099611890251
96,25.6,779.5896324315161
96,25.700000000000003,676.6788294217098
96,25.8,938.906987555983
96,25.900000000000002,895.3131529668756
96,26.0,874.817279982754
96,26.1,880.0172212214661
96,26.200000000000003,748.6894034510158
96,26.3,751.2096489615086
96,26.400000000000002,842.4644853081336
96,26.5,691.4927702879082
96,26.6,739.5344418210253
96,26.700000000000003,807.9099490276001
96,26.8,756.4575172899825
96,26.900000000000002,778.2458235429119
96,27.0,561.4195105493071
96,27.1,745.7947538521578
96,27.200000000000003,831.6570584099046
96,27.3,665.6821677010375
96,27.400000000000002,916.5234626785458
96,27.5,852.766981474644
96,27.6,743.7026403916649
96,27.700000000000003,825.0002390703946
96,27.8,814.1546580704497
96,27.900000000000002,912.1110168704995
96,28.0,790.051823686592
96,28.1,593.2083013012249
96,28.200000000000003,888.2659163256952
96,28.3,912.086747286168
96,28.400000000000002,908.1324387296785
96,28.5,923.927765390667
96,28.6,970.0412354696672
96,28.700000000000003,818.4940643778052
96,28.8,780.9078070144333
96,28.900000000000002,717.2428614565553
96,29.0,837.3301321021238
96,29.1,845.1700406057404
96,29.200000000000003,793.8981868415931
96,29.3,537.6742600371932
96,29.400000000000002,582.4179425577574
96,29.5,568.1938802000082
96,29.6,879.3759787566279
96,29.700000000000003,912.9405587339295
96,29.8,901.8960585351444
96,29.900000000000002,869.3350135473562
96,30.0,867.2747012473988
96,30.1,908.6987547409645
96,30.200000000000003,916.7167389146241
96,30.3,886.3195217088853
96,30.400000000000002,890.1269197583061
96,30.5,884.9680443292609
96,30.6,874.6397684238002
96,30.700000000000003,892.2714243728836
96,30.8,902.8803519177442
96,30.900000000000002,892.0583047028471
96,31.0,897.8680013211421
96,31.1,821.6563741120542
96,31.200000000000003,556.1836127718065
96,31.3,867.350893071018
96,31.400000000000002,850.3618675643486
96,31.5,906.1403948691075
96,31.6,868.8128875996083
96,31.700000000000003,860.7613087556394
96,31.8,866.3347019206047
96,31.900000000000002,903.5412321347395
96,32.0,872.2078708666997
96,32.1,878.7303276720536
96,32.2,839.2396246622438
96,32.300000000000004,789.1070890163664
96,32.4,900.184185535442
96,32.5,837.7072812359617
96,32.6,619.0973680114005
96,32.7,795.5225101677263
96,32.800000000000004,618.5023083864128
96,32.9,822.2913767589843
96,33.0,548.7517783076963
96,33.1,865.287088534741
96,33.2,743.8246612155066
96,33.300000000000004,875.657442653445
96,33.4,982.9496057174472
96,33.5,804.6399338693606
96,33.6,867.6811527369128
96,33.7,890.4455790870795
96,33.800000000000004,807.928598751235
96,33.9,903.741488838968
96,34.0,889.2265891507527
96,34.1,901.645860819981
96,34.2,897.0995259604023
96,34.300000000000004,840.7093742693812
96,34.4,658.5192287916195
96,34.5,881.1509582332761
96,34.6,845.5377602669126
96,34.7,795.6017659257451
96,34.800000000000004,790.5868606258691
96,34.9,457.2218690781771
96,35.0,870.2385211720565
96,35.1,873.4190717930792
96,35.2,865.3194742184993
96,35.300000000000004,881.8921063744438
96,35.4,823.6888934588184
96,35.5,519.8567694702496
96,35.6,889.1502465248192
96,35.7,904.3504675560202
96,35.800000000000004,783.3167981822663
96,35.9,677.6032354939265
96,36.0,835.1934537821131
96,36.1,844.2721357354177
96,36.2,828.3503496113268
96,36.300000000000004,884.5221146547315
96,36.4,891.7431455249359
96,36.5,872.9659935128971
96,36.6,856.8903933211528
96,36.7,897.7200076966874
96,36.800000000000004,879.1467971684644
96,36.9,781.5427478882618
96,37.0,870.2653213724276
96,37.1,807.7177812231557
96,37.2,414.58524626964174
96,37.300000000000004,860.6211823723858
96,37.4,894.8881229544334
96,37.5,901.5801559859958
96,37.6,884.420944487224
96,37.7,869.1460549074164
96,37.800000000000004,880.1581987611529
96,37.9,819.4282662486592
96,38.0,881.8046538626467
96,38.1,921.8472748365699
96,38.2,901.1426466725172
96,38.300000000000004,881.9404486472234
96,38.400000000000006,914.1561514195513
96,38.5,939.8877624985413
96,38.6,860.9353239194226
96,38.7,563.5534083164177
96,38.800000000000004,895.5396838386707
96,38.900000000000006,897.6447313382994
96,39.0,765.2039870432613
96,39.1,521.8325325231392
96,39.2,834.831489879655
96,39.300000000000004,885.7398936047869
96,39.400000000000006,874.8088667010418
96,39.5,499.34709157837307
96,39.6,757.7124456515505
96,39.7,888.3647204996254
96,39.800000000000004,901.2827941684662
96,39.900000000000006,885.049309694399
96,40.0,907.6206443630352
96,40.1,912.7143860144218
96,40.2,870.6023532300758
96,40.300000000000004,840.8821870308608
96,40.400000000000006,899.970220830487
96,40.5,919.4631924593108
96,40.6,872.9479399928164
96,40.7,905.0868157682503
96,40.800000000000004,918.5555426406034
96,40.900000000000006,844.2839009369193
96,41.0,919.9689273662772
96,41.1,846.873679826965
96,41.2,894.205803066848
96,41.300000000000004,921.3793769857041
96,41.400000000000006,869.9807337475359
96,41.5,894.5468622970578
96,41.6,875.5294524024844
96,41.7,890.5123165557213
96,41.800000000000004,935.1906254863895
96,41.900000000000006,931.7917466387447
96,42.0,919.4195404534515
96,42.1,945.2176163195675
96,42.2,873.6779925159129
96,42.300000000000004,923.7737734288943
96,42.400000000000006,888.5467296254583
96,42.5,627.0658879736644
96,42.6,910.6547593901781
96,42.7,880.3292099552087
96,42.800000000000004,686.3440037099247
96,42.900000000000006,906.2039457638766
96,43.0,846.3837497534412
96,43.1,866.2177705860454
96,43.2,883.9868136948337
96,43.300000000000004,785.2871875480978
96,43.400000000000006,851.1896252510572
96,43.5,846.7582320776427
96,43.6,917.3251731152852
96,43.7,922.4898923570187
96,43.800000000000004,870.6712170851939
96,43.900000000000006,895.3655211564264
96,44.0,921.4132625981986
96,44.1,814.9030611749447
96,44.2,858.394998299014
96,44.300000000000004,1011.8112115032384
96,44.400000000000006,899.4775661996124
96,44.5,795.0870927409941
96,44.6,824.5961884811819
96,44.7,928.7329414233984
96,44.800000000000004,890.7613149259864
96,44.900000000000006,481.6593893683856
96,45.0,882.7131534736286
96,45.1,877.5537774530338
96,45.2,875.324753495807
96,45.300000000000004,924.7583678297715
96,45.400000000000006,916.9721504245279
96,45.5,927.1781389028304
96,45.6,569.665594260228
96,45.7,724.7898565913383
96,45.800000000000004,906.1203742283856
96,45.900000000000006,525.7556400968894
96,46.0,870.9801670780602
96,46.1,888.5538737395028
96,46.2,932.2176345921769
96,46.300000000000004,890.3185077548435
96,46.400000000000006,670.0163844745205
96,46.5,900.0531859113463
96,46.6,942.5318859709137
96,46.7,518.2772060365834
96,46.800000000000004,872.7724562055577
96,46.900000000000006,609.7460606990322
96,47.0,891.4989757215989
96,47.1,934.978448501712
96,47.2,860.6347127462312
96,47.300000000000004,893.6144383037839
96,47.400000000000006,932.8415677414766
96,47.5,867.2502193754184
96,47.6,919.8365834196727
96,47.7,916.4744180626717
96,47.800000000000004,916.527532244793
96,47.900000000000006,868.5377060918175
96,48.0,887.8013961382235
96,48.1,895.0205481324085
96,48.2,931.8922329776068
96,48.300000000000004,939.6174450705299
96,48.400000000000006,885.1292279139099
96,48.5,897.9403232738084
96,48.6,886.5040228822136
96,48.7,892.9213018164002
96,48.800000000000004,913.4496744868337
96,48.900000000000006,930.2715682571759
96,49.0,540.1338788550552
96,49.1,861.8729923288064
96,49.2,904.9136726592301
96,49.300000000000004,907.4785881155899
96,49.400000000000006,866.3785641152916
96,49.5,821.4874230880987
96,49.6,866.1090253678834
96,49.7,906.3101255413943
96,49.800000000000004,936.7345129864854
96,49.900000000000006,869.2440119735936
96,50.0,893.4946214099217
96,50.1,907.3521480477854
96,50.2,594.96311845668
96,50.300000000000004,750.8327472037028
96,50.400000000000006,856.0490974718753
96,50.5,909.9416455305393
96,50.6,943.6586882509865
96,50.7,827.1326899878225
96,50.800000000000004,823.3146418167426
96,50.900000000000006,922.8978881520737
96,51.0,906.854098719992
96,51.1,826.5883487145877
96,51.2,908.211810638311
96,51.300000000000004,917.8894034546913
96,51.400000000000006,917.8158414732601
96,51.5,933.734617831618
96,51.6,899.8651560740177
96,51.7,873.5408340010904
96,51.800000000000004,900.5521748575364
96,51.900000000000006,926.8374484666464
96,52.0,944.2096433312211
96,52.1,884.8815540655781
96,52.2,1047.7198303430562
96,52.300000000000004,932.5155833311035
96,52.400000000000006,882.0120007932348
96,52.5,1006.7394107311264
96,52.6,894.0656806113045
96,52.7,883.4295083770671
96,52.800000000000004,898.1721638866264
96,52.900000000000006,908.0089253239721
96,53.0,674.7905098977408
96,53.1,866.5043651406518
96,53.2,899.5403626532913
96,53.300000000000004,874.0261167982761
96,53.400000000000006,890.7162000694392
96,53.5,861.0797831744353
96,53.6,863.529905441033
96,53.7,913.8513076923093
96,53.800000000000004,903.6206226963151
96,53.900000000000006,920.5677292054951
96,54.0,926.1626958193176
96,54.1,907.1189331500645
96,54.2,888.7834611562014
96,54.300000000000004,899.2865501689594
96,54.400000000000006,907.1457950342938
96,54.5,853.0245412196942
96,54.6,877.2980116120924
96,54.7,899.7169005951052
96,54.800000000000004,863.6070824347269
96,54.900000000000006,894.197546061612
96,55.0,680.05295126828
96,55.1,613.098522103277
96,55.2,808.8181742192482
96,55.300000000000004,894.4850221004604
96,55.400000000000006,853.0558905874651
96,55.5,868.6769180521944
96,55.6,894.7765844770876
96,55.7,794.4663048666501
96,55.800000000000004,872.2748586565845
96,55.900000000000006,905.9227497997665
96,56.0,903.9073178408547
96,56.1,903.973809356962
96,56.2,923.5578516744412
96,56.300000000000004,917.0293597784838
96,56.400000000000006,870.9016976104355
96,56.5,841.0491347344547
96,56.6,865.2052954110876
96,56.7,864.6924827945331
96,56.800000000000004,887.4024617738721
96,56.900000000000006,789.2158189144751
96,57.0,857.0165494934712
96,57.1,910.6752891634411
96,57.2,868.2159141215244
96,57.300000000000004,770.9560036254177
96,57.400000000000006,880.7020226966728
96,57.5,831.8211795978449
96,57.6,606.2948619086402
96,57.7,799.10377108826
96,57.800000000000004,834.6570238623956
96,57.900000000000006,876.7094698707881
96,58.0,904.7620978926354
96,58.1,890.4600395832884
96,58.2,887.0127222043313
96,58.300000000000004,918.1999234960879
96,58.400000000000006,886.5067868657651
96,58.5,876.899434469419
96,58.6,884.3326446316652
96,58.7,892.1334622533946
96,58.800000000000004,920.9965616750619
96,58.900000000000006,919.1696154505531
96,59.0,895.0961541861235
96,59.1,900.3736691301808
96,59.2,910.2060095313421
96,59.300000000000004,913.163609847249
96,59.400000000000006,757.9858776669588
96,59.5,834.4845181599791
96,59.6,899.1558307152899
96,59.7,804.9872962449335
96,59.800000000000004,757.0163177713039
96,59.900000000000006,857.5925819133628
96,60.0,889.775246755781
96,60.1,661.5565549160548
96,60.2,793.9595646875657
96,60.300000000000004,887.5460060271943
96,60.400000000000006,883.6416370367186
96,60.5,833.3119298971227
96,60.6,840.6386648034176
96,60.7,879.6172133777144
96,60.800000000000004,838.013787931713
96,60.900000000000006,884.924845032542
96,61.0,890.090200007145
96,61.1,769.6362585918624
96,61.2,670.8326254494584
96,61.300000000000004,780.031813848789
96,61.400000000000006,802.6327899927311
96,61.5,824.988062970366
96,61.6,878.1795530954969
96,61.7,899.5647674799229
96,61.800000000000004,907.139218689501
96,61.900000000000006,902.7849537035178
96,62.0,821.0125567264296
96,62.1,869.9461597192035
96,62.2,867.7261959551282
96,62.300000000000004,860.6931548453194
96,62.400000000000006,862.718941975717
96,62.5,566.5381356673544
96,62.6,731.651797777119
96,62.7,880.3463156929777
96,62.800000000000004,873.4054676206854
96,62.900000000000006,874.2139286210095
96,63.0,890.9075530998817
96,63.1,838.1194506734756
96,63.2,865.1563470385491
96,63.300000000000004,849.6085608041514
96,63.400000000000006,864.7420683660839
96,63.5,888.4950012861032
96,63.6,879.5779333623971
96,63.7,861.8905708780785
96,63.800000000000004,819.306907409805
96,63.900000000000006,836.0331617852996
96,64.0,867.657199602272
96,64.10000000000001,810.6902302390483
96,64.2,835.3214646328624
96,64.3,627.1060349182563
96,64.4,778.3080365548499
96,64.5,915.1327187887966
96,64.60000000000001,896.5306460840302
96,64.7,902.002314305656
96,64.8,885.4102181299374
96,64.9,882.6976158414907
96,65.0,870.1497709426452
96,65.10000000000001,876.8029338146833
96,65.2,730.721095549666
96,65.3,787.8141497053628
96,65.4,703.2497563893696
96,65.5,775.5363026564357
96,65.60000000000001,888.2611117401523
96,65.7,914.0134797852163
96,65.8,918.2941534951292
96,65.9,892.6935739864839
96,66.0,864.0895082512025
96,66.10000000000001,870.7254326156301
96,66.2,716.6632956343099
96,66.3,796.4916960216411
96,66.4,890.4644183978804
96,66.5,903.1623308827033
96,66.60000000000001,918.0944879562412
96,66.7,914.5159980334381
96,66.8,909.6580824665366
96,66.9,888.4259242115326
96,67.0,877.9408520378068
96,67.10000000000001,888.8278084658166
96,67.2,895.5257820315031
96,67.3,741.791183944677
96,67.4,792.3562634877358
96,67.5,880.4748300522183
96,67.60000000000001,876.2775655094553
96,67.7,874.1077017654999
96,67.8,868.4351902319931
96,67.9,870.0692367610064
96,68.0,864.9515369883832
96,68.10000000000001,894.8779982809274
96,68.2,750.0676878937574
96,68.3,758.5286175427751
96,68.4,860.010481892052
96,68.5,740.7317030303464
96,68.60000000000001,795.6995906595662
96,68.7,895.1782590677509
96,68.8,879.5806427764608
96,68.9,877.9252698912599
96,69.0,872.366168389175
96,69.10000000000001,749.2453189018566
96,69.2,785.6304220645252
96,69.3,893.0854391292949
96,69.4,895.056851305358
96,69.5,884.0557451360941
96,69.60000000000001,897.5679966791514
96,69.7,913.484522639595
96,69.8,911.0282070179451
96,69.9,901.9742517240226
96,70.0,893.300714457467
96,70.10000000000001,903.3004132711395
96,70.2,890.4034681254484
96,70.3,881.1748703173263
96,70.4,895.2129143055816
96,70.5,891.4800187194301
96,70.60000000000001,895.424511179614
96,70.7,897.9535253971161
96,70.8,888.0465436599213
96,70.9,873.8989300160962
96,71.0,891.8758548178076
96,71.10000000000001,909.3259256753529
96,71.2,901.7835220406375
96,71.3,904.0954215078342
96,71.4,882.0686458841718
96,71.5,892.4451473859522
96,71.60000000000001,906.7750343506664
96,71.7,869.9387952764089
96,71.8,884.529272851789
96,71.9,906.6776819630642
96,72.0,915.5388302387836
96,72.10000000000001,929.4596302863592
96,72.2,912.6003865435144
96,72.3,909.4955235266842
96,72.4,907.0763151726233
96,72.5,898.6400480286619
96,72.60000000000001,897.8554510710634
96,72.7,712.2123595802755
96,72.8,706.3700024053971
96,72.9,883.5370494801278
96,73.0,796.010086410888
96,73.10000000000001,751.3174350234714
96,73.2,764.4660459077699
96,73.3,791.7544094045503
96,73.4,869.1106776293753
96,73.5,911.6472140388321
96,73.60000000000001,918.718804199957
96,73.7,919.6186937639795
96,73.8,908.2724691028117
96,73.9,887.7106054847201
96,74.0,876.2970455251188
96,74.10000000000001,885.6113023636091
96,74.2,896.3994417959076
96,74.3,893.6195664611764
96,74.4,885.3951079883062
96,74.5,878.2067839662749
96,74.60000000000001,690.3557033201834
96,74.7,658.6288480905328
96,74.8,909.2182963847628
96,74.9,900.3787762854398
96,75.0,915.0387662580807
96,75.10000000000001,908.8618856740623
96,75.2,908.0489157738918
96,75.3,900.6479514635382
96,75.4,896.6589528293416
96,75.5,808.4220563979611
96,75.60000000000001,716.2731580770894
96,75.7,844.03697014329
96,75.8,857.5823756139744
96,75.9,873.7863713828536
96,76.0,906.457887907227
96,76.10000000000001,915.9828148348413
96,76.2,912.774701777045
96,76.3,927.6044134957313
96,76.4,914.6477334503496
96,76.5,886.2287929321762
96,76.60000000000001,882.3137076086041
96,76.7,893.63064041237
96,76.80000000000001,890.1141965857491
96,76.9,879.9669773367783
96,77.0,858.5315012220512
96,77.10000000000001,864.6147452428288
96,77.2,878.2384923072516
96,77.30000000000001,872.9398160909566
96,77.4,807.2662937562764
96,77.5,663.6736893876881
96,77.60000000000001,894.7765625577973
96,77.7,884.353880990597
96,77.80000000000001,868.9787823184938
96,77.9,860.1314530003723
96,78.0,863.8377137476235
96,78.10000000000001,901.4159572878558
96,78.2,890.160894126476
96,78.30000000000001,905.8344538393665
96,78.4,913.5850259021055
96,78.5,896.4099818522435
96,78.60000000000001,876.6433415275612
96,78.7,821.2290202654265
96,78.80000000000001,701.3768990508404
96,78.9,787.1739778137306
96,79.0,911.762086413283
96,79.10000000000001,922.5921856680311
96,79.2,885.9029242453402
96,79.30000000000001,869.449168744263
96,79.4,858.5219573873528
96,79.5,871.2542051238079
96,79.60000000000001,867.1939041905064
96,79.7,886.8550381918822
96,79.80000000000001,894.34361240042
96,79.9,901.1641910435254
96,80.0,900.1681761724303
96,80.10000000000001,799.3909195768161
96,80.2,636.2110327225519
96,80.30000000000001,858.3974090881885
96,80.4,872.472168421553
96,80.5,877.6804018730484
96,80.60000000000001,907.6578235266921
96,80.7,886.813857687499
96,80.80000000000001,883.5278336714426
96,80.9,904.1848913603995
96,81.0,893.8613312590496
96,81.10000000000001,869.9422546656003
96,81.2,850.3088026775276
96,81.30000000000001,923.1716052801975
96,81.4,913.3550832738161
96,81.5,781.8905063046557
96,81.60000000000001,903.878757827055
96,81.7,881.3432388049239
96,81.80000000000001,839.1219998671235
96,81.9,858.2187935980286
96,82.0,893.1729680360955
96,82.10000000000001,904.9443892662041
96,82.2,883.9341668362014
96,82.30000000000001,889.5913696503891
96,82.4,885.7043844114651
96,82.5,886.7135031500247
96,82.60000000000001,896.1262358567799
96,82.7,860.6081221524113
96,82.80000000000001,860.5218866378425
96,82.9,792.2510033451401
96,83.0,909.8429620760999
96,83.10000000000001,890.0022917797936
96,83.2,725.1557930395197
96,83.30000000000001,534.4270878497339
96,83.4,892.8603207705103
96,83.5,899.8588890388692
96,83.60000000000001,866.3221735565992
96,83.7,858.4343478162482
96,83.80000000000001,865.7729679056762
96,83.9,884.1303263623104
96,84.0,916.5050184949101
96,84.10000000000001,855.4527596124441
96,84.2,848.3570728653734
96,84.30000000000001,825.7364426497995
96,84.4,909.4079774783611
96,84.5,1035.7954127797443
96,84.60000000000001,918.8022777022862
96,84.7,872.280339245234
96,84.80000000000001,857.5068366138837
96,84.9,863.9496025392693
96,85.0,903.7302851061606
96,85.10000000000001,904.5654933021599
96,85.2,901.7735297199941
96,85.30000000000001,834.7503736139932
96,85.4,616.705364570756
96,85.5,886.0146247712339
96,85.60000000000001,839.7648393455876
96,85.7,899.8810653409563
96,85.80000000000001,885.3113149672683
96,85.9,827.305425357586
96,86.0,797.5397834020152
96,86.10000000000001,597.832968450659
96,86.2,907.753381965982
96,86.30000000000001,867.087217670338
96,86.4,879.003640681493
96,86.5,470.40839280616615
96,86.60000000000001,841.7660777582687
96,86.7,648.3407791754373
96,86.80000000000001,714.601867442309
96,86.9,856.3572167398288
96,87.0,832.2916531465339
96,87.10000000000001,855.4360072455753
96,87.2,885.4946367178821
96,87.30000000000001,896.3185644111323
96,87.4,914.6606604719597
96,87.5,520.3092457144489
96,87.60000000000001,893.8841347151368
96,87.7,763.2468568984887
96,87.80000000000001,879.1822964098006
96,87.9,851.4868589680317
96,88.0,834.0994813700153
96,88.10000000000001,773.348404864636
96,88.2,932.8017043687078
96,88.30000000000001,904.4206229335712
96,88.4,924.4285433251086
96,88.5,1068.0806937763941
96,88.60000000000001,857.7314184710916
96,88.7,857.0154109958394
96,88.80000000000001,882.9415128240447
96,88.9,883.7443827620951
96,89.0,870.5591647233412
96,89.10000000000001,876.2936707455518
96,89.2,879.0464959256013
96,89.30000000000001,858.9246653599165
96,89.4,559.2603710319582
96,89.5,561.1996247379903
96,89.60000000000001,557.6320121933265
96,89.7,841.9621242417527
96,89.80000000000001,921.7012227946653
96,89.9,861.0059532908791
96,90.0,559.5130797917069
96,90.10000000000001,791.9746974641166
96,90.2,844.3044956573735
96,90.30000000000001,833.473357440481
96,90.4,881.5312761516368
96,90.5,917.7224744593528
96,90.60000000000001,701.8161378602664
96,90.7,836.074331936937
96,90.80000000000001,906.8785135191371
96,90.9,940.2366103076986
96,91.0,663.0064800697576
96,91.10000000000001,733.7325145768441
96,91.2,841.7579594392827
96,91.30000000000001,833.3816883714264
96,91.4,884.0509032547942
96,91.5,919.5072535790334
96,91.60000000000001,886.1464641605736
96,91.7,811.2812189214014
96,91.80000000000001,848.1424042004228
96,91.9,854.5469724719404
96,92.0,906.2237593154607
96,92.10000000000001,924.1675037099335
96,92.2,896.2590581424745
96,92.30000000000001,889.3498130267762
96,92.4,900.1952402546468
96,92.5,895.878267732049
96,92.60000000000001,656.2035850836869
96,92.7,829.089329347257
96,92.80000000000001,867.4580880806737
96,92.9,893.6628497415176
96,93.0,875.4622952987839
96,93.10000000000001,868.8110589636195
96,93.2,659.1389661091977
96,93.30000000000001,603.1351920582863
96,93.4,836.134414935736
96,93.5,904.2664993903294
96,93.60000000000001,903.2966763086066
96,93.7,897.693196756862
96,93.80000000000001,907.3576027546193
96,93.9,921.5685584245596
96,94.0,580.4550560131325
96,94.10000000000001,647.9899315258378
96,94.2,879.0882420440672
96,94.30000000000001,910.7609798899732
96,94.4,912.6651545563747
96,94.5,937.2508538650044
96,94.60000000000001,915.1835878543769
96,94.7,917.1404024352211
96,94.80000000000001,922.0092801027229
96,94.9,941.578727381098
96,95.0,921.5185901801028
96,95.10000000000001,850.1032736948605
96,95.2,785.5090894969771
96,95.30000000000001,851.8819379556253
96,95.4,881.4966344753781
96,95.5,881.7924558703338
96,95.60000000000001,877.0535326833096
96,95.7,851.619550553652
96,95.80000000000001,887.0713958010659
96,95.9,899.1452925110256
96,96.0,881.1555541856958
96,96.10000000000001,904.1495137765613
96,96.2,912.4032584625937
96,96.30000000000001,937.9003848050878
96,96.4,898.1252282203678
96,96.5,896.1041993478375
96,96.60000000000001,922.1983802172797
96,96.7,884.324478940759
96,96.80000000000001,881.3189689037995
96,96.9,905.8887127449734
96,97.0,858.8316062387485
96,97.10000000000001,894.3758587219937
96,97.2,903.7225032282959
96,97.30000000000001,612.7274392113312
96,97.4,783.3867815756164
96,97.5,929.8459698768773
96,97.60000000000001,911.0484670175738
96,97.7,901.5049535637969
96,97.80000000000001,915.4210848351898
96,97.9,888.8043928566128
96,98.0,910.0119176894343
96,98.10000000000001,914.8279287341064
96,98.2,892.4537360618434
96,98.30000000000001,864.3226828177337
96,98.4,864.1173829153494
96,98.5,833.5435312774285
96,98.60000000000001,864.1351820899492
96,98.7,853.1576204622315
96,98.80000000000001,850.1457548903111
96,98.9,868.4029436390025
96,99.0,919.0148519578298
96,99.10000000000001,948.4947924700339
96,99.2,894.4251660466865
96,99.30000000000001,715.2237164393048
96,99.4,719.5264217988581
96,99.5,839.6870530338582
96,99.60000000000001,895.0724955265991
96,99.7,890.2395699792265
96,99.80000000000001,871.821631051377
96,99.9,881.1554398027787
96,100.0,862.3280253733969
96,100.10000000000001,702.3446038214793
96,100.2,814.2882017424453
96,100.30000000000001,928.5392723842974
96,100.4,916.3343992926866
96,100.5,908.1092539413718
96,100.60000000000001,900.788083304295
96,100.7,921.4021848053166
96,100.80000000000001,678.5679490572338
96,100.9,721.4052366875934
96,101.0,862.1448794902032
96,101.10000000000001,912.3398117952519
96,101.2,913.0550527312735
96,101.30000000000001,904.5926518720771
96,101.4,712.0017115387324
96,101.5,724.3342238274373
96,101.60000000000001,830.7453231825416
96,101.7,736.2714473193647
96,101.80000000000001,724.9336959379599
96,101.9,721.9453364069925
96,102.0,806.8094710029088
96,102.10000000000001,810.7752972148057
96,102.2,799.3079801942621
96,102.30000000000001,841.3991385804356
96,102.4,884.628042213628
96,102.5,709.66565451587
96,102.60000000000001,650.4178467233214
96,102.7,791.9635424705727
96,102.80000000000001,857.8393608388026
96,102.9,618.6305455499486
96,103.0,670.3623265306122
96,103.10000000000001,847.0023830722491
96,103.2,881.9452524510893
96,103.30000000000001,823.0853882659903
96,103.4,833.5249075298042
96,103.5,655.8550754497181
96,103.60000000000001,736.106077732262
96,103.7,879.6238284218146
96,103.80000000000001,854.6984812062719
96,103.9,869.4458355070184
96,104.0,746.5230101014914
96,104.10000000000001,782.0646047610173
96,104.2,619.191716936581
96,104.30000000000001,656.8689454332861
96,104.4,777.1899796228168
96,104.5,667.9678368913249
96,104.60000000000001,742.8405995111071
96,104.7,776.6039080583615
96,104.80000000000001,827.0188888945087
96,104.9,876.1144727104436
96,105.0,874.8674005245829
96,105.10000000000001,904.1583946637389
96,105.2,855.6670311934573
96,105.30000000000001,831.9003190274441
96,105.4,794.247416824052
96,105.5,586.5209220708135
96,105.60000000000001,496.3918029328607
96,105.7,677.1695429968647
96,105.80000000000001,629.0054156990091
96,105.9,657.2058902742374
96,106.0,866.6990191905934
96,106.10000000000001,904.2878183939033
96,106.2,829.9780338502107
96,106.30000000000001,779.2097229679717
96,106.4,669.4527349952206
96,106.5,548.6416134904047
96,106.60000000000001,603.709720721381
96,106.7,579.8233202878189
96,106.80000000000001,691.0094823005991
96,106.9,825.0862953952376
96,107.0,762.8278527320667
96,107.10000000000001,559.1627775490396
96,107.2,548.6000713134399
96,107.30000000000001,917.5204807843108
96,107.4,1042.641267350026
96,107.5,977.7280340427458
96,107.60000000000001,912.6640075822711
96,107.7,844.1270274449996
96,107.80000000000001,690.9081845411727
96,107.9,628.7297768330893
96,108.0,801.1089240358572
96,108.10000000000001,910.2851208743585
96,108.2,914.387583303509
96,108.30000000000001,894.0426249297717
96,108.4,878.4336919318487
96,108.5,906.9703217328328
96,108.60000000000001,933.6840895217589
96,108.7,891.848378312769
96,108.80000000000001,716.9299679023802
96,108.9,647.095890521341
96,109.0,777.2563681101341
96,109.10000000000001,815.4472013841184
96,109.2,835.344948034462
96,109.30000000000001,894.032716083117
96,109.4,833.0536923035422
96,109.5,756.9108823703177
96,109.60000000000001,876.8367589870279
96,109.7,865.150047129232
96,109.80000000000001,859.6331388171654
96,109.9,860.991382402296
96,110.0,838.970933125972
96,110.10000000000001,736.4188948072335
96,110.2,604.7608666366569
96,110.30000000000001,752.4879328333184
96,110.4,794.8491628043756
96,110.5,638.7330953269782
96,110.60000000000001,513.8897289154932
96,110.7,611.9566731541017
96,110.80000000000001,870.9594573801882
96,110.9,764.9589498323965
96,111.0,670.1549386717095
96,111.10000000000001,795.125046265943
96,111.2,694.928743383313
96,111.30000000000001,808.5553995548111
96,111.4,822.730116197746
96,111.5,845.7219555328977
96,111.60000000000001,801.5667641046969
96,111.7,816.1990956011963
96,111.80000000000001,852.5355382237283
96,111.9,912.2269295332881
96,112.0,861.3682520147714
96,112.10000000000001,869.924583934398
96,112.2,715.314315724036
96,112.30000000000001,580.2546086414242
96,112.4,721.0151573539108
96,112.5,923.1643265351337
96,112.60000000000001,919.8003711411089
96,112.7,805.5938383685535
96,112.80000000000001,584.509960512768
96,112.9,770.115584064296
96,113.0,688.2187712938429
96,113.10000000000001,764.555289620729
96,113.2,522.9359507365626
96,113.30000000000001,659.9939722623506
96,113.4,820.2949165863639
96,113.5,670.5734568533844
96,113.60000000000001,938.4208903145249
96,113.7,893.6946560781817
96,113.80000000000001,898.7193260157914
96,113.9,791.6241325984316
96,114.0,451.65523894085936
96,114.10000000000001,914.0887594616968
96,114.2,826.7926988662441
96,114.30000000000001,851.9508720916305
96,114.4,874.6349764666928
96,114.5,883.3288779118379
96,114.60000000000001,890.0384739236239
96,114.7,772.7941053735773
96,114.80000000000001,848.6747089786925
96,114.9,697.5598148105241
96,115.0,898.5060246503284
96,115.10000000000001,810.646496525153
96,115.2,694.9797405600175
96,115.30000000000001,912.8214043500259
96,115.4,939.7300383621557
96,115.5,900.0860595282381
96,115.60000000000001,750.4137988183475
96,115.7,836.4118879437757
96,115.80000000000001,826.2209034067597
96,115.9,836.3119387469592
96,116.0,852.291195129331
96,116.10000000000001,897.3686000204564
96,116.2,869.3259729352769
96,116.30000000000001,930.1560533816105
96,116.4,812.7914506573595
96,116.5,897.8791428203864
96,116.60000000000001,801.6383206985937
96,116.7,784.0876944216336
96,116.80000000000001,927.3800659455367
96,116.9,693.1944086776974
96,117.0,732.9591305851831
96,117.10000000000001,636.3411695886782
96,117.2,738.8535402135517
96,117.30000000000001,566.7422379194484
96,117.4,890.0062560871783
96,117.5,518.8102217787003
96,117.60000000000001,514.964515080364
96,117.7,865.7654711751816
96,117.80000000000001,774.4327209625652
96,117.9,789.4699968979069
96,118.0,550.7306671907756
96,118.10000000000001,879.6129611205363
96,118.2,900.6859488384007
96,118.30000000000001,713.3926559110243
96,118.4,821.4269577605002
96,118.5,863.7124080891199
96,118.60000000000001,901.8833958711901
96,118.7,643.1841484706268
96,118.80000000000001,559.7487955574732
96,118.9,786.2738501551934
96,119.0,847.5535246890933
96,119.10000000000001,793.241350782572
96,119.2,756.0359201944119
96,119.30000000000001,692.328840547584
96,119.4,843.5582736311004
96,119.5,596.2941891096043
96,119.60000000000001,885.3978344243258
96,119.7,907.5973445290953
96,119.80000000000001,871.7969272268231
96,119.9,601.5106253380274
96,120.0,728.2481660491364
96,120.10000000000001,786.017976297906
96,120.2,565.40963956359
96,120.30000000000001,813.6684451788716
96,120.4,570.6927190525619
96,120.5,405.9920492287167
96,120.60000000000001,858.5407829882968
96,120.7,885.7186574073327
96,120.80000000000001,832.0588990080549
96,120.9,877.2282471622532
96,121.0,842.0241524089971
96,121.10000000000001,747.2739908407302
96,121.2,903.4194805264898
96,121.30000000000001,795.8865305942224
96,121.4,857.6426273201172
96,121.5,895.800325714136
96,121.60000000000001,891.0230485942028
96,121.7,734.8985467355255
96,121.80000000000001,525.0194682818166
96,121.9,897.4564857141042
96,122.0,910.8235644708762
96,122.10000000000001,926.3143364085281
96,122.2,883.9812451459085
96,122.30000000000001,774.3534790427078
96,122.4,930.6057886417575
96,122.5,824.8467688915572
96,122.60000000000001,903.5035885618796
96,122.7,578.640604472725
96,122.80000000000001,883.1986817315469
96,122.9,915.5200161156587
96,123.0,913.7757869885324
96,123.10000000000001,777.9994288762099
96,123.2,563.203803367074
96,123.30000000000001,829.3404501375364
96,123.4,588.8733925481567
96,123.5,815.6139196845704
96,123.60000000000001,572.0628048532634
96,123.7,825.9589468066287
96,123.80000000000001,625.1667890446251
96,123.9,884.0854102959289
96,124.0,888.9165305240475
96,124.10000000000001,889.1939871327254
96,124.2,858.1621235677793
96,124.30000000000001,576.320027690301
96,124.4,684.1360061572849
96,124.5,780.9147640470528
96,124.60000000000001,705.0733279870793
96,124.7,834.6226437277736
96,124.80000000000001,787.978267962693
96,124.9,905.1674697109828
96,125.0,734.1361749262663
96,125.10000000000001,615.1954698706052
96,125.2,880.6069770103584
96,125.30000000000001,909.6016013231398
96,125.4,780.9985508733049
96,125.5,855.6945825687745
96,125.60000000000001,855.4635735844641
96,125.7,891.5362737209751
96,125.80000000000001,810.5466005960255
96,125.9,452.4941929743339
96,126.0,822.4067701593125
96,126.10000000000001,867.3497497154311
96,126.2,848.3792953698824
96,126.30000000000001,869.6747559604714
96,126.4,770.2260579453744
96,126.5,809.8620744684906
96,126.60000000000001,775.7556790865001
96,126.7,846.1240695263351
96,126.80000000000001,610.7969557201098
96,126.9,870.2759530449846
96,127.0,934.6067567178011
96,127.10000000000001,926.1920730668329
96,127.2,800.3843651163635
96,127.30000000000001,834.263087257892
96,127.4,835.8377059560422
96,127.5,823.1746077777407
96,127.60000000000001,897.2064373316318
96,127.7,913.2418829020457
96,127.80000000000001,735.2287553406427
96,127.9,861.37138154115
96,128.0,616.7735427530191
96,128.1,835.4026986938061
96,128.20000000000002,856.4242641681145
96,128.3,821.2398049335262
96,128.4,546.2273162895992
96,128.5,519.9682120744653
96,128.6,777.0815546779386
96,128.70000000000002,801.741638530662
96,128.8,787.4901391520008
96,128.9,877.759219149944
96,129.0,872.4809407544886
96,129.1,520.3557282876644
96,129.20000000000002,778.534766191142
96,129.3,892.0502270945051
96,129.4,897.1163097607212
96,129.5,894.8616351622633
96,129.6,904.8511433253119
96,129.70000000000002,626.9540753448503
96,129.8,417.0423734829721
96,129.9,686.2981457515554
96,130.0,762.1937271063886
96,130.1,684.8823844360155
96,130.20000000000002,718.7877349839368
96,130.3,820.377645017188
96,130.4,856.3441559290056
96,130.5,825.9547462537273
96,130.6,721.2663421823783
96,130.70000000000002,792.5899137897367
96,130.8,881.3684430084639
96,130.9,860.4785673028438
96,131.0,868.6679916817136
96,131.1,885.6442180672855
96,131.20000000000002,844.6444381151425
96,131.3,844.2425747860633
96,131.4,696.3218153170335
96,131.5,791.5289444273718
96,131.6,644.8443269415599
96,131.70000000000002,388.18206957483545
96,131.8,685.8516854033489
96,131.9,856.1309281100868
96,132.0,807.5271011170909
96,132.1,854.0779468427103
96,132.20000000000002,738.4853678805954
96,132.3,801.9404186681654
96,132.4,893.0034405219892
96,132.5,692.4742172535329
96,132.6,657.7347634753621
96,132.70000000000002,693.0586555799633
96,132.8,817.9349482413821
96,132.9,763.5874066139935
96,133.0,684.0729982323443
96,133.1,613.4525697642565
96,133.20000000000002,589.2055943266129
96,133.3,528.8434134175883
96,133.4,773.3762104219246
96,133.5,653.0747953196314
96,133.6,607.7869088017608
96,133.70000000000002,762.5848163645836
96,133.8,874.957729935495
96,133.9,815.1477047610092
96,134.0,795.7921667560003
96,134.1,852.4158656499003
96,134.20000000000002,675.1965881980167
96,134.3,753.392100491768
96,134.4,849.9145129755454
96,134.5,921.1229272913223
96,134.6,911.9339845377604
96,134.70000000000002,849.4248789652316
96,134.8,620.24438921518
96,134.9,623.0268981560871
96,135.0,818.0209460934616
96,135.1,883.9830299842929
96,135.20000000000002,615.4729148466678
96,135.3,655.7579695778513
96,135.4,759.6159165658886
96,135.5,519.9480748971409
96,135.6,522.0010153319697
96,135.70000000000002,533.2662824432879
96,135.8,662.45465340339
96,135.9,872.9733235274558
96,136.0,908.2950477374725
96,136.1,916.4614873392381
96,136.20000000000002,667.2929778692793
96,136.3,694.847773884272
96,136.4,877.9430732349143
96,136.5,904.3860291561857
96,136.6,920.391723058621
96,136.70000000000002,862.932605399228
96,136.8,870.605287812696
96,136.9,933.3900628238061
96,137.0,904.7149837499464
96,137.1,888.6792141191493
96,137.20000000000002,910.9314195441883
96,137.3,878.0628533880464
96,137.4,868.3233296056509
96,137.5,900.0078850704922
96,137.6,918.0785681696683
96,137.70000000000002,891.0401997374538
96,137.8,896.1868729684282
96,137.9,902.6365354546666
96,138.0,909.2038439978847
96,138.1,825.5093125927341
96,138.20000000000002,847.3263250317724
96,138.3,921.5205132769748
96,138.4,918.739840833909
96,138.5,929.6153013012608
96,138.6,924.4115274930618
96,138.70000000000002,923.1200454398655
96,138.8,901.4570613882661
96,138.9,892.6651526980233
96,139.0,913.6370800224879
96,139.1,936.5712618543129
96,139.20000000000002,887.9369578410868
96,139.3,846.2715843277124
96,139.4,880.0384116477809
96,139.5,900.6411710098806
96,139.6,917.473077730636
96,139.70000000000002,916.29749718482
96,139.8,909.0578206518019
96,139.9,911.446971245438
96,140.0,918.9808632882384
96,140.1,926.6529308838666
96,140.20000000000002,926.1040223804869
96,140.3,903.1947976327167
96,140.4,874.0272411502613
96,140.5,885.1821197979107
96,140.6,922.6959015837601
96,140.70000000000002,909.3895967826027
96,140.8,869.7834949177494
96,140.9,887.8693261136142
96,141.0,727.4928567109994
96,141.1,712.8678020084529
96,141.20000000000002,914.5671617904969
96,141.3,907.4987550954282
96,141.4,880.6725154757885
96,141.5,875.155989022403
96,141.6,893.464363582312
96,141.70000000000002,905.2802022010596
96,141.8,897.904566305538
96,141.9,886.1901612076074
96,142.0,920.9789903900105
96,142.1,933.0265623363928
96,142.20000000000002,928.3452425943391
96,142.3,874.9018112829317
96,142.4,854.4085694867844
96,142.5,901.751358636068
96,142.6,728.253259133465
96,142.70000000000002,686.0821128065315
96,142.8,921.0418329729113
96,142.9,911.4701774006226
96,143.0,888.9731168425715
96,143.1,849.87476232166
96,143.20000000000002,788.7269817416151
96,143.3,854.0892295135096
96,143.4,839.708876749283
96,143.5,726.6876270879845
96,143.6,746.7885696114288
96,143.70000000000002,880.4363263179372
96,143.8,887.3498992771624
96,143.9,909.5452854100971
96,144.0,895.5715771459064
96,144.1,886.3727663035681
96,144.20000000000002,839.7709839888103
96,144.3,900.3658255228352
96,144.4,891.0075858162884
96,144.5,854.9532778566629
96,144.6,837.7978718067385
96,144.70000000000002,791.345584433236
96,144.8,583.1711132478248
96,144.9,692.191363539163
96,145.0,598.2199683167044
96,145.1,789.1541069271959
96,145.20000000000002,828.2837346166825
96,145.3,780.4965163851749
96,145.4,872.1552008762064
96,145.5,739.2354785955828
96,145.6,628.7353241933206
96,145.70000000000002,650.0445449408816
96,145.8,743.3909226858992
96,145.9,576.9839279644691
96,146.0,705.6050049765466
96,146.1,782.2659746043175
96,146.20000000000002,571.0858985607615
96,146.3,948.7672254048323
96,146.4,915.7522987142273
96,146.5,598.7694521778905
96,146.6,891.0803821921791
96,146.70000000000002,907.1672445898996
96,146.8,835.194744471931
96,146.9,846.5258968935044
96,147.0,682.4811547186532
96,147.1,851.9914411062315
96,147.20000000000002,819.0857928835945
96,147.3,779.9490763825296
96,147.4,469.10359949775386
96,147.5,522.2495253118418
96,147.6,477.2318141697025
96,147.70000000000002,822.5539077234945
96,147.8,746.2497018810503
96,147.9,556.4146122406936
96,148.0,577.2035602053579
96,148.1,792.0308337364257
96,148.20000000000002,603.6760742049339
96,148.3,803.751707848361
96,148.4,831.4516897170703
96,148.5,881.1638377552753
96,148.6,769.8324040624441
96,148.70000000000002,582.2692785720106
96,148.8,778.317805053589
96,148.9,840.0550230565993
96,149.0,846.3323696006937
96,149.1,786.4919328994415
96,149.20000000000002,583.0899395476374
96,149.3,845.8161200486022
96,149.4,852.7536394387433
96,149.5,898.8811943414922
96,149.6,910.7399468319618
96,149.70000000000002,918.8295120977501
96,149.8,882.1357498442959
96,149.9,773.0643280027475
96,150.0,887.8554591737065
96,150.1,845.3270700023818
96,150.20000000000002,808.9486894942197
96,150.3,647.7261333784646
96,150.4,832.352540418424
96,150.5,920.6127665659028
96,150.6,862.4004197688653
96,150.70000000000002,836.7242252512926
96,150.8,819.7897292218454
96,150.9,572.0980679217595
96,151.0,856.7737758809088
96,151.1,868.6928060200424
96,151.20000000000002,733.0565376088367
96,151.3,833.8853919284338
96,151.4,709.9910411661947
96,151.5,580.5043097388565
96,151.6,695.2147438946291
96,151.70000000000002,757.9203964512901
96,151.8,793.7937948884088
96,151.9,714.337728633177
96,152.0,895.5707013510017
96,152.1,809.4469315201839
96,152.20000000000002,549.372192182545
96,152.3,841.4379267747146
96,152.4,884.7149339235687
96,152.5,895.420609889406
96,152.6,896.0242450480342
96,152.70000000000002,819.3592288850537
96,152.8,863.794465599382
96,152.9,822.8354387486834
96,153.0,561.7145579766482
96,153.1,864.1767471360279
96,153.20000000000002,848.2661302842446
96,153.3,905.7939836102486
96,153.4,884.020450287925
96,153.5,901.0067339348125
96,153.60000000000002,749.8218115917567
96,153.70000000000002,692.8579244908804
96,153.8,884.637590067004
96,153.9,891.7988825975683
96,154.0,848.4141907894891
96,154.10000000000002,843.3761367547962
96,154.20000000000002,377.86685669702666
96,154.3,898.910515500954
96,154.4,435.1385311143252
96,154.5,920.252482236187
96,154.60000000000002,853.6827590186415
96,154.70000000000002,709.8700167998762
96,154.8,923.6831696775749
96,154.9,698.7228288345674
96,155.0,441.39477198073155
96,155.10000000000002,883.8465073097742
96,155.20000000000002,903.1030281559036
96,155.3,850.466127480283
96,155.4,864.3347439166405
96,155.5,654.6492294450056
96,155.60000000000002,898.8887137263612
96,155.70000000000002,487.23134906791216
96,155.8,871.6782266038199
96,155.9,346.9184921180403
96,156.0,427.32550723187745
96,156.10000000000002,844.4186132792768
96,156.20000000000002,869.128594323819
96,156.3,872.7043318869534
96,156.4,911.3096099275396
96,156.5,541.108059523526
96,156.60000000000002,859.6976687771352
96,156.70000000000002,702.9747613687678
96,156.8,875.8845733949447
96,156.9,922.233149930787
96,157.0,904.0373589858435
96,157.10000000000002,758.3003547023728
96,157.20000000000002,464.1908151186951
96,157.3,790.1593093277988
96,157.4,478.43130243314545
96,157.5,851.2463174102495
96,157.60000000000002,817.0542366768427
96,157.70000000000002,672.8177767024082
96,157.8,883.3887524134298
96,157.9,794.0129332732904
96,158.0,871.9500591778002
96,158.10000000000002,902.2594985010063
96,158.20000000000002,696.4429915433662
96,158.3,755.1210135238076
96,158.4,605.6803302283967
96,158.5,830.2798402585368
96,158.60000000000002,756.6071492307326
96,158.70000000000002,592.893704162459
96,158.8,834.6567213453887
96,158.9,706.4713182172903
96,159.0,756.8640543180464
96,159.10000000000002,874.5274995859795
96,159.20000000000002,872.1596663707766
96,159.3,654.2180241268279
96,159.4,648.0471876300473
96,159.5,730.246000914815
96,159.60000000000002,813.849762981306
96,159.70000000000002,895.245347625789
96,159.8,917.4485782532157
96,159.9,895.6751117917375
96,160.0,658.4414374115764
96,160.10000000000002,835.2330242384886
96,160.20000000000002,854.6694850297545
96,160.3,556.6090024971312
96,160.4,629.8272047964892
96,160.5,795.7965898456464
96,160.60000000000002,505.1189802276546
96,160.70000000000002,783.742213415802
96,160.8,724.438895250362
96,160.9,553.2911034097621
96,161.0,820.0463245244333
96,161.10000000000002,842.2834953092329
96,161.20000000000002,722.4965300552468
96,161.3,527.0008425087068
96,161.4,626.5609933849133
96,161.5,801.9007083395147
96,161.60000000000002,695.1155781569037
96,161.70000000000002,780.9051734426274
96,161.8,587.4643259971169
96,161.9,703.4268222780779
96,162.0,847.0089015730305
96,162.10000000000002,892.442800707034
96,162.20000000000002,889.5710983569354
96,162.3,904.0893457969333
96,162.4,832.5912070441873
96,162.5,632.7069101196404
96,162.60000000000002,730.4920874143655
96,162.70000000000002,851.8078949380765
96,162.8,904.6225227382544
96,162.9,766.4810007163909
96,163.0,849.7729422552812
96,163.10000000000002,704.6707889091767
96,163.20000000000002,742.2074617375075
96,163.3,843.7620469266549
96,163.4,871.8209182024135
96,163.5,860.6838633944905
96,163.60000000000002,909.5782797887537
96,163.70000000000002,877.8759671964373
96,163.8,876.6943293336824
96,163.9,859.5071330223946
96,164.0,898.8201110515506
96,164.10000000000002,889.0057802168997
96,164.20000000000002,887.2502680461018
96,164.3,887.24711518971
96,164.4,806.0903903131302
96,164.5,822.5737409352099
96,164.60000000000002,732.5796101582233
96,164.70000000000002,858.4450865316895
96,164.8,609.674902165322
96,164.9,745.4119757501749
96,165.0,883.2972894039672
96,165.10000000000002,790.0037343669638
96,165.20000000000002,781.7813732511353
96,165.3,873.8503928302695
96,165.4,907.5543179170261
96,165.5,788.6952673686593
96,165.60000000000002,619.5172037866718
96,165.70000000000002,760.5327555464063
96,165.8,752.618309291008
96,165.9,547.7742472686333
96,166.0,669.8510624721574
96,166.10000000000002,807.3622926875096
96,166.20000000000002,806.176710066891
96,166.3,837.8456003845647
96,166.4,843.8250326625408
96,166.5,688.6984800089444
96,166.60000000000002,798.1836789326505
96,166.70000000000002,653.9496560840057
96,166.8,573.8252056707291
96,166.9,761.7846231380599
96,167.0,686.1965835437851
96,167.10000000000002,658.1996455989963
96,167.20000000000002,707.3595354806936
96,167.3,812.4514145357775
96,167.4,874.7353661267806
96,167.5,833.1755786751542
96,167.60000000000002,686.7620328309406
96,167.70000000000002,709.8378767547707
96,167.8,586.2436977988144
96,167.9,472.221157744643
96,168.0,484.84700958143867
96,168.10000000000002,672.4542029224934
96,168.20000000000002,871.5767826650404
96,168.3,872.8454679917874
96,168.4,755.1698744347185
96,168.5,793.4455858829875
96,168.60000000000002,844.6647063344572
96,168.70000000000002,871.582356391957
96,168.8,853.269048803332
96,168.9,840.5778104909091
96,169.0,901.686305613261
96,169.10000000000002,793.8413161553958
96,169.20000000000002,787.1408683336236
96,169.3,608.719098861964
96,169.4,643.5825753383845
96,169.5,879.8102823295546
96,169.60000000000002,806.2559388319632
96,169.70000000000002,814.729260586677
96,169.8,734.4007659885734
96,169.9,704.5276956386214
96,170.0,876.9256092054794
96,170.10000000000002,812.7177477251851
96,170.20000000000002,752.2895344391109
96,170.3,851.3631205328913
96,170.4,936.043823875921
96,170.5,704.6071197141354
96,170.60000000000002,420.783914818591
96,170.70000000000002,552.7174682080982
96,170.8,603.5851183214745
96,170.9,602.7339728937474
96,171.0,715.45376500648
96,171.10000000000002,777.344367844234
96,171.20000000000002,845.3721931688073
96,171.3,831.7580015295113
96,171.4,859.831588179801
96,171.5,757.1961852544331
96,171.60000000000002,727.4247429849177
96,171.70000000000002,776.0047897446125
96,171.8,682.9757834126145
96,171.9,797.5741951099282
96,172.0,805.2665459520241
96,172.10000000000002,843.7203567368982
96,172.20000000000002,741.3738079668583
96,172.3,736.2466437693902
96,172.4,724.0703213501188
96,172.5,784.1328338971745
96,172.60000000000002,740.6599509934442
96,172.70000000000002,695.1747676144562
96,172.8,907.8013899400215
96,172.9,867.8143183593517
96,173.0,790.5039200078133
96,173.10000000000002,745.7065950199217
96,173.20000000000002,682.9977038787354
96,173.3,590.2462518437407
96,173.4,795.0979142020035
96,173.5,699.1812894518669
96,173.60000000000002,571.6641714615793
96,173.70000000000002,927.1917938538649
96,173.8,917.2202274132334
96,173.9,694.4374631161845
96,174.0,527.8879107944313
96,174.10000000000002,842.3881890263007
96,174.20000000000002,700.1312299213325
96,174.3,514.1039080446199
96,174.4,727.0503487703454
96,174.5,819.9025026957728
96,174.60000000000002,805.2040522604551
96,174.70000000000002,831.4261752270093
96,174.8,880.2472219946153
96,174.9,901.662392985756
96,175.0,759.7885607649848
96,175.10000000000002,544.3404653852143
96,175.20000000000002,660.512440122759
96,175.3,714.830089067723
96,175.4,706.4329145767165
96,175.5,934.5804512929745
96,175.60000000000002,943.1345212001158
96,175.70000000000002,940.2558153572976
96,175.8,908.5063966799576
96,175.9,882.6293766731143
96,176.0,657.6761011609294
96,176.10000000000002,493.7264213216816
96,176.20000000000002,549.2908230248694
96,176.3,812.0378924537441
96,176.4,911.587727723008
96,176.5,871.0969112767492
96,176.60000000000002,859.9629631119655
96,176.70000000000002,923.9845474227927
96,176.8,925.9557750324541
96,176.9,887.0422487625132
96,177.0,923.3006772883548
96,177.10000000000002,914.7932662056362
96,177.20000000000002,815.0431790548093
96,177.3,522.1971905690644
96,177.4,945.5301392213216
96,177.5,920.256886791262
96,177.60000000000002,825.4549480645244
96,177.70000000000002,647.0293244266035
96,177.8,928.2961969880956
96,177.9,880.8777680176013
96,178.0,812.8149419204761
96,178.10000000000002,948.6894037486463
96,178.20000000000002,881.8080645310819
96,178.3,912.2037979597094
96,178.4,956.4421699537614
96,178.5,928.7451142181981
96,178.60000000000002,913.8056222036146
96,178.70000000000002,945.4470709815032
96,178.8,881.9595393020476
96,178.9,821.048666877176
96,179.0,905.5419995930025
96,179.10000000000002,877.8113351966041
96,179.20000000000002,888.4088302233821
96,179.3,936.0323166791668
96,179.4,867.1723569687712
96,179.5,681.731141185718
96,179.60000000000002,905.4828060096155
96,179.70000000000002,912.9537937637948
96,179.8,903.7834969040044
96,179.9,909.7666548089786
96,180.0,923.4628266256967
96,180.10000000000002,874.2747948784644
96,180.20000000000002,807.4355160124148
96,180.3,940.2088959907251
96,180.4,886.4753787654953
96,180.5,919.5501491085553
96,180.60000000000002,922.3662827692268
96,180.70000000000002,915.2610626044059
96,180.8,970.3241239129678
96,180.9,944.1172910947313
96,181.0,934.1607614568541
96,181.10000000000002,891.130389736979
96,181.20000000000002,575.0353023273635
96,181.3,825.9730054716147
96,181.4,516.2695281975157
96,181.5,901.5447120090205
96,181.60000000000002,397.1862298472972
96,181.70000000000002,908.4536390953284
96,181.8,935.5747922398482
96,181.9,876.6176258643384
96,182.0,911.9747465026644
96,182.10000000000002,891.0007947460213
96,182.20000000000002,881.3386302585243
96,182.3,407.21404763585883
96,182.4,911.4445784173901
96,182.5,914.18441647727
96,182.60000000000002,622.3284158443653
96,182.70000000000002,797.1650280390984
96,182.8,804.8892924887958
96,182.9,937.0154211613839
96,183.0,917.7468275603717
96,183.10000000000002,911.8835130959648
96,183.20000000000002,954.0922319616641
96,183.3,788.8972987632322
96,183.4,905.843414979816
96,183.5,942.7627824148608
96,183.60000000000002,916.0558595986519
96,183.70000000000002,554.8102702129568
96,183.8,890.0911992429384
96,183.9,856.2698878756453
96,184.0,951.2155030456587
96,184.10000000000002,941.2129482248711
96,184.20000000000002,901.3160878510749
96,184.3,931.3721892349582
96,184.4,915.6105219334383
96,184.5,944.1610949427243
96,184.60000000000002,925.7319340435218
96,184.70000000000002,827.4265842186217
96,184.8,858.6829764424708
96,184.9,934.7371197690169
96,185.0,958.999739672195
96,185.10000000000002,903.8085916728277
96,185.20000000000002,957.954920072861
96,185.3,907.0906032651307
96,185.4,929.0892522879597
96,185.5,939.8739491473024
96,185.60000000000002,875.1778231444732
96,185.70000000000002,947.215997888768
96,185.8,939.3786656111663
96,185.9,885.8942820130355
96,186.0,938.4106201249741
96,186.10000000000002,946.4810847341864
96,186.20000000000002,882.5298475846998
96,186.3,878.9765865932093
96,186.4,899.8328604242416
96,186.5,946.0382145411318
96,186.60000000000002,903.8559673915563
96,186.70000000000002,713.3714841018971
96,186.8,902.7739054783178
96,186.9,929.0412538813001
96,187.0,934.6096309381237
96,187.10000000000002,953.0490486564051
96,187.20000000000002,880.791341278643
96,187.3,945.1594136352371
96,187.4,939.0707521979714
96,187.5,569.6763142949031
96,187.60000000000002,813.1098354025632
96,187.70000000000002,884.9177296799128
96,187.8,938.3999592247657
96,187.9,904.6899060697276
96,188.0,804.5148314539296
96,188.10000000000002,570.7914815167755
96,188.20000000000002,797.2101179173848
96,188.3,905.5314258407835
96,188.4,918.936535843799
96,188.5,921.7555879500511
96,188.60000000000002,734.7128485995298
96,188.70000000000002,921.786872256442
96,188.8,906.0764327186106
96,188.9,928.9289165695523
96,189.0,932.3424667136752
96,189.10000000000002,949.9934172172356
96,189.20000000000002,890.6147375733276
96,189.3,919.8486226296575
96,189.4,879.8970270757471
96,189.5,756.3972283857535
96,189.60000000000002,903.3246269011968
96,189.70000000000002,910.6083932767385
96,189.8,942.0529736583097
96,189.9,927.8408912060855
96,190.0,918.5494924125117
96,190.10000000000002,549.5919364683286
96,190.20000000000002,854.4640445586631
96,190.3,963.3251569309087
96,190.4,830.2793728624731
96,190.5,899.7763965633711
96,190.60000000000002,943.2094389896829
96,190.70000000000002,955.1884409540515
96,190.8,692.5531619563349
96,190.9,880.0401236007486
96,191.0,936.0369568900436
96,191.10000000000002,905.5404043471133
96,191.20000000000002,938.0799247216311
96,191.3,955.3171583599186
96,191.4,902.4906209948447
96,191.5,958.6316934904054
96,191.60000000000002,920.8175647595093
96,191.70000000000002,927.68764534744
96,191.8,965.7758184233953
96,191.9,958.6905150357825
96,192.0,954.0584867322411
96,192.10000000000002,919.687240154232
96,192.20000000000002,927.4789985633264
96,192.3,945.8741632928842
96,192.4,891.8224428172354
96,192.5,860.9830918182598
96,192.60000000000002,906.8656828496399
96,192.70000000000002,889.3834185594012
96,192.8,894.3874935900077
96,192.9,874.2106048338395
96,193.0,950.6287852854776
96,193.10000000000002,938.6647669031881
96,193.20000000000002,696.0365558344012
96,193.3,884.779609869324
96,193.4,637.7272777315095
96,193.5,830.261426772275
96,193.60000000000002,645.4566685897506
96,193.70000000000002,852.3846521728228
96,193.8,927.9400562135617
96,193.9,963.0055628501914
96,194.0,911.5560061974915
96,194.10000000000002,954.6290337455273
96,194.20000000000002,913.8234275532201
96,194.3,884.8304475002492
96,194.4,908.5910999149893
128,0.0,981.356
128,0.1,634.4598648015129
128,0.2,689.3937367782962
128,0.30000000000000004,821.635725199584
128,0.4,551.6843170679665
128,0.5,282.4959467014989
128,0.6000000000000001,212.70932687309642
128,0.7000000000000001,211.751184752099
128,0.8,210.5503915169984
128,0.9,389.7693804028611
128,1.0,666.0233494467052
128,1.1,806.0424664700239
128,1.2000000000000002,841.4566645914397
128,1.3,821.917150760142
128,1.4000000000000001,810.9276281632946
128,1.5,572.9164551312592
128,1.6,694.1645009613535
128,1.7000000000000002,882.5907355701723
128,1.8,731.0547328738052
128,1.9000000000000001,775.5520973392164
128,2.0,832.5686060162091
128,2.1,843.2280837775003
128,2.2,778.6793459382018
128,2.3000000000000003,798.4675747224542
128,2.4000000000000004,794.8421874742398
128,2.5,766.4189233535408
128,2.6,809.19581717659
128,2.7,834.1033245110345
128,2.8000000000000003,818.9312797419243
128,2.9000000000000004,802.1662039061478
128,3.0,837.1410893427569
128,3.1,848.9784259879038
128,3.2,848.1133551715927
128,3.3000000000000003,850.6655392733358
128,3.4000000000000004,626.0849395198456
128,3.5,640.8878854340622
128,3.6,808.9328770086745
128,3.7,605.659585591766
128,3.8000000000000003,549.9290263323905
128,3.9000000000000004,758.8964383150459
128,4.0,812.2656731169579
128,4.1000000000000005,590.5193017778554
128,4.2,676.6405956931494
128,4.3,774.8902604635874
128,4.4,749.2552700693784
128,4.5,818.2173255866587
128,4.6000000000000005,886.2055151102105
128,4.7,894.7720313758417
128,4.800000000000001,842.7353189773303
128,4.9,680.4657833622695
128,5.0,645.4410851607292
128,5.1000000000000005,755.7230582829027
128,5.2,812.4440590006479
128,5.300000000000001,818.2932409609391
128,5.4,801.5712936640927
128,5.5,603.8302281967776
128,5.6000000000000005,637.3045118978316
128,5.7,827.6105487874212
128,5.800000000000001,853.9202596625626
128,5.9,878.0225965196797
128,6.0,823.1810616531359
128,6.1000000000000005,818.9682313960641
128,6.2,834.6916363620974
128,6.300000000000001,774.3735302933269
128,6.4,808.1286466136327
128,6.5,855.8489885768681
128,6.6000000000000005,859.2751276491736
128,6.7,873.7106300018183
128,6.800000000000001,875.2104986997086
128,6.9,847.3014424251373
128,7.0,797.6090669541755
128,7.1000000000000005,735.8143270989871
128,7.2,644.0315173213451
128,7.300000000000001,711.8292661657235
128,7.4,831.2461734544518
128,7.5,838.1783573172504
128,7.6000000000000005,663.7521923063244
128,7.7,607.7901768762916
128,7.800000000000001,779.8974927673924
128,7.9,698.4515410147083
128,8.0,684.4583953914986
128,8.1,787.6188303999994
128,8.200000000000001,874.1499000602582
128,8.3,853.8966268472171
128,8.4,832.9527944129367
128,8.5,701.6256814438025
128,8.6,698.3390963686168
128,8.700000000000001,817.5602715458567
128,8.8,771.5877281736437
128,8.9,802.7685942633065
128,9.0,782.6839343373236
128,9.1,786.3092216894923
128,9.200000000000001,796.161085307067
128,9.3,820.017502118719
128,9.4,861.1334752536493
128,9.5,758.5342443746108
128,9.600000000000001,662.466331754619
128,9.700000000000001,737.3544180373195
128,9.8,729.722870645317
128,9.9,715.359242570678
128,10.0,662.9547610652985
128,10.100000000000001,713.683542125672
128,10.200000000000001,643.8078844234503
128,10.3,844.8771726647649
128,10.4,857.959574236566
128,10.5,833.3621228544134
128,10.600000000000001,847.6639569225794
128,10.700000000000001,875.160690429832
128,10.8,865.7141056361008
128,10.9,739.3821085138508
128,11.0,660.5069519890228
128,11.100000000000001,866.9593246033635
128,11.200000000000001,866.1542257435273
128,11.3,872.0688669497865
128,11.4,752.876408041737
128,11.5,686.021649456321
128,11.600000000000001,883.719119615606
128,11.700000000000001,832.1370491985132
128,11.8,805.5013856398953
128,11.9,738.8972517986283
128,12.0,625.7727034485827
128,12.100000000000001,759.1632196965204
128,12.200000000000001,638.1410099607281
128,12.3,901.5183055517704
128,12.4,906.5539265389554
128,12.5,753.4571081769935
128,12.600000000000001,616.9005710553083
128,12.700000000000001,895.3212945246628
128,12.8,736.0543171747597
128,12.9,595.0844915991486
128,13.0,728.345398661044
128,13.100000000000001,545.4700000957852
128,13.200000000000001,851.769464026188
128,13.3,901.8330530559168
128,13.4,899.9637460066372
128,13.5,874.4717486147704
128,13.600000000000001,778.0885081315175
128,13.700000000000001,684.6960971810165
128,13.8,785.2191014347181
128,13.9,772.6273601417857
128,14.0,645.6667060499442
128,14.100000000000001,577.9623859281627
128,14.200000000000001,844.786084695614
128,14.3,718.5605231139283
128,14.4,604.4039485525991
128,14.5,706.043638086434
128,14.600000000000001,757.3175072051175
128,14.700000000000001,756.225472407298
128,14.8,700.9196992159374
128,14.9,822.4824262947332
128,15.0,638.2385441616908
128,15.100000000000001,604.539729998245
128,15.200000000000001,755.1745079354163
128,15.3,660.7089313749705
128,15.4,862.6774249765933
128,15.5,861.3767995807477
128,15.600000000000001,781.8963565609089
128,15.700000000000001,601.7059160434147
128,15.8,767.7629353153889
128,15.9,752.3917401705768
128,16.0,636.3323956045266
128,16.1,832.6346819800775
128,16.2,735.2384553073439
128,16.3,650.4044387301051
128,16.400000000000002,887.7291910970907
128,16.5,855.4563707874804
128,16.6,832.8188205221786
128,16.7,795.7668409793487
128,16.8,781.2108861480478
128,16.900000000000002,848.4387460057034
128,17.0,846.4023179926485
128,17.1,740.0519268381794
128,17.2,748.0633646592466
128,17.3,713.5114451730923
128,17.400000000000002,614.0060370153741
128,17.5,847.6073844790371
128,17.6,708.5854266759756
128,17.7,730.1003126728839
128,17.8,570.9988923484542
128,17.900000000000002,818.5370433738461
128,18.0,877.7583636796836
128,18.1,834.4255797150968
128,18.2,852.3945132749217
128,18.3,865.1678054455552
128,18.400000000000002,884.4566871843939
128,18.5,882.4044942172113
128,18.6,828.6306900611746
128,18.7,882.8143908127208
128,18.8,866.2510682634895
128,18.900000000000002,743.8406223592772
128,19.0,596.1152263832707
128,19.1,884.8290242486617
128,19.200000000000003,865.1552076169122
128,19.3,790.7518141139311
128,19.400000000000002,786.175929489063
128,19.5,664.0559277999066
128,19.6,879.9775510421603
128,19.700000000000003,804.8997559465497
128,19.8,445.9829606491372
128,19.900000000000002,450.1357896005765
128,20.0,700.1445763794086
128,20.1,793.8850337005243
128,20.200000000000003,458.17186849913566
128,20.3,837.0695584140951
128,20.400000000000002,809.9643269742995
128,20.5,701.4349268033525
128,20.6,816.4622100785939
128,20.700000000000003,911.4090599877535
128,20.8,874.7795171928752
128,20.900000000000002,856.9617306273443
128,21.0,830.2269269604164
128,21.1,804.2546239462536
128,21.200000000000003,872.1232799591169
128,21.3,798.4110055730638
128,21.400000000000002,812.3382755742241
128,21.5,820.3726108094469
128,21.6,446.41723106188624
128,21.700000000000003,389.01185096271166
128,21.8,620.11892024575
128,21.900000000000002,790.4535885539481
128,22.0,648.8175579342088
128,22.1,657.1075209031263
128,22.200000000000003,365.8380058063159
128,22.3,667.6693399625601
128,22.400000000000002,878.2757159543723
128,22.5,991.7295383420529
128,22.6,903.7006172498553
128,22.700000000000003,785.3759936329143
128,22.8,816.9751980432607
128,22.900000000000002,813.6335369882097
128,23.0,920.070661124214
128,23.1,892.9318915880816
128,23.200000000000003,906.6860753093392
128,23.3,806.8333033895025
128,23.400000000000002,683.8549398889588
128,23.5,833.8299938892343
128,23.6,770.1236299755114
128,23.700000000000003,894.631346425695
128,23.8,878.8564945139718
128,23.900000000000002,826.4177599807566
128,24.0,849.9656871931217
128,24.1,738.7326861680081
128,24.200000000000003,900.3793210607919
128,24.3,845.505510852518
128,24.400000000000002,625.981863471821
128,24.5,406.77665402656186
128,24.6,523.6577647823424
128,24.700000000000003,441.7310198254151
128,24.8,728.720069740763
128,24.900000000000002,609.2600357607256
128,25.0,496.13787940218543
128,25.1,853.4495874343855
128,25.200000000000003,671.8006721951515
128,25.3,866.7191823839963
128,25.400000000000002,872.0361447014735
128,25.5,891.3139493644351
128,25.6,532.0602541390592
128,25.700000000000003,646.3798874868411
128,25.8,805.0898128301898
128,25.900000000000002,867.1680172638503
128,26.0,899.2906484856859
128,26.1,765.9962736935743
128,26.200000000000003,743.7550077734006
128,26.3,591.4120662431033
128,26.400000000000002,849.2056119906961
128,26.5,825.2692968715008
128,26.6,881.2466370617951
128,26.700000000000003,775.2756931491091
128,26.8,853.0221492346047
128,26.900000000000002,748.4005772430327
128,27.0,865.6805779849733
128,27.1,776.7200155538868
128,27.200000000000003,942.3823573594516
128,27.3,512.9313197065715
128,27.400000000000002,625.9900363250031
128,27.5,387.5561423793097
128,27.6,744.1186596580482
128,27.700000000000003,808.6595851148702
128,27.8,649.9213645683158
128,27.900000000000002,843.651280939851
128,28.0,558.0110362645295
128,28.1,831.5893503849326
128,28.200000000000003,543.5453579555266
128,28.3,777.9752630257088
128,28.400000000000002,869.2288374322849
128,28.5,844.4792352753673
128,28.6,533.7870095809583
128,28.700000000000003,649.7400485157768
128,28.8,842.9312582909799
128,28.900000000000002,731.6408593526096
128,29.0,847.4935344081821
128,29.1,908.7062673747364
128,29.200000000000003,755.6176225357697
128,29.3,848.4255282819008
128,29.400000000000002,606.0640648040243
128,29.5,712.506100015007
128,29.6,786.8582856769196
128,29.700000000000003,716.1725987849682
128,29.8,840.4910338353794
128,29.900000000000002,696.6400244677767
128,30.0,861.0003361031635
128,30.1,859.7694412047222
128,30.200000000000003,781.0268850606071
128,30.3,714.8788730733307
128,30.400000000000002,761.7884250574147
128,30.5,833.5136714838083
128,30.6,829.1370246569284
128,30.700000000000003,499.3163999909358
128,30.8,726.7804545998642
128,30.900000000000002,780.902548263744
128,31.0,866.7854088941707
128,31.1,597.5712333333285
128,31.200000000000003,826.6876238265854
128,31.3,843.7458899900894
128,31.400000000000002,882.3315936638941
128,31.5,842.8797828707563
128,31.6,893.5279870133036
128,31.700000000000003,582.2927932619272
128,31.8,531.7327845261124
128,31.900000000000002,751.2997153417792
128,32.0,822.1856570021151
128,32.1,776.0197581501272
128,32.2,820.9170202170764
128,32.300000000000004,872.5042681577494
128,32.4,505.7107704322659
128,32.5,811.2760217294457
128,32.6,871.3534249796295
128,32.7,866.3081246746378
128,32.800000000000004,531.4086735288548
128,32.9,777.394432359151
128,33.0,785.7871146802869
128,33.1,757.9437792598892
128,33.2,883.9008413857883
128,33.300000000000004,905.2768011548901
128,33.4,873.7325113958681
128,33.5,899.6341811164872
128,33.6,849.4323142756411
128,33.7,853.1586596429338
128,33.800000000000004,497.63706866306234
128,33.9,743.9751398792969
128,34.0,854.8646417570208
128,34.1,892.7510640765834
128,34.2,879.2044311305507
128,34.300000000000004,796.2481812016252
128,34.4,850.6156094929353
128,34.5,753.0538348869952
128,34.6,806.360301990779
128,34.7,832.9180437196821
128,34.800000000000004,870.4694459155934
128,34.9,887.3929010032697
128,35.0,885.1875060272249
128,35.1,859.5408744709182
128,35.2,820.8922244175425
128,35.300000000000004,719.63061890066
128,35.4,812.5078751499248
128,35.5,878.4854494514992
128,35.6,577.755445307917
128,35.7,737.2966684030326
128,35.800000000000004,888.8081767157313
128,35.9,651.578027861062
128,36.0,787.6157597440179
128,36.1,617.4541786588404
128,36.2,736.0178452428244
128,36.300000000000004,841.6191627017216
128,36.4,837.5193522340413
128,36.5,883.6414745773209
128,36.6,894.4702684890583
128,36.7,837.2891650105397
128,36.800000000000004,703.3601865043182
128,36.9,825.1050763782905
128,37.0,865.8881198548629
128,37.1,876.9331975585009
128,37.2,645.1809934594452
128,37.300000000000004,676.8336446623625
128,37.4,820.605091500914
128,37.5,817.773351865085
128,37.6,669.0592514200389
128,37.7,614.1587119678676
128,37.800000000000004,799.1641988516546
128,37.9,853.8892522966393
128,38.0,860.3858788309064
128,38.1,843.3185726321497
128,38.2,849.6543704867288
128,38.300000000000004,915.8785128469772
128,38.400000000000006,905.4272861839314
128,38.5,608.2603919490567
128,38.6,661.7358326647592
128,38.7,867.1076316645647
128,38.800000000000004,845.6503453141189
128,38.900000000000006,869.9381422239857
128,39.0,912.81507382173
128,39.1,870.9539952419627
128,39.2,767.4607574428425
128,39.300000000000004,517.568081004031
128,39.400000000000006,684.4619125750734
128,39.5,889.1471916839758
128,39.6,852.3158326214972
128,39.7,802.0664520859924
128,39.800000000000004,827.3051026537184
128,39.900000000000006,822.7176932514367
128,40.0,712.0661877394087
128,40.1,792.1959304436317
128,40.2,879.0168700830664
128,40.300000000000004,898.1266062600382
128,40.400000000000006,862.8275479318394
128,40.5,869.7137227028882
128,40.6,854.7207838976556
128,40.7,835.6200916810767
128,40.800000000000004,898.84980359922
128,40.900000000000006,916.5255960062211
128,41.0,847.7371851343294
128,41.1,859.8206403192353
128,41.2,886.3505112521661
128,41.300000000000004,837.2598771649697
128,41.400000000000006,820.8868301564154
128,41.5,857.0913550549548
128,41.6,972.6131180563913
128,41.7,971.2447495925231
128,41.800000000000004,864.7098551785234
128,41.900000000000006,822.4787196708559
128,42.0,837.0256875823585
128,42.1,747.9187029133628
128,42.2,774.4554324669533
128,42.300000000000004,895.8216514952504
128,42.400000000000006,876.3457488364552
128,42.5,867.0792573028144
128,42.6,874.5193217810408
128,42.7,883.0747721080319
128,42.800000000000004,875.5733834271574
128,42.900000000000006,832.9645627836352
128,43.0,847.8840222777346
128,43.1,906.0001460966942
128,43.2,892.8515427392525
128,43.300000000000004,894.3235723916182
128,43.400000000000006,763.3325231264565
128,43.5,701.9659405725131
128,43.6,755.1903536452315
128,43.7,787.224300015696
128,43.800000000000004,870.1149923016817
128,43.900000000000006,878.518684133214
128,44.0,900.4459313891043
128,44.1,870.5872246234173
128,44.2,876.5782452491987
128,44.300000000000004,757.2208933148071
128,44.400000000000006,497.43004023816366
128,44.5,626.7375276242567
128,44.6,850.644338236576
128,44.7,852.5323407888791
128,44.800000000000004,881.8858740526168
128,44.900000000000006,907.5735629640224
128,45.0,876.0604987520048
128,45.1,877.0481487967548
128,45.2,798.7172515289458
128,45.300000000000004,679.8069730441559
128,45.400000000000006,817.0572474469087
128,45.5,892.4592924448531
128,45.6,901.5620563307432
128,45.7,924.8517454311757
128,45.800000000000004,766.3513349641064
128,45.900000000000006,716.8905567367173
128,46.0,856.4904609823183
128,46.1,877.8098243105719
128,46.2,827.565380214445
128,46.300000000000004,814.0276299440928
128,46.400000000000006,893.4767264865214
128,46.5,875.8667925425133
128,46.6,855.4464644439993
128,46.7,863.103777152519
128,46.800000000000004,887.1962744918324
128,46.900000000000006,888.2837392285426
128,47.0,906.8611737124777
128,47.1,884.0799060621861
128,47.2,856.2220615971723
128,47.300000000000004,876.0659819381654
128,47.400000000000006,887.3384577985732
128,47.5,770.4295588651502
128,47.6,719.466068052823
128,47.7,893.0906486948664
128,47.800000000000004,721.9873397170973
128,47.900000000000006,631.0314843177458
128,48.0,890.2512761933805
128,48.1,758.3032058492341
128,48.2,703.7216650102155
128,48.300000000000004,862.1615513151851
128,48.400000000000006,775.0925765232533
128,48.5,714.4647652227977
128,48.6,765.4280866622632
128,48.7,669.7393307781605
128,48.800000000000004,622.2773326377844
128,48.900000000000006,596.3219932804906
128,49.0,892.8046469523249
128,49.1,830.7026735865265
128,49.2,820.6970227672932
128,49.300000000000004,829.2680878248209
128,49.400000000000006,743.5169929123749
128,49.5,671.1232780564726
128,49.6,393.2748989127275
128,49.7,544.2698404013056
128,49.800000000000004,852.1252102253269
128,49.900000000000006,905.7286135088599
128,50.0,810.9098099024902
128,50.1,624.3713087519607
128,50.2,687.4098106886067
128,50.300000000000004,857.5606431869799
128,50.400000000000006,845.2357547871801
128,50.5,877.5292857567373
128,50.6,672.4720432907665
128,50.7,542.5867394750854
128,50.800000000000004,719.4821365410265
128,50.900000000000006,735.2525964058682
128,51.0,871.3820128114133
128,51.1,871.883344177438
128,51.2,789.1519232457913
128,51.300000000000004,687.6340676360641
128,51.400000000000006,737.0271549129176
128,51.5,427.65734932388006
128,51.6,523.0612744464622
128,51.7,625.4111686806401
128,51.800000000000004,667.9164517435381
128,51.900000000000006,550.9186209254024
128,52.0,608.1145521566068
128,52.1,566.8838235773726
128,52.2,832.9203260531636
128,52.300000000000004,883.0510025091091
128,52.400000000000006,874.7183416934276
128,52.5,872.9272742273248
128,52.6,891.6222381603548
128,52.7,849.8282410040398
128,52.800000000000004,744.3468392147686
128,52.900000000000006,674.219262073798
128,53.0,798.5181772211607
128,53.1,669.8590000343042
128,53.2,856.3053163956893
128,53.300000000000004,909.7265252011948
128,53.400000000000006,819.1871661901905
128,53.5,713.919465371348
128,53.6,878.3479974770427
128,53.7,803.9111376475317
128,53.800000000000004,861.6922031190829
128,53.900000000000006,830.8210283583383
128,54.0,759.1721891931169
128,54.1,871.2083135378841
128,54.2,806.9003001192258
128,54.300000000000004,673.3058126658292
128,54.400000000000006,730.7410338585228
128,54.5,526.4508998492544
128,54.6,735.0362150444245
128,54.7,601.8201581688338
128,54.800000000000004,891.8898515892154
128,54.900000000000006,905.2802419975549
128,55.0,904.8185777640136
128,55.1,920.1750499080374
128,55.2,876.3260998301465
128,55.300000000000004,939.9023703151673
128,55.400000000000006,848.3124070517673
128,55.5,663.9900302854147
128,55.6,787.321591677289
128,55.7,792.7674352734163
128,55.800000000000004,695.4772274362547
128,55.900000000000006,826.9275697856883
128,56.0,752.0072764386081
128,56.1,695.2236589203969
128,56.2,805.3673845516666
128,56.300000000000004,744.9165468515797
128,56.400000000000006,816.1014361226372
128,56.5,939.5035002919593
128,56.6,874.3968025749583
128,56.7,678.9207353404126
128,56.800000000000004,667.046928290347
128,56.900000000000006,854.7432322017755
128,57.0,831.9020517834895
128,57.1,939.2254682289727
128,57.2,758.2650219615389
128,57.300000000000004,471.15930054312093
128,57.400000000000006,787.7621429896774
128,57.5,827.503183494107
128,57.6,757.4927242645281
128,57.7,523.62563168782
128,57.800000000000004,826.0051258128935
128,57.900000000000006,916.1149236594354
128,58.0,923.7294625062123
128,58.1,926.4389387081984
128,58.2,699.8376387901365
128,58.300000000000004,632.609814743817
128,58.400000000000006,905.8981354682534
128,58.5,881.5117825718314
128,58.6,839.0354421617693
128,58.7,568.6488776095487
128,58.800000000000004,917.6476633190115
128,58.900000000000006,899.2900744428954
128,59.0,897.1277858589276
128,59.1,972.5721029884289
128,59.2,799.9323411711114
128,59.300000000000004,643.5585497484686
128,59.400000000000006,889.5936330357637
128,59.5,709.5942720305537
128,59.6,915.5678285060775
128,59.7,467.7273437776478
128,59.800000000000004,917.7377383139335
128,59.900000000000006,539.3474092977513
128,60.0,763.6106160075914
128,60.1,868.6890499064236
128,60.2,856.5879026475264
128,60.300000000000004,584.5265957863774
128,60.400000000000006,906.4528839676291
128,60.5,892.2495582137769
128,60.6,694.9033901880831
128,60.7,914.0697784670865
128,60.800000000000004,862.1316070532146
128,60.900000000000006,875.9228039419905
128,61.0,977.6310476332278
128,61.1,851.1789312604067
128,61.2,927.2650777928691
128,61.300000000000004,960.5462035685624
128,61.400000000000006,945.7172050958015
128,61.5,898.0047957353029
128,61.6,914.4465653655449
128,61.7,716.7521601936417
128,61.800000000000004,895.4602188459776
128,61.900000000000006,943.8112998649148
128,62.0,872.7992928238921
128,62.1,854.9643991175845
128,62.2,943.6667587318101
128,62.300000000000004,934.093564789517
128,62.400000000000006,920.1628973639192
128,62.5,651.2842383817883
128,62.6,750.6800208369382
128,62.7,857.05318106223
128,62.800000000000004,958.2003080096697
128,62.900000000000006,857.6952994289194
128,63.0,919.4190996771927
128,63.1,928.9061910117072
128,63.2,893.6506467438891
128,63.300000000000004,830.7042468224051
128,63.400000000000006,832.4901472204596
128,63.5,836.4635422435175
128,63.6,862.9526501731971
128,63.7,859.001265969125
128,63.800000000000004,845.7699716629737
128,63.900000000000006,857.6200669125187
128,64.0,821.8046463336093
128,64.10000000000001,731.3517149463875
128,64.2,919.3235598743107
128,64.3,888.1740706102402
128,64.4,765.2380097525122
128,64.5,861.1230136285349
128,64.60000000000001,794.9317101431981
128,64.7,775.429297487171
128,64.8,817.047683202194
128,64.9,764.6589269574652
128,65.0,519.7168015427936
128,65.10000000000001,798.9988127075285
128,65.2,962.2009738159596
128,65.3,991.6289421172106
128,65.4,961.0150518455683
128,65.5,922.1641165504443
128,65.60000000000001,950.9357059631486
128,65.7,617.98449539194
128,65.8,717.4128826272832
128,65.9,882.2499493107214
128,66.0,877.4277687946371
128,66.10000000000001,838.3949284150877
128,66.2,897.832123562781
128,66.3,736.4695401770701
128,66.4,890.140414887653
128,66.5,927.1766290143385
128,66.60000000000001,867.5749042233927
128,66.7,558.6549950633538
128,66.8,839.9260413679131
128,66.9,925.6849218717032
128,67.0,857.9597665384019
128,67.10000000000001,565.4597228964063
128,67.2,897.4963340973661
128,67.3,769.7333455235578
128,67.4,841.9912248393183
128,67.5,548.5153496693097
128,67.60000000000001,859.7881328309837
128,67.7,831.6690131501175
128,67.8,533.2099028636677
128,67.9,526.2228668712511
128,68.0,753.7189058950887
128,68.10000000000001,883.4521872812516
128,68.2,664.5406706289989
128,68.3,814.847502602497
128,68.4,756.1016756645105
128,68.5,611.2701547261987
128,68.60000000000001,701.3090355319342
128,68.7,903.6834709444021
128,68.8,747.7733781542508
128,68.9,815.0793329229599
128,69.0,642.1966587198511
128,69.10000000000001,806.8397683491571
128,69.2,876.2274740737035
128,69.3,922.9220074728962
128,69.4,750.5925147338398
128,69.5,601.4819073746845
128,69.60000000000001,790.9725271733844
128,69.7,937.9074877894136
128,69.8,825.2428193494488
128,69.9,652.9102252711839
128,70.0,831.0776835064883
128,70.10000000000001,711.371219446916
128,70.2,724.7637255864519
128,70.3,509.05277621153056
128,70.4,622.7963696787912
128,70.5,889.7419875299897
128,70.60000000000001,821.900140387174
128,70.7,856.4272464273388
128,70.8,867.5775608290318
128,70.9,787.3411039651509
128,71.0,861.2585895069376
128,71.10000000000001,593.709118413341
128,71.2,771.1918492800432
128,71.3,908.2477529680843
128,71.4,933.9923499059047
128,71.5,642.274708107749
128,71.60000000000001,687.3579741226024
128,71.7,839.0821951643364
128,71.8,939.6017757777739
128,71.9,884.2131863606077
128,72.0,871.8420415387071
128,72.10000000000001,530.5179210154623
128,72.2,738.89221595511
128,72.3,874.8460484146602
128,72.4,758.2818001877412
128,72.5,867.3835616900201
128,72.60000000000001,752.867477832813
128,72.7,808.491775835664
128,72.8,877.5024245973983
128,72.9,883.5436885451664
128,73.0,897.4691669537086
128,73.10000000000001,891.6188839800918
128,73.2,599.9990145985975
128,73.3,712.2775677696471
128,73.4,786.6432726467459
128,73.5,817.8518851337346
128,73.60000000000001,900.4855856306182
128,73.7,947.043490817431
128,73.8,831.4341979568554
128,73.9,700.7598126608882
128,74.0,737.0070233428928
128,74.10000000000001,873.9149814026416
128,74.2,916.848527106169
128,74.3,641.3864477594497
128,74.4,683.0638431393834
128,74.5,735.0222063880425
128,74.60000000000001,819.6832509765213
128,74.7,933.6997129394407
128,74.8,751.1562707882497
128,74.9,738.0540191609389
128,75.0,508.4591872138505
128,75.10000000000001,364.46453116919
128,75.2,507.5584859119752
128,75.3,648.8563646799255
128,75.4,896.4561824074066
128,75.5,701.4920975983989
128,75.60000000000001,736.2639151377998
128,75.7,911.2251873367071
128,75.8,886.8145005375136
128,75.9,638.0545112653164
128,76.0,623.8371221806124
128,76.10000000000001,685.6910716149615
128,76.2,716.4748371226
128,76.3,557.2159413813233
128,76.4,402.4140624587781
128,76.5,599.7968414421455
128,76.60000000000001,774.3817342279307
128,76.7,815.5878430024429
128,76.80000000000001,900.7765865418353
128,76.9,925.3414259796704
128,77.0,848.7735873464769
128,77.10000000000001,837.9811488243365
128,77.2,901.4038569123726
128,77.30000000000001,925.6898344416459
128,77.4,775.8389029817182
128,77.5,643.9180774413662
128,77.60000000000001,775.9747670141724
128,77.7,737.4886280472801
128,77.80000000000001,732.175459411625
128,77.9,837.2659013978473
128,78.0,803.7967395966319
128,78.10000000000001,806.861241310119
128,78.2,858.0774822020883
128,78.30000000000001,875.2675446885215
128,78.4,857.7610613991094
128,78.5,806.5579694560649
128,78.60000000000001,859.0057732834578
128,78.7,951.0752561770511
128,78.80000000000001,924.3177210662467
128,78.9,812.5952943999274
128,79.0,707.7989161330132
128,79.10000000000001,739.0578646300785
128,79.2,655.6036032983418
128,79.30000000000001,661.3160589197853
128,79.4,812.5206709704327
128,79.5,826.0345518801863
128,79.60000000000001,658.5494605151098
128,79.7,666.2730542339626
128,79.80000000000001,914.1832451107243
128,79.9,819.8717414357608
128,80.0,582.5861711094011
128,80.10000000000001,694.156358415345
128,80.2,634.1528096639518
128,80.30000000000001,660.7118796324264
128,80.4,628.5708716175271
128,80.5,499.20366133476614
128,80.60000000000001,699.3024797827208
128,80.7,605.7311879115118
128,80.80000000000001,625.099498070033
128,80.9,835.6401468080921
128,81.0,912.1992047875889
128,81.10000000000001,924.4244274487385
128,81.2,891.7546128940484
128,81.30000000000001,902.3998750147815
128,81.4,970.441948774319
128,81.5,971.5537898716086
128,81.60000000000001,960.0772546706684
128,81.7,960.4619885254167
128,81.80000000000001,935.372218443073
128,81.9,776.5887957621601
128,82.0,757.2764215430062
128,82.10000000000001,943.8878454414422
128,82.2,982.1189518234404
128,82.30000000000001,974.3179295259351
128,82.4,925.248597515423
128,82.5,896.7521098008948
128,82.60000000000001,913.9053638319047
128,82.7,923.9182012176482
128,82.80000000000001,912.0582892255824
128,82.9,889.461788313658
128,83.0,939.9696670175898
128,83.10000000000001,964.6543658354839
128,83.2,923.1374599453599
128,83.30000000000001,881.2618060621905
128,83.4,886.9038639787087
128,83.5,937.764228507515
128,83.60000000000001,950.7787138722334
128,83.7,946.3296283982743
128,83.80000000000001,958.4600560758955
128,83.9,951.3247774697809
128,84.0,927.9997264078586
128,84.10000000000001,893.1619951569163
128,84.2,779.2667335409735
128,84.30000000000001,720.4514536923684
128,84.4,913.9926193427303
128,84.5,939.3989331862373
128,84.60000000000001,865.9792782516922
128,84.7,822.5905536858118
128,84.80000000000001,935.6727471048634
128,84.9,954.4188335674261
128,85.0,923.3847090295745
128,85.10000000000001,916.4714038212176
128,85.2,912.6544051351847
128,85.30000000000001,995.509130002772
128,85.4,1000.1561081948696
128,85.5,919.5136176102727
128,85.60000000000001,906.4906837358018
128,85.7,865.5134476701443
128,85.80000000000001,902.3771753082282
128,85.9,945.1574840091682
128,86.0,815.2763575139611
128,86.10000000000001,728.2983097198658
128,86.2,932.3248912613782
128,86.30000000000001,862.6064288314118
128,86.4,791.7975375064755
128,86.5,928.2226766473627
128,86.60000000000001,812.806416831326
128,86.7,752.5800063768648
128,86.80000000000001,970.4001848931879
128,86.9,933.7791273536416
128,87.0,869.1271960683431
128,87.10000000000001,876.2194950618803
128,87.2,867.370355887593
128,87.30000000000001,890.1036433848022
128,87.4,958.7062747510524
128,87.5,936.8491820051597
128,87.60000000000001,888.734593843896
128,87.7,886.3929582342979
128,87.80000000000001,910.8114718270701
128,87.9,956.826075058245
128,88.0,917.908291292157
128,88.10000000000001,931.6800583015699
128,88.2,915.3211797741071
128,88.30000000000001,880.037304639617
128,88.4,882.6340749481889
128,88.5,905.9408149303008
128,88.60000000000001,943.8079107599613
128,88.7,971.8846798385485
128,88.80000000000001,878.4377826127194
128,88.9,660.2154407662773
128,89.0,829.8148480675076
128,89.10000000000001,838.8423824568248
128,89.2,861.406781829654
128,89.30000000000001,785.7272072367083
128,89.4,960.236625374116
128,89.5,952.0133145235231
128,89.60000000000001,931.674963281134
128,89.7,976.2391414736915
128,89.80000000000001,925.3806636570849
128,89.9,927.203068809337
128,90.0,946.4331663323649
128,90.10000000000001,900.7862476816837
128,90.2,863.555932268166
128,90.30000000000001,926.546475806552
128,90.4,908.8266689128292
128,90.5,933.1841065555611
128,90.60000000000001,964.3063900345904
128,90.7,958.4146884891612
128,90.80000000000001,920.2496272940843
128,90.9,902.4556498518526
128,91.0,932.0083351758399
128,91.10000000000001,886.0800555897848
128,91.2,935.5466096721105
128,91.30000000000001,961.6071599836349
128,91.4,943.0026272538586
128,91.5,878.8654835747515
128,91.60000000000001,950.7469981845044
128,91.7,899.8058758323083
128,91.80000000000001,891.9902488957193
128,91.9,959.8829335867691
128,92.0,947.2813554087461
128,92.10000000000001,912.9835026038348
128,92.2,971.5185712680784
128,92.30000000000001,931.9260935786483
128,92.4,907.0511658646692
128,92.5,878.764577056274
128,92.60000000000001,963.2396614661933
128,92.7,954.3598630404175
128,92.80000000000001,936.6539391388025
128,92.9,880.4567201706006
128,93.0,890.1941489352582
128,93.10000000000001,949.2588414243519
128,93.2,885.2002047485088
128,93.30000000000001,901.181898004864
128,93.4,906.5686364729531
128,93.5,973.2441322714071
128,93.60000000000001,960.1173538351965
128,93.7,926.3362274199467
128,93.80000000000001,899.4942454217532
128,93.9,638.2828577573134
128,94.0,868.4728150275123
128,94.10000000000001,656.3527172091036
128,94.2,915.7344928184048
128,94.30000000000001,909.1902313176379
128,94.4,920.7138681151035
128,94.5,929.8934535711224
128,94.60000000000001,939.264207976219
128,94.7,925.3590896385108
128,94.80000000000001,904.0475350003728
128,94.9,971.6920719597582
128,95.0,930.2259081036241
128,95.10000000000001,932.473701625868
128,95.2,902.067689495916
128,95.30000000000001,928.7380550113106
128,95.4,982.5273772518124
128,95.5,981.5183432801032
128,95.60000000000001,845.6089627917115
128,95.7,1018.7160067579348
128,95.80000000000001,901.3968191259462
128,95.9,894.4532019572567
128,96.0,879.8528499227814
128,96.10000000000001,880.8074023766043
128,96.2,967.9351999961925
128,96.30000000000001,896.0867783936027
128,96.4,881.2026721464589
128,96.5,932.7535469692494
128,96.60000000000001,953.1707936380385
128,96.7,938.88004431098
128,96.80000000000001,919.4022669942693
128,96.9,965.5207184671136
128,97.0,671.6279122002929
128,97.10000000000001,945.1329672416288
128,97.2,940.1615134491889
128,97.30000000000001,1087.5042981715499
128,97.4,904.7389643175329
128,97.5,912.8937953315677
128,97.60000000000001,890.5379304151741
128,97.7,892.0249337860275
128,97.80000000000001,935.7274928981375
128,97.9,932.4903039055839
128,98.0,936.3647603243277
128,98.10000000000001,901.7445875082245
128,98.2,970.7441894317083
128,98.30000000000001,971.8701073596088
128,98.4,867.7754060379358
128,98.5,970.3441036896553
128,98.60000000000001,798.3438736137032
128,98.7,936.882390673831
128,98.80000000000001,861.3084002991413
128,98.9,918.8407314884466
128,99.0,941.51543809669
128,99.10000000000001,973.1706346823493
128,99.2,914.3716847950899
128,99.30000000000001,856.3750105117552
128,99.4,899.9904746937959
128,99.5,900.7326113764026
128,99.60000000000001,905.0258698852015
128,99.7,969.1528664394041
128,99.80000000000001,937.6161211928419
128,99.9,906.4774967226334
128,100.0,956.3742420256989
128,100.10000000000001,977.4703840196757
128,100.2,904.0685008185685
128,100.30000000000001,862.7060281464292
128,100.4,453.35768468243907
128,100.5,940.2158800962432
128,100.60000000000001,925.4515778436734
128,100.7,898.5984939498027
128,100.80000000000001,889.3494152137516
128,100.9,936.928423557834
128,101.0,679.1006372513286
128,101.10000000000001,893.5154640551943
128,101.2,948.0112886135923
128,101.30000000000001,933.2363203777311
128,101.4,911.7702383801237
128,101.5,903.4755463516155
128,101.60000000000001,941.5879543864193
128,101.7,951.1523715591873
128,101.80000000000001,945.8574608755099
128,101.9,949.2403631957018
128,102.0,950.9114908053384
128,102.10000000000001,949.0463500766797
128,102.2,919.3550170338218
128,102.30000000000001,884.2796435847812
128,102.4,929.9231649614624
128,102.5,925.1985662727653
128,102.60000000000001,903.2100726426306
128,102.7,941.0439387632407
128,102.80000000000001,717.4532072871441
128,102.9,846.8201854297563
128,103.0,856.93052628407
128,103.10000000000001,926.5630708145013
128,103.2,893.0570371788974
128,103.30000000000001,960.8184179593635
128,103.4,928.9478257514916
128,103.5,874.4056929964944
128,103.60000000000001,851.7775013261474
128,103.7,917.8876082973638
128,103.80000000000001,940.1372614683518
128,103.9,939.5924825472415
128,104.0,918.5402019688948
128,104.10000000000001,940.8164445860992
128,104.2,948.3117582584292
128,104.30000000000001,742.3707451857202
128,104.4,841.5923860346575
128,104.5,851.531276575319
128,104.60000000000001,933.5143803398131
128,104.7,948.6531677681104
128,104.80000000000001,899.8484010110261
128,104.9,924.3917365622677
128,105.0,671.9407587761858
128,105.10000000000001,806.3645024944926
128,105.2,967.5367831743418
128,105.30000000000001,939.5783198236979
128,105.4,911.1471809526298
128,105.5,906.4040237232493
128,105.60000000000001,947.8295509563999
128,105.7,940.74298586216
128,105.80000000000001,914.9410662645236
128,105.9,923.8300122445677
128,106.0,942.7695936242466
128,106.10000000000001,936.1783085685189
128,106.2,907.9821105704118
128,106.30000000000001,894.6365647315829
128,106.4,927.3027762185072
128,106.5,873.5571205498111
128,106.60000000000001,908.9185660064988
128,106.7,863.8810706796974
128,106.80000000000001,930.5832471169657
128,106.9,957.2384087812407
128,107.0,863.2877003694291
128,107.10000000000001,910.1466733391405
128,107.2,941.8863514466818
128,107.30000000000001,1054.2502588110658
128,107.4,941.5394950590203
128,107.5,661.8041859011748
128,107.60000000000001,759.3307709233089
128,107.7,859.3872864176949
128,107.80000000000001,940.9654893799392
128,107.9,932.8214801628417
128,108.0,758.7840875347841
128,108.10000000000001,820.2122992317339
128,108.2,954.23002961908
128,108.30000000000001,961.8500423020663
128,108.4,747.8987222672664
128,108.5,836.9114045279694
128,108.60000000000001,879.7375495433679
128,108.7,915.1718311549266
128,108.80000000000001,927.9180853335586
128,108.9,868.4120406467108
128,109.0,928.6212376423953
128,109.10000000000001,959.6061012584862
128,109.2,910.0573053319251
128,109.30000000000001,892.7946855111276
128,109.4,896.501254142904
128,109.5,755.9071262400764
128,109.60000000000001,814.6829989489329
128,109.7,904.3160415988337
128,109.80000000000001,908.7390570454601
128,109.9,922.9225230072855
128,110.0,558.0669053220608
128,110.10000000000001,606.9616283602318
128,110.2,829.5929021727189
128,110.30000000000001,880.7692380339703
128,110.4,909.3567909925611
128,110.5,933.1543384400269
128,110.60000000000001,944.6247813954147
128,110.7,812.7916194123878
128,110.80000000000001,777.6487284078016
128,110.9,784.6443752584645
128,111.0,809.4852853425846
128,111.10000000000001,693.6181793880069
128,111.2,473.9815059742045
128,111.30000000000001,726.6520555096255
128,111.4,898.1247240741924
128,111.5,794.9223138629709
128,111.60000000000001,818.8730624982206
128,111.7,691.4467059697243
128,111.80000000000001,709.1005237022994
128,111.9,756.0431960280124
128,112.0,728.9690920791843
128,112.10000000000001,651.089199797779
128,112.2,589.7253572273735
128,112.30000000000001,737.4632150984521
128,112.4,804.0703943420565
128,112.5,802.4742304710903
128,112.60000000000001,796.4608727481492
128,112.7,790.2014995663985
128,112.80000000000001,653.9431803424732
128,112.9,682.0740879829282
128,113.0,895.8749846957251
128,113.10000000000001,909.9893996218333
128,113.2,638.1324812229009
128,113.30000000000001,424.0987406730098
128,113.4,708.6725748664321
128,113.5,944.2491687546602
128,113.60000000000001,963.3205576405287
128,113.7,918.935250654876
128,113.80000000000001,924.2372047559404
128,113.9,950.1200824492885
128,114.0,937.3929653143528
128,114.10000000000001,873.4535859360857
128,114.2,881.749097271966
128,114.30000000000001,893.1674239290865
128,114.4,877.9818298539532
128,114.5,890.2439020750636
128,114.60000000000001,833.5948004812219
128,114.7,746.8965635798087
128,114.80000000000001,663.5253329645471
128,114.9,872.9612203095073
128,115.0,869.4618637602374
128,115.10000000000001,650.3362296570373
128,115.2,628.7938640713586
128,115.30000000000001,862.9855502790679
128,115.4,937.6773476845481
128,115.5,929.0110939694083
128,115.60000000000001,908.6513834014787
128,115.7,917.1204976426674
128,115.80000000000001,963.4941435632272
128,115.9,927.8502201231956
128,116.0,924.0996457011252
128,116.10000000000001,926.2856475648489
128,116.2,770.814427560124
128,116.30000000000001,479.57868801792085
128,116.4,702.8540486590156
128,116.5,887.8652742049503
128,116.60000000000001,856.6173349475216
128,116.7,763.7473086453255
128,116.80000000000001,917.3033262057795
128,116.9,895.0638495606536
128,117.0,918.8329043886439
128,117.10000000000001,925.8194928449403
128,117.2,910.3571971411842
128,117.30000000000001,949.8538547892634
128,117.4,921.8005809679837
128,117.5,853.4799293039744
128,117.60000000000001,839.7207140179551
128,117.7,746.2472481090972
128,117.80000000000001,877.2470112446863
128,117.9,945.0155738140967
128,118.0,947.1360511851614
128,118.10000000000001,861.5980738540557
128,118.2,701.8690741708646
128,118.30000000000001,959.7330804890773
128,118.4,903.5540586179253
128,118.5,873.1582373818951
128,118.60000000000001,946.0330454938353
128,118.7,916.1141756842362
128,118.80000000000001,876.1378713584422
128,118.9,951.1063257974268
128,119.0,898.3511776312503
128,119.10000000000001,836.3889001992802
128,119.2,770.8593541602897
128,119.30000000000001,926.7714186630549
128,119.4,888.9047305981388
128,119.5,751.1307221184704
128,119.60000000000001,890.6973246958645
128,119.7,854.6895844033139
128,119.80000000000001,735.9251864853939
128,119.9,913.5649714751736
128,120.0,888.123919825816
128,120.10000000000001,912.2757001643779
128,120.2,905.2044897991447
128,120.30000000000001,884.5987164106177
128,120.4,938.8331282590711
128,120.5,892.7910284833571
128,120.60000000000001,948.4940381478485
128,120.7,918.6461847122318
128,120.80000000000001,916.0215653676561
128,120.9,812.4175885103638
128,121.0,549.0141196748772
128,121.10000000000001,896.6898128634157
128,121.2,764.8936254854304
128,121.30000000000001,940.8902161994631
128,121.4,933.7685388968848
128,121.5,913.5841413008782
128,121.60000000000001,943.7498843369791
128,121.7,934.7260858281768
128,121.80000000000001,917.542929064129
128,121.9,967.455605953778
128,122.0,858.75971593402
128,122.10000000000001,571.0715229013415
128,122.2,945.413292422145
128,122.30000000000001,923.7367350951986
128,122.4,794.4576437393341
128,122.5,528.8140442586866
128,122.60000000000001,880.6512126386773
128,122.7,751.2794830809385
128,122.80000000000001,939.7792155604551
128,122.9,915.4654773898295
128,123.0,900.7315707509674
128,123.10000000000001,883.6692281834685
128,123.2,576.0154875745255
128,123.30000000000001,872.8530921076832
128,123.4,877.1875039602123
128,123.5,882.5908747460022
128,123.60000000000001,902.8902198445527
128,123.7,936.891612057712
128,123.80000000000001,834.9151689142241
128,123.9,901.4253171879261
128,124.0,973.9499716348633
128,124.10000000000001,926.0813189931152
128,124.2,904.6750717556839
128,124.30000000000001,959.7623230684403
128,124.4,869.3340635388254
128,124.5,835.2634062949658
128,124.60000000000001,885.6899876783637
128,124.7,931.912778409282
128,124.80000000000001,903.8459463221611
128,124.9,939.5563988045611
128,125.0,941.3521698549497
128,125.10000000000001,916.2919595941695
128,125.2,945.05901618146
128,125.30000000000001,963.0775180860472
128,125.4,911.5377926133453
128,125.5,926.7628962178748
128,125.60000000000001,890.138307155309
128,125.7,917.7522703059142
128,125.80000000000001,931.5072868937117
128,125.9,923.8503172601256
128,126.0,932.5193044610108
128,126.10000000000001,941.2558444629462
128,126.2,929.049188640866
128,126.30000000000001,943.9175981565594
128,126.4,930.031681655845
128,126.5,940.9383745818203
128,126.60000000000001,918.9121426550107
128,126.7,941.5510919188814
128,126.80000000000001,792.9180846093395
128,126.9,902.9801645068243
128,127.0,864.1984149402505
128,127.10000000000001,522.8979348598386
128,127.2,652.4928606637801
128,127.30000000000001,946.8637132454174
128,127.4,858.9875343693327
128,127.5,953.4817852222709
128,127.60000000000001,932.601992506734
128,127.7,978.7027383562759
128,127.80000000000001,889.2153287555202
128,127.9,953.184925615814
128,128.0,814.7110323645232
128,128.1,871.8511200805142
128,128.20000000000002,884.964378536431
128,128.3,885.874661853073
128,128.4,559.8956617523257
128,128.5,614.4558913413778
128,128.6,890.4263690060939
128,128.70000000000002,1012.4608145983801
128,128.8,944.8561313630477
128,128.9,526.0940216629049
128,129.0,978.5119384760691
128,129.1,954.801558068524
128,129.20000000000002,914.90453528327
128,129.3,961.8207224936443
128,129.4,834.9565294579533
128,129.5,923.8524788797489
128,129.6,862.7270343891631
128,129.70000000000002,980.4096262790375
128,129.8,883.9022781387614
128,129.9,885.009996103021
128,130.0,963.6624479482876
128,130.1,849.1688282946875
128,130.20000000000002,932.5818765377379
128,130.3,885.0481050517599
128,130.4,975.2105993620113
128,130.5,924.716379206042
128,130.6,834.6455845827738
128,130.70000000000002,916.4451919821768
128,130.8,958.1350930871146
128,130.9,920.8173148694274
128,131.0,938.3316678956118
128,131.1,958.9715766886778
128,131.20000000000002,869.2895800607714
128,131.3,951.2237331133781
128,131.4,832.1602654958755
128,131.5,930.8940470971521
128,131.6,860.3891319094852
128,131.70000000000002,942.5714623737094
128,131.8,886.9482586396331
128,131.9,916.121820496048
128,132.0,813.6051603540076
128,132.1,844.5859978042148
128,132.20000000000002,622.1981764421255
128,132.3,918.0847399806515
128,132.4,931.2601846648296
128,132.5,882.6919694369016
128,132.6,967.3426239105213
128,132.70000000000002,928.3350826934242
128,132.8,894.9594360208373
128,132.9,937.4404965240182
128,133.0,894.1459189776988
128,133.1,958.4979844691787
128,133.20000000000002,965.4864691788903
128,133.3,880.5177772975024
128,133.4,937.7646611289159
128,133.5,950.2894687196526
128,133.6,964.6683865820821
128,133.70000000000002,941.1788606448955
128,133.8,950.9247212587115
128,133.9,917.9729721792344
128,134.0,953.93538740138
128,134.1,923.5298850539317
128,134.20000000000002,904.9023994865878
128,134.3,943.8103866856367
128,134.4,795.6305001220531
128,134.5,906.0072115341561
128,134.6,1028.7856730559386
128,134.70000000000002,1004.1216181499083
128,134.8,939.182790087006
128,134.9,913.1128242400275
128,135.0,770.3370522885781
128,135.1,841.8984715925961
128,135.20000000000002,913.8012215590306
128,135.3,934.6074071170731
128,135.4,742.4410530160719
128,135.5,705.8167722276866
128,135.6,826.7466874105426
128,135.70000000000002,897.0653133068276
128,135.8,875.7107832246239
128,135.9,946.6485432031939
128,136.0,926.3832708003944
128,136.1,892.5642178006703
128,136.20000000000002,936.5305911698878
128,136.3,901.8275870286607
128,136.4,940.679901392403
128,136.5,975.1592132305839
128,136.6,952.038353728126
128,136.70000000000002,912.275739790559
128,136.8,904.479041042251
128,136.9,948.2603060052189
128,137.0,925.077624633459
128,137.1,952.9447117967383
128,137.20000000000002,955.8110441062465
128,137.3,898.8774382141196
128,137.4,966.4523021702439
128,137.5,952.4169720578567
128,137.6,932.0609638924462
128,137.70000000000002,958.5398583919239
128,137.8,725.4212366392907
128,137.9,913.3380919512284
128,138.0,941.5332185066335
128,138.1,935.571658863967
128,138.20000000000002,956.7156777946284
128,138.3,946.4680930043286
128,138.4,956.1117206252125
128,138.5,938.0567591804563
128,138.6,946.6810386877127
128,138.70000000000002,693.3054622203845
128,138.8,680.1543803321379
128,138.9,999.331925909043
128,139.0,975.2640157489684
128,139.1,923.3505580872777
128,139.20000000000002,880.03034134498
128,139.3,905.1265445194214
128,139.4,878.3743575718421
128,139.5,821.5153341276151
128,139.6,877.4211230985034
128,139.70000000000002,922.1693361478315
128,139.8,914.4965058656801
128,139.9,914.4648829319531
128,140.0,860.4740483846002
128,140.1,946.6409855466021
128,140.20000000000002,942.1313885715529
128,140.3,896.5941318402764
128,140.4,793.6989948894898
128,140.5,872.7799106137267
128,140.6,896.0912009205146
128,140.70000000000002,693.224145902368
128,140.8,764.7399491033584
128,140.9,890.8795398228608
128,141.0,920.4162173401398
128,141.1,892.6142385992679
128,141.20000000000002,929.3583061256717
128,141.3,932.1145966167524
128,141.4,942.5020360485886
128,141.5,902.6917234455697
128,141.6,926.6537188144765
128,141.70000000000002,921.1777100606635
128,141.8,954.59463114337
128,141.9,958.7973398999808
128,142.0,926.6271312054375
128,142.1,947.1880299607615
128,142.20000000000002,938.2676132460948
128,142.3,920.1691369717887
128,142.4,915.1199847030521
128,142.5,898.7465639402815
128,142.6,925.273081001078
128,142.70000000000002,936.7753049314381
128,142.8,921.5906543030471
128,142.9,935.9270050362301
128,143.0,925.4746191192573
128,143.1,970.6124699865637
128,143.20000000000002,955.3262118257346
128,143.3,902.7679715598372
128,143.4,923.7703459196296
128,143.5,910.5258132985633
128,143.6,944.6539969725103
128,143.70000000000002,939.3583270394224
128,143.8,912.215797898944
128,143.9,949.3008645132738
128,144.0,962.3104139219278
128,144.1,659.7101938404135
128,144.20000000000002,702.1300722888819
128,144.3,925.7565834752158
128,144.4,925.3301019564309
128,144.5,927.4611125087351
128,144.6,891.0619103300845
128,144.70000000000002,888.2564938915094
128,144.8,914.3956686045627
128,144.9,933.9405352660324
128,145.0,941.9503377197683
128,145.1,919.3263349530127
128,145.20000000000002,868.5794839904893
128,145.3,898.062542624182
128,145.4,925.5579562572616
128,145.5,941.2988702460317
128,145.6,959.1402864088167
128,145.70000000000002,929.4115667760972
128,145.8,934.7426854713189
128,145.9,922.4121345091903
128,146.0,935.7819583815359
128,146.1,941.0508867055801
128,146.20000000000002,918.7734437121095
128,146.3,930.1033180208832
128,146.4,886.325860619739
128,146.5,857.8356184252667
128,146.6,800.629674408607
128,146.70000000000002,776.066740843761
128,146.8,877.315970057828
128,146.9,911.0777313361142
128,147.0,926.0881587044535
128,147.1,852.5301749112618
128,147.20000000000002,825.5760766474164
128,147.3,940.761213322767
128,147.4,947.4829869374801
128,147.5,860.9993821220907
128,147.6,673.7698148060815
128,147.70000000000002,492.3246409113154
128,147.8,691.1114125295587
128,147.9,923.4027759588971
128,148.0,920.4123942762394
128,148.1,955.7724452359531
128,148.20000000000002,913.4044547597405
128,148.3,921.0245219401055
128,148.4,946.9105638463816
128,148.5,913.8761605490934
128,148.6,797.0344974884321
128,148.70000000000002,801.803206425852
128,148.8,940.6904767595964
128,148.9,921.9942766680008
128,149.0,942.237721971898
128,149.1,950.3634646797666
128,149.20000000000002,912.4607096548625
128,149.3,916.7297689027317
128,149.4,908.91767936761
128,149.5,909.5008826078571
128,149.6,948.5691027465717
128,149.70000000000002,891.7105102400725
128,149.8,909.6812058118395
128,149.9,943.637315379094
128,150.0,902.6682585259679
128,150.1,787.6899713899273
128,150.20000000000002,781.2168991258636
192,0.0,629.076
192,0.1,723.4496286795238
192,0.2,726.9677879756932
192,0.30000000000000004,756.1952788620735
192,0.4,789.4658596017466
192,0.5,683.728329428307
192,0.6000000000000001,770.326774261758
192,0.7000000000000001,854.186506984766
192,0.8,760.725288489272
192,0.9,756.2963810842901
192,1.0,810.006540964197
192,1.1,782.4696721596283
192,1.2000000000000002,713.4076556701322
192,1.3,697.9144454021977
192,1.4000000000000001,721.640013146517
192,1.5,698.6704419754907
192,1.6,824.1622051858399
192,1.7000000000000002,858.4896660860741
192,1.8,907.1164509481946
192,1.9000000000000001,908.307215802576
192,2.0,819.5953059435276
192,2.1,842.8097099114937
192,2.2,872.3139339957288
192,2.3000000000000003,850.2275819645655
192,2.4000000000000004,863.5180639176878
192,2.5,764.7941902835836
192,2.6,720.2049781283423
192,2.7,842.0617553514752
192,2.8000000000000003,831.2599295435372
192,2.9000000000000004,834.8153232186082
192,3.0,829.8321893661416
192,3.1,806.1642566389768
192,3.2,794.2170796062128
192,3.3000000000000003,849.3507588145499
192,3.4000000000000004,799.2465818237656
192,3.5,786.9889670720232
192,3.6,857.4737107514297
192,3.7,711.2801526690325
192,3.8000000000000003,613.5674879359816
192,3.9000000000000004,831.921869963577
192,4.0,867.9349886155727
192,4.1000000000000005,866.8873654189001
192,4.2,879.7139817160522
192,4.3,871.522274024984
192,4.4,859.5340613667304
192,4.5,842.6590063463022
192,4.6000000000000005,865.5870357404667
192,4.7,742.9720550644681
192,4.800000000000001,700.9641044058205
192,4.9,868.3041298271696
192,5.0,810.2641533836945
192,5.1000000000000005,777.9574610504566
192,5.2,767.2903608429299
192,5.300000000000001,745.2403533836183
192,5.4,886.7620357134524
192,5.5,740.1992727439415
192,5.6000000000000005,698.08505928234
192,5.7,853.0821264087718
192,5.800000000000001,831.9479543635124
192,5.9,822.6907576884049
192,6.0,818.8160506252857
192,6.1000000000000005,840.1686456454115
192,6.2,754.7415561750705
192,6.300000000000001,685.9014233319093
192,6.4,865.3093269866897
192,6.5,851.465840984122
192,6.6000000000000005,861.7261769053807
192,6.7,813.9270782946604
192,6.800000000000001,829.0237711166716
192,6.9,850.5187343120627
192,7.0,842.6294408644401
192,7.1000000000000005,860.6997674423473
192,7.2,842.1949075055089
192,7.300000000000001,870.3334035774244
192,7.4,828.735789176876
192,7.5,839.6578611480768
192,7.6000000000000005,861.6260539586337
192,7.7,847.1762800054205
192,7.800000000000001,862.4706241908797
192,7.9,841.1723090998747
192,8.0,875.5940377065426
192,8.1,832.8196738923049
192,8.200000000000001,810.9760011798696
192,8.3,829.4191287026539
192,8.4,842.4557720014557
192,8.5,863.7713142456805
192,8.6,853.060430950271
192,8.700000000000001,752.6035854791783
192,8.8,625.3259526572467
192,8.9,860.3392426447139
192,9.0,875.6781041623989
192,9.1,868.7309663884166
192,9.200000000000001,854.6446950357154
192,9.3,877.387162538502
192,9.4,825.2254527395064
192,9.5,856.9574423867185
192,9.600000000000001,836.496104465509
192,9.700000000000001,773.7969615336397
192,9.8,695.8698739108709
192,9.9,867.7240229074954
192,10.0,860.0134397145915
192,10.100000000000001,767.183257450096
192,10.200000000000001,735.1619855595483
192,10.3,858.443178993129
192,10.4,855.6073039810998
192,10.5,868.0640970541014
192,10.600000000000001,845.8444284471448
192,10.700000000000001,894.8894166628613
192,10.8,892.5592481990303
192,10.9,872.605543969923
192,11.0,924.0792953695811
192,11.100000000000001,890.4239441565758
192,11.200000000000001,839.9447631859279
192,11.3,870.8095099000352
192,11.4,882.7205639008638
192,11.5,873.0245915094002
192,11.600000000000001,868.0714054869186
192,11.700000000000001,869.1215114246105
192,11.8,880.9199928578569
192,11.9,834.6148443290056
192,12.0,851.7614855924938
192,12.100000000000001,919.7310454368635
192,12.200000000000001,851.5468457813917
192,12.3,752.8448868968783
192,12.4,886.2003045356444
192,12.5,886.8794685611116
192,12.600000000000001,784.9526259087435
192,12.700000000000001,611.6696447093276
192,12.8,870.4775170096929
192,12.9,862.1626000581066
192,13.0,861.807116391014
192,13.100000000000001,804.6198000803889
192,13.200000000000001,849.561116764413
192,13.3,710.1496366904742
192,13.4,861.5437271322002
192,13.5,864.3304932808696
192,13.600000000000001,887.8288838909546
192,13.700000000000001,926.4577048589567
192,13.8,873.5665876446476
192,13.9,827.1132356450028
192,14.0,797.5602084690322
192,14.100000000000001,845.871103536849
192,14.200000000000001,830.7096468204413
192,14.3,830.4196301125008
192,14.4,882.3370108000372
192,14.5,874.5742934039151
192,14.600000000000001,849.8447704575059
192,14.700000000000001,891.7039633100296
192,14.8,821.2089960267936
192,14.9,870.9140357597374
192,15.0,814.9819735995769
192,15.100000000000001,739.4934842938534
192,15.200000000000001,815.7398661272201
192,15.3,838.9092288747823
192,15.4,858.0902452696452
192,15.5,873.0821556101497
192,15.600000000000001,883.7483400188162
192,15.700000000000001,834.9065625181357
192,15.8,876.4677741162985
192,15.9,830.7938357228198
192,16.0,876.331313971235
192,16.1,857.6077408022153
192,16.2,878.9054025743364
192,16.3,787.7828776537115
192,16.400000000000002,505.14791054411063
192,16.5,825.5955954594132
192,16.6,674.1775512627979
192,16.7,937.4019338312975
192,16.8,1020.3705334100355
192,16.900000000000002,810.4444213640284
192,17.0,627.4196195509937
192,17.1,901.9219666668246
192,17.2,865.6470828423986
192,17.3,895.9519242490501
192,17.400000000000002,825.8556406917922
192,17.5,853.3868395578072
192,17.6,911.9380805847912
192,17.7,927.5032377796551
192,17.8,999.5441867767837
192,17.900000000000002,880.5783645294705
192,18.0,837.9699389987659
192,18.1,846.5740767959311
192,18.2,892.4240526295488
192,18.3,840.3616398368108
192,18.400000000000002,881.0573668224832
192,18.5,840.0829714305431
192,18.6,846.3425864790497
192,18.7,824.006604142441
192,18.8,882.454868195916
192,18.900000000000002,801.8309826457447
192,19.0,863.5184937950918
192,19.1,821.3023875118296
192,19.200000000000003,854.9298026664071
192,19.3,868.2623489278483
192,19.400000000000002,866.5263454419111
192,19.5,892.9298426725934
192,19.6,827.3951455816155
192,19.700000000000003,864.6914859092776
192,19.8,824.0045642117152
192,19.900000000000002,876.5342409286782
192,20.0,907.6536134487154
192,20.1,864.3477647526202
192,20.200000000000003,898.7896203635926
192,20.3,878.0562608796102
192,20.400000000000002,1124.0738254944263
192,20.5,1058.9823249651038
192,20.6,813.4460414645357
192,20.700000000000003,582.3279313278548
192,20.8,858.849206100695
192,20.900000000000002,484.9487415560578
192,21.0,878.1750187374494
192,21.1,883.6560732332971
192,21.200000000000003,770.7313973805238
192,21.3,655.9123519486385
192,21.400000000000002,871.311474250792
192,21.5,853.5426050740319
192,21.6,888.1124358828245
192,21.700000000000003,836.8844315081299
192,21.8,793.1744422201831
192,21.900000000000002,823.5378207056245
192,22.0,870.1327336961434
192,22.1,872.4001791608207
192,22.200000000000003,906.6403144803795
192,22.3,895.4998607193302
192,22.400000000000002,852.0145070824735
192,22.5,880.4694608168779
192,22.6,854.6529593929134
192,22.700000000000003,772.694513910495
192,22.8,801.8572703945772
192,22.900000000000002,610.66029727893
192,23.0,779.9166405479049
192,23.1,770.6581664140128
192,23.200000000000003,834.990020766295
192,23.3,847.3470344299714
192,23.400000000000002,855.1979589208769
192,23.5,887.1233416966803
192,23.6,903.1417369678002
192,23.700000000000003,916.64226557791
192,23.8,916.211277819664
192,23.900000000000002,790.6453464523872
192,24.0,848.5053626800071
192,24.1,843.0855973591238
192,24.200000000000003,800.4590546869656
192,24.3,737.0294942529563
192,24.400000000000002,809.6206251250793
192,24.5,827.6292156702519
192,24.6,896.6870596954699
192,24.700000000000003,881.6032003425745
192,24.8,870.5116745221507
192,24.900000000000002,903.7606075967674
192,25.0,834.7202427928893
192,25.1,817.0914550122184
192,25.200000000000003,694.5149516202516
192,25.3,870.2141583990402
192,25.400000000000002,884.8977079742237
192,25.5,801.9363484838389
192,25.6,859.5670699648281
192,25.700000000000003,922.5347333277773
192,25.8,898.2499366680162
192,25.900000000000002,878.7141576583314
192,26.0,815.7318930601277
192,26.1,830.5492742767572
192,26.200000000000003,785.2827869896727
192,26.3,825.895478484242
192,26.400000000000002,821.5193779859186
192,26.5,833.4369152511284
192,26.6,859.7957625306414
192,26.700000000000003,816.7503110631482
192,26.8,801.5431763473781
192,26.900000000000002,609.312606450651
192,27.0,882.6209986088348
192,27.1,857.816164293794
192,27.200000000000003,868.615639993152
192,27.3,819.1768779372484
192,27.400000000000002,887.4802811028854
192,27.5,893.8250779780219
192,27.6,923.7290827604401
192,27.700000000000003,855.283493914715
192,27.8,799.5492786852968
192,27.900000000000002,632.3939405864861
192,28.0,837.6436864213752
192,28.1,534.3491737886545
192,28.200000000000003,876.2111876074324
192,28.3,891.2690387847032
192,28.400000000000002,895.9194294130956
192,28.5,797.1480296988899
192,28.6,805.7625897773484
192,28.700000000000003,893.7216054043791
192,28.8,820.7717647536937
192,28.900000000000002,882.9797148311517
192,29.0,825.097136151398
192,29.1,802.6803594850433
192,29.200000000000003,920.9924043743448
192,29.3,822.7505492245664
192,29.400000000000002,805.6549584580147
192,29.5,816.9425039660448
192,29.6,822.2393007023855
192,29.700000000000003,887.5490214265493
192,29.8,889.5476906580449
192,29.900000000000002,867.6752930743113
192,30.0,896.9640026205138
192,30.1,912.6160052952306
192,30.200000000000003,731.3005919480285
192,30.3,852.6318014301925
192,30.400000000000002,810.5792509732175
192,30.5,840.7050612818547
192,30.6,883.1382602671272
192,30.700000000000003,853.0482721952391
192,30.8,926.4910684204399
192,30.900000000000002,865.3519912310801
192,31.0,859.0838146090966
192,31.1,788.5790440275831
192,31.200000000000003,848.5710448906373
192,31.3,813.8272947539913
192,31.400000000000002,821.0454194842779
192,31.5,488.3887298956649
192,31.6,792.6255552321156
192,31.700000000000003,756.7143770100367
192,31.8,852.6876737442133
192,31.900000000000002,905.2542208172445
192,32.0,958.9259569213178
192,32.1,904.9713687810934
192,32.2,959.4267140788357
192,32.300000000000004,833.5303496365393
192,32.4,907.5649977762888
192,32.5,896.7985512800354
192,32.6,943.5822526197985
192,32.7,647.8633924742805
192,32.800000000000004,810.4164755947088
192,32.9,887.607222535036
192,33.0,781.6767621934974
192,33.1,785.9322499363965
192,33.2,875.8231678714543
192,33.300000000000004,980.9135518440569
192,33.4,956.5367115180359
192,33.5,843.8914531290129
192,33.6,917.4370387046249
192,33.7,758.4468768155963
192,33.800000000000004,825.4817259331115
192,33.9,883.1101914608897
192,34.0,853.5334595448829
192,34.1,892.675653825045
192,34.2,903.9125039844492
192,34.300000000000004,918.4762140912584
192,34.4,753.6152254916041
192,34.5,788.1574658584223
192,34.6,783.6137492623652
192,34.7,814.6238494674793
192,34.800000000000004,810.5059517409595
192,34.9,799.324344883664
192,35.0,946.7016596747674
192,35.1,841.0947159645348
192,35.2,830.9314528621563
192,35.300000000000004,885.4972810130641
192,35.4,825.4067094648591
192,35.5,785.4447193037206
192,35.6,861.266183399825
192,35.7,813.0669820062054
192,35.800000000000004,753.2063871978211
192,35.9,856.2981650434796
192,36.0,853.0095073034068
192,36.1,669.9278545936078
192,36.2,815.3273780019098
192,36.300000000000004,814.3598857273388
192,36.4,919.0747367708082
192,36.5,812.898254774224
192,36.6,778.758893527445
192,36.7,816.9462281970242
192,36.800000000000004,798.9309304358788
192,36.9,909.1369855656932
192,37.0,899.2174990353973
192,37.1,888.6322225175596
192,37.2,907.7597927306686
192,37.300000000000004,853.542556607367
192,37.4,746.5118518356192
192,37.5,870.6345051099759
192,37.6,918.4872890583364
192,37.7,728.4159405148752
192,37.800000000000004,844.0041027294214
192,37.9,843.2423993930872
192,38.0,900.7231987465788
192,38.1,817.0479192109407
192,38.2,937.5952614175158
192,38.300000000000004,987.087702583296
192,38.400000000000006,934.1521753994757
192,38.5,905.1859670494068
192,38.6,950.9270557059713
192,38.7,886.6490604767909
192,38.800000000000004,926.4770355100154
192,38.900000000000006,794.7710715549192
192,39.0,783.4005784933075
192,39.1,863.4079982209702
192,39.2,872.357793068868
192,39.300000000000004,798.3469597379541
192,39.400000000000006,729.4998368645123
192,39.5,855.8110562444166
192,39.6,944.8969939263653
192,39.7,954.2476736082594
192,39.800000000000004,881.1727588492153
192,39.900000000000006,835.2392045608174
192,40.0,837.5341965738503
192,40.1,870.7793691779736
192,40.2,800.1524035105241
192,40.300000000000004,766.4570866750174
192,40.400000000000006,847.0565992325642
192,40.5,923.6550628568162
192,40.6,862.0264656854689
192,40.7,827.5430277374035
192,40.800000000000004,851.1866279905107
192,40.900000000000006,907.0515003751939
192,41.0,884.7133212012653
192,41.1,589.1472959735852
192,41.2,736.438986003355
192,41.300000000000004,754.0539759900475
192,41.400000000000006,737.1180110218359
192,41.5,881.3828382951963
192,41.6,974.384226791747
192,41.7,854.2335378188918
192,41.800000000000004,762.6222926778581
192,41.900000000000006,762.3682788297775
192,42.0,874.4155932376074
192,42.1,834.7088133110964
192,42.2,896.4218966570559
192,42.300000000000004,849.7120588214218
192,42.400000000000006,785.2382245511957
192,42.5,951.5355905080077
192,42.6,866.1169666874929
192,42.7,629.2148959532303
192,42.800000000000004,617.141485258205
192,42.900000000000006,762.1844792543443
192,43.0,932.0469234583779
192,43.1,987.9574301749924
192,43.2,829.0349519961062
192,43.300000000000004,872.7252134307358
192,43.400000000000006,849.4740372069043
192,43.5,947.2388914718726
192,43.6,738.6405955485515
192,43.7,713.2571579856118
192,43.800000000000004,880.8557498142488
192,43.900000000000006,906.5543436260866
192,44.0,855.5153473038079
192,44.1,927.7290635238103
192,44.2,748.1766075445962
192,44.300000000000004,572.1082911424386
192,44.400000000000006,725.6170732002979
192,44.5,816.3771689973414
192,44.6,889.878105007304
192,44.7,824.6455463231799
192,44.800000000000004,817.7261244963822
192,44.900000000000006,839.0938643373636
192,45.0,778.5131586434251
192,45.1,666.8391297613274
192,45.2,769.7039742213105
192,45.300000000000004,909.8926152274008
192,45.400000000000006,805.4730981623675
192,45.5,764.6411995826146
192,45.6,820.9140278094385
192,45.7,861.5067799113851
192,45.800000000000004,889.6224544171541
192,45.900000000000006,920.5727688657607
192,46.0,828.6383322581644
192,46.1,801.6615625020515
192,46.2,807.6455307680578
192,46.300000000000004,839.4721714743783
192,46.400000000000006,815.9952464423933
192,46.5,805.5082196836848
192,46.6,886.0969811005559
192,46.7,942.7525496851878
192,46.800000000000004,891.722396924253
192,46.900000000000006,958.2242913900686
192,47.0,779.3692909075339
192,47.1,837.5678758278538
192,47.2,895.2605799420534
192,47.300000000000004,893.7974814725557
192,47.400000000000006,869.3569958105089
192,47.5,598.594750738482
192,47.6,699.711343673086
192,47.7,837.5871499474101
192,47.800000000000004,875.8920223770104
192,47.900000000000006,888.475888009922
192,48.0,895.8341766629175
192,48.1,875.8511821127018
192,48.2,860.4208876481549
192,48.300000000000004,868.8911228106207
192,48.400000000000006,881.6569356048489
192,48.5,926.7052644434499
192,48.6,873.3953097510533
192,48.7,861.070760230176
192,48.800000000000004,873.507887056099
192,48.900000000000006,856.9622942905296
192,49.0,841.3789365160499
192,49.1,891.3876715109147
192,49.2,882.253472458213
192,49.300000000000004,890.7576684976759
192,49.400000000000006,877.047581696092
192,49.5,865.7139118943676
192,49.6,863.4470529471158
192,49.7,832.0492455965228
192,49.800000000000004,854.1144400147729
192,49.900000000000006,876.9309211803294
192,50.0,893.0574698024253
192,50.1,908.1923289929841
192,50.2,893.0495839012111
192,50.300000000000004,675.6020971303454
192,50.400000000000006,745.4367727314087
192,50.5,903.1131452487396
192,50.6,893.6475657395661
192,50.7,670.6333857116892
192,50.800000000000004,616.6812100888453
192,50.900000000000006,551.9764838453572
192,51.0,671.2241855839034
192,51.1,893.7966840053075
192,51.2,926.7736728157853
192,51.300000000000004,890.1451490446502
192,51.400000000000006,845.9969272340053
192,51.5,842.251072878776
192,51.6,840.3358615660351
192,51.7,832.1646257065808
192,51.800000000000004,816.2042013903151
192,51.900000000000006,815.3648279557718
192,52.0,863.5432352730988
192,52.1,786.9617997742539
192,52.2,706.3193307676189
192,52.300000000000004,802.1905020524304
192,52.400000000000006,887.9903406887955
192,52.5,877.8063477175344
192,52.6,875.9553836981847
192,52.7,859.4250966878441
192,52.800000000000004,856.3618065559963
192,52.900000000000006,869.0964014360035
192,53.0,878.4186084682922
192,53.1,770.4600716734444
192,53.2,745.2872629819951
192,53.300000000000004,786.0039696815733
192,53.400000000000006,686.7604458172002
192,53.5,772.2259986107185
192,53.6,734.943252984336
192,53.7,701.6816329145577
192,53.800000000000004,845.095175619381
192,53.900000000000006,911.553194247509
192,54.0,800.6401501267544
192,54.1,777.6229048409091
192,54.2,747.8669467207719
192,54.300000000000004,760.9361807474576
192,54.400000000000006,905.2260907781377
192,54.5,884.1296490810229
192,54.6,870.7565850828447
192,54.7,887.0720555096397
192,54.800000000000004,858.9009459298171
192,54.900000000000006,762.2394659918458
192,55.0,645.1257778248272
192,55.1,752.942260316625
192,55.2,717.716124679638
192,55.300000000000004,732.4319190237659
192,55.400000000000006,888.2949839135825
192,55.5,740.6581318356538
192,55.6,718.5152428150848
192,55.7,855.147070586784
192,55.800000000000004,850.2210602891041
192,55.900000000000006,748.7658425917704
192,56.0,840.8908838459853
192,56.1,964.4060421610952
192,56.2,913.2079595960645
192,56.300000000000004,885.9207179791897
192,56.400000000000006,872.3729743826215
192,56.5,889.3223453224575
192,56.6,884.335306446141
192,56.7,854.7185511295669
192,56.800000000000004,767.1594977785745
192,56.900000000000006,794.2806051644279
192,57.0,938.8713394086946
192,57.1,924.4399293286801
192,57.2,931.4756639219517
192,57.300000000000004,810.5927529354732
192,57.400000000000006,719.9634752215655
192,57.5,841.0055267819073
192,57.6,876.3521053007476
192,57.7,863.8183483151292
192,57.800000000000004,884.182195934638
192,57.900000000000006,878.4016507880398
192,58.0,818.7481012964686
192,58.1,864.3478520022842
192,58.2,907.8306272339207
192,58.300000000000004,751.2278031227074
192,58.400000000000006,678.5724314770652
192,58.5,845.5936914144298
192,58.6,864.7282762560652
192,58.7,864.3961698096787
192,58.800000000000004,889.3687665686837
192,58.900000000000006,831.6064870953911
192,59.0,759.2398648511562
192,59.1,805.3311423459037
192,59.2,861.7974236635233
192,59.300000000000004,903.3958365446282
192,59.400000000000006,872.2895841739945
192,59.5,843.0387306494174
192,59.6,891.6552195749869
192,59.7,869.5206871274347
192,59.800000000000004,859.3711004049887
192,59.900000000000006,849.8146658356533
192,60.0,753.4019047932136
192,60.1,745.0082042050798
192,60.2,921.2250705423602
192,60.300000000000004,922.9035559516956
192,60.400000000000006,918.5302739091052
192,60.5,907.322249892952
192,60.6,902.7718573289429
192,60.7,851.5973172512679
192,60.800000000000004,815.338699747217
192,60.900000000000006,839.3053774464057
192,61.0,783.1501571639895
192,61.1,724.9659924367744
192,61.2,700.2284778643764
192,61.300000000000004,631.9866306622002
192,61.400000000000006,922.8348938659636
192,61.5,920.7970416475133
192,61.6,902.9152626689785
192,61.7,913.7243769858678
192,61.800000000000004,930.8516880556997
192,61.900000000000006,910.9904770221864
192,62.0,897.3295493993626
192,62.1,838.8522959483508
192,62.2,761.1445351617512
192,62.300000000000004,865.5369010917867
192,62.400000000000006,896.8102699620775
192,62.5,835.2162134864876
192,62.6,765.6324241228539
192,62.7,893.0604347872893
192,62.800000000000004,880.4710757045826
192,62.900000000000006,850.3611359520901
192,63.0,823.2871937989664
192,63.1,811.1011482677305
192,63.2,836.684877549673
192,63.300000000000004,914.213939519917
192,63.400000000000006,884.8474123402916
192,63.5,871.856863349007
192,63.6,858.3202924937835
192,63.7,675.0852231856655
192,63.800000000000004,587.3965443492821
192,63.900000000000006,922.4466053815073
192,64.0,916.2030352459797
192,64.10000000000001,900.319331774995
192,64.2,860.6566885408545
192,64.3,821.1108148373094
192,64.4,820.6211595827529
192,64.5,828.0112842118782
192,64.60000000000001,869.5478476573943
192,64.7,910.1347455683193
192,64.8,889.652209910563
192,64.9,886.026365795182
192,65.0,867.5674627680229
192,65.10000000000001,793.4146584685326
192,65.2,751.2496856177081
192,65.3,863.3279963291264
192,65.4,842.4616179718371
192,65.5,848.0381297507707
192,65.60000000000001,882.3859750406649
192,65.7,906.8074915413613
192,65.8,924.1806600116677
192,65.9,894.2771996874535
192,66.0,813.7666099028877
192,66.10000000000001,844.157949510607
192,66.2,829.8252781161098
192,66.3,857.7608136402421
192,66.4,909.7748342458862
192,66.5,942.2748858774607
192,66.60000000000001,935.0507441369609
192,66.7,917.706924035159
192,66.8,910.0810055626772
192,66.9,889.1365235972518
192,67.0,895.5443697266513
192,67.10000000000001,865.5598478181925
192,67.2,848.592081087648
192,67.3,854.4860145426965
192,67.4,857.2765685403266
192,67.5,867.781600917464
192,67.60000000000001,879.3587773756918
192,67.7,732.6575444813843
192,67.8,593.4402929515329
192,67.9,911.0656260987014
192,68.0,886.8682111375209
192,68.10000000000001,855.6288195436688
192,68.2,860.5655387789417
192,68.3,857.5722477353848
192,68.4,902.540527459742
192,68.5,909.0704318430701
192,68.60000000000001,894.0593096754825
192,68.7,888.1533967822864
192,68.8,877.6529814140632
192,68.9,878.3103781359566
192,69.0,860.6929663741263
192,69.10000000000001,834.7619471029373
192,69.2,840.1108196147381
192,69.3,929.7738837804249
192,69.4,889.0090290345172
192,69.5,881.5263832864671
192,69.60000000000001,866.5013794866694
192,69.7,866.1828516349564
192,69.8,809.9133360947493
192,69.9,914.6554236824601
192,70.0,888.0386104313111
192,70.10000000000001,874.0534033884087
192,70.2,850.8765783847883
192,70.3,819.7827883081136
192,70.4,857.4291206159445
192,70.5,924.7415320774827
192,70.60000000000001,881.6960532754082
192,70.7,875.2733862249776
192,70.8,864.0496426004481
192,70.9,849.9250231899132
192,71.0,894.2427171452526
192,71.10000000000001,932.7864924408958
192,71.2,913.3762395429444
192,71.3,914.1272680510527
192,71.4,880.5331855727727
192,71.5,827.5824471241323
192,71.60000000000001,863.5317516316194
192,71.7,908.5939809925973
192,71.8,939.3858477278723
192,71.9,908.5275913545779
192,72.0,870.2139626535065
192,72.10000000000001,882.4433258473009
192,72.2,885.6316628227288
192,72.3,879.9420602958609
192,72.4,917.0291959313585
192,72.5,917.6921780606558
192,72.60000000000001,871.3609595334152
192,72.7,631.7696254784587
192,72.8,801.0946939359178
192,72.9,886.2364434450171
192,73.0,877.1047342350472
192,73.10000000000001,834.5647790862757
192,73.2,851.2066558231294
192,73.3,905.766507849492
192,73.4,925.9444953719952
192,73.5,899.3101807794435
192,73.60000000000001,820.5919022092705
192,73.7,794.6755604340873
192,73.8,855.8893066735774
192,73.9,940.1520613948732
192,74.0,912.8401386413857
192,74.10000000000001,882.4644810788151
192,74.2,850.8148229574726
192,74.3,832.6273139729556
192,74.4,827.4482960926607
192,74.5,534.9813909007119
192,74.60000000000001,936.5788809079756
192,74.7,897.9859270752962
192,74.8,913.8821702099908
192,74.9,850.1959984219884
192,75.0,849.5271968092945
192,75.10000000000001,919.7242847912715
192,75.2,859.426588558228
192,75.3,518.4527391757639
192,75.4,863.1112866480262
192,75.5,843.9695617944924
192,75.60000000000001,814.0766200520617
192,75.7,789.9217658006966
192,75.8,882.9988890352482
192,75.9,914.9694510131417
192,76.0,863.8103977263253
192,76.10000000000001,846.2659225595254
192,76.2,823.9669437239745
192,76.3,887.4478467090684
192,76.4,683.9027983873212
192,76.5,887.7993366673002
192,76.60000000000001,869.9796929555532
192,76.7,915.0326415396945
192,76.80000000000001,890.2083472369209
192,76.9,800.4478262095911
192,77.0,905.8294380041871
192,77.10000000000001,906.7309188947811
192,77.2,912.1797829054799
192,77.30000000000001,846.3267928825398
192,77.4,887.4861391991105
192,77.5,926.30025192047
192,77.60000000000001,943.9339821054617
192,77.7,919.2213591976157
192,77.80000000000001,856.2958855016698
192,77.9,832.9603044892949
192,78.0,851.2740053828877
192,78.10000000000001,931.1113791419998
192,78.2,881.8246561205095
192,78.30000000000001,883.9573848773204
192,78.4,846.4864338175703
192,78.5,841.8871650408961
192,78.60000000000001,931.3425993863079
192,78.7,845.3883111848555
192,78.80000000000001,884.5110493873416
192,78.9,857.3729284406417
192,79.0,846.3093130561537
192,79.10000000000001,857.3193406026277
192,79.2,903.0811725056329
192,79.30000000000001,743.3446090766832
192,79.4,913.850862897664
192,79.5,832.3559861851522
192,79.60000000000001,945.8987657841037
192,79.7,896.3496410599676
192,79.80000000000001,858.3711995269115
192,79.9,549.5616446677348
192,80.0,956.3643632791128
192,80.10000000000001,911.5095215389939
192,80.2,819.01467231108
192,80.30000000000001,493.3488133769244
192,80.4,407.97874649886444
192,80.5,354.9730125851037
192,80.60000000000001,867.3636473972925
192,80.7,886.602218548108
192,80.80000000000001,931.2362398032487
192,80.9,864.6976944246105
192,81.0,663.4432795685624
192,81.10000000000001,904.0996491155659
192,81.2,909.0543304500959
192,81.30000000000001,548.6710934129328
192,81.4,836.7698347370823
192,81.5,877.2039439783034
192,81.60000000000001,864.3229193576743
192,81.7,865.6537810610633
192,81.80000000000001,872.6809195807825
192,81.9,889.4120279096587
192,82.0,886.3743255362017
192,82.10000000000001,775.5920669426156
192,82.2,828.8487815075488
192,82.30000000000001,894.9849601733678
192,82.4,883.5798354555769
192,82.5,854.8755087954152
192,82.60000000000001,691.4465611791319
192,82.7,884.6380008933718
192,82.80000000000001,415.88858417229574
192,82.9,884.3293406490973
192,83.0,840.1051442389961
192,83.10000000000001,950.2885955055528
192,83.2,935.8419911595815
192,83.30000000000001,958.8003447300841
192,83.4,865.897926973577
192,83.5,393.4892406872706
192,83.60000000000001,816.4028615948181
192,83.7,855.4914404448556
192,83.80000000000001,643.3318318943965
192,83.9,835.730144761581
192,84.0,947.1040399610995
192,84.10000000000001,932.6299127267005
192,84.2,957.5351973274077
192,84.30000000000001,968.2467531668103
192,84.4,716.8227872211233
192,84.5,846.1896489245161
192,84.60000000000001,927.0321975886814
192,84.7,876.2315227515529
192,84.80000000000001,914.4367212798289
192,84.9,905.2946816305339
192,85.0,899.0262072083219
192,85.10000000000001,891.886591562143
192,85.2,899.4685782195203
192,85.30000000000001,891.9822143881729
192,85.4,875.6052727730982
192,85.5,867.6660364776459
192,85.60000000000001,910.9451380812824
192,85.7,866.0144254893968
192,85.80000000000001,892.0330892915106
192,85.9,867.965830384461
192,86.0,634.5166686897365
192,86.10000000000001,579.1592749557142
192,86.2,915.6995821757602
192,86.30000000000001,953.1277020237544
192,86.4,868.2083953137767
192,86.5,937.1456994308292
192,86.60000000000001,924.1900257147054
192,86.7,844.9342617639609
192,86.80000000000001,868.5205787072704
192,86.9,860.1751391609033
192,87.0,822.428445768954
192,87.10000000000001,529.739236663198
192,87.2,792.317896838625
192,87.30000000000001,920.2038698156287
192,87.4,935.5200940864357
192,87.5,924.2437480908394
192,87.60000000000001,942.544980273052
192,87.7,947.3265561154551
192,87.80000000000001,930.1647459767412
192,87.9,918.2429803633828
192,88.0,865.2867622626403
192,88.10000000000001,866.1755986442948
192,88.2,889.8125863075776
192,88.30000000000001,877.5059099959784
192,88.4,662.3997988861063
192,88.5,895.8691095053574
192,88.60000000000001,930.2354857548402
192,88.7,899.0927163018818
192,88.80000000000001,614.6068467345361
192,88.9,840.4148326053943
192,89.0,676.1392925268108
192,89.10000000000001,821.1922254032114
192,89.2,607.4054892779558
192,89.30000000000001,621.8307652051805
192,89.4,825.8779749472467
192,89.5,893.4037497082986
192,89.60000000000001,889.8987586720039
192,89.7,868.10770841548
192,89.80000000000001,857.3098167129585
192,89.9,820.5026773889642
192,90.0,882.951829214028
192,90.10000000000001,879.7566047246214
192,90.2,885.3197131395906
192,90.30000000000001,868.2682033985619
192,90.4,828.1361001684807
192,90.5,836.0989425471905
192,90.60000000000001,861.9254161599006
192,90.7,627.1624596950369
192,90.80000000000001,854.488800903473
192,90.9,852.4966707606294
192,91.0,898.351293618359
192,91.10000000000001,893.4375662319453
192,91.2,775.9975372742889
192,91.30000000000001,814.7144859514907
192,91.4,867.3617255800709
192,91.5,643.7841997713415
192,91.60000000000001,817.2200607280613
192,91.7,891.0271988917577
192,91.80000000000001,923.3631538536144
192,91.9,949.6824060605209
192,92.0,952.6848230873748
192,92.10000000000001,917.3506573480934
192,92.2,890.8745241816753
192,92.30000000000001,902.4591575839357
192,92.4,879.450850482964
192,92.5,927.5996157969213
192,92.60000000000001,867.77605264651
192,92.7,875.6733930080916
192,92.80000000000001,848.1496249099657
192,92.9,851.4987802769939
192,93.0,915.1248025190572
192,93.10000000000001,962.2096932959889
192,93.2,930.4375079479317
192,93.30000000000001,620.6155723438527
192,93.4,816.9444782293214
192,93.5,875.0542753278052
192,93.60000000000001,877.6543337052663
192,93.7,879.3523596074544
192,93.80000000000001,877.2126101379324
192,93.9,854.4388619045334
192,94.0,835.6210416790726
192,94.10000000000001,888.7930051133612
192,94.2,788.0709102716562
192,94.30000000000001,739.3549113384851
192,94.4,797.3664068370797
192,94.5,921.7579372998932
192,94.60000000000001,688.2366726352544
192,94.7,784.4907494750427
192,94.80000000000001,852.4500179017838
192,94.9,824.0716076141397
192,95.0,863.7863300187929
192,95.10000000000001,809.6454434573935
192,95.2,888.9417032961001
192,95.30000000000001,850.2652843106268
192,95.4,910.4208868057541
192,95.5,917.3598676073315
192,95.60000000000001,895.3578061656945
192,95.7,919.6641541744162
192,95.80000000000001,729.7367680576448
192,95.9,812.0493115175486
192,96.0,856.1714570468184
192,96.10000000000001,852.9795645664756
192,96.2,826.3876052636584
192,96.30000000000001,850.6900841267988
192,96.4,898.0814441092159
192,96.5,889.4242766968697
192,96.60000000000001,789.6687684071505
192,96.7,794.360827603393
192,96.80000000000001,856.86212629373
192,96.9,903.5963372097422
192,97.0,846.5607528444284
192,97.10000000000001,834.37535804908
192,97.2,733.1217032887782
192,97.30000000000001,857.9043336530227
192,97.4,895.4208046537854
192,97.5,857.2405972856714
192,97.60000000000001,802.5837272610748
192,97.7,738.9245230222414
192,97.80000000000001,628.8482087618074
192,97.9,771.0319219194334
192,98.0,926.6079819923737
192,98.10000000000001,885.6593805468167
192,98.2,869.7830697410398
192,98.30000000000001,838.7864311404542
192,98.4,828.3004531062544
192,98.5,836.3266326653106
192,98.60000000000001,739.8342342375439
192,98.7,595.8608489490392
192,98.80000000000001,783.4239628558544
192,98.9,863.4885857933824
192,99.0,817.1501630742403
192,99.10000000000001,820.8023313570668
192,99.2,842.9133505168729
192,99.30000000000001,890.597849383723
192,99.4,852.732068433855
192,99.5,898.3681900616206
192,99.60000000000001,900.00704976403
192,99.7,919.5325465476178
192,99.80000000000001,880.9890244494993
192,99.9,858.1202629790381
192,100.0,822.477882339072
192,100.10000000000001,820.6500337435966
192,100.2,939.9835602624129
192,100.30000000000001,871.8760452341841
192,100.4,797.4830527571136
192,100.5,852.9580730327447
192,100.60000000000001,887.0499894197062
192,100.7,866.2534188667549
192,100.80000000000001,882.4062404682618
192,100.9,844.7380077252805
192,101.0,575.3778425918426
192,101.10000000000001,783.2422202726217
192,101.2,903.3199584527243
192,101.30000000000001,971.9605078130132
192,101.4,948.8111178039961
192,101.5,924.1453008290274
192,101.60000000000001,852.1602292491582
192,101.7,835.997447024099
192,101.80000000000001,848.5890564811092
192,101.9,648.1142614517827
192,102.0,428.691370088738
192,102.10000000000001,628.013297593084
192,102.2,816.4076160923817
192,102.30000000000001,735.275135249272
192,102.4,741.8998799367041
192,102.5,688.1988111868
192,102.60000000000001,505.5195789644755
192,102.7,669.2302006883459
192,102.80000000000001,629.3604860687443
192,102.9,673.4523113751853
192,103.0,882.9501810059832
192,103.10000000000001,783.9604270115042
192,103.2,822.0525742024508
192,103.30000000000001,872.1607942218446
192,103.4,916.4489797934453
192,103.5,882.1997650727403
192,103.60000000000001,816.823944779311
192,103.7,915.000978481373
192,103.80000000000001,960.0041629891375
192,103.9,980.9387235676826
256,0.0,929.082
256,0.1,612.87695734295
256,0.2,943.5608089432172
256,0.30000000000000004,614.6311924919403
256,0.4,276.28757148689556
256,0.5,216.04399876805994
256,0.6000000000000001,215.1688389572377
256,0.7000000000000001,213.5719027879319
256,0.8,765.7430147558194
256,0.9,1063.3237233535588
256,1.0,862.5326301063235
256,1.1,871.6846960646948
256,1.2000000000000002,824.9841560986065
256,1.3,895.3688923135816
256,1.4000000000000001,621.8720741867629
256,1.5,559.91609840024
256,1.6,591.0292703802075
256,1.7000000000000002,526.6501898779154
256,1.8,525.8681027544112
256,1.9000000000000001,826.4522619357425
256,2.0,888.445625467799
256,2.1,1076.6462888751503
256,2.2,783.3481896742252
256,2.3000000000000003,898.4957460560953
256,2.4000000000000004,774.9554214623126
256,2.5,814.3472975538526
256,2.6,915.0686925058839
256,2.7,641.6452770798489
256,2.8000000000000003,765.2519510317412
256,2.9000000000000004,667.4285052506988
256,3.0,850.7676214482454
256,3.1,893.0599439953145
256,3.2,879.046263000038
256,3.3000000000000003,931.141515683095
256,3.4000000000000004,942.259915971405
256,3.5,912.6853706139516
256,3.6,921.6079170164469
256,3.7,914.612348132534
256,3.8000000000000003,805.4718444874031
256,3.9000000000000004,663.1270496107489
256,4.0,836.3533926099472
256,4.1000000000000005,886.374253992881
256,4.2,864.4720695860183
256,4.3,691.1259168700212
256,4.4,581.6166225619709
256,4.5,849.7832472526557
256,4.6000000000000005,916.5119338342641
256,4.7,897.6536303813846
256,4.800000000000001,910.6242972608321
256,4.9,875.8983333965314
256,5.0,889.5152637381694
256,5.1000000000000005,941.0139962437427
256,5.2,877.0820001199028
256,5.300000000000001,860.4906551546541
256,5.4,836.2741297901032
256,5.5,887.5453408026812
256,5.6000000000000005,884.1111821576218
256,5.7,897.5550843489657
256,5.800000000000001,890.1851125467115
256,5.9,628.497567949821
256,6.0,801.1134645406031
256,6.1000000000000005,963.0038458338491
256,6.2,950.0011944424859
256,6.300000000000001,918.8165431789319
256,6.4,852.2019929755692
256,6.5,886.0033004161866
256,6.6000000000000005,894.5305667599328
256,6.7,889.1306504517304
256,6.800000000000001,845.4794850319398
256,6.9,914.3784884915301
256,7.0,847.1529524308467
256,7.1000000000000005,892.2082314149517
256,7.2,884.0361625055673
256,7.300000000000001,887.4365735867308
256,7.4,901.5635444837229
256,7.5,945.825724888333
256,7.6000000000000005,911.2013905456046
256,7.7,864.8568593616014
256,7.800000000000001,906.5875252773741
256,7.9,946.8592058166932
256,8.0,912.9869440980475
256,8.1,771.70089921967
256,8.200000000000001,838.9392891033892
256,8.3,920.515953860722
256,8.4,952.9332735378908
256,8.5,924.9729846048319
256,8.6,830.4680305563103
256,8.700000000000001,833.4804333890237
256,8.8,882.47205947707
256,8.9,769.6567455733607
256,9.0,812.7176327450985
256,9.1,847.2908197651698
256,9.200000000000001,884.9728833646851
256,9.3,863.5151102372665
256,9.4,881.1372907809294
256,9.5,924.473355156126
256,9.600000000000001,958.137111026443
256,9.700000000000001,904.7517841603083
256,9.8,920.798367305218
256,9.9,886.2047145334475
256,10.0,877.8147758899098
256,10.100000000000001,914.210657280139
256,10.200000000000001,946.4385976483367
256,10.3,926.9387595758543
256,10.4,903.1287443292105
256,10.5,837.6287276618652
256,10.600000000000001,870.7625963945096
256,10.700000000000001,955.6839527774409
256,10.8,931.4774192389136
256,10.9,778.1338905192243
256,11.0,670.2914633162143
256,11.100000000000001,802.3189788721182
256,11.200000000000001,910.1359346362351
256,11.3,937.530864005803
256,11.4,965.0862228622315
256,11.5,899.5504290892981
256,11.600000000000001,878.1598826309757
256,11.700000000000001,925.9377586563792
256,11.8,904.7330113045873
256,11.9,894.9384155203537
256,12.0,896.7202549098454
256,12.100000000000001,926.9859234367639
256,12.200000000000001,945.5224177480179
256,12.3,964.796546403578
256,12.4,967.6157092894117
256,12.5,947.0423722817499
256,12.600000000000001,917.1597831126413
256,12.700000000000001,761.8552639185931
256,12.8,819.6672741816677
256,12.9,946.3210063792263
256,13.0,958.0216911743337
256,13.100000000000001,926.7321985757058
256,13.200000000000001,878.1467531490882
256,13.3,884.4509112253025
256,13.4,911.983310561847
256,13.5,894.9123468867853
256,13.600000000000001,719.823095493638
256,13.700000000000001,756.8672772640309
256,13.8,886.9413388721096
256,13.9,942.013960328123
256,14.0,964.1596255805424
256,14.100000000000001,946.0519726883891
256,14.200000000000001,1002.5001447303122
256,14.3,968.003642976674
256,14.4,926.7836780636635
256,14.5,781.12565028508
256,14.600000000000001,804.8001841868415
256,14.700000000000001,926.1056344366033
256,14.8,934.3113788945204
256,14.9,1005.754248578573
256,15.0,754.5264192196312
256,15.100000000000001,758.3633821549329
256,15.200000000000001,941.3902185122475
256,15.3,946.5584019406074
256,15.4,965.4739489894926
256,15.5,950.7995993992438
256,15.600000000000001,929.4849034672593
256,15.700000000000001,956.3858916314559
256,15.8,913.6524387058959
256,15.9,716.4585434208386
256,16.0,728.5097215379521
256,16.1,891.1426408029126
256,16.2,892.7344707835242
256,16.3,912.246397288647
256,16.400000000000002,918.5992674318529
256,16.5,887.753825868632
256,16.6,853.4001601490241
256,16.7,882.0123465863712
256,16.8,943.4197674306255
256,16.900000000000002,970.8761406830703
256,17.0,974.9299327970241
256,17.1,936.1543936784038
256,17.2,919.2372281018309
256,17.3,939.9576977281231
256,17.400000000000002,967.6065084708943
256,17.5,948.6102769897388
256,17.6,941.0311689150765
256,17.7,972.039804613295
256,17.8,964.689768497161
256,17.900000000000002,885.7882681679814
256,18.0,907.9166466717943
256,18.1,938.9046051998214
256,18.2,914.8778497730938
256,18.3,790.85502932401
256,18.400000000000002,828.6790749710068
256,18.5,975.619978726544
256,18.6,882.1572812167276
256,18.7,919.0272059108786
256,18.8,932.6418609409916
256,18.900000000000002,886.8332642786341
256,19.0,945.1402776692553
256,19.1,934.8276553573322
256,19.200000000000003,937.0774729927523
256,19.3,913.272369785541
256,19.400000000000002,896.1494156595953
256,19.5,954.8460372363861
256,19.6,940.0854449646042
256,19.700000000000003,928.1457839995987
256,19.8,922.2995852795943
256,19.900000000000002,978.516050906883
256,20.0,1020.3854649692876
256,20.1,868.1485077683822
256,20.200000000000003,791.2629662645003
256,20.3,981.957371708626
256,20.400000000000002,995.8186996095131
256,20.5,996.452623495732
256,20.6,852.5587934125451
256,20.700000000000003,733.5745829198526
256,20.8,919.0373675106507
256,20.900000000000002,969.4347780705612
256,21.0,913.3383507673177
256,21.1,802.7415201425409
256,21.200000000000003,866.2780262149557
256,21.3,973.6832788694338
256,21.400000000000002,937.1084201389004
256,21.5,916.0933738946326
256,21.6,859.7784060805269
256,21.700000000000003,897.2701304015892
256,21.8,893.2603686232627
256,21.900000000000002,901.122997435928
256,22.0,926.5934815850417
256,22.1,937.9630846852162
256,22.200000000000003,891.0987186647475
256,22.3,786.084130609949
256,22.400000000000002,777.4778387747973
256,22.5,937.2137977520061
256,22.6,965.3277449291938
256,22.700000000000003,937.1674284559997
256,22.8,892.6278537831989
256,22.900000000000002,919.641209712967
256,23.0,919.1482254032882
256,23.1,943.6023102386063
256,23.200000000000003,934.972005480671
256,23.3,867.7146507408211
256,23.400000000000002,746.6872594097467
256,23.5,626.0666216283166
256,23.6,661.5344153459997
256,23.700000000000003,907.6086482923436
256,23.8,1011.6648291098505
256,23.900000000000002,939.2812178033192
256,24.0,919.4311784380596
256,24.1,960.6815573366096
256,24.200000000000003,920.2894262957916
256,24.3,917.4060638726785
256,24.400000000000002,924.5757040832636
256,24.5,956.1939708747809
256,24.6,862.9753515189999
256,24.700000000000003,872.2473737741468
256,24.8,869.9043955694393
256,24.900000000000002,875.7341667305187
256,25.0,889.957067542205
256,25.1,880.5594179682126
256,25.200000000000003,873.5548368332668
256,25.3,840.374539741863
256,25.400000000000002,859.9461534547647
256,25.5,886.9046243523562
256,25.6,844.643611474479
256,25.700000000000003,810.5758294595277
256,25.8,855.3782239402028
256,25.900000000000002,817.9835232799056
256,26.0,833.4787759434693
256,26.1,886.7498454199141
256,26.200000000000003,812.7871444525385
256,26.3,776.2861893516849
256,26.400000000000002,921.3480814858924
256,26.5,905.8073622156385
256,26.6,860.9751651438403
256,26.700000000000003,924.592229285212
256,26.8,811.2090000944886
256,26.900000000000002,641.4370541293908
256,27.0,866.4617463324747
256,27.1,877.6777987634216
256,27.200000000000003,930.4975566422788
256,27.3,914.6806332230508
256,27.400000000000002,866.8281016238449
256,27.5,953.6433106218153
256,27.6,915.5958660274157
256,27.700000000000003,948.6043840477784
256,27.8,959.5493902859416
256,27.900000000000002,898.6869549598459
256,28.0,954.2403152936699
256,28.1,965.131970299761
256,28.200000000000003,961.1530884370263
256,28.3,903.113141303732
256,28.400000000000002,865.2047696567206
256,28.5,869.5250679926852
256,28.6,894.844997876128
256,28.700000000000003,967.9404942721205
256,28.8,941.6631389111022
256,28.900000000000002,905.7577798108674
256,29.0,936.4028276643775
256,29.1,854.5304580829393
256,29.200000000000003,642.8784146616053
256,29.3,702.202152626134
256,29.400000000000002,921.8320914169328
256,29.5,733.9299812086193
256,29.6,730.819972022019
256,29.700000000000003,917.9039394567608
256,29.8,950.8855298674949
256,29.900000000000002,908.6829597875934
256,30.0,793.923329577733
256,30.1,656.42920972954
256,30.200000000000003,872.6314324830871
256,30.3,976.8044058228286
256,30.400000000000002,964.9914084693338
256,30.5,976.3936328614893
256,30.6,938.9020940596297
256,30.700000000000003,917.6176956745251
256,30.8,908.8381365222361
256,30.900000000000002,968.1670196599824
256,31.0,904.2327358276698
256,31.1,894.6297935561217
256,31.200000000000003,972.1295728202064
256,31.3,913.4144030898364
256,31.400000000000002,946.5139125723971
256,31.5,986.1625345252216
256,31.6,959.0811795086541
256,31.700000000000003,981.4072361969727
256,31.8,947.6503674950211
256,31.900000000000002,929.4602562020546
256,32.0,949.6886359248972
256,32.1,985.1697911136736
256,32.2,1008.5744011942892
256,32.300000000000004,962.7421759396244
256,32.4,849.8144313535366
256,32.5,732.879778657406
256,32.6,936.3571502231946
256,32.7,1042.337999119878
256,32.800000000000004,907.7285512305725
256,32.9,897.5293813416273
256,33.0,975.6887797111184
256,33.1,965.0014672527625
256,33.2,883.7879621932118
256,33.300000000000004,741.2951405903036
256,33.4,974.9446749570815
256,33.5,961.856013116808
256,33.6,943.6721192640804
256,33.7,883.9562462263709
256,33.800000000000004,922.2979373181764
256,33.9,946.4087826412982
256,34.0,813.4360793607761
256,34.1,886.9932266758649
256,34.2,863.9691388718502
256,34.300000000000004,962.3302928180422
256,34.4,948.5679330085183
256,34.5,931.5603248601473
256,34.6,914.822927629492
256,34.7,988.8520263675799
256,34.800000000000004,1009.0597966596829
256,34.9,894.8413105968407
256,35.0,983.492953094523
256,35.1,935.2786498440593
256,35.2,881.8027153179673
256,35.300000000000004,916.1947858496785
256,35.4,960.7774421406149
256,35.5,940.1971547131708
256,35.6,933.3858559940662
256,35.7,947.7870905183172
256,35.800000000000004,1005.6091100347488
256,35.9,968.0537726234152
256,36.0,940.250468491989
256,36.1,944.2360279107002
256,36.2,977.9865201864246
256,36.300000000000004,944.5911656116991
256,36.4,929.3162726252771
256,36.5,922.400427094002
256,36.6,710.3347928299602
256,36.7,920.814494770785
256,36.800000000000004,967.4157596373733
256,36.9,972.5040387489514
256,37.0,857.4689562976138
256,37.1,975.3759640123637
256,37.2,943.3530297530243
256,37.300000000000004,905.7130960623381
256,37.4,894.9323470153536
256,37.5,966.9425102383062
256,37.6,715.4811565843792
256,37.7,924.960583266359
256,37.800000000000004,956.3971389990099
256,37.9,780.168320856116
256,38.0,661.261975587091
256,38.1,887.0931189542499
256,38.2,966.4592943934736
256,38.300000000000004,902.0084435306377
256,38.400000000000006,967.6758360501542
256,38.5,930.8255874671332
256,38.6,957.3280304514154
256,38.7,1019.4975239887775
256,38.800000000000004,967.3434108240712
256,38.900000000000006,962.8206015661926
256,39.0,873.9042124372326
256,39.1,946.7686723350415
256,39.2,894.5527934990084
256,39.300000000000004,873.6883130389323
256,39.400000000000006,940.8251277854155
256,39.5,977.9990813692187
256,39.6,980.5296142769307
256,39.7,776.3323255951617
256,39.800000000000004,931.340703124445
256,39.900000000000006,714.1884531593198
256,40.0,956.3888546369193
256,40.1,884.5316907173908
256,40.2,883.8139498103266
256,40.300000000000004,987.9816551457344
256,40.400000000000006,977.187362866918
256,40.5,930.1298238615266
256,40.6,944.2251696206166
256,40.7,685.7666806165524
256,40.800000000000004,828.5771550407237
256,40.900000000000006,893.0511952582409
256,41.0,862.3320973789818
256,41.1,567.5354945656218
256,41.2,969.0287953772751
256,41.300000000000004,954.5864548583592
256,41.400000000000006,963.1988799981906
256,41.5,966.1927455818352
256,41.6,946.4050342086754
256,41.7,985.4899326331014
256,41.800000000000004,989.9136296239008
256,41.900000000000006,950.8942456811235
256,42.0,902.9670362003856
256,42.1,996.7220827036267
256,42.2,994.0367143998757
256,42.300000000000004,983.3524030360925
256,42.400000000000006,1065.3602961675485
256,42.5,889.4860740258163
256,42.6,960.1240345441302
256,42.7,917.4411007937784
256,42.800000000000004,955.226240388178
256,42.900000000000006,926.1922188070382
256,43.0,938.0791067781093
256,43.1,889.0912782048712
256,43.2,1041.777711958225
256,43.300000000000004,934.906276110829
256,43.400000000000006,919.9116824694839
256,43.5,794.751596099002
256,43.6,993.0692347788796
256,43.7,883.7409889568098
256,43.800000000000004,885.2726938515103
256,43.900000000000006,934.8074225465892
256,44.0,878.7827252062577
256,44.1,665.9908798633016
256,44.2,944.3585087932616
256,44.300000000000004,921.1527440421509
256,44.400000000000006,844.2143648654618
256,44.5,934.199090424202
256,44.6,941.8062702569583
256,44.7,919.5922298640447
256,44.800000000000004,1005.2628601257896
256,44.900000000000006,959.2737470580641
256,45.0,907.6078991256477
256,45.1,885.3611472019427
256,45.2,861.6351221532129
256,45.300000000000004,960.4260707062813
256,45.400000000000006,923.3629105153764
256,45.5,955.4245146355962
256,45.6,942.1683473932516
256,45.7,891.6752061254363
256,45.800000000000004,998.6814335840145
256,45.900000000000006,965.9170095937934
256,46.0,944.4360576095668
256,46.1,921.6314625263034
256,46.2,1009.4598700985474
256,46.300000000000004,1012.0739951259832
256,46.400000000000006,945.1079115253722
256,46.5,874.5371514363546
256,46.6,973.2116331119531
256,46.7,778.5199857989909
256,46.800000000000004,991.4160138393524
256,46.900000000000006,759.8797959406074
256,47.0,888.7801858217737
256,47.1,995.1594425710939
256,47.2,965.9427512875175
256,47.300000000000004,904.6258637168199
256,47.400000000000006,880.0820616504391
256,47.5,963.2957922778764
256,47.6,826.3828162053225
256,47.7,975.1116534192752
256,47.800000000000004,802.9415722266208
256,47.900000000000006,875.0753824214273
256,48.0,993.1033593112877
256,48.1,884.9724824703767
256,48.2,986.3724296847843
256,48.300000000000004,975.4468068948471
256,48.400000000000006,979.6846783921466
256,48.5,929.8051157849607
256,48.6,1016.6896447917574
256,48.7,1004.7162197502661
256,48.800000000000004,967.5319538169176
256,48.900000000000006,887.1236017681953
256,49.0,747.8724309347828
256,49.1,939.1606774095885
256,49.2,963.9646752742142
256,49.300000000000004,991.3758497177438
256,49.400000000000006,960.5252283907022
256,49.5,936.9165167858349
256,49.6,1007.9548449550584
256,49.7,968.0663147282451
256,49.800000000000004,963.2278813196178
256,49.900000000000006,889.8845480797476
256,50.0,980.95836747285
256,50.1,972.8058492038044
256,50.2,897.5471918777743
256,50.300000000000004,965.362856307034
256,50.400000000000006,971.1245397664354
256,50.5,933.3614066969851
256,50.6,968.8029965411995
256,50.7,974.484150280844
256,50.800000000000004,884.7212965509332
256,50.900000000000006,726.518636536845
256,51.0,732.8629792733769
256,51.1,386.1065916738788
256,51.2,776.4611474336166
256,51.300000000000004,899.717783453888
256,51.400000000000006,927.309423723221
256,51.5,891.0134124450519
256,51.6,905.7008410225512
256,51.7,882.3477642145573
256,51.800000000000004,988.9745432673028
256,51.900000000000006,996.9587952964808
256,52.0,932.8480651055437
256,52.1,913.5694272996524
256,52.2,974.126892034456
256,52.300000000000004,995.1220740644771
256,52.400000000000006,927.9946506719778
256,52.5,897.1367449760503
256,52.6,987.1942301636335
256,52.7,989.3524461627842
256,52.800000000000004,943.6913897054775
256,52.900000000000006,901.1411750300097
256,53.0,963.917928381887
256,53.1,1018.5170955083504
256,53.2,692.3617823847999
256,53.300000000000004,880.0707430148873
256,53.400000000000006,720.1807832636921
256,53.5,883.36031912975
256,53.6,565.1526622400129
256,53.7,885.0254745112177
256,53.800000000000004,950.6006327438873
256,53.900000000000006,962.0235676054106
256,54.0,941.176211936848
256,54.1,965.9973542681396
256,54.2,611.833187747565
256,54.300000000000004,851.8086131863131
256,54.400000000000006,966.869906438819
256,54.5,956.45650073249
256,54.6,882.2418708011443
256,54.7,965.8749918110109
256,54.800000000000004,1001.215665305695
256,54.900000000000006,955.4195013635128
256,55.0,908.0537316533389
256,55.1,929.842412827482
256,55.2,954.5975372988889
256,55.300000000000004,930.491694545453
256,55.400000000000006,921.5745047427935
256,55.5,921.9257764730502
256,55.6,993.80507998571
256,55.7,933.0945002886648
256,55.800000000000004,969.6951417635707
256,55.900000000000006,993.2129913202867
256,56.0,901.1651944224151
256,56.1,964.1255667410503
256,56.2,991.9579149593175
256,56.300000000000004,958.1310583555116
256,56.400000000000006,958.9163526517502
256,56.5,992.2870221429287
256,56.6,979.1503884737232
256,56.7,949.9491655812398
256,56.800000000000004,956.1137005414358
256,56.900000000000006,945.8245371822378
256,57.0,980.5198082348737
256,57.1,928.2221747047253
256,57.2,859.5272612443453
256,57.300000000000004,890.0834094519981
256,57.400000000000006,949.361488701603
256,57.5,934.9457689172417
256,57.6,911.4974088041635
256,57.7,976.9971848280645
256,57.800000000000004,983.8997988149194
256,57.900000000000006,960.6056896029513
256,58.0,975.2997798265029
256,58.1,962.5413477380113
256,58.2,933.8318388126487
256,58.300000000000004,913.6385276185298
256,58.400000000000006,977.9872582668535
256,58.5,951.6584691674339
256,58.6,909.6260292112571
256,58.7,964.969627654641
256,58.800000000000004,933.7150495069178
256,58.900000000000006,959.8523874325867
256,59.0,977.9607251290223
256,59.1,939.5811689624007
256,59.2,727.6434918759195
256,59.300000000000004,819.7446747834725
256,59.400000000000006,982.757314747632
256,59.5,998.2034240133381
256,59.6,975.670972079409
256,59.7,929.50381321421
256,59.800000000000004,968.3484680973739
256,59.900000000000006,987.1101943940143
256,60.0,809.727918845614
256,60.1,910.8808354500605
256,60.2,994.1165200208069
256,60.300000000000004,926.5328407860776
256,60.400000000000006,899.5006651462062
256,60.5,948.2223533158406
256,60.6,924.0682484212723
256,60.7,951.6767486876445
256,60.800000000000004,986.6355743979088
256,60.900000000000006,985.0212544083562
256,61.0,872.8955992586099
256,61.1,942.8076912900261
256,61.2,996.2873182798924
256,61.300000000000004,956.4926032666298
256,61.400000000000006,967.4579060972103
256,61.5,985.9157970368253
256,61.6,980.456084466054
256,61.7,911.0797767456115
256,61.800000000000004,883.3708016583317
256,61.900000000000006,963.4993411973835
256,62.0,1004.5183938436915
256,62.1,812.1422802667043
256,62.2,861.1250779159537
256,62.300000000000004,968.352601598883
256,62.400000000000006,955.7049434260305
256,62.5,968.218062334492
256,62.6,936.6578049032801
256,62.7,918.1664641939029
256,62.800000000000004,938.3798451648796
256,62.900000000000006,858.7285185125132
256,63.0,940.2023662719653
256,63.1,964.3623214207447
256,63.2,920.7109004522794
256,63.300000000000004,974.9447031442719
256,63.400000000000006,996.5112380020396
256,63.5,906.2037877323323
256,63.6,965.7528096725118
256,63.7,1010.1607327823631
256,63.800000000000004,925.8995318564008
256,63.900000000000006,947.8495082668376
256,64.0,953.6597501321862
256,64.10000000000001,911.0804098044368
256,64.2,944.976159904539
256,64.3,940.5078363230092
256,64.4,911.1105428199147
256,64.5,940.7945895085865
256,64.60000000000001,900.9152911370941
256,64.7,798.3679608961904
256,64.8,861.2331759958035
256,64.9,954.1349967651321
256,65.0,935.7969796622602
256,65.10000000000001,945.6513624648202
256,65.2,921.3081843924376
256,65.3,964.0456433190498
256,65.4,651.5057309174753
256,65.5,761.0458655635889
256,65.60000000000001,936.5334966304349
256,65.7,923.6526907651353
256,65.8,935.1666516742063
256,65.9,928.0375693209388
256,66.0,798.0453514316315
256,66.10000000000001,857.5667714167521
256,66.2,991.3609154448621
256,66.3,1003.354572306923
256,66.4,990.1321179283601
256,66.5,925.7302992172403
256,66.60000000000001,941.8475347463706
256,66.7,930.6156695314966
256,66.8,897.513744861244
256,66.9,938.6448370695583
256,67.0,929.4411344414725
256,67.10000000000001,951.2881630117196
256,67.2,956.8103410682558
256,67.3,940.0757162819363
256,67.4,833.1016007545974
256,67.5,624.6138473373908
256,67.60000000000001,795.4941719615194
256,67.7,993.7315186996457
256,67.8,973.4299684441595
256,67.9,980.4185866384353
256,68.0,954.1630376530525
256,68.10000000000001,973.2190931206089
256,68.2,983.1269292296571
256,68.3,862.1889110099585
256,68.4,877.3719092752491
256,68.5,962.9955086760688
256,68.60000000000001,972.0616538294914
256,68.7,1054.7457313984353
256,68.8,962.1533761646203
256,68.9,826.265560337444
256,69.0,706.8941004261106
256,69.10000000000001,613.8447681659237
256,69.2,779.5102452061736
256,69.3,949.6628682380705
256,69.4,990.568083118609
256,69.5,970.1488531893963
256,69.60000000000001,965.0291400048598
256,69.7,982.8432761436004
256,69.8,979.2246977244863
256,69.9,929.4793161387084
256,70.0,938.3831769617021
256,70.10000000000001,987.6956766237178
256,70.2,946.7469255537551
256,70.3,963.4203074417602
256,70.4,999.4344342225919
256,70.5,932.0071281909571
256,70.60000000000001,934.8451064843676
256,70.7,922.0021428176636
256,70.8,903.8221403054
256,70.9,979.5994410835757
256,71.0,956.5131855007262
256,71.10000000000001,917.6290747796015
256,71.2,944.805191934857
256,71.3,987.8626768307588
256,71.4,937.8544875936177
256,71.5,943.4321484397854
256,71.60000000000001,976.0105790037281
256,71.7,921.3342564752692
256,71.8,948.0387884359832
256,71.9,972.1054902629512
256,72.0,949.1263904693845
256,72.10000000000001,980.8137799817989
256,72.2,927.8975627613117
256,72.3,913.0730676260275
256,72.4,983.655462948648
256,72.5,993.9283460813807
256,72.60000000000001,934.3199681837418
256,72.7,915.7234017040249
256,72.8,960.503148333982
256,72.9,987.2966834788664
256,73.0,984.952691424888
256,73.10000000000001,998.2498742353571
256,73.2,1020.9783604842161
256,73.3,1051.6921472304382
256,73.4,974.8844604838895
256,73.5,955.7775765437591
256,73.60000000000001,982.6446174402085
256,73.7,984.5702248841351
256,73.8,954.8371978474378
256,73.9,910.6199782261691
256,74.0,930.8898062714766
256,74.10000000000001,914.6506209663038
256,74.2,955.3543300832248
256,74.3,980.6001234119203
256,74.4,940.2494239443738
256,74.5,968.5998244566589
256,74.60000000000001,994.6981487930518
256,74.7,1002.1881813375874
256,74.8,802.069577373632
256,74.9,679.0346462642816
256,75.0,870.3916982880037
256,75.10000000000001,842.3309829764452
256,75.2,955.5871746215583
256,75.3,964.1014511583948
256,75.4,900.3044160062614
256,75.5,902.0446141731534
256,75.60000000000001,945.7176110856531
256,75.7,945.3505157018192
256,75.8,967.2081026897761
256,75.9,947.9601087686428
256,76.0,936.3916229185488
256,76.10000000000001,919.7852129306075
256,76.2,939.4200743739764
256,76.3,968.5880269765615
256,76.4,928.6638580627563
256,76.5,996.2020993542095
256,76.60000000000001,977.72820391384
256,76.7,1007.8167320845843
256,76.80000000000001,974.2130530158569
256,76.9,948.2800044392626
256,77.0,963.9897895170528
256,77.10000000000001,942.0652398597452
256,77.2,1002.2349395490019
256,77.30000000000001,977.6641442158749
256,77.4,992.1963852887444
256,77.5,973.3992691606818
256,77.60000000000001,948.8343590488381
256,77.7,956.9538276914933
256,77.80000000000001,931.9055861055327
256,77.9,949.0096361754352
256,78.0,916.7821605225607
256,78.10000000000001,986.2199019366913
256,78.2,963.1347992716841
256,78.30000000000001,971.8677617918795
256,78.4,960.2575810747086
256,78.5,900.3961538697913
256,78.60000000000001,989.7938767057072
256,78.7,964.5022626412442
256,78.80000000000001,932.9688534735672
256,78.9,851.4527777804789
256,79.0,952.1221324449059
256,79.10000000000001,970.7080789270095
256,79.2,949.140115076139
256,79.30000000000001,966.4222848440668
256,79.4,949.6155590935662
256,79.5,989.2920084037817
256,79.60000000000001,949.788078374289
256,79.7,984.3732032712842
256,79.80000000000001,977.2273151519678
256,79.9,1007.6377850940474
256,80.0,1004.3085169812579
256,80.10000000000001,1018.134605320147
256,80.2,993.1721172373595
256,80.30000000000001,908.3508527555578
256,80.4,907.7271854804791
256,80.5,974.661592580797
256,80.60000000000001,1004.8379213774753
256,80.7,943.8578847886562
256,80.80000000000001,926.9290729127664
256,80.9,952.5158186649476
256,81.0,914.9900736675622
256,81.10000000000001,951.644238553981
256,81.2,900.4464915292053
256,81.30000000000001,935.67463618888
256,81.4,950.0974133908055
256,81.5,951.2452344765326
256,81.60000000000001,980.1384648705744
256,81.7,928.4093705863195
256,81.80000000000001,950.970506218675
256,81.9,998.6754222974777
256,82.0,990.4213489880508
256,82.10000000000001,893.2223780977566
256,82.2,720.3105558164808
256,82.30000000000001,919.5903938450496
256,82.4,956.5316263202602
256,82.5,915.8628378050261
256,82.60000000000001,974.0685873988033
256,82.7,923.6143630343475
256,82.80000000000001,973.8925155038859
256,82.9,891.4116440756696
256,83.0,996.5475161446311
256,83.10000000000001,946.3011757860154
256,83.2,945.465012459252
256,83.30000000000001,907.5477547288333
256,83.4,953.1943300527107
256,83.5,952.5634923538659
256,83.60000000000001,947.9705531936357
256,83.7,962.7338812035805
256,83.80000000000001,949.9806856801774
256,83.9,908.8951047826164
256,84.0,900.5372942900091
256,84.10000000000001,898.152552946376
256,84.2,654.0922493283273
256,84.30000000000001,920.6478723834516
256,84.4,921.0202658242493
256,84.5,926.1480904769838
256,84.60000000000001,928.1509176703082
256,84.7,911.9447755292686
256,84.80000000000001,889.0612433134305
256,84.9,922.6927952804416
256,85.0,991.6465657576392
256,85.10000000000001,973.3724015596263
256,85.2,895.3281358373525
256,85.30000000000001,913.180238100509
256,85.4,822.0283940686162
256,85.5,927.4467559587894
256,85.60000000000001,982.0391982471402
256,85.7,944.9731802146821
256,85.80000000000001,947.1433777224979
256,85.9,904.8581872922226
256,86.0,954.3977055697304
256,86.10000000000001,933.5405162697355
256,86.2,1001.5575765397888
256,86.30000000000001,1021.3746198821104
256,86.4,968.7112287261923
256,86.5,941.6514435056845
256,86.60000000000001,998.8896490700174
256,86.7,890.9114257605981
256,86.80000000000001,941.7886068763084
256,86.9,911.6895785546159
256,87.0,1006.5352943073322
256,87.10000000000001,1007.0399373269987
256,87.2,944.2134870874655
256,87.30000000000001,970.8711893134085
256,87.4,937.1379404483183
256,87.5,986.8941634620422
256,87.60000000000001,773.5692105399665
256,87.7,941.2848362079995
256,87.80000000000001,953.3742189234514
256,87.9,911.169598773333
256,88.0,953.3685526479394
256,88.10000000000001,840.6980419131556
256,88.2,596.7198638128065
256,88.30000000000001,707.3825986006882
256,88.4,977.637350849034
256,88.5,686.7020504522144
256,88.60000000000001,995.3561903889562
256,88.7,935.9921392058101
256,88.80000000000001,986.3886245397998
256,88.9,901.4391620499904
256,89.0,993.3819500317701
256,89.10000000000001,962.3215233590173
256,89.2,965.149874664353
256,89.30000000000001,884.0045501915135
256,89.4,1000.98054538227
256,89.5,943.5062692527991
256,89.60000000000001,934.7437192362121
256,89.7,973.9823585633402
256,89.80000000000001,892.202051682481
256,89.9,999.884101743358
256,90.0,945.0306774835889
256,90.10000000000001,1003.5525195178589
256,90.2,758.3657467669905
256,90.30000000000001,1000.9832538319401
256,90.4,977.1301639999986
256,90.5,906.621096948626
256,90.60000000000001,887.0169650049646
256,90.7,885.4752116551643
256,90.80000000000001,1006.4321249644628
256,90.9,947.3641714014265
256,91.0,1021.5300923382919
256,91.10000000000001,967.5016773323364
256,91.2,981.6833750926035
256,91.30000000000001,992.1387834612592
256,91.4,901.7991221181892
256,91.5,963.9593412879302
256,91.60000000000001,1016.7036496248373
256,91.7,956.2303237858174
256,91.80000000000001,866.6701528046502
256,91.9,980.6080108396839
256,92.0,968.4392877619231
256,92.10000000000001,901.9747478179407
256,92.2,954.6202963419386
256,92.30000000000001,966.5764558932282
256,92.4,973.8842867631504
256,92.5,918.1978519624797
256,92.60000000000001,1009.171705333567
256,92.7,939.6655231009139
256,92.80000000000001,729.8958373070252
256,92.9,871.555598893779
256,93.0,998.8540427452073
256,93.10000000000001,952.1122177463749
256,93.2,1016.7257696453308
256,93.30000000000001,970.6336158535909
256,93.4,985.267335066842
256,93.5,999.8273787189484
256,93.60000000000001,899.5349074628476
256,93.7,934.6540722984075
256,93.80000000000001,999.029412752534
256,93.9,1007.5226752240258
256,94.0,943.835142741617
256,94.10000000000001,858.5365725136065
256,94.2,739.277691990103
256,94.30000000000001,975.5635552222494
256,94.4,1007.6545237310551
256,94.5,841.6668637714994
256,94.60000000000001,902.9754357585382
256,94.7,990.4914827637486
256,94.80000000000001,699.7221229331175
256,94.9,937.9024555683837
256,95.0,952.3697813311188
256,95.10000000000001,974.5822941235061
256,95.2,767.4385752188595
256,95.30000000000001,939.1409593034667
256,95.4,952.8435409169498
256,95.5,741.6192075926513
256,95.60000000000001,925.0179952209106
256,95.7,1009.0861373427011
256,95.80000000000001,871.1377966123617
256,95.9,857.4493214774512
256,96.0,925.0871006336466
256,96.10000000000001,798.5279159972424
256,96.2,536.8348564557117
256,96.30000000000001,863.0714694358684
256,96.4,839.0138863414925
256,96.5,889.3363600988866
256,96.60000000000001,909.4475875368554
256,96.7,914.0590399085263
256,96.80000000000001,933.5658766092888
256,96.9,952.5400371561544
256,97.0,997.7389171994549
256,97.10000000000001,934.2012792025267
256,97.2,811.2060297029666
256,97.30000000000001,959.0630424549186
256,97.4,976.9282066226665
256,97.5,904.3855698858141
256,97.60000000000001,769.2458151667831
256,97.7,912.8569529132725
256,97.80000000000001,958.2158665059743
256,97.9,750.0462133418299
256,98.0,562.6415504483247
256,98.10000000000001,889.6555904400404
256,98.2,925.5903336490295
256,98.30000000000001,495.8678686031065
256,98.4,833.853891651263
256,98.5,953.2055071782848
256,98.60000000000001,975.531716034647
256,98.7,990.9104258764129
256,98.80000000000001,840.5938257140522
256,98.9,926.7301120497646
256,99.0,897.0235565501356
256,99.10000000000001,967.9763573867227
256,99.2,989.6375944719966
256,99.30000000000001,925.2634510626143
256,99.4,729.1272953699453
256,99.5,704.1187098491781
256,99.60000000000001,917.5660724207899
256,99.7,904.0070223410922
256,99.80000000000001,902.5312323890673
256,99.9,641.3185352066915
256,100.0,852.3642684276587
256,100.10000000000001,945.3596611518894
256,100.2,832.5087660082324
256,100.30000000000001,907.7318969708119
256,100.4,856.3786113111825
256,100.5,940.1430752471286
256,100.60000000000001,937.4543099925394
256,100.7,976.5555476664618
256,100.80000000000001,879.5852804455302
256,100.9,619.250292225986
256,101.0,800.5674299370794
256,101.10000000000001,962.5663091972208
256,101.2,924.9935741672214
256,101.30000000000001,964.0629131007041
256,101.4,803.5768907699211
256,101.5,832.0433177194988
256,101.60000000000001,947.1646934500234
256,101.7,958.520375850328
256,101.80000000000001,859.5109076865398
256,101.9,923.7299884282287
256,102.0,961.6555477340816
256,102.10000000000001,990.8860279622324
256,102.2,879.0828812374766
256,102.30000000000001,866.7901119773646
256,102.4,776.0892227390498
256,102.5,697.1314588587874
256,102.60000000000001,849.1582396551312
256,102.7,917.4037452223264
256,102.80000000000001,931.6593697134797
256,102.9,977.8587093758741
256,103.0,703.6548528696712
256,103.10000000000001,856.9053208164322
256,103.2,932.7703400534903
256,103.30000000000001,689.0138095025071
256,103.4,778.4719601180469
256,103.5,814.2743016154616
256,103.60000000000001,927.1609033875632
256,103.7,964.2565723112072
256,103.80000000000001,911.8185127386761
256,103.9,955.5170774449288
256,104.0,773.7397929839437
256,104.10000000000001,861.6102529490541
256,104.2,995.5510936216953
256,104.30000000000001,988.2814759924901
256,104.4,927.8985405485193
256,104.5,965.8657995481501
256,104.60000000000001,911.7261290611065
256,104.7,953.4022676619435
256,104.80000000000001,911.6001512564133
256,104.9,929.8519191194331
256,105.0,951.8056149719152
256,105.10000000000001,964.3088721139151
256,105.2,801.7098511493399
256,105.30000000000001,839.7161070164349
256,105.4,924.1393872281725
256,105.5,906.8932342418625
256,105.60000000000001,924.163390625264
256,105.7,980.503171585438
256,105.80000000000001,964.1606081216959
256,105.9,969.3371533985008
256,106.0,985.0386722819551
256,106.10000000000001,990.917793019897
256,106.2,847.7244404671277
256,106.30000000000001,855.1805260996225
256,106.4,970.0627994171912
256,106.5,925.7408435233851
256,106.60000000000001,936.7115120501416
256,106.7,733.1882422157844
256,106.80000000000001,725.3998685671078
256,106.9,520.3362473988383
256,107.0,444.0622348792025
256,107.10000000000001,774.0289332363631
256,107.2,943.3448411895994
256,107.30000000000001,903.947473652667
256,107.4,858.0770209226642
256,107.5,941.9647676994576
256,107.60000000000001,995.2183610870651
256,107.7,878.9244383013031
256,107.80000000000001,790.9401333072899
256,107.9,736.4315703490158
256,108.0,790.0719508010812
256,108.10000000000001,867.9088537459684
256,108.2,946.7860251306029
256,108.30000000000001,951.9352982218189
256,108.4,937.020757108408
256,108.5,939.0776814574906
256,108.60000000000001,933.4949529439222
256,108.7,923.6667892535281
256,108.80000000000001,900.9769565175033
256,108.9,957.2917115701867
256,109.0,988.4741815544554
256,109.10000000000001,992.1592081902107
256,109.2,1007.7057405596813
256,109.30000000000001,997.1479889648291
256,109.4,757.9778079430855
256,109.5,770.3925815966351
256,109.60000000000001,992.2979116953634
256,109.7,950.0258152442677
256,109.80000000000001,961.326274797654
256,109.9,830.6551242356613
256,110.0,639.9996952703942
256,110.10000000000001,487.74423728976006
256,110.2,653.028283456544
256,110.30000000000001,972.828649516174
256,110.4,970.8384628087053
256,110.5,955.778004719068
256,110.60000000000001,880.077992395881
256,110.7,852.6918130111226
256,110.80000000000001,912.1620974204753
256,110.9,924.5522657071278
256,111.0,956.3924796847123
256,111.10000000000001,987.4201741795848
256,111.2,970.3803414445905
256,111.30000000000001,966.4985387070855
256,111.4,924.3276331299812
256,111.5,896.8532662331323
256,111.60000000000001,951.5012012745386
256,111.7,762.6783380576699
256,111.80000000000001,640.9177363932394
256,111.9,822.6548463306682
256,112.0,881.5224777923603
256,112.10000000000001,926.4347053048353
256,112.2,1000.1985932884786
256,112.30000000000001,835.9623721750617
256,112.4,800.8988902408894
256,112.5,994.3241400392551
256,112.60000000000001,975.0248665578124
256,112.7,974.0827834532649
256,112.80000000000001,836.3770145874047
256,112.9,741.5315557686598
256,113.0,916.4696245537136
256,113.10000000000001,877.0166007810392
256,113.2,845.642996124334
256,113.30000000000001,900.2977984591953
256,113.4,929.9484357873354
256,113.5,985.012833805542
256,113.60000000000001,909.9386553139225
256,113.7,893.9226386378447
256,113.80000000000001,924.2501430179733
256,113.9,911.2358288603999
256,114.0,923.4656247626987
256,114.10000000000001,913.9913311311868
256,114.2,737.9187910283031
256,114.30000000000001,590.0772988551707
256,114.4,893.6391506711701
256,114.5,947.116973356225
256,114.60000000000001,972.9429764532483
256,114.7,989.31655909173
256,114.80000000000001,892.8553242430706
256,114.9,853.3876268896585
256,115.0,913.4583598373933
256,115.10000000000001,912.4431433905775
256,115.2,913.7575965990244
256,115.30000000000001,914.5037985239703
256,115.4,888.8061491807246
256,115.5,693.3913949583834
256,115.60000000000001,755.9344430967762
256,115.7,942.5321302815327
256,115.80000000000001,963.5862098089582
256,115.9,916.3156603470867
256,116.0,777.6247427887644
256,116.10000000000001,655.2145570085188
256,116.2,833.2603409357722
256,116.30000000000001,798.8565642708159
256,116.4,474.7607200830729
256,116.5,580.9801275082707
256,116.60000000000001,773.4920850873281
256,116.7,630.7939874621417
256,116.80000000000001,891.116742880497
256,116.9,889.6847063553904
256,117.0,814.4458146618359
256,117.10000000000001,929.275574705235
256,117.2,938.1290881310141
256,117.30000000000001,940.0117186132579
256,117.4,894.2356764984157
256,117.5,871.0089771466957
256,117.60000000000001,845.0159953352882
256,117.7,826.4542656670692
256,117.80000000000001,952.4867609316931
256,117.9,909.2517823246894
256,118.0,808.8594920786572
256,118.10000000000001,815.6908224161904
256,118.2,878.3553350757198
256,118.30000000000001,639.3325464350169
256,118.4,540.948682368386
256,118.5,689.7767709771354
256,118.60000000000001,849.4754791401504
256,118.7,812.1999466020744
256,118.80000000000001,944.4023881225517
256,118.9,858.6034489657446
256,119.0,918.4566356760433
256,119.10000000000001,865.8252180028902
256,119.2,857.8364136733285
256,119.30000000000001,869.3892814391138
256,119.4,737.1470274064584
256,119.5,906.0696329075042
256,119.60000000000001,969.5857103934629
256,119.7,776.5294361234712
256,119.80000000000001,592.6653390546038
256,119.9,751.6113387260576
256,120.0,460.7574023759177
256,120.10000000000001,782.2974755924888
256,120.2,966.6936470188091
256,120.30000000000001,937.0060527528384
256,120.4,962.9459292032058
256,120.5,913.2980084366075
256,120.60000000000001,851.5852301585945
256,120.7,788.8054600940759
256,120.80000000000001,569.0615528342213
256,120.9,871.9689592145808
256,121.0,950.0507736381363
256,121.10000000000001,902.1938016495261
256,121.2,964.2263986785514
256,121.30000000000001,929.1373892757149
256,121.4,834.9655563002958
256,121.5,975.3033053996627
256,121.60000000000001,958.5241316800025
256,121.7,929.0491313545317
256,121.80000000000001,835.6541518479804
256,121.9,958.5092747611844
256,122.0,945.1948698905913
256,122.10000000000001,849.1034455868474
256,122.2,748.585649704845
256,122.30000000000001,928.7795457715888
256,122.4,947.8451866301416
256,122.5,940.6955883653743
256,122.60000000000001,896.4332316508792
256,122.7,933.2252041005586
256,122.80000000000001,970.5970688936862
256,122.9,916.6660944105777
256,123.0,946.7115975672194
256,123.10000000000001,989.9437756493174
256,123.2,915.5967136158923
256,123.30000000000001,881.8959294570661
256,123.4,980.5304570678502
256,123.5,1003.1393872836226
256,123.60000000000001,966.0622529434219
256,123.7,1023.9004644826306
256,123.80000000000001,976.348228990602
256,123.9,904.7524039139544
256,124.0,954.0959884416311
256,124.10000000000001,848.7215769357979
256,124.2,908.8360494975318
256,124.30000000000001,936.9289605673299
256,124.4,960.1337472905134
256,124.5,925.5329804761077
256,124.60000000000001,997.9699810436437
256,124.7,989.7175214423186
256,124.80000000000001,936.404229661282
256,124.9,994.2741774421055
256,125.0,975.2922455928094
256,125.10000000000001,964.1410147953179
256,125.2,877.9684067377547
256,125.30000000000001,910.0793600408407
256,125.4,804.4974122998785
256,125.5,907.6611567550074
256,125.60000000000001,995.1835618692487
256,125.7,969.8283461073032
256,125.80000000000001,904.373966607466
256,125.9,953.5153997752063
256,126.0,1010.7601158048174
256,126.10000000000001,986.5523431479818
256,126.2,931.7454162145971
256,126.30000000000001,977.6445649104461
256,126.4,888.3565641592054
256,126.5,929.6332855043544
256,126.60000000000001,955.2938805999958
256,126.7,914.7621404916787
256,126.80000000000001,902.1906428670479
256,126.9,783.4755244199838
256,127.0,585.9873741387438
256,127.10000000000001,896.5664923270717
256,127.2,887.4474891150306
256,127.30000000000001,964.6303970755638
256,127.4,1003.7963598758403
256,127.5,955.8884650879046
256,127.60000000000001,885.1415989763655
256,127.7,793.0086218547964
256,127.80000000000001,980.4486929113042
256,127.9,1005.0389416677524
256,128.0,896.8296904020787
256,128.1,788.7940138779451
256,128.20000000000002,953.9038155183122
256,128.3,698.8257955937972
256,128.4,986.3598092158072
256,128.5,904.0192412988175
256,128.6,910.8899894127592
256,128.70000000000002,885.4572073598
256,128.8,969.0424127432235
256,128.9,989.8957547755807
256,129.0,937.8758589006152
256,129.1,922.7383102714444
256,129.20000000000002,965.5481636120762
256,129.3,966.2447870533038
256,129.4,998.0134183452398
256,129.5,968.7977355101458
256,129.6,949.8410099308919
256,129.70000000000002,995.5689275879449
256,129.8,942.7902085952276
256,129.9,951.9601260041949
256,130.0,961.5251164699663
256,130.1,711.3074479158636
256,130.20000000000002,936.7218211016784
256,130.3,955.2358894776028
256,130.4,891.467239305982
256,130.5,866.0870930276868
256,130.6,1015.3843359621097
256,130.70000000000002,928.3408125102806
256,130.8,987.7825857903778
256,130.9,906.1159672556186
256,131.0,921.2881941083504
256,131.1,872.7873853825341
256,131.20000000000002,971.3100649003343
256,131.3,963.8433873702363
256,131.4,891.2387669338061
256,131.5,878.0470944495385
256,131.6,921.5093341704354
256,131.70000000000002,957.6262719865797
256,131.8,938.8965391735064
256,131.9,992.0215463648798
256,132.0,738.3448891801734
256,132.1,963.0285996474797
256,132.20000000000002,957.9443887002448
256,132.3,897.5631553345148
256,132.4,749.861774209668
256,132.5,984.7142249951781
256,132.6,973.8916280646561
256,132.70000000000002,924.3375184381223
256,132.8,962.71336110557
256,132.9,927.2508840939113
256,133.0,942.3394873652657
256,133.1,473.6744701011376
256,133.20000000000002,972.171322573167
256,133.3,923.3423049177334
256,133.4,968.7639868345991
256,133.5,1010.7575450107248
256,133.6,957.9058976399058
256,133.70000000000002,895.7713918236492
256,133.8,623.1771310012815
256,133.9,1000.1709174750417
256,134.0,940.1292143536529
256,134.1,884.307992561465
256,134.20000000000002,964.2004370708723
256,134.3,940.0275776261384
256,134.4,1020.14123137389
256,134.5,981.6448028316628
256,134.6,929.3916276860635
256,134.70000000000002,931.6314176648087
256,134.8,983.6959054925551
256,134.9,954.6502757462014
256,135.0,898.4164999976182
256,135.1,969.9897208664372
256,135.20000000000002,873.8494655474117
256,135.3,957.7423006650201
256,135.4,954.1163333615452
256,135.5,977.1572978067627
256,135.6,798.7398492426423
256,135.70000000000002,927.9801891914527
256,135.8,922.9116905211744
256,135.9,950.7120013484093
256,136.0,962.2731568237954
256,136.1,917.0655563622582
256,136.20000000000002,943.6007632646194
256,136.3,906.7205180808096
256,136.4,973.992714127505
256,136.5,895.2651535743454
256,136.6,998.6483782278196
256,136.70000000000002,863.288627087972
256,136.8,941.6318328584994
256,136.9,884.4841474109361
256,137.0,966.4409670834542
256,137.1,886.799431054734
256,137.20000000000002,724.707406769678
256,137.3,878.3309711085625
256,137.4,862.7396473510745
256,137.5,983.0532099428044
256,137.6,906.6425258473876
256,137.70000000000002,956.5519134545232
256,137.8,946.7762050497586
256,137.9,890.2849708559096
256,138.0,927.5159370145857
256,138.1,924.5506623478105
256,138.20000000000002,992.5961458947393
256,138.3,888.9996494310767
256,138.4,895.0617897616195
256,138.5,798.3264205265991
256,138.6,953.3985465220778
256,138.70000000000002,943.8113237652582
256,138.8,875.4058712249954
256,138.9,996.3114705270741
256,139.0,936.6446731145114
256,139.1,940.0499897956506
256,139.20000000000002,996.4366178081802
256,139.3,530.0110026877791
256,139.4,976.4074036156533
256,139.5,924.3687920333124
256,139.6,936.2001930048799
256,139.70000000000002,899.017238961192
256,139.8,978.8865768875761
256,139.9,983.3142918729276
256,140.0,961.294115134757
256,140.1,913.1385649223677
256,140.20000000000002,999.7497496683008
256,140.3,977.4460380114617
256,140.4,936.9251825421256
256,140.5,996.0163645364065
256,140.6,974.4657487360511
256,140.70000000000002,914.1832149269336
256,140.8,973.326509721966
256,140.9,960.9712045032377
256,141.0,894.7204033610248
256,141.1,975.5624493220465
256,141.20000000000002,976.3856156987496
256,141.3,943.8625797458185
256,141.4,906.8541156171784
256,141.5,740.8038022317098
256,141.6,876.9975854222529
256,141.70000000000002,978.5658956701654
256,141.8,952.273486221015
256,141.9,762.2569393354173
256,142.0,944.6990118267536
256,142.1,931.5198034346076
256,142.20000000000002,893.0455241779067
256,142.3,911.7327200596047
256,142.4,992.3331270220634
256,142.5,941.7152765766024
256,142.6,897.9173191026671
256,142.70000000000002,488.0581246886047
256,142.8,934.629569319538
256,142.9,956.102952497555
256,143.0,953.0347755677425
256,143.1,1014.8275447443317
256,143.20000000000002,854.9015094539461
256,143.3,949.023002758296
256,143.4,973.205894320042
256,143.5,924.9140916873148
256,143.6,966.9135410780541
256,143.70000000000002,985.3107147408664
256,143.8,920.262866437713
256,143.9,965.1439538795672
256,144.0,948.4313636315998
256,144.1,961.1039922605086
256,144.20000000000002,977.973874992331
256,144.3,872.9934176290557
256,144.4,931.9985092022647
256,144.5,966.1815359701435
256,144.6,945.1636453740575
256,144.70000000000002,925.4495942940274
256,144.8,956.4252384787195
256,144.9,932.1885956879547
256,145.0,934.8516894447368
256,145.1,979.8559757872341
256,145.20000000000002,921.7798051432939
256,145.3,967.0362549001126
256,145.4,929.0309495780588
256,145.5,918.907567566602
256,145.6,955.1592255193644
256,145.70000000000002,957.2142424790583
256,145.8,934.9494659602058
256,145.9,799.9217226660091
256,146.0,865.1295021198551
256,146.1,968.1159598219754
256,146.20000000000002,982.2892685607694
256,146.3,912.4791973330946
256,146.4,978.9863760234807
256,146.5,995.2611354463633
256,146.6,927.4688414983566
256,146.70000000000002,947.2704842615314
256,146.8,973.2273661290994
256,146.9,957.3813480457459
256,147.0,990.0559376927911
256,147.1,1016.4910846097309
256,147.20000000000002,958.9343659538242
256,147.3,904.0818789796402
256,147.4,995.7855595423035
256,147.5,939.6841333125641
256,147.6,951.280043941238
256,147.70000000000002,1027.957409992373
256,147.8,1006.0724598546392
256,147.9,988.2633166601956
256,148.0,949.5524528568712
256,148.1,634.5257711470235
256,148.20000000000002,781.3491884028509
256,148.3,909.5539783422815
256,148.4,1009.9656553269696
256,148.5,670.2203938057933
256,148.6,794.3419843444786
256,148.70000000000002,930.8008330702899
256,148.8,904.5089362411939
256,148.9,929.4051503538562
256,149.0,902.0774587242361
256,149.1,974.8613473818839
256,149.20000000000002,1006.0972008662602
256,149.3,969.2009679450584
256,149.4,916.4316340254659
256,149.5,919.3368049514521
256,149.6,946.3202390703455
256,149.70000000000002,1002.2635502566211
256,149.8,942.438599376411
256,149.9,961.917294547139
256,150.0,961.3081312699013
256,150.1,922.7821836570131
256,150.20000000000002,938.2131332673389
256,150.3,968.68458445985
256,150.4,989.419784420028
256,150.5,964.6075973087643
256,150.6,947.2729378148101
256,150.70000000000002,984.1802294778121
256,150.8,934.451843196947
256,150.9,876.2859830088055
256,151.0,945.1599619419138
256,151.1,983.5604455876168
256,151.20000000000002,893.9303969642224
256,151.3,968.9690778138166
256,151.4,967.1618164178726
256,151.5,876.1903397524726
256,151.6,951.457575320805
256,151.70000000000002,969.536734275124
256,151.8,925.6390382855826
256,151.9,968.9195406490076
256,152.0,964.8778220075347
256,152.1,930.2160263034717
256,152.20000000000002,947.4574205627573
256,152.3,965.268237111015
256,152.4,844.5535971483703
256,152.5,900.3725561745148
256,152.6,945.0750450935865
256,152.70000000000002,960.7598863012456
256,152.8,987.7600325506718
256,152.9,966.2102023484255
256,153.0,923.502293107801
256,153.1,920.9885260584584
256,153.20000000000002,987.409755455644
256,153.3,979.7898856414769
256,153.4,992.1096137614607
256,153.5,978.9184428976522
256,153.60000000000002,908.5526404710428
256,153.70000000000002,882.3384929141516
256,153.8,909.3447563620485
256,153.9,946.4737823854944
256,154.0,916.8989631635737
256,154.10000000000002,986.9056386883163
256,154.20000000000002,1003.7383999676299
256,154.3,964.215626442304
256,154.4,923.8011449250787
256,154.5,957.9824738511207
256,154.60000000000002,939.3512750217574
256,154.70000000000002,941.9500163303164
256,154.8,968.4098250907206
256,154.9,965.9874980880955
256,155.0,957.4008761513671
256,155.10000000000002,976.1753111572233
256,155.20000000000002,985.0191309218893
256,155.3,948.4593988537795
256,155.4,957.259395270418
256,155.5,1000.4891874365802
256,155.60000000000002,972.4013148996912
256,155.70000000000002,913.2307942505319
256,155.8,930.1156425281243
256,155.9,952.5330253729169
256,156.0,916.2533423038907
256,156.10000000000002,941.3362819819422
256,156.20000000000002,987.4975036311528
256,156.3,919.9463505572404
256,156.4,940.1102553182858
256,156.5,997.3318452448027
256,156.60000000000002,956.9643050332213
256,156.70000000000002,935.1348802822085
256,156.8,971.2470750775185
256,156.9,987.7053720662616
256,157.0,945.2968964714286
256,157.10000000000002,949.9706688596355
256,157.20000000000002,980.9285614058484
256,157.3,927.3404468994762
256,157.4,940.4634834350844
256,157.5,847.2353432937408
256,157.60000000000002,584.172959224464
256,157.70000000000002,687.4284437468731
256,157.8,929.2054524077716
256,157.9,940.0790933590853
256,158.0,883.0513615987744
256,158.10000000000002,717.1239193479474
256,158.20000000000002,534.9496419473454
256,158.3,741.3778946124836
256,158.4,977.2842073916199
256,158.5,990.9304958617379
256,158.60000000000002,1001.0474399399804
256,158.70000000000002,971.957015221187
256,158.8,947.3528967081171
256,158.9,972.9054411875973
256,159.0,751.8887457429327
256,159.10000000000002,716.4623354190721
256,159.20000000000002,972.6451936097664
256,159.3,930.312565685614
256,159.4,903.4911330810162
256,159.5,927.1352638416803
256,159.60000000000002,877.886281734774
256,159.70000000000002,859.8511431485213
256,159.8,930.8688008611533
256,159.9,928.5678118389709
256,160.0,941.0484620882758
256,160.10000000000002,1005.1438801627523
256,160.20000000000002,1009.2530214641037
256,160.3,982.7202528712295
256,160.4,956.7119075756143
256,160.5,966.2889590465553
256,160.60000000000002,976.2235904252449
256,160.70000000000002,983.6907409040323
256,160.8,1021.4734037857056
256,160.9,990.129317371206
256,161.0,940.3450700160762
256,161.10000000000002,788.9329385178983
256,161.20000000000002,783.247494872805
256,161.3,930.5981996262889
256,161.4,900.9849570099923
256,161.5,923.6765489802956
256,161.60000000000002,930.1779208412006
256,161.70000000000002,959.804549975878
256,161.8,1050.0628016686355
256,161.9,895.2317414207905
256,162.0,649.63138952476
256,162.10000000000002,659.3109967120786
256,162.20000000000002,968.5764894301875
256,162.3,966.422908926882
256,162.4,955.2068250268588
256,162.5,986.7087477331721
256,162.60000000000002,974.3149006940299
256,162.70000000000002,920.3748616896489
256,162.8,904.0690069853807
256,162.9,945.0197639333257
256,163.0,918.8367594211041
256,163.10000000000002,905.7383770549392
256,163.20000000000002,850.2310971925716
256,163.3,782.5379316180382
256,163.4,942.7420731579255
256,163.5,993.248480347224
256,163.60000000000002,956.407827138264
256,163.70000000000002,938.3564840795206
256,163.8,1009.1156073978341
256,163.9,975.7877388477452
256,164.0,947.2515870754211
256,164.10000000000002,967.3948326551799
256,164.20000000000002,1014.2090184628809
256,164.3,1017.4141998554171
256,164.4,990.5387219290849
256,164.5,910.1537184703708
256,164.60000000000002,937.5391311025458
256,164.70000000000002,730.2462319782875
256,164.8,668.6944731207152
256,164.9,941.0439398585157
256,165.0,924.338496499718
256,165.10000000000002,1008.3132198098579
256,165.20000000000002,980.9053240824034
256,165.3,961.7909134491086
256,165.4,934.1410924131203
256,165.5,834.0401253516479
256,165.60000000000002,859.5727789639516
256,165.70000000000002,885.8978191923969
256,165.8,913.4000005313706
256,165.9,983.6189736630237
256,166.0,980.3008017714496
256,166.10000000000002,983.4289568204739
256,166.20000000000002,910.9389817827928
256,166.3,827.0786517346868
256,166.4,790.6125350251045
256,166.5,959.9435565635323
256,166.60000000000002,861.9921373487376
256,166.70000000000002,749.7911078061832
256,166.8,988.1121523569897
256,166.9,978.2301193191902
256,167.0,941.4211718580384
256,167.10000000000002,973.972046909816
256,167.20000000000002,992.7422600932244
256,167.3,949.0291041499125
256,167.4,891.4724172540605
256,167.5,1011.2396256777317
256,167.60000000000002,963.1169796201599
256,167.70000000000002,938.7426929440752
256,167.8,866.0200352008137
256,167.9,781.45196963895
256,168.0,935.5349920256095
256,168.10000000000002,948.4747526671298
256,168.20000000000002,974.810309163183
256,168.3,883.6793195771278
256,168.4,935.9578987508719
256,168.5,1003.2758977814618
256,168.60000000000002,930.3943658453259
256,168.70000000000002,909.7775491409421
256,168.8,992.9506877741907
256,168.9,973.786833817286
256,169.0,907.609223658602
256,169.10000000000002,916.804765495491
256,169.20000000000002,914.4250762730117
256,169.3,728.2134872484122
256,169.4,960.2176277468735
256,169.5,1000.6122819639731
256,169.60000000000002,948.7538507207017
256,169.70000000000002,956.5097282641035
256,169.8,996.4292795670017
256,169.9,950.6275241460589
256,170.0,971.2271516281861
256,170.10000000000002,1014.3666554121268
256,170.20000000000002,970.0693783195736
256,170.3,868.6336304956443
256,170.4,726.8890265112171
256,170.5,892.1611816859809
256,170.60000000000002,979.2729236807949
256,170.70000000000002,936.7151350124145
256,170.8,899.0010577127641
256,170.9,969.5763105004165
256,171.0,911.271909901216
256,171.10000000000002,867.0798173121349
256,171.20000000000002,652.5376679332818
256,171.3,960.1256427248846
256,171.4,1010.3015091665548
256,171.5,976.6555276779826
256,171.60000000000002,918.9995671627125
256,171.70000000000002,1009.0431427622959
256,171.8,1002.8014935410746
256,171.9,925.5929194081955
256,172.0,865.5806921060629
256,172.10000000000002,1014.0321412011765
256,172.20000000000002,984.4083046823692
256,172.3,943.4821524986576
256,172.4,898.0261266719905
256,172.5,986.8003525876334
256,172.60000000000002,981.6980604094265
256,172.70000000000002,953.1540526217649
256,172.8,912.0953556818423
256,172.9,1005.6341928915582
256,173.0,985.4675317839648
256,173.10000000000002,919.9092766336324
256,173.20000000000002,944.8015430222611
256,173.3,1016.8429602411519
256,173.4,956.9201976176665
256,173.5,926.3392433709348
256,173.60000000000002,995.752587487997
256,173.70000000000002,1007.7996701225641
256,173.8,951.1423504118596
256,173.9,899.8321983951018
256,174.0,992.8616251539281
256,174.10000000000002,985.9685538135388
256,174.20000000000002,968.4495670204432
256,174.3,902.6830358395599
256,174.4,987.8374695128178
256,174.5,994.1376469734971
256,174.60000000000002,927.2933035679689
256,174.70000000000002,891.4408595563102
256,174.8,1002.9855909449217
256,174.9,947.21484892222
256,175.0,908.2769196689421
256,175.10000000000002,1006.3953300288135
256,175.20000000000002,966.0670773856459
256,175.3,866.1606463811274
256,175.4,994.5425325043988
256,175.5,965.7120268401402
256,175.60000000000002,911.2292454642871
256,175.70000000000002,997.2828884393132
256,175.8,1023.5196751382254
256,175.9,970.9577961966451
256,176.0,952.0750156818946
256,176.10000000000002,957.1159345608154
256,176.20000000000002,979.6850055478433
256,176.3,966.7223935960695
256,176.4,911.5027625815983
256,176.5,1024.0525150989506
256,176.60000000000002,979.3793354449298
256,176.70000000000002,957.4120473293707
256,176.8,867.5144479314524
256,176.9,983.9929182364656
256,177.0,927.8436821309402
256,177.10000000000002,1023.6088498160514
256,177.20000000000002,973.5136291544952
256,177.3,892.3785046145032
256,177.4,932.8930337068871
256,177.5,932.3162795435984
256,177.60000000000002,991.7939296843203
256,177.70000000000002,969.8101497717291
256,177.8,933.8665292679569
256,177.9,981.8262731761812
256,178.0,923.539856662729
256,178.10000000000002,904.5186430424625
256,178.20000000000002,983.0349222266287
256,178.3,957.0887317384495
256,178.4,910.6282706208095
256,178.5,967.5413770986112
256,178.60000000000002,964.6677566661402
256,178.70000000000002,908.5021395060475
256,178.8,772.50709427033
256,178.9,941.999360293258
256,179.0,971.9177078702977
256,179.10000000000002,907.2397794546558
256,179.20000000000002,539.1273277101398
256,179.3,828.6437765257338
256,179.4,877.1069591693339
256,179.5,894.9950101134671
256,179.60000000000002,1017.438684003927
256,179.70000000000002,954.3302743941807
256,179.8,940.5810262400231
256,179.9,915.3962561000667
256,180.0,971.8854922008417
256,180.10000000000002,904.6005317080229
256,180.20000000000002,901.0653215128079
256,180.3,1003.5570028154992
256,180.4,947.1643020265608
256,180.5,981.6320023057666
256,180.60000000000002,1000.7017269066016
256,180.70000000000002,744.2540351569288
256,180.8,1009.9009705642274
256,180.9,960.8236269409817
256,181.0,901.7449719345043
