batch_size,relative_time_s,power_total_W
8,0.0,438.595
8,0.1,466.6872813782
8,0.2,633.8017820307142
8,0.30000000000000004,659.7100861876295
8,0.4,665.3578558274148
8,0.5,648.1289655064969
8,0.6000000000000001,648.9580974587209
8,0.7000000000000001,655.4399214506452
8,0.8,645.9897770767062
8,0.9,660.6287491910764
8,1.0,608.5555890943989
8,1.1,643.8675288435636
8,1.2000000000000002,635.9688848441906
8,1.3,634.3710347754551
8,1.4000000000000001,666.9253378969635
8,1.5,659.2450627785192
8,1.6,642.1954884431519
8,1.7000000000000002,676.6930395474038
8,1.8,674.5650342153706
8,1.9000000000000001,635.2981604244002
8,2.0,660.4625209485733
8,2.1,674.2675807350656
8,2.2,651.0410438988871
8,2.3000000000000003,675.3727265200517
8,2.4000000000000004,687.7389789450627
8,2.5,663.9834259261462
8,2.6,641.158693244936
8,2.7,662.6975796452567
8,2.8000000000000003,677.3678185543637
8,2.9000000000000004,663.5088447903199
8,3.0,662.0999726472966
8,3.1,654.3193135526182
8,3.2,654.9053106318541
8,3.3000000000000003,656.4393788671538
8,3.4000000000000004,670.8751659026839
8,3.5,662.7841066338938
8,3.6,648.4021207777453
8,3.7,657.7939798900591
8,3.8000000000000003,665.332411512926
8,3.9000000000000004,643.540542617095
8,4.0,673.9499406323439
8,4.1000000000000005,684.9816647346621
8,4.2,678.6555418038058
8,4.3,682.0990321206896
8,4.4,664.3473972053949
8,4.5,665.665934351912
8,4.6000000000000005,666.3044486349496
8,4.7,658.4129309047507
8,4.800000000000001,652.0970373606351
8,4.9,658.8951785322073
8,5.0,651.0111160881662
8,5.1000000000000005,679.634061896381
8,5.2,639.5937001185855
8,5.300000000000001,659.2590573233356
8,5.4,635.6791708646261
8,5.5,694.759534539419
8,5.6000000000000005,702.4752824241817
8,5.7,671.0063212622694
8,5.800000000000001,684.5204709559451
8,5.9,650.885041164555
8,6.0,668.129332487763
8,6.1000000000000005,749.0149841334571
8,6.2,675.8658202446243
8,6.300000000000001,654.0983339637645
8,6.4,667.2555688722888
8,6.5,694.6578668874062
8,6.6000000000000005,670.6561305295935
8,6.7,663.7740947179553
8,6.800000000000001,648.5388223390578
8,6.9,658.4263583563719
8,7.0,687.4970713575394
8,7.1000000000000005,685.1711392527369
8,7.2,669.1112048676323
8,7.300000000000001,648.2671232827981
8,7.4,648.4007098705456
8,7.5,655.0719929807764
8,7.6000000000000005,663.9618637196377
8,7.7,648.5364385432199
8,7.800000000000001,664.8060760947827
8,7.9,657.5999901281838
8,8.0,658.4096032676193
8,8.1,672.3453506315203
8,8.200000000000001,686.8050109116621
8,8.3,682.6212781709542
8,8.4,631.6827496060224
8,8.5,658.2930154321796
8,8.6,704.7432227803606
8,8.700000000000001,663.6883628784843
8,8.8,661.5545184391541
8,8.9,690.7272498741646
8,9.0,630.0039479294197
8,9.1,691.6432061261713
8,9.200000000000001,699.4347704600555
8,9.3,627.9606096124778
8,9.4,676.1265292554067
8,9.5,674.2935211868444
8,9.600000000000001,685.9383043351153
8,9.700000000000001,686.8597440905423
8,9.8,675.8559743004095
8,9.9,688.5460186786528
8,10.0,672.6966857050354
8,10.100000000000001,681.8957400216782
8,10.200000000000001,626.2055435356798
8,10.3,539.3429057815574
8,10.4,619.8445591990479
8,10.5,665.8939271039699
8,10.600000000000001,844.1348596120317
8,10.700000000000001,686.4480421222298
8,10.8,662.2980379460063
8,10.9,669.1986840065703
8,11.0,667.0063200739218
8,11.100000000000001,654.857091173399
8,11.200000000000001,646.6415620557701
8,11.3,661.3980176425546
8,11.4,659.0896303720042
8,11.5,660.7921309933973
8,11.600000000000001,641.4142610569767
8,11.700000000000001,670.9761819137483
8,11.8,628.4411834708654
8,11.9,665.6451842731739
8,12.0,650.7848757503643
8,12.100000000000001,668.8634635972487
8,12.200000000000001,765.1738046561703
8,12.3,672.7689823784677
8,12.4,637.0325021881295
8,12.5,644.2061600025668
8,12.600000000000001,679.4954181733767
8,12.700000000000001,676.6468230942189
8,12.8,683.0141739737862
8,12.9,669.4605542801621
8,13.0,726.9211976871958
8,13.100000000000001,661.8329095054851
8,13.200000000000001,658.0278989375884
8,13.3,677.1136496783975
8,13.4,664.9713702631584
8,13.5,683.5561952890578
8,13.600000000000001,658.9838606307804
8,13.700000000000001,644.8173085257298
8,13.8,637.5566582110267
8,13.9,695.6851577088617
8,14.0,686.6416822143407
8,14.100000000000001,677.6699574378088
8,14.200000000000001,678.1101352411977
8,14.3,663.9234680140696
8,14.4,667.6018620334071
8,14.5,667.655645604291
8,14.600000000000001,668.7710871192238
8,14.700000000000001,650.0059484287074
8,14.8,697.0237421191994
8,14.9,678.8414918700521
8,15.0,671.4515734641523
8,15.100000000000001,667.366227008109
8,15.200000000000001,663.9729974150673
8,15.3,691.0173728195396
8,15.4,691.3853982948226
8,15.5,656.0051945230384
8,15.600000000000001,674.0768146128539
8,15.700000000000001,680.450215314942
8,15.8,678.6081927548778
8,15.9,658.6407639650279
8,16.0,629.1217116717229
8,16.1,685.8195423466858
8,16.2,688.6502684228195
8,16.3,669.2199031986582
8,16.400000000000002,679.3617520064025
8,16.5,671.8631262546902
8,16.6,675.3452047350283
8,16.7,666.5853065706117
8,16.8,691.0360367495662
8,16.900000000000002,701.8199285335927
8,17.0,688.724347467945
8,17.1,696.3768743795757
8,17.2,681.4075616288579
8,17.3,674.3357418621038
8,17.400000000000002,692.574119067225
8,17.5,676.7377399256604
8,17.6,690.1532864488709
8,17.7,665.2639656361841
8,17.8,669.5264205815439
8,17.900000000000002,646.2158727103418
8,18.0,668.3808425623185
8,18.1,685.7651098091964
8,18.2,690.4181086791806
8,18.3,683.2033874322627
8,18.400000000000002,678.2663700240007
8,18.5,673.2195134026408
8,18.6,672.2203764866699
8,18.7,679.2568114406557
8,18.8,671.7428306107603
8,18.900000000000002,665.8200563867956
8,19.0,668.1385149797167
8,19.1,683.3472361953654
8,19.200000000000003,669.7864061885319
8,19.3,679.4435562081634
8,19.400000000000002,664.2441366257412
8,19.5,695.2551296708217
8,19.6,690.9110319687587
8,19.700000000000003,701.8596536363684
8,19.8,682.836532199536
8,19.900000000000002,691.6497603087719
8,20.0,688.665812788596
8,20.1,692.1409453130129
8,20.200000000000003,683.635586984466
8,20.3,702.2855796193858
8,20.400000000000002,678.5391206899086
8,20.5,646.341665505019
8,20.6,668.5585480339653
8,20.700000000000003,688.2448115046465
8,20.8,692.055770814456
8,20.900000000000002,652.656147742438
8,21.0,661.9426960803905
8,21.1,657.5120351897592
8,21.200000000000003,706.3428223600581
8,21.3,716.5959367797445
8,21.400000000000002,665.439470169353
8,21.5,653.3067134635052
8,21.6,676.5704363105866
8,21.700000000000003,692.6345194002128
8,21.8,687.9631066673015
8,21.900000000000002,687.5978857498966
8,22.0,668.6738586371509
8,22.1,713.2495584161156
8,22.200000000000003,687.3112933798242
8,22.3,692.272498103986
8,22.400000000000002,693.8945899969033
8,22.5,687.7144282539463
8,22.6,694.6197260184192
8,22.700000000000003,673.3466299207312
8,22.8,668.8264322298246
8,22.900000000000002,658.9081027335152
8,23.0,701.0066423955304
8,23.1,690.0934081817895
8,23.200000000000003,690.0061456470978
8,23.3,685.7333210329946
8,23.400000000000002,683.8290380984126
8,23.5,670.6507149476522
8,23.6,688.1501743047266
8,23.700000000000003,684.849130536774
8,23.8,681.1541953163221
8,23.900000000000002,686.7940657373167
8,24.0,670.738768890836
8,24.1,688.3334129128126
8,24.200000000000003,681.5252394089623
8,24.3,693.2643395781106
8,24.400000000000002,674.5000137875599
8,24.5,688.8337226054277
8,24.6,685.4565156441518
8,24.700000000000003,686.0405226354094
8,24.8,679.9762981900732
8,24.900000000000002,688.2174809480161
8,25.0,692.5942244503342
8,25.1,675.5749114287955
8,25.200000000000003,687.5591600599458
8,25.3,670.895061851751
8,25.400000000000002,667.3817865476686
8,25.5,692.925710258955
8,25.6,690.5333817773536
8,25.700000000000003,662.072828861388
8,25.8,672.0480732326868
8,25.900000000000002,671.5443458704033
8,26.0,660.5261201769283
8,26.1,672.509921106179
8,26.200000000000003,659.2043599878104
8,26.3,656.3632505335045
8,26.400000000000002,648.328498659756
8,26.5,659.5501850927603
8,26.6,675.1780568404658
8,26.700000000000003,662.3609723621646
8,26.8,644.443955555238
8,26.900000000000002,662.7267515162341
8,27.0,678.2353233161658
8,27.1,653.2194693020924
8,27.200000000000003,655.0503849832943
8,27.3,643.1374838812466
8,27.400000000000002,661.4403443617508
8,27.5,658.7463548967355
8,27.6,662.2419160876511
8,27.700000000000003,665.441893136489
8,27.8,678.7434366848262
8,27.900000000000002,668.6980237359057
8,28.0,661.5164164825594
8,28.1,669.7923158917721
8,28.200000000000003,682.1181207078714
8,28.3,670.0358188641725
8,28.400000000000002,643.7661712497285
8,28.5,635.1186854750187
8,28.6,632.6200041310153
8,28.700000000000003,631.3373729938272
8,28.8,648.9208000604857
8,28.900000000000002,660.604653552636
8,29.0,646.405188736178
8,29.1,651.4225469300159
8,29.200000000000003,667.1021831190636
8,29.3,672.8331635931149
8,29.400000000000002,653.5701844879927
8,29.5,672.721567302586
8,29.6,661.2675941934156
8,29.700000000000003,618.5145854764451
8,29.8,625.5009026815605
8,29.900000000000002,643.0388219164714
8,30.0,652.9722832777186
8,30.1,662.4877810061527
8,30.200000000000003,663.5395300521589
8,30.3,661.4390899293769
8,30.400000000000002,662.5582778797408
8,30.5,666.0019811865723
8,30.6,656.2814813836077
8,30.700000000000003,661.785043397705
8,30.8,673.0465605219001
8,30.900000000000002,664.1054818165817
8,31.0,662.869175144203
8,31.1,654.9763512049235
8,31.200000000000003,662.7502992391795
8,31.3,676.7436378947971
8,31.400000000000002,666.3052601801558
8,31.5,659.1359732256391
8,31.6,657.1080587355938
8,31.700000000000003,647.8948309973081
8,31.8,656.9492655690598
8,31.900000000000002,690.1907888799213
8,32.0,664.7478522024909
8,32.1,664.2171353927852
8,32.2,667.4870404260568
8,32.300000000000004,665.3859078200661
8,32.4,653.0362652677587
8,32.5,657.2530587566032
8,32.6,666.5519993104365
8,32.7,673.8954366034803
8,32.800000000000004,671.6734567887057
8,32.9,671.5361519663401
8,33.0,672.977046167293
8,33.1,665.2947396175272
8,33.2,661.4446975980302
8,33.300000000000004,660.233495432009
8,33.4,665.7458054588053
8,33.5,675.7371656523375
8,33.6,675.4679883200414
8,33.7,655.9057342021131
8,33.800000000000004,676.2942644892842
8,33.9,703.8394567800082
8,34.0,684.4187831199939
8,34.1,670.3851256839398
8,34.2,670.0872550561315
8,34.300000000000004,677.536342727107
8,34.4,673.4829374436007
8,34.5,668.6037006512805
8,34.6,668.9833208160022
8,34.7,666.6689634905268
8,34.800000000000004,670.0093136129957
8,34.9,657.62366775817
8,35.0,668.90715074312
8,35.1,691.9432368878992
8,35.2,689.7814133123112
8,35.300000000000004,657.9378309360976
8,35.4,650.5211124628736
8,35.5,670.2891281698896
8,35.6,683.8727935015509
8,35.7,698.6458552474834
8,35.800000000000004,678.131030883983
8,35.9,665.4084005191437
8,36.0,683.3796354190981
8,36.1,659.8490157463877
8,36.2,631.3066782996422
8,36.300000000000004,663.8723507683101
8,36.4,682.1735974948745
8,36.5,664.2208413557242
8,36.6,667.5201416794885
8,36.7,671.5964439617505
8,36.800000000000004,676.4792178756369
8,36.9,669.4684519697583
8,37.0,659.761621067973
8,37.1,670.561292472878
8,37.2,665.7729569176396
8,37.300000000000004,649.5461799742268
8,37.4,638.2939799339985
8,37.5,651.031634371714
8,37.6,667.5210336099082
8,37.7,666.6866053975325
8,37.800000000000004,663.6134790494046
8,37.9,663.2363676848491
8,38.0,674.9256562234608
8,38.1,676.8830686885664
8,38.2,662.1118759978266
8,38.300000000000004,667.602967534358
8,38.400000000000006,682.1975997041911
8,38.5,674.9642607136658
8,38.6,667.2444433174633
8,38.7,671.8893848063917
8,38.800000000000004,662.4091539560598
8,38.900000000000006,654.7479485869021
8,39.0,667.9373194020468
8,39.1,680.8418103110749
8,39.2,673.658116420804
8,39.300000000000004,675.8829827871159
8,39.400000000000006,669.5246304730151
8,39.5,657.1847789807009
8,39.6,661.3558367204819
8,39.7,675.8340134542598
8,39.800000000000004,667.1226363839802
8,39.900000000000006,697.2809604460363
8,40.0,738.0229666761118
8,40.1,697.1002229165576
8,40.2,694.7090816147486
8,40.300000000000004,678.6509855056537
8,40.400000000000006,679.1382436988155
8,40.5,694.043158314535
8,40.6,699.2557026071006
8,40.7,680.5169182653743
8,40.800000000000004,664.6328067832133
8,40.900000000000006,679.1587078124345
8,41.0,691.0468880337181
8,41.1,684.7983694647849
8,41.2,688.2694528907755
8,41.300000000000004,686.098701768252
8,41.400000000000006,677.857134454462
8,41.5,701.5048634085362
8,41.6,712.0898772488057
8,41.7,699.3157293294354
8,41.800000000000004,682.7810495174429
8,41.900000000000006,690.1315954271879
8,42.0,717.4919005717932
8,42.1,702.3767444441528
8,42.2,651.4856344198273
8,42.300000000000004,664.227342817553
8,42.400000000000006,672.1098827622386
8,42.5,670.9762747836518
8,42.6,711.0978432324936
8,42.7,712.8725504175203
8,42.800000000000004,703.9387935974547
8,42.900000000000006,709.3672961339464
8,43.0,708.6544330023397
8,43.1,701.4910237769022
8,43.2,678.6178535124624
8,43.300000000000004,667.3375405370285
8,43.400000000000006,687.8241180943227
8,43.5,672.0006248214252
8,43.6,672.7269434035659
8,43.7,701.4669171482194
8,43.800000000000004,700.3704395279922
8,43.900000000000006,706.8912000266738
8,44.0,722.4519080047448
8,44.1,693.2876279983471
8,44.2,678.9904647304485
8,44.300000000000004,689.1472930825288
8,44.400000000000006,700.1983701473496
8,44.5,694.089383760517
8,44.6,684.6720800604029
8,44.7,672.6545677557147
8,44.800000000000004,654.7738896657163
8,44.900000000000006,665.6139222687879
8,45.0,668.8962404051134
8,45.1,679.1449100928071
8,45.2,695.334965675231
8,45.300000000000004,687.4532990877074
8,45.400000000000006,714.7641645871062
8,45.5,725.5044792793735
8,45.6,685.2702351130312
8,45.7,690.6204263973206
8,45.800000000000004,681.1761890395104
8,45.900000000000006,665.4289689639589
8,46.0,683.7290599251828
8,46.1,656.1368585190846
8,46.2,610.2304446479615
8,46.300000000000004,677.1688528614519
8,46.400000000000006,703.929053887894
8,46.5,771.3801679124114
8,46.6,683.8339651125702
8,46.7,693.7765630074572
8,46.800000000000004,691.1913349300794
8,46.900000000000006,675.3461031601585
8,47.0,663.9252665209098
8,47.1,690.6702745574706
8,47.2,702.4572697233477
8,47.300000000000004,699.5119541559583
8,47.400000000000006,708.3161946836758
8,47.5,694.9411427560963
8,47.6,672.9528507674861
8,47.7,669.7411849339379
8,47.800000000000004,693.994790410612
8,47.900000000000006,679.577385399321
8,48.0,673.3701339225746
8,48.1,653.7549920871049
8,48.2,703.0969593235579
8,48.300000000000004,693.6721849551027
8,48.400000000000006,683.1568062147703
8,48.5,685.4015811926431
8,48.6,678.0831862731945
8,48.7,678.9546513237245
8,48.800000000000004,667.0810470784206
8,48.900000000000006,688.3027303226672
8,49.0,692.4782412391702
8,49.1,674.7590168407478
8,49.2,678.2320307066989
8,49.300000000000004,690.2946003875246
8,49.400000000000006,668.5219718157168
8,49.5,637.2605253500333
8,49.6,708.7089693222875
8,49.7,676.2842770616248
8,49.800000000000004,676.9179884431946
8,49.900000000000006,686.4582602245864
8,50.0,686.4258844914667
8,50.1,685.5579290482343
8,50.2,669.7442521489248
8,50.300000000000004,701.6994106768301
8,50.400000000000006,660.1849661182586
8,50.5,594.3338934318235
8,50.6,702.3753927616962
8,50.7,690.5257748494024
8,50.800000000000004,683.200692060291
8,50.900000000000006,643.6326192652718
8,51.0,666.3957257278431
8,51.1,645.5660940049394
8,51.2,586.5002927082468
8,51.300000000000004,524.8744325371725
8,51.400000000000006,585.2442937130836
8,51.5,672.5774781255794
8,51.6,630.7702830704147
8,51.7,606.9183540874112
8,51.800000000000004,569.525438913307
8,51.900000000000006,483.20362441195465
8,52.0,676.3655555294498
8,52.1,598.9167001924085
8,52.2,502.5401894812628
8,52.300000000000004,699.5065776270407
8,52.400000000000006,676.8940895990436
8,52.5,599.4938638330813
8,52.6,673.6834167564133
8,52.7,627.4688707904629
8,52.800000000000004,672.254156833313
8,52.900000000000006,687.7521078767445
8,53.0,681.3641127986987
8,53.1,597.0245394752068
8,53.2,669.443585036587
8,53.300000000000004,531.0604394294583
8,53.400000000000006,628.7561411148547
8,53.5,606.177113972101
8,53.6,570.117089563674
8,53.7,636.6666444948875
8,53.800000000000004,639.9752800400156
8,53.900000000000006,626.4820615691622
8,54.0,543.9662623196901
8,54.1,664.3642339747896
8,54.2,603.3962478144532
8,54.300000000000004,617.0054940860597
8,54.400000000000006,476.54841485575275
8,54.5,490.7166419442873
8,54.6,596.7679435758889
8,54.7,628.1105539259507
8,54.800000000000004,625.4170481006716
8,54.900000000000006,678.2583001842996
8,55.0,600.1227952094781
8,55.1,667.9903766806967
8,55.2,640.526284176204
8,55.300000000000004,689.3118807697289
8,55.400000000000006,605.9022579186592
8,55.5,667.8640782630648
8,55.6,671.6553958432036
8,55.7,670.8945215886347
8,55.800000000000004,639.9552713593523
8,55.900000000000006,571.844753865911
8,56.0,541.5344685654411
8,56.1,634.4733768194537
8,56.2,745.6918094734764
8,56.300000000000004,588.1708092002121
8,56.400000000000006,620.4899291838374
8,56.5,614.685861328887
8,56.6,623.4682595282135
8,56.7,447.57178598357444
8,56.800000000000004,575.2157075468864
8,56.900000000000006,570.6292973535107
8,57.0,606.3006552881685
8,57.1,684.548675801988
8,57.2,590.81225000524
8,57.300000000000004,580.5596468999481
8,57.400000000000006,692.6956159261379
8,57.5,372.86005905052286
8,57.6,658.6377463426239
8,57.7,600.0908666295066
8,57.800000000000004,613.4840366148753
8,57.900000000000006,630.126182179227
8,58.0,625.1605296320589
8,58.1,592.1903872319956
8,58.2,562.6873951806105
8,58.300000000000004,643.3628938531605
8,58.400000000000006,681.4760602871509
8,58.5,698.4280459385835
8,58.6,599.2831267278062
8,58.7,614.1018927791075
8,58.800000000000004,667.8114995672545
8,58.900000000000006,395.5162170708701
8,59.0,650.6295724655214
8,59.1,649.6204106756987
8,59.2,668.0637359393988
8,59.300000000000004,676.7843722257684
8,59.400000000000006,478.72807970388214
8,59.5,605.8141961117277
8,59.6,517.547207826555
8,59.7,653.165089101018
8,59.800000000000004,559.1391935492682
8,59.900000000000006,690.781619059039
8,60.0,613.4709768180844
8,60.1,546.5291845320073
8,60.2,685.1749024157572
8,60.300000000000004,667.5120890380643
8,60.400000000000006,678.2734386609424
8,60.5,548.8092851232989
8,60.6,596.3660259514518
8,60.7,469.37830338966916
8,60.800000000000004,645.8830883546025
8,60.900000000000006,541.0896870994636
8,61.0,696.8154713374582
8,61.1,547.01237529955
8,61.2,401.14762472068094
8,61.300000000000004,484.9796297793731
8,61.400000000000006,615.9980844359237
8,61.5,595.7046346382873
8,61.6,646.880200957412
8,61.7,510.9981942677512
8,61.800000000000004,676.7728129953352
8,61.900000000000006,714.9034668819723
8,62.0,700.8983984992458
8,62.1,694.0594997043042
8,62.2,705.1689141489373
8,62.300000000000004,751.9402626866403
8,62.400000000000006,644.7921573265961
8,62.5,672.5440780429265
8,62.6,700.539854135081
8,62.7,722.8914068283817
8,62.800000000000004,683.8163578685202
8,62.900000000000006,701.2731435651492
8,63.0,722.2494229991469
8,63.1,710.5317484491056
8,63.2,716.6865792314813
8,63.300000000000004,682.3900721276943
8,63.400000000000006,690.6925899357044
8,63.5,672.0339669806154
8,63.6,712.19323263801
8,63.7,711.0998471946698
8,63.800000000000004,684.8755080288631
8,63.900000000000006,699.7329321519337
8,64.0,713.3581473554875
8,64.10000000000001,691.5001477280388
8,64.2,706.9168852333448
8,64.3,706.1064109392323
8,64.4,705.5600825128101
8,64.5,700.9655976319534
8,64.60000000000001,711.234679366975
8,64.7,718.5932242128123
8,64.8,692.5466707862346
8,64.9,680.7918757498497
8,65.0,735.0725594419083
8,65.10000000000001,703.1047444254921
8,65.2,706.4387314741191
8,65.3,716.1506187252008
8,65.4,693.1523651380325
8,65.5,688.3123635086683
8,65.60000000000001,705.2151029812019
8,65.7,708.7989665865505
8,65.8,701.589740249089
8,65.9,705.810710471338
8,66.0,701.8910361407628
8,66.10000000000001,716.5453666625402
8,66.2,685.6311136146435
8,66.3,674.4805349959278
8,66.4,680.7646164236625
8,66.5,677.8131034584499
8,66.60000000000001,684.6120210119459
8,66.7,714.8263090967104
8,66.8,685.1962213410034
8,66.9,687.4368840242763
8,67.0,698.8300786397247
8,67.10000000000001,704.9582863524108
8,67.2,709.9435218380469
8,67.3,693.0886844643692
8,67.4,696.4360386309133
8,67.5,712.7620141509883
8,67.60000000000001,686.0724435475504
8,67.7,796.6460218252356
8,67.8,721.7181332425156
8,67.9,701.7367871811913
8,68.0,718.9328515069382
8,68.10000000000001,696.1372858592733
8,68.2,693.8375453258311
8,68.3,599.592843483348
8,68.4,638.3021534360954
8,68.5,684.4701936720769
8,68.60000000000001,557.1680820901996
8,68.7,537.9620908360887
8,68.8,396.2959210231412
8,68.9,578.5194980173376
8,69.0,584.4712096501067
8,69.10000000000001,675.4190950484133
8,69.2,578.1764522309481
8,69.3,643.2454155430748
8,69.4,561.7672736572708
8,69.5,549.2814571218956
8,69.60000000000001,634.3970927287644
8,69.7,564.1702432023249
8,69.8,521.545379945854
8,69.9,664.3256981005984
8,70.0,705.5269752201359
8,70.10000000000001,706.5484432133719
8,70.2,717.9881136415465
8,70.3,716.0272791913421
8,70.4,786.485923285207
8,70.5,723.9749582973931
8,70.60000000000001,707.579671301824
8,70.7,716.1877200273685
8,70.8,715.5425997079807
8,70.9,692.8040028819937
8,71.0,705.9499754556384
8,71.10000000000001,714.0462741349306
8,71.2,693.2650715730645
8,71.3,702.580355838297
8,71.4,697.7278596373799
8,71.5,693.5615959823446
8,71.60000000000001,683.9335186761894
8,71.7,697.49793393907
8,71.8,720.5673947537355
8,71.9,715.9206760807785
8,72.0,731.9816114508259
8,72.10000000000001,714.549695493602
8,72.2,708.4865453906201
8,72.3,701.728995937993
8,72.4,702.9880912630658
8,72.5,689.3994892243227
8,72.60000000000001,711.0225367730187
8,72.7,797.5940046801145
8,72.8,722.1087563418926
8,72.9,656.6933459251813
8,73.0,709.410226383694
8,73.10000000000001,689.4899137998304
8,73.2,694.7680146369011
8,73.3,714.5313757105127
8,73.4,714.5169523617001
8,73.5,715.6144963963663
8,73.60000000000001,697.6133617020948
8,73.7,676.5608769243933
8,73.8,695.9860729082517
8,73.9,693.8709526616556
8,74.0,678.4750135632288
8,74.10000000000001,675.1663118463507
8,74.2,681.0456252999845
8,74.3,605.9872830777904
8,74.4,631.7986950345257
8,74.5,673.8806504313678
8,74.60000000000001,667.090797328945
8,74.7,665.800685084478
8,74.8,690.8523779715242
8,74.9,703.1096347717612
8,75.0,681.5306196380657
8,75.10000000000001,692.6628524718985
8,75.2,680.5277615644726
8,75.3,690.5393242366189
8,75.4,695.6808969317608
8,75.5,690.0675258143084
8,75.60000000000001,693.2446745360064
8,75.7,693.8380034911376
8,75.8,714.1567390777517
8,75.9,702.6598374917874
8,76.0,691.4899085958549
8,76.10000000000001,691.3865903505608
8,76.2,708.8233132985977
8,76.3,681.4551266102619
8,76.4,688.6680253708631
8,76.5,697.292382478846
8,76.60000000000001,684.8930990596302
8,76.7,668.4514871892957
8,76.80000000000001,689.2325416642764
8,76.9,673.8253881441061
8,77.0,688.2221455385888
8,77.10000000000001,683.7828888579692
8,77.2,672.6317518554313
8,77.30000000000001,692.2246616971936
8,77.4,712.3647306336453
8,77.5,704.2748774984403
8,77.60000000000001,695.1498021489397
8,77.7,666.3072669872446
8,77.80000000000001,673.5496275758973
8,77.9,698.1226667587305
8,78.0,680.054240339419
8,78.10000000000001,681.09912446268
8,78.2,695.9805401914607
8,78.30000000000001,706.1057831623531
8,78.4,688.8104399603785
8,78.5,686.2664023323546
8,78.60000000000001,677.0550867506316
8,78.7,673.9445861014677
8,78.80000000000001,666.838933177759
8,78.9,659.0344195108966
8,79.0,635.1062965638766
8,79.10000000000001,650.9645195957835
8,79.2,690.0747747203353
8,79.30000000000001,697.6681332431697
8,79.4,675.0119094594446
8,79.5,681.5320485935208
8,79.60000000000001,691.1930233253868
8,79.7,686.7983618898868
8,79.80000000000001,661.6458124317073
8,79.9,675.811297601295
8,80.0,693.4451362090426
8,80.10000000000001,688.5347331717329
8,80.2,666.9247594951521
8,80.30000000000001,674.4373374965558
8,80.4,673.3475845728013
8,80.5,671.3710531109582
8,80.60000000000001,671.8765623400508
8,80.7,669.7844531445833
8,80.80000000000001,681.0156774526013
8,80.9,681.7013723102306
8,81.0,666.1173724638095
8,81.10000000000001,662.0505828133045
8,81.2,657.425185882022
8,81.30000000000001,667.4374928258452
8,81.4,664.1622437140124
8,81.5,659.3322899715457
8,81.60000000000001,667.2003551686687
8,81.7,662.9674742224738
8,81.80000000000001,663.4958699213792
8,81.9,657.3051281964653
8,82.0,655.2895837770546
8,82.10000000000001,650.292622502533
8,82.2,744.8309848827047
8,82.30000000000001,748.8985510431208
8,82.4,669.2322848416591
8,82.5,692.6758084534983
8,82.60000000000001,710.3782338305845
8,82.7,739.156924111896
8,82.80000000000001,715.6417341606133
8,82.9,674.8193253576133
8,83.0,667.4787298615444
8,83.10000000000001,645.7458594461684
8,83.2,662.378599086668
8,83.30000000000001,664.5977281920092
8,83.4,658.7399730551635
8,83.5,665.8483030224379
8,83.60000000000001,661.6010177968849
8,83.7,673.951783205984
8,83.80000000000001,671.9728976767968
8,83.9,666.2188102006565
8,84.0,666.638043346127
8,84.10000000000001,671.0833987947127
8,84.2,657.1152116454348
8,84.30000000000001,644.1772810326313
8,84.4,654.7195853928274
8,84.5,670.4444255962505
8,84.60000000000001,682.035038686444
8,84.7,679.8217633594145
8,84.80000000000001,701.1730128581117
8,84.9,706.9931401307808
8,85.0,699.7949646695341
8,85.10000000000001,687.4782508268373
8,85.2,676.8668388873947
8,85.30000000000001,673.2675482475485
8,85.4,662.5607055842881
8,85.5,660.1325339941285
8,85.60000000000001,664.3130775477948
8,85.7,667.3910529188347
8,85.80000000000001,661.8320370802171
8,85.9,678.1515556307054
8,86.0,688.9806641458831
8,86.10000000000001,682.9750792500648
8,86.2,689.5544086306194
8,86.30000000000001,681.8167135008069
8,86.4,659.4769447404278
8,86.5,664.1874898759214
8,86.60000000000001,679.5557191899559
8,86.7,677.730398158107
8,86.80000000000001,683.9973055939355
8,86.9,688.2388236183439
8,87.0,685.2299714386359
8,87.10000000000001,664.591441081744
8,87.2,650.4387329246659
8,87.30000000000001,687.8238405011612
8,87.4,693.2113810563952
8,87.5,669.3339550376469
8,87.60000000000001,689.0442975519406
8,87.7,689.0888884265833
8,87.80000000000001,691.7553153117666
8,87.9,693.2564368044638
8,88.0,667.4337871639069
8,88.10000000000001,671.708118012345
8,88.2,726.9364574153893
8,88.30000000000001,738.4493114399118
8,88.4,673.4026413527315
8,88.5,656.2152623095134
8,88.60000000000001,655.650878955418
8,88.7,680.8081498281026
8,88.80000000000001,687.0417125910692
8,88.9,683.0234068675366
8,89.0,707.097982509294
8,89.10000000000001,697.5985021941326
8,89.2,663.5806350482378
8,89.30000000000001,667.3140269898662
8,89.4,668.2351336215276
8,89.5,660.8028941887047
8,89.60000000000001,645.464142344924
8,89.7,636.2266398620249
8,89.80000000000001,665.5423425389359
8,89.9,722.9636572917645
8,90.0,701.8166027847354
8,90.10000000000001,688.5293069292408
8,90.2,694.9391865331402
8,90.30000000000001,710.5262943392897
8,90.4,680.4183771063706
8,90.5,649.1256142642725
8,90.60000000000001,669.276594787353
8,90.7,682.0434783636432
8,90.80000000000001,689.8777474293025
8,90.9,682.4875342120989
8,91.0,677.0650465284451
8,91.10000000000001,656.1613635048069
8,91.2,682.1171758206169
8,91.30000000000001,686.1443638791405
8,91.4,703.3406518468821
8,91.5,720.0093582052289
8,91.60000000000001,691.3294181881362
8,91.7,665.3122690852996
8,91.80000000000001,671.7648398454666
8,91.9,673.0222106394658
8,92.0,653.5991203427889
8,92.10000000000001,666.2372853583237
8,92.2,671.0597862374487
8,92.30000000000001,686.6526747679555
8,92.4,685.2795108478824
8,92.5,655.7530676535589
8,92.60000000000001,626.5111469227529
8,92.7,546.9577165328527
8,92.80000000000001,537.8184729120779
8,92.9,601.4876586242373
8,93.0,556.9991282286372
8,93.10000000000001,667.4389782925283
8,93.2,651.45900779027
8,93.30000000000001,647.8209414032362
8,93.4,615.4040721511919
8,93.5,629.2359784165128
8,93.60000000000001,553.6290083087808
8,93.7,589.8429677396347
8,93.80000000000001,623.3421296787948
8,93.9,554.836557532207
8,94.0,453.2249426435103
8,94.10000000000001,647.0724187211647
8,94.2,617.602555440734
8,94.30000000000001,603.0824253122796
8,94.4,638.520892458839
8,94.5,621.6339476117319
8,94.60000000000001,596.8760903508856
8,94.7,577.6518754342171
8,94.80000000000001,661.5758369216459
8,94.9,641.9795820239796
8,95.0,632.3364219249007
8,95.10000000000001,636.633016190781
8,95.2,580.2021359116795
8,95.30000000000001,645.9217196509018
8,95.4,583.8422197007442
8,95.5,611.8366660377718
8,95.60000000000001,633.674734357564
8,95.7,655.457215321993
8,95.80000000000001,605.4656831087327
8,95.9,653.4982970993682
8,96.0,579.7588008909642
8,96.10000000000001,610.8554813773084
8,96.2,664.3196076839727
8,96.30000000000001,622.7834927239347
8,96.4,696.1742805028945
8,96.5,627.8401465604377
8,96.60000000000001,619.6815925418794
8,96.7,666.5891820255506
8,96.80000000000001,626.3834028135215
8,96.9,533.4013767262591
8,97.0,621.0964115044881
8,97.10000000000001,598.5143937686668
8,97.2,611.8601515975209
8,97.30000000000001,623.3986123590123
8,97.4,508.01637427598405
8,97.5,650.7910365574239
8,97.60000000000001,612.8325229089312
8,97.7,669.5738538265763
8,97.80000000000001,632.007428754664
8,97.9,556.6345584741065
8,98.0,576.9013125915777
8,98.10000000000001,463.4875708019744
8,98.2,489.6272326835217
8,98.30000000000001,618.7235806672894
8,98.4,465.8848822107712
8,98.5,685.4251480529259
8,98.60000000000001,625.7426142886426
8,98.7,637.0275232428347
8,98.80000000000001,600.4192032796547
8,98.9,598.3696972908131
8,99.0,591.3140214152036
8,99.10000000000001,537.5174146353773
8,99.2,650.8444379936387
8,99.30000000000001,605.5900973749302
8,99.4,654.2172311879694
8,99.5,595.5172892443661
8,99.60000000000001,701.7916476979107
8,99.7,760.2216444614827
8,99.80000000000001,708.6881125911782
8,99.9,685.1387378793761
8,100.0,690.7087619621441
8,100.10000000000001,655.5227583007606
8,100.2,615.7585274964716
8,100.30000000000001,705.0710453757163
8,100.4,701.3226849750927
8,100.5,662.6800879903715
8,100.60000000000001,670.3537880619809
8,100.7,668.0449753107894
8,100.80000000000001,685.6116926093364
8,100.9,682.3663089073477
8,101.0,713.3800563937612
8,101.10000000000001,688.4811097932466
8,101.2,696.5725979208331
8,101.30000000000001,711.609174402888
8,101.4,704.2829535546828
8,101.5,702.4505579184853
8,101.60000000000001,708.1687851458909
8,101.7,693.3615634692499
8,101.80000000000001,698.9686515282222
8,101.9,711.6358047859055
8,102.0,694.4985600008572
8,102.10000000000001,706.8499935654532
8,102.2,702.1966753210942
8,102.30000000000001,718.8127931742187
8,102.4,679.3900327541297
8,102.5,598.445486115212
8,102.60000000000001,674.3489922152243
8,102.7,720.84265765456
8,102.80000000000001,808.3666848648538
8,102.9,715.2631657199834
8,103.0,666.4353835793379
8,103.10000000000001,705.9648380540539
8,103.2,703.1442006104818
8,103.30000000000001,695.1610165893345
8,103.4,694.2210767265885
8,103.5,705.5792530818089
8,103.60000000000001,673.4809174914321
8,103.7,660.501008080732
8,103.80000000000001,687.0653487367924
8,103.9,671.0983102015934
8,104.0,703.8928359799828
8,104.10000000000001,677.6288135214729
8,104.2,680.5486711122861
8,104.30000000000001,701.2659634341353
8,104.4,701.675057456983
8,104.5,732.348868301691
8,104.60000000000001,704.1709687752074
8,104.7,661.1930826133186
8,104.80000000000001,646.3184285595926
8,104.9,684.6727824937017
8,105.0,698.6562739357014
8,105.10000000000001,715.8633697035095
8,105.2,680.7918031862097
8,105.30000000000001,678.3461414729485
8,105.4,665.2060836072616
8,105.5,693.4329689385124
8,105.60000000000001,691.9282557741973
8,105.7,688.8394942037615
8,105.80000000000001,696.8676825310527
8,105.9,697.7104068814394
8,106.0,697.9906300508474
8,106.10000000000001,666.1013384009809
8,106.2,702.1312334393926
8,106.30000000000001,651.5674214328803
8,106.4,707.2031422922146
8,106.5,721.534930739801
8,106.60000000000001,676.0725393998861
8,106.7,685.6949755016811
8,106.80000000000001,687.3648283891413
8,106.9,671.5984932623303
8,107.0,698.4946012761753
8,107.10000000000001,677.9908233503538
8,107.2,687.3884354040088
8,107.30000000000001,685.0741594724924
8,107.4,706.3200296231759
8,107.5,723.6262050302846
8,107.60000000000001,693.1398919234565
8,107.7,716.4521951997136
8,107.80000000000001,687.6475649218565
8,107.9,690.0424352795276
8,108.0,666.2345656806395
8,108.10000000000001,706.6820141065589
8,108.2,678.200774337237
8,108.30000000000001,721.8019609100411
8,108.4,685.2244913786469
8,108.5,700.0367061110595
8,108.60000000000001,802.4944398767547
8,108.7,705.3056643887958
8,108.80000000000001,690.8454233915979
8,108.9,686.3086422331914
8,109.0,693.7986857137414
8,109.10000000000001,667.4785150949846
8,109.2,661.1852313363274
8,109.30000000000001,691.4695592275863
8,109.4,681.7213287535162
8,109.5,701.5889121204194
8,109.60000000000001,710.6016133857697
8,109.7,635.6396264271222
8,109.80000000000001,690.1814793184702
8,109.9,696.8487313718452
8,110.0,702.8771078946054
8,110.10000000000001,644.0403425904967
8,110.2,697.025338937006
8,110.30000000000001,677.1226762074915
8,110.4,718.2308027113121
8,110.5,707.7755217640471
8,110.60000000000001,680.1059592781446
8,110.7,682.1735646013907
8,110.80000000000001,688.1096342638028
8,110.9,714.936789001333
8,111.0,679.7713925504709
8,111.10000000000001,706.7915851124114
8,111.2,693.9417682730566
8,111.30000000000001,694.2206807400494
8,111.4,718.1817317565892
8,111.5,707.2277149882474
8,111.60000000000001,689.4701315150099
8,111.7,654.1166586320666
8,111.80000000000001,690.1959726224354
8,111.9,680.0388440002374
8,112.0,688.5616667388928
8,112.10000000000001,701.0161952761488
8,112.2,685.0224157248713
8,112.30000000000001,700.737313699376
8,112.4,722.4047979324
8,112.5,710.2666161007953
8,112.60000000000001,693.8082027031318
8,112.7,706.0186304023367
8,112.80000000000001,683.6718095057088
8,112.9,672.8468707459085
8,113.0,687.2675574468491
8,113.10000000000001,721.2655172420064
8,113.2,687.3717610826554
8,113.30000000000001,691.1521395195615
8,113.4,716.3595262234746
8,113.5,712.5463301975877
8,113.60000000000001,682.5433574629182
8,113.7,719.0808021877618
8,113.80000000000001,677.949700217285
8,113.9,693.2369301100083
8,114.0,690.6061538135502
8,114.10000000000001,720.7600294024236
8,114.2,679.710636042729
8,114.30000000000001,692.008204281985
8,114.4,680.9060746831826
8,114.5,707.2608968534714
8,114.60000000000001,689.710281092657
8,114.7,649.726227308613
8,114.80000000000001,767.3214968637169
8,114.9,716.0980431823283
8,115.0,765.0897789353395
8,115.10000000000001,691.4366844174731
8,115.2,703.1198811487404
8,115.30000000000001,668.0205020012953
8,115.4,711.7782150305625
8,115.5,694.3474391266043
8,115.60000000000001,708.7705977505948
8,115.7,690.0967278949731
8,115.80000000000001,712.4371275767826
8,115.9,695.4870355009485
8,116.0,691.1619183717629
8,116.10000000000001,701.5037213474756
8,116.2,710.4519010401757
8,116.30000000000001,683.4322592631318
8,116.4,687.811201008716
8,116.5,694.7298959324854
8,116.60000000000001,705.4398606725953
8,116.7,674.9668148626047
8,116.80000000000001,676.5724461480085
8,116.9,670.6663159958922
8,117.0,705.1742010945673
8,117.10000000000001,691.3825911906132
8,117.2,754.1246796317398
8,117.30000000000001,701.8944480592119
8,117.4,674.4033152012865
8,117.5,698.4184837799214
8,117.60000000000001,681.8306457190712
8,117.7,697.0116412801988
8,117.80000000000001,669.5657233502485
8,117.9,697.1871711358104
8,118.0,706.8364933806541
8,118.10000000000001,751.2616518734338
8,118.2,722.6681017199847
8,118.30000000000001,712.2471264491782
8,118.4,694.0847976867367
8,118.5,698.22953676707
8,118.60000000000001,688.8810132352966
8,118.7,677.8894714186347
8,118.80000000000001,681.3001473805067
8,118.9,689.5252786178613
8,119.0,704.3008126191393
8,119.10000000000001,700.2417057088969
8,119.2,688.8903480379596
8,119.30000000000001,701.930434722565
8,119.4,703.2427720135364
8,119.5,662.9279050114329
8,119.60000000000001,679.9082425869668
8,119.7,689.8869048804368
8,119.80000000000001,719.7249067488764
8,119.9,708.4265735416427
8,120.0,707.6613806577011
8,120.10000000000001,704.9211771113866
8,120.2,698.7405797473417
8,120.30000000000001,703.6142258205135
8,120.4,716.9784614431063
8,120.5,685.5239970609881
8,120.60000000000001,689.7276566653022
8,120.7,678.5290553229294
8,120.80000000000001,681.0491244699181
8,120.9,704.1510816663229
8,121.0,704.5475993387422
8,121.10000000000001,690.4510452042089
8,121.2,711.5537822035946
8,121.30000000000001,677.7309630951958
8,121.4,691.1257812729377
8,121.5,702.2440731914144
8,121.60000000000001,716.5988630074634
8,121.7,701.7446870176636
8,121.80000000000001,693.2257460970468
8,121.9,677.19420897794
8,122.0,709.4894181538806
8,122.10000000000001,734.2965122129712
8,122.2,705.0512657593616
8,122.30000000000001,710.2515502407815
8,122.4,708.7338616931062
8,122.5,747.0076912176647
8,122.60000000000001,720.7711423984641
8,122.7,703.5830917538441
8,122.80000000000001,727.5421441662198
8,122.9,725.2528704271976
8,123.0,690.1812032195456
8,123.10000000000001,717.3291272023064
8,123.2,697.4873161930792
8,123.30000000000001,719.963690593273
8,123.4,718.8061585625944
8,123.5,675.6006399963807
8,123.60000000000001,697.0563013346259
8,123.7,683.4196757327825
8,123.80000000000001,693.9657722252138
8,123.9,692.2181689912286
8,124.0,691.8058538995135
8,124.10000000000001,688.1036930631032
8,124.2,708.4264854325315
8,124.30000000000001,676.5321790869787
8,124.4,685.8426032585331
8,124.5,699.3475215507906
8,124.60000000000001,712.7765628488106
8,124.7,697.9579970901897
8,124.80000000000001,698.2999256983356
8,124.9,698.181764638852
8,125.0,692.5269332065798
8,125.10000000000001,715.61393591176
8,125.2,711.4580821118135
8,125.30000000000001,707.5736290411662
8,125.4,714.5330797249361
8,125.5,710.4234287405534
8,125.60000000000001,716.21936718484
8,125.7,682.3635295952365
8,125.80000000000001,687.256989451796
8,125.9,699.4659373603168
8,126.0,701.1156640764083
8,126.10000000000001,688.7029324411643
8,126.2,703.7216228639467
8,126.30000000000001,696.7928692325077
8,126.4,697.9280359521874
8,126.5,694.8755156075808
8,126.60000000000001,636.254699425032
8,126.7,678.7181148861304
8,126.80000000000001,708.1451895228107
8,126.9,701.5793924029168
8,127.0,703.0054457887467
8,127.10000000000001,693.4835747270002
8,127.2,695.9724081812933
8,127.30000000000001,704.5313243076669
8,127.4,712.5410588337248
8,127.5,689.0201241666983
8,127.60000000000001,699.8087068070732
8,127.7,724.2720881969125
8,127.80000000000001,714.448848580382
8,127.9,702.3673714163934
8,128.0,710.4409513822552
8,128.1,705.1793720839869
8,128.20000000000002,699.9804627952398
8,128.3,708.3296099708939
8,128.4,742.1502559453111
8,128.5,718.1591252009708
8,128.6,718.9978098377586
8,128.70000000000002,714.4369752477693
8,128.8,687.8258290396066
8,128.9,697.3823029572231
8,129.0,700.7397880989494
8,129.1,692.3252308667186
8,129.20000000000002,701.3749071257355
8,129.3,705.1013272025873
8,129.4,701.0391701242974
8,129.5,710.7662022223703
8,129.6,718.902693601781
8,129.70000000000002,705.4788029831122
8,129.8,706.252417610813
8,129.9,707.585526879632
8,130.0,688.9675540144216
8,130.1,677.9944659707329
8,130.20000000000002,704.6533884899011
8,130.3,716.2790450316198
8,130.4,685.9471621498417
8,130.5,705.0205236086465
8,130.6,720.6833310888742
8,130.70000000000002,797.0673067486705
8,130.8,749.746873439438
8,130.9,703.771527692802
8,131.0,690.3904762040447
8,131.1,687.6269996199597
8,131.20000000000002,699.7235413336853
8,131.3,699.7509228497194
8,131.4,714.7933068550043
8,131.5,702.2612549437213
8,131.6,693.8412240407413
8,131.70000000000002,699.1665048300008
8,131.8,705.4809533367845
8,131.9,701.0735165792381
8,132.0,704.4974179359397
8,132.1,702.6180430073978
8,132.20000000000002,731.2930311301906
8,132.3,714.6747705646103
8,132.4,690.8034057859221
8,132.5,677.9628063667988
8,132.6,686.1643987101677
8,132.70000000000002,711.2184027768379
8,132.8,713.9120490946189
8,132.9,714.4104738851113
8,133.0,704.129851191426
8,133.1,695.5746655237297
8,133.20000000000002,692.6844726911686
8,133.3,682.3742689210895
8,133.4,693.0294750432201
8,133.5,691.1186652239708
8,133.6,697.7046579476503
8,133.70000000000002,708.3789391087216
8,133.8,693.8298587795832
8,133.9,703.0145978143654
8,134.0,713.4376273849527
8,134.1,702.4794423932781
8,134.20000000000002,687.9518845106161
8,134.3,706.5738643002829
8,134.4,711.4189947481607
8,134.5,700.1724647347183
8,134.6,692.782978963987
8,134.70000000000002,697.8860701595698
8,134.8,693.7896138755345
8,134.9,699.4296901101427
8,135.0,694.5800989487926
8,135.1,683.8828622615175
8,135.20000000000002,690.5294424694883
8,135.3,699.3925608866855
8,135.4,709.1251408058615
8,135.5,684.0005807040914
8,135.6,692.494764634849
8,135.70000000000002,708.7380745400616
8,135.8,688.7334624229519
8,135.9,692.6988415047354
8,136.0,699.3184705192949
8,136.1,698.9360329861107
8,136.20000000000002,713.2297029790351
8,136.3,697.497064424386
8,136.4,693.5415411316926
8,136.5,705.5904907396822
8,136.6,691.4942700825895
8,136.70000000000002,685.7794529778598
8,136.8,706.4476620135948
8,136.9,724.7564376373259
8,137.0,723.0117854635625
8,137.1,734.6728299080106
8,137.20000000000002,716.9234830584131
8,137.3,699.2071666753234
8,137.4,695.2841506025231
8,137.5,648.9947153282585
8,137.6,611.0941860005867
8,137.70000000000002,600.1561309227997
8,137.8,492.6421747452445
8,137.9,513.6333521552116
8,138.0,633.7279704097965
8,138.1,644.0836216634839
8,138.20000000000002,620.8685762922661
8,138.3,579.8255981762766
8,138.4,566.9897380534277
8,138.5,587.9924424628035
8,138.6,605.0747755968184
8,138.70000000000002,619.5366334173453
8,138.8,623.8527301522072
8,138.9,639.8943052117143
8,139.0,645.5333122035278
8,139.1,632.803817634574
8,139.20000000000002,599.6392994172913
8,139.3,624.3393829705153
8,139.4,658.5215539513692
8,139.5,657.6868383771653
8,139.6,652.1441688551498
8,139.70000000000002,649.9394420918787
8,139.8,585.006719900645
8,139.9,572.3264631940378
8,140.0,609.7444806237713
8,140.1,604.0494907257388
8,140.20000000000002,665.1358812872747
8,140.3,657.7528191562169
8,140.4,628.9761590522977
8,140.5,655.8807891497097
8,140.6,647.4423279559304
8,140.70000000000002,633.6703782172642
8,140.8,663.0540710244753
8,140.9,625.7879935563909
8,141.0,620.3378951579188
8,141.1,614.9365759612061
8,141.20000000000002,584.4532309480204
8,141.3,560.4256338908461
8,141.4,563.3710769867627
8,141.5,574.4008496164864
8,141.6,553.919248869519
8,141.70000000000002,635.6848961686616
8,141.8,621.1460371851175
8,141.9,665.6097977475905
8,142.0,655.2448750381149
8,142.1,650.4515354658712
8,142.20000000000002,636.2969101333733
8,142.3,573.9387418348815
8,142.4,526.2533289734776
8,142.5,678.466782875011
8,142.6,686.8047769046359
8,142.70000000000002,534.3819043366635
8,142.8,589.9821350306595
8,142.9,608.4822232275471
8,143.0,573.9804034644094
8,143.1,548.1055185141665
8,143.20000000000002,519.165888498764
8,143.3,623.4380544181837
8,143.4,638.5338299979223
8,143.5,571.6789633946674
8,143.6,646.7868361809834
8,143.70000000000002,670.8682195168456
8,143.8,575.2981038897884
8,143.9,581.8333587682528
8,144.0,483.50305082081604
8,144.1,544.7737034251772
8,144.20000000000002,586.8534709493858
8,144.3,629.8281896075054
8,144.4,689.9570941249664
8,144.5,705.6825976539087
8,144.6,645.9639093987415
8,144.70000000000002,588.9136188570467
8,144.8,558.0995739228151
8,144.9,650.484337738956
8,145.0,674.3028379789077
8,145.1,639.4863501728407
8,145.20000000000002,591.7739261074452
8,145.3,642.764639299426
8,145.4,606.0053466939224
8,145.5,625.861194010686
8,145.6,591.6003611241737
8,145.70000000000002,584.6818702269206
8,145.8,603.5773616202362
8,145.9,576.8281189928266
8,146.0,539.9398133947279
8,146.1,581.0890237659588
8,146.20000000000002,585.823660333946
8,146.3,515.2500712790519
8,146.4,646.8124624015662
8,146.5,616.7941398360913
8,146.6,663.4719426001641
8,146.70000000000002,647.4344686960463
8,146.8,613.7367265216299
8,146.9,695.2171809765644
8,147.0,630.7371781486863
8,147.1,643.591714540214
8,147.20000000000002,652.5482514009716
8,147.3,625.2158808449964
8,147.4,589.4901741631833
8,147.5,617.5822038353762
8,147.6,606.7674438556344
8,147.70000000000002,640.7959383812237
8,147.8,654.0573280355619
8,147.9,692.4765357610563
8,148.0,656.759732073108
8,148.1,630.1391252542932
8,148.20000000000002,536.4032860484937
8,148.3,465.9232390555579
8,148.4,608.4592299725645
8,148.5,487.5749099147322
8,148.6,615.4876908809982
8,148.70000000000002,464.61647895340997
8,148.8,553.4513102869291
8,148.9,654.1298909071012
8,149.0,658.003324693949
8,149.1,607.8538618665809
8,149.20000000000002,557.6048697472347
8,149.3,582.4447361510739
8,149.4,450.8280104462501
8,149.5,635.148696498073
8,149.6,558.3915065848978
8,149.70000000000002,669.2561249386354
8,149.8,548.4408170418992
8,149.9,527.6265053482186
8,150.0,591.5284020801267
8,150.1,614.1064227255051
8,150.20000000000002,640.0345694442801
8,150.3,601.8152524551427
8,150.4,609.8143007268018
8,150.5,618.7542022805392
8,150.6,611.1009124578873
8,150.70000000000002,665.4522990640414
8,150.8,658.0619725559183
8,150.9,648.07818131509
8,151.0,511.47623251077334
8,151.1,564.4805212729724
8,151.20000000000002,600.1545728630872
8,151.3,525.3024769571165
8,151.4,614.8778097203686
8,151.5,616.3713170594009
8,151.6,511.99651641797504
8,151.70000000000002,582.5553374402315
8,151.8,540.9838587668182
8,151.9,494.0322981957776
8,152.0,585.6412809428247
8,152.1,707.3407107165572
8,152.20000000000002,694.1212464626476
8,152.3,603.402541918557
8,152.4,495.2554886395969
8,152.5,712.6578496690777
8,152.6,553.5112735406373
8,152.70000000000002,638.5819220157649
8,152.8,709.6342674609081
8,152.9,666.2582052748676
8,153.0,665.3140477094786
8,153.1,651.1408994319052
8,153.20000000000002,694.5767098518647
8,153.3,729.2220655634725
8,153.4,673.9915349826304
8,153.5,680.0031027700693
8,153.60000000000002,679.1488500026118
8,153.70000000000002,670.128602567567
8,153.8,707.9127566899701
8,153.9,700.1555371703438
8,154.0,686.4121970721927
8,154.10000000000002,691.0581904195665
8,154.20000000000002,669.9070984038233
8,154.3,678.1157781357076
8,154.4,690.3102181119681
8,154.5,670.8866556225306
8,154.60000000000002,651.2569074771428
8,154.70000000000002,678.0127320179906
8,154.8,681.2146101357617
8,154.9,683.5638807469559
8,155.0,690.5007980995249
8,155.10000000000002,716.9739804533979
8,155.20000000000002,680.4030441890535
8,155.3,668.4935168796895
8,155.4,697.9062312794434
8,155.5,671.7702587143116
8,155.60000000000002,652.6889179449723
8,155.70000000000002,583.1176029950175
8,155.8,638.7646241626596
8,155.9,624.966769951073
8,156.0,696.6615491018578
8,156.10000000000002,550.2978523344129
8,156.20000000000002,522.5762519398519
8,156.3,629.8629476750267
8,156.4,500.59537950383714
8,156.5,631.6292714004377
8,156.60000000000002,639.8335403499258
8,156.70000000000002,567.8527977497728
8,156.8,535.8895784378785
8,156.9,558.1324219260058
8,157.0,582.3529212654314
8,157.10000000000002,419.7844531272912
8,157.20000000000002,558.8027022141846
8,157.3,490.0941489390782
8,157.4,484.4831488306324
8,157.5,564.7748541044874
8,157.60000000000002,678.9153933890984
8,157.70000000000002,618.4373828370151
8,157.8,507.35662665533613
8,157.9,578.6095649537607
8,158.0,528.965593498646
8,158.10000000000002,686.2421409382109
8,158.20000000000002,649.7450248032503
8,158.3,597.3967071344775
8,158.4,535.6856268145073
8,158.5,619.0797694572292
8,158.60000000000002,559.7158672319555
8,158.70000000000002,614.3546032097904
8,158.8,592.8748870706451
8,158.9,590.5986535115861
8,159.0,667.5170151933175
8,159.10000000000002,562.9547214365352
8,159.20000000000002,645.3696872182003
8,159.3,549.99762522968
8,159.4,624.4256784043877
8,159.5,588.1182769050846
8,159.60000000000002,634.8723484567245
8,159.70000000000002,685.4787926171321
8,159.8,429.0231306927895
8,159.9,621.557466298453
8,160.0,620.7854753830951
8,160.10000000000002,605.3762894174246
8,160.20000000000002,574.9311060656023
8,160.3,592.2367325023488
8,160.4,609.5423589390952
8,160.5,551.6814991460524
8,160.60000000000002,566.1527596479019
8,160.70000000000002,601.9484302767459
8,160.8,684.880813725495
8,160.9,583.917282479136
8,161.0,670.5451109171408
8,161.10000000000002,625.4880393646362
8,161.20000000000002,573.5241278591224
8,161.3,436.95373948710755
8,161.4,678.6854933482759
8,161.5,625.3455738746067
8,161.60000000000002,675.2786988647313
8,161.70000000000002,623.9733687889102
8,161.8,446.2863095178979
8,161.9,608.4394260207004
8,162.0,676.6692267981762
8,162.10000000000002,513.5963110391345
8,162.20000000000002,644.5399853191466
8,162.3,647.242505905007
8,162.4,443.30442334927875
8,162.5,502.2963213851849
8,162.60000000000002,631.6984592688198
8,162.70000000000002,447.7756412213113
8,162.8,606.1039507787665
8,162.9,346.30937002717314
8,163.0,580.4920968940548
8,163.10000000000002,533.3918831920463
8,163.20000000000002,583.4940823835817
8,163.3,638.325355061932
8,163.4,580.9282300849363
8,163.5,578.9167516007012
8,163.60000000000002,505.6955456431945
8,163.70000000000002,435.2525673182209
8,163.8,626.6185992711629
8,163.9,676.4620366327238
8,164.0,535.5947523716069
8,164.10000000000002,518.3604268684164
8,164.20000000000002,498.674380355585
8,164.3,637.5767520476408
8,164.4,627.6916282252762
8,164.5,560.3462579919211
8,164.60000000000002,581.7521971100882
8,164.70000000000002,596.6905219028129
8,164.8,566.8327546704086
8,164.9,580.890600162987
8,165.0,596.1659000109291
8,165.10000000000002,522.8022479062165
8,165.20000000000002,555.6959601622806
8,165.3,582.8216991366355
8,165.4,646.2865132511678
8,165.5,640.181120855615
8,165.60000000000002,632.4273713081684
8,165.70000000000002,585.4952446359571
8,165.8,402.6801411101795
8,165.9,587.2480789621186
8,166.0,621.1983577404714
8,166.10000000000002,634.4317201929514
8,166.20000000000002,651.7717344617754
8,166.3,674.0561733344938
8,166.4,583.1211530738486
8,166.5,633.3317977903342
8,166.60000000000002,569.7000463425995
8,166.70000000000002,501.35971767036756
8,166.8,572.0484652133119
8,166.9,590.0564592263437
8,167.0,678.2291658955025
8,167.10000000000002,647.6715527540772
8,167.20000000000002,591.2396137453035
8,167.3,662.9301240790974
8,167.4,429.1846963816776
8,167.5,490.8328966246635
8,167.60000000000002,639.4751693406532
8,167.70000000000002,562.9545383115437
8,167.8,643.4694986009405
8,167.9,549.3014166193993
8,168.0,585.7359034051657
8,168.10000000000002,461.4622063357086
8,168.20000000000002,584.5199711721615
8,168.3,570.1084174804454
8,168.4,591.2382495217298
8,168.5,639.7133896575382
8,168.60000000000002,610.3970153630531
8,168.70000000000002,543.0554471665922
8,168.8,596.5733237665213
8,168.9,503.5709812875601
8,169.0,575.997686443141
8,169.10000000000002,540.5653858326266
8,169.20000000000002,594.5775904801095
8,169.3,634.2532438713074
8,169.4,586.1670925400348
8,169.5,551.8955872436077
8,169.60000000000002,623.5990669833151
8,169.70000000000002,563.1825068108062
8,169.8,562.0614182197501
8,169.9,532.3268942333159
8,170.0,626.2968971779499
8,170.10000000000002,605.4818006089483
8,170.20000000000002,566.2430813809558
8,170.3,496.34512923594184
8,170.4,508.3075724550814
8,170.5,457.40560948399747
8,170.60000000000002,574.050772832189
8,170.70000000000002,521.1826721149024
8,170.8,599.4863208195717
8,170.9,584.8390702003799
8,171.0,558.1717335765468
8,171.10000000000002,648.3671680036485
8,171.20000000000002,701.2691365437174
8,171.3,695.5057902455248
8,171.4,702.2405813832984
8,171.5,712.1665601758049
8,171.60000000000002,706.4367082146395
8,171.70000000000002,752.2484223888805
8,171.8,736.6264530990925
8,171.9,711.1518832217413
8,172.0,728.4648169768222
8,172.10000000000002,702.3646462974485
8,172.20000000000002,689.6263859299265
8,172.3,702.3727374416767
8,172.4,716.9979876568502
8,172.5,724.2297556986221
8,172.60000000000002,691.5029652171727
8,172.70000000000002,696.8106291854376
8,172.8,700.38913567762
8,172.9,696.0275880863642
8,173.0,696.4843364647654
8,173.10000000000002,690.2389129822533
8,173.20000000000002,666.996047939459
8,173.3,695.684471077099
8,173.4,719.9298404233735
8,173.5,714.3406110872982
8,173.60000000000002,692.2801025992245
8,173.70000000000002,688.5828979770657
8,173.8,683.276938741737
8,173.9,676.7449006285352
8,174.0,689.0314647500327
8,174.10000000000002,674.134487518168
8,174.20000000000002,692.5321323492717
8,174.3,703.3051613969642
8,174.4,688.1577529777015
8,174.5,664.79606555464
8,174.60000000000002,675.7598297437264
8,174.70000000000002,696.3005839526562
8,174.8,695.1538322267091
8,174.9,683.4924285101258
8,175.0,715.7323577950449
8,175.10000000000002,718.2984498691111
8,175.20000000000002,710.5004816876698
8,175.3,679.9573129100521
8,175.4,689.7310413535079
8,175.5,714.4108867594242
8,175.60000000000002,709.3469958917754
8,175.70000000000002,714.3199693549952
8,175.8,704.7967653479253
8,175.9,687.5066859505936
8,176.0,680.8603912253801
8,176.10000000000002,688.9851464059473
8,176.20000000000002,693.6855046930477
8,176.3,718.8708515878442
8,176.4,710.4551197444742
8,176.5,699.8957582557024
8,176.60000000000002,686.2323835904814
8,176.70000000000002,704.6663607954832
8,176.8,707.409630631348
8,176.9,695.0275209945764
8,177.0,701.0118165045702
8,177.10000000000002,709.512848746474
8,177.20000000000002,673.4449284070506
8,177.3,669.3678019865938
8,177.4,686.4530778433046
8,177.5,668.7090066964977
8,177.60000000000002,675.5598223138506
8,177.70000000000002,650.9146267707887
8,177.8,673.7697904088787
8,177.9,697.9160975306719
8,178.0,681.4266897371234
8,178.10000000000002,686.7947036694259
8,178.20000000000002,704.9124811100767
8,178.3,709.496596145782
8,178.4,736.640685411785
8,178.5,735.3136328009087
8,178.60000000000002,704.4932216142171
8,178.70000000000002,695.3414730106332
8,178.8,693.558531329367
8,178.9,703.618044696713
8,179.0,703.8309156525778
8,179.10000000000002,670.9349706460198
8,179.20000000000002,672.6872351833215
8,179.3,692.5458107841929
8,179.4,685.5790515746284
8,179.5,678.6039358503039
8,179.60000000000002,660.0462957434419
8,179.70000000000002,681.4216876670212
8,179.8,703.9108752615981
8,179.9,696.3795446152088
8,180.0,735.3907228394047
8,180.10000000000002,730.2909617567134
8,180.20000000000002,699.3242911954422
8,180.3,708.5163614692897
8,180.4,702.129506307086
8,180.5,687.6479546502197
8,180.60000000000002,685.605036566586
8,180.70000000000002,697.1403607263355
8,180.8,686.0126075917907
8,180.9,689.0588528697001
8,181.0,674.8334175131891
8,181.10000000000002,700.5428421064884
8,181.20000000000002,727.7916788337069
8,181.3,693.719667154856
8,181.4,697.4324758805799
8,181.5,712.5339599020923
8,181.60000000000002,708.756268133824
8,181.70000000000002,702.1533784398789
8,181.8,702.6262695629827
8,181.9,709.6506000228659
8,182.0,699.3489822808559
8,182.10000000000002,684.8729749559407
8,182.20000000000002,686.8947721921531
8,182.3,716.5626559681255
8,182.4,724.9897588774656
8,182.5,694.2996754837742
8,182.60000000000002,673.003063520822
8,182.70000000000002,682.0250967850454
8,182.8,698.9074234474738
8,182.9,713.2675971911697
8,183.0,715.1967060920972
8,183.10000000000002,701.5785480248858
8,183.20000000000002,695.8156516792563
8,183.3,694.9751930230309
8,183.4,701.009897166385
8,183.5,697.6413438308672
8,183.60000000000002,669.821066847486
8,183.70000000000002,674.8860331405773
8,183.8,698.3265372670775
8,183.9,684.4867497253972
8,184.0,684.6459842899441
8,184.10000000000002,677.5611761142824
8,184.20000000000002,672.5093008487474
8,184.3,692.211028709387
8,184.4,699.9411723404036
8,184.5,681.4714317650247
8,184.60000000000002,688.6640477665546
8,184.70000000000002,704.5577689980678
8,184.8,682.6844605158481
8,184.9,678.8736974509792
8,185.0,699.7690852288285
8,185.10000000000002,691.5890333029347
8,185.20000000000002,679.4074116056155
8,185.3,663.9377427850245
8,185.4,675.4102478920576
8,185.5,675.4029103692858
8,185.60000000000002,685.0297319570951
8,185.70000000000002,684.977591096095
8,185.8,687.3277492106
8,185.9,720.6046764293459
8,186.0,708.1147167883803
8,186.10000000000002,697.5727255400267
8,186.20000000000002,714.8925218227403
8,186.3,695.9016388124211
8,186.4,678.9867237662312
8,186.5,689.6471451460392
8,186.60000000000002,705.7623962461499
8,186.70000000000002,707.3181862293133
8,186.8,705.1436385563829
8,186.9,692.8836227058237
8,187.0,689.1495535138736
8,187.10000000000002,712.909114493763
8,187.20000000000002,685.824291942376
8,187.3,674.8716454916203
8,187.4,694.2119635787146
8,187.5,699.7370806478123
8,187.60000000000002,713.4099439797639
8,187.70000000000002,704.7782058259857
8,187.8,701.9153469487313
8,187.9,738.9287673810354
8,188.0,760.0367816388991
8,188.10000000000002,714.0532518080263
8,188.20000000000002,697.930953421766
8,188.3,675.4536760857253
8,188.4,690.0697346814472
8,188.5,705.8776842863527
8,188.60000000000002,687.6092012441135
8,188.70000000000002,676.8495336693284
8,188.8,688.9934327894852
8,188.9,658.7459569089061
8,189.0,687.0952653491969
8,189.10000000000002,696.3836151828694
8,189.20000000000002,698.9735247540864
8,189.3,693.3295212683051
8,189.4,695.8884655266128
8,189.5,699.197040614931
8,189.60000000000002,699.1462422858928
8,189.70000000000002,692.1009377107688
8,189.8,683.950766109264
8,189.9,703.2530922219756
8,190.0,694.9731517227747
8,190.10000000000002,688.4807594646461
8,190.20000000000002,691.0349554158399
8,190.3,712.9249236648221
8,190.4,716.9640374813008
8,190.5,704.236552302511
8,190.60000000000002,662.3209389761075
8,190.70000000000002,617.8957998937874
8,190.8,703.8336739364089
8,190.9,708.5003613999488
8,191.0,708.536791583071
8,191.10000000000002,674.1131441472107
8,191.20000000000002,599.6493136688191
8,191.3,590.6127370898714
8,191.4,629.8984279246333
8,191.5,598.9563815798564
8,191.60000000000002,594.5352239351597
8,191.70000000000002,576.7081430672565
8,191.8,566.1715393260537
8,191.9,518.0155884429803
8,192.0,466.1801028332734
8,192.10000000000002,549.8717842016547
8,192.20000000000002,602.6343261079251
8,192.3,490.35755647118845
8,192.4,605.7587393406905
8,192.5,587.4863082058124
8,192.60000000000002,582.3807935409827
8,192.70000000000002,602.5378832920945
8,192.8,619.0217917347803
8,192.9,542.2795768278112
8,193.0,630.9166110293593
8,193.10000000000002,581.4603655106927
8,193.20000000000002,460.97701957301393
8,193.3,504.0579428752481
8,193.4,482.3457043169234
8,193.5,576.894941580355
8,193.60000000000002,621.0321865282629
8,193.70000000000002,706.7660165013049
8,193.8,771.0619714861382
8,193.9,636.6648902270317
8,194.0,574.0716726563877
8,194.10000000000002,580.5740567437524
8,194.20000000000002,621.061919681191
8,194.3,589.7241909181669
8,194.4,609.6698758875038
8,194.5,611.7905368739669
8,194.60000000000002,487.89291362062414
8,194.70000000000002,519.4167648474869
8,194.8,475.96210654421316
8,194.9,611.1490578168867
8,195.0,588.4108115028228
8,195.10000000000002,611.7617868749884
8,195.20000000000002,466.0407519348178
8,195.3,588.6992304149047
8,195.4,561.837090181062
8,195.5,527.1421315427389
8,195.60000000000002,651.4374296947348
8,195.70000000000002,552.5451648595629
8,195.8,655.7312920539221
8,195.9,578.2255681404012
8,196.0,588.7117818784751
8,196.10000000000002,530.8269561693472
8,196.20000000000002,583.0075054725922
8,196.3,507.4596925280606
8,196.4,473.9126304709761
8,196.5,509.2534390444046
8,196.60000000000002,596.0256545926867
8,196.70000000000002,516.83242593144
8,196.8,589.025428768862
8,196.9,497.70755997885584
8,197.0,591.7193544824115
8,197.10000000000002,596.2946349954448
8,197.20000000000002,619.7321434191579
8,197.3,599.5201700371929
8,197.4,643.6038939091123
8,197.5,634.4567033050803
8,197.60000000000002,517.77887197222
8,197.70000000000002,608.4949361388275
8,197.8,588.6211488800953
8,197.9,584.7283252689272
8,198.0,466.940217965786
8,198.10000000000002,524.9061301835961
8,198.20000000000002,644.9314531468225
8,198.3,580.3565339521659
8,198.4,508.3704433829869
8,198.5,538.8902515364709
8,198.60000000000002,562.8117949448765
8,198.70000000000002,587.8426671002286
8,198.8,501.2477672997829
8,198.9,587.0558555035919
8,199.0,518.4499766900155
8,199.10000000000002,478.8265135279843
8,199.20000000000002,436.0607768293998
8,199.3,633.9899882597725
8,199.4,518.973415171244
8,199.5,551.9670797573193
8,199.60000000000002,365.06386244346606
8,199.70000000000002,539.8340835943216
8,199.8,475.66089558130454
8,199.9,538.575095162175
8,200.0,481.4892254317089
8,200.10000000000002,577.2898533802173
8,200.20000000000002,587.0409641818902
8,200.3,478.39427569237324
8,200.4,580.8795062906046
8,200.5,479.56320984924196
8,200.60000000000002,425.5979241398481
8,200.70000000000002,605.1806612558357
8,200.8,473.97450788602697
8,200.9,610.048939783967
8,201.0,746.5946086020435
8,201.10000000000002,682.8618718690577
8,201.20000000000002,715.8486749527236
8,201.3,695.8713470633389
8,201.4,675.9541417022923
8,201.5,701.5473325914829
8,201.60000000000002,702.1965989162278
8,201.70000000000002,702.3155219363078
8,201.8,709.6434028777851
8,201.9,723.5097260291848
8,202.0,712.8020177202164
8,202.10000000000002,704.9563168799311
8,202.20000000000002,706.824570068212
8,202.3,688.8900292269676
8,202.4,715.5355242949142
8,202.5,688.9264795811418
8,202.60000000000002,643.6750144580391
8,202.70000000000002,696.7217226973446
8,202.8,702.8932268215359
8,202.9,699.579341873238
8,203.0,692.9651156492231
8,203.10000000000002,713.3232174058911
8,203.20000000000002,662.6872120245358
8,203.3,697.1338041088826
8,203.4,711.3416018112272
8,203.5,704.4151552213967
8,203.60000000000002,723.8655373432435
8,203.70000000000002,713.0724330727433
8,203.8,692.0796392567454
8,203.9,676.0242815106383
8,204.0,673.0017481954424
8,204.10000000000002,692.9726077713602
8,204.20000000000002,699.3788776376443
8,204.3,705.4008918628647
8,204.4,706.758795403728
8,204.5,677.3337870431016
8,204.60000000000002,715.9758467111029
8,204.70000000000002,702.7924148868675
8,204.8,694.604936199723
8,204.9,705.1374552702989
8,205.0,687.6272299649825
8,205.10000000000002,669.7055573424652
8,205.20000000000002,685.4469971299897
8,205.3,695.7082612315581
8,205.4,706.9914511803698
8,205.5,709.4573617223037
8,205.60000000000002,713.9151981495542
8,205.70000000000002,711.6820588508323
8,205.8,707.7558125132551
8,205.9,686.8208068398848
8,206.0,719.3601969103324
8,206.10000000000002,694.737641902072
8,206.20000000000002,684.2240306043627
8,206.3,715.8122678266667
8,206.4,695.2786552290556
8,206.5,670.6851958665638
8,206.60000000000002,647.2772964387241
8,206.70000000000002,673.3610765312518
8,206.8,694.0643637914303
8,206.9,681.4020680091096
8,207.0,679.627726502893
8,207.10000000000002,701.6849620976608
8,207.20000000000002,697.4085755107669
8,207.3,684.0482455892111
8,207.4,719.6720423571415
8,207.5,685.5597907525191
8,207.60000000000002,686.4895068403624
8,207.70000000000002,697.2904760033559
8,207.8,673.2207337015911
8,207.9,678.2251175446835
8,208.0,669.1852898148876
8,208.10000000000002,701.1400907055433
8,208.20000000000002,692.0803955909081
8,208.3,649.6464509402358
8,208.4,679.5310244588878
8,208.5,686.5544407508427
8,208.60000000000002,707.4685993054267
8,208.70000000000002,666.6347105091061
8,208.8,665.8736061644004
8,208.9,677.1148953440237
8,209.0,618.5408042121963
8,209.10000000000002,638.7368709780148
8,209.20000000000002,666.8428275573344
8,209.3,691.206595394926
8,209.4,683.9724383803632
8,209.5,664.9421401369618
8,209.60000000000002,679.1064944352639
8,209.70000000000002,666.5518415118672
8,209.8,623.065922146728
8,209.9,670.1928786674576
8,210.0,678.629646099279
8,210.10000000000002,675.9471449072181
8,210.20000000000002,695.1654673821332
8,210.3,682.1201275532205
8,210.4,665.4459251447764
8,210.5,603.7965088297644
8,210.60000000000002,681.6307215276728
8,210.70000000000002,692.2897773407095
8,210.8,628.9134108102876
8,210.9,682.2033587946098
8,211.0,646.5338534927316
8,211.10000000000002,689.2596430615687
8,211.20000000000002,709.0304498147098
8,211.3,691.6999644135684
8,211.4,674.3781247878586
8,211.5,686.1667953025561
8,211.60000000000002,698.6506286995116
8,211.70000000000002,738.3809878837898
8,211.8,735.6266510876907
8,211.9,713.4966547551802
8,212.0,662.5194957059921
8,212.10000000000002,702.0408311169748
8,212.20000000000002,720.4304256851564
8,212.3,662.0857600055174
8,212.4,846.5225008899141
8,212.5,735.6627913977214
8,212.60000000000002,692.2416292493042
8,212.70000000000002,717.8923358612667
8,212.8,689.9214672601864
8,212.9,715.5096850546975
8,213.0,691.4038622128542
8,213.10000000000002,672.0771482931323
8,213.20000000000002,702.4020752298452
8,213.3,696.9275798236928
8,213.4,689.2609790046145
8,213.5,657.2484952201495
8,213.60000000000002,697.1964772314235
8,213.70000000000002,690.9708221412803
8,213.8,669.1525106225511
8,213.9,676.7697206902052
8,214.0,706.735763104877
8,214.10000000000002,723.3973986243655
8,214.20000000000002,718.3162300728868
8,214.3,660.8559553438312
8,214.4,672.3033717235468
8,214.5,666.952894323716
8,214.60000000000002,642.2417175920881
8,214.70000000000002,687.2001468322007
8,214.8,701.9813288308458
8,214.9,680.9754040318227
8,215.0,688.2531413500606
8,215.10000000000002,660.9233185327643
8,215.20000000000002,683.0822746260621
8,215.3,684.1746698992903
8,215.4,633.7972761305482
8,215.5,679.8015293602749
8,215.60000000000002,658.2183939608984
8,215.70000000000002,580.1753161838639
8,215.8,667.9051169123034
8,215.9,729.8841111549351
8,216.0,669.2659162957194
8,216.10000000000002,686.0652458362799
8,216.20000000000002,707.5984153333949
8,216.3,695.61797785564
8,216.4,704.7388800570774
8,216.5,666.24003959021
8,216.60000000000002,683.579312930767
8,216.70000000000002,687.9082618176967
8,216.8,699.3516516038698
8,216.9,671.2984074827332
8,217.0,643.6200270182879
8,217.10000000000002,679.4744644599648
8,217.20000000000002,691.0524203450258
8,217.3,658.087935880192
8,217.4,656.9476414697194
8,217.5,675.4499292517883
8,217.60000000000002,686.3488663125095
8,217.70000000000002,658.3321128785557
8,217.8,591.678205204973
8,217.9,650.3710602942773
8,218.0,651.2354487938389
8,218.10000000000002,679.8572936239442
8,218.20000000000002,697.6338627467769
8,218.3,698.5871950880735
8,218.4,649.2055236514327
8,218.5,667.3741207677687
8,218.60000000000002,674.9474622319292
8,218.70000000000002,557.1243117554174
8,218.8,574.1656777528788
8,218.9,515.9354263529004
8,219.0,619.3965134158657
8,219.10000000000002,604.0874698907609
8,219.20000000000002,631.8469373452879
8,219.3,498.17023577247335
8,219.4,559.6288835622823
8,219.5,635.0249363220337
8,219.60000000000002,647.375162084776
8,219.70000000000002,674.0936864754972
8,219.8,642.4394038730494
8,219.9,645.3968251277712
8,220.0,661.9695891168429
8,220.10000000000002,656.566704244263
8,220.20000000000002,669.5027525282677
8,220.3,643.5764114330574
8,220.4,665.2458211805707
8,220.5,664.4820065839134
8,220.60000000000002,621.9798532764893
8,220.70000000000002,636.9872093959996
8,220.8,654.269748394505
8,220.9,682.9740433181304
8,221.0,683.9685931113794
8,221.10000000000002,673.4999892381297
8,221.20000000000002,619.7435684115026
8,221.3,668.4677561381247
8,221.4,675.0838094422032
8,221.5,640.7199769410711
8,221.60000000000002,636.251966445816
8,221.70000000000002,590.25678080132
8,221.8,646.7021735911034
8,221.9,668.5179810671661
8,222.0,610.2742309526475
8,222.10000000000002,657.7337608365328
8,222.20000000000002,679.5570679752834
8,222.3,694.0504959273887
8,222.4,635.4604687835495
8,222.5,653.7070816540877
8,222.60000000000002,582.1082503082209
8,222.70000000000002,643.7867843762454
8,222.8,672.8176786086275
8,222.9,616.3420574054513
8,223.0,642.1311439184219
8,223.10000000000002,697.194444660121
8,223.20000000000002,725.3550274060743
8,223.3,707.3152796625345
8,223.4,609.9219840950375
8,223.5,621.6658329185102
8,223.60000000000002,647.3783527247443
8,223.70000000000002,661.777330839622
8,223.8,629.0498962168881
8,223.9,602.5191062306443
8,224.0,640.4821824389501
8,224.10000000000002,645.7662241885395
8,224.20000000000002,597.9921998952482
8,224.3,644.8638650888662
8,224.4,642.481089510162
8,224.5,639.3953881705397
8,224.60000000000002,651.6311162003915
8,224.70000000000002,611.0789416607013
8,224.8,612.7056863976502
8,224.9,597.8858965694465
8,225.0,579.708034482348
8,225.10000000000002,653.5747252601165
8,225.20000000000002,638.9653245066468
8,225.3,653.3489640208925
8,225.4,639.9767106406644
8,225.5,563.6820682596621
8,225.60000000000002,605.4493554287722
8,225.70000000000002,674.4157294023714
8,225.8,639.1848213939172
8,225.9,655.7754684362831
8,226.0,682.1263533617823
8,226.10000000000002,666.7791801233092
8,226.20000000000002,691.6657229872965
8,226.3,681.2469827310069
8,226.4,663.9428845275103
8,226.5,668.4853735163725
8,226.60000000000002,643.5726496996357
8,226.70000000000002,674.5455860867827
8,226.8,709.6258072728721
8,226.9,671.993679794554
8,227.0,660.2981268616736
8,227.10000000000002,670.1172000766783
8,227.20000000000002,642.1118731588712
8,227.3,669.3523329899056
8,227.4,636.8259574563971
8,227.5,577.395623586034
8,227.60000000000002,625.0898771293663
8,227.70000000000002,653.0857691357743
8,227.8,550.9125842950787
8,227.9,536.3409882217954
8,228.0,488.38874355749005
8,228.10000000000002,447.21437400885446
8,228.20000000000002,522.0788555293129
8,228.3,533.8033179079255
8,228.4,522.9575934257256
8,228.5,455.2117865091994
8,228.60000000000002,468.9793480169163
8,228.70000000000002,518.214365676787
8,228.8,542.1199461638522
8,228.9,554.2101172460468
8,229.0,530.1004071279366
8,229.10000000000002,500.50931115261545
8,229.20000000000002,497.6306711662075
8,229.3,520.7347333244477
8,229.4,489.04813755311636
8,229.5,420.7980100139016
8,229.60000000000002,588.7820105261918
8,229.70000000000002,752.6111340011653
8,229.8,714.6315479007956
8,229.9,690.8165850620333
8,230.0,677.6299982601255
8,230.10000000000002,677.3453646738036
8,230.20000000000002,701.8534383414301
8,230.3,690.5663044619955
8,230.4,684.7709980859916
8,230.5,680.0461072891853
8,230.60000000000002,616.0740933190993
8,230.70000000000002,618.3271018693482
8,230.8,687.1769925876038
8,230.9,684.8160861474018
8,231.0,681.9261468010089
8,231.10000000000002,687.3785113006785
8,231.20000000000002,676.6046159388994
8,231.3,685.0538328223294
8,231.4,676.8039039331277
8,231.5,677.3013338835849
8,231.60000000000002,693.3092779906664
8,231.70000000000002,703.5089333968506
8,231.8,706.6125951586669
8,231.9,700.945007102208
8,232.0,695.6486571746417
8,232.10000000000002,682.183766514788
8,232.20000000000002,680.8144419194227
8,232.3,679.217249612014
8,232.4,682.8404789685677
8,232.5,680.860346139828
8,232.60000000000002,694.2442772473298
8,232.70000000000002,694.0403296440154
8,232.8,691.706786493544
8,232.9,698.716315575497
8,233.0,706.1675235908381
8,233.10000000000002,661.6649265042521
8,233.20000000000002,634.9190318320078
8,233.3,684.7295577220729
8,233.4,690.405113739174
8,233.5,689.3460508206192
8,233.60000000000002,687.0042574154354
8,233.70000000000002,688.5704585244187
8,233.8,683.7445634207171
8,233.9,697.9881778777636
8,234.0,689.1440900800617
8,234.10000000000002,682.4397919571417
8,234.20000000000002,691.8103490183454
8,234.3,688.206210815779
8,234.4,704.4831610264282
8,234.5,706.1756826778267
8,234.60000000000002,691.2828057938311
8,234.70000000000002,683.7765201563399
8,234.8,693.1270805718116
8,234.9,688.5196700271681
8,235.0,682.2348568873881
8,235.10000000000002,699.3874066114607
8,235.20000000000002,711.0474987591784
8,235.3,710.1037421493012
8,235.4,697.8955414045417
8,235.5,699.3106704057744
8,235.60000000000002,698.3868562594087
8,235.70000000000002,700.5640543484488
8,235.8,709.0822778811831
8,235.9,701.4764079637098
8,236.0,684.8285397906095
8,236.10000000000002,698.3571440796936
8,236.20000000000002,700.3831582451
8,236.3,701.1272523945416
8,236.4,702.3540787008699
8,236.5,647.7934759255515
8,236.60000000000002,584.157843359886
8,236.70000000000002,609.7333753671209
8,236.8,671.7679223907362
8,236.9,685.7685604737035
8,237.0,654.969445332826
8,237.10000000000002,600.8102926626768
8,237.20000000000002,626.7594315061993
8,237.3,605.047859996159
8,237.4,702.2227135758367
8,237.5,699.0976131263056
8,237.60000000000002,673.3631745751919
8,237.70000000000002,649.2253672083935
8,237.8,676.4560902463614
8,237.9,658.4780466168319
8,238.0,735.6377145013059
8,238.10000000000002,749.2376041438139
8,238.20000000000002,543.8024509223309
8,238.3,649.0878609894119
8,238.4,719.0596381378984
8,238.5,742.3640563367873
8,238.60000000000002,601.9350848251808
8,238.70000000000002,647.0323783954826
8,238.8,691.5996574523302
8,238.9,685.37159864985
8,239.0,690.059565187263
8,239.10000000000002,688.4890194024815
8,239.20000000000002,692.5205431837447
8,239.3,671.9454446130504
8,239.4,641.5711256473106
8,239.5,578.8826038805174
8,239.60000000000002,634.3991996925224
8,239.70000000000002,704.422619528282
8,239.8,697.0728521824743
8,239.9,686.4064673780351
8,240.0,679.506904846302
8,240.10000000000002,652.3305037509724
8,240.20000000000002,611.2932936893434
8,240.3,684.9846782987387
8,240.4,663.3472056661737
8,240.5,588.8601288459294
8,240.60000000000002,605.962577330582
8,240.70000000000002,570.2342764680209
8,240.8,643.4880638988415
8,240.9,466.1709683436543
8,241.0,535.117491691519
8,241.10000000000002,310.6585295436938
8,241.20000000000002,472.56392047758044
8,241.3,493.9649919422882
8,241.4,645.9377032997842
8,241.5,716.4392982760263
8,241.60000000000002,698.8830858559411
8,241.70000000000002,713.043315736659
8,241.8,690.3503193035455
8,241.9,704.7531983178596
8,242.0,700.9067980043053
8,242.10000000000002,680.4585542141459
8,242.20000000000002,699.3914203669665
8,242.3,702.2104169976274
8,242.4,696.5253281571856
8,242.5,708.1842347223017
8,242.60000000000002,698.7461470818233
8,242.70000000000002,680.9959054471478
8,242.8,714.035718367955
8,242.9,696.4411490151713
8,243.0,726.6120909212153
8,243.10000000000002,705.6997023985492
8,243.20000000000002,702.4247187056963
8,243.3,702.8150686848891
8,243.4,663.1878709205828
8,243.5,705.0283602977844
8,243.60000000000002,698.1792019536764
8,243.70000000000002,693.5102385171563
8,243.8,690.8147318999668
8,243.9,695.6240602598177
8,244.0,687.437335820469
8,244.10000000000002,680.2273240314067
8,244.20000000000002,686.1494793922991
8,244.3,698.7766161195701
8,244.4,695.0603663497976
8,244.5,698.0675793293681
8,244.60000000000002,690.7486229256655
8,244.70000000000002,695.9272985594797
8,244.8,692.663156098771
8,244.9,709.2943695500405
8,245.0,720.4245282696527
8,245.10000000000002,701.2588940852422
8,245.20000000000002,701.4306085500606
8,245.3,712.2070865440699
8,245.4,707.2236446782363
8,245.5,703.1598549487202
8,245.60000000000002,714.5444202091901
8,245.70000000000002,696.3944142892125
8,245.8,706.1321702272088
8,245.9,706.2051002151011
8,246.0,708.9257701117159
8,246.10000000000002,699.4771782006902
8,246.20000000000002,700.5388214840582
8,246.3,710.8129535746413
8,246.4,702.9803026393208
8,246.5,717.293853461314
8,246.60000000000002,709.826066639997
8,246.70000000000002,706.1449115241323
8,246.8,696.3869403699216
8,246.9,668.8397939181779
8,247.0,685.388337841665
8,247.10000000000002,694.6109661315064
8,247.20000000000002,697.1086967728521
8,247.3,737.9316442214816
8,247.4,722.0483200384756
8,247.5,707.5832373456049
8,247.60000000000002,700.3966442724173
8,247.70000000000002,691.7333907787623
8,247.8,714.4843954657886
8,247.9,722.2713574019646
8,248.0,639.4447304832448
8,248.10000000000002,680.857848666849
8,248.20000000000002,686.65185696637
8,248.3,680.1544593838968
8,248.4,715.647960122675
8,248.5,700.8316997716107
16,0.0,546.925
16,0.1,682.4775412660731
16,0.2,689.1036057756231
16,0.30000000000000004,702.1467878178295
16,0.4,709.5017211249027
16,0.5,701.1535567920614
16,0.6000000000000001,701.8521035671346
16,0.7000000000000001,695.8758298721554
16,0.8,705.1887463749072
16,0.9,701.0775398874854
16,1.0,699.7621363905882
16,1.1,722.4157164382518
16,1.2000000000000002,711.2693541673402
16,1.3,725.5334902373053
16,1.4000000000000001,716.2002940794824
16,1.5,707.6014081703528
16,1.6,705.6802945570483
16,1.7000000000000002,713.6080165559807
16,1.8,711.4725167286475
16,1.9000000000000001,705.3495154449632
16,2.0,690.3732462800839
16,2.1,709.9955754860287
16,2.2,703.9638760491733
16,2.3000000000000003,681.7940409575037
16,2.4000000000000004,706.9349126597834
16,2.5,709.5630713201244
16,2.6,694.9046195591618
16,2.7,701.86376636331
16,2.8000000000000003,719.6699549564788
16,2.9000000000000004,717.4555081586956
16,3.0,711.4646312960377
16,3.1,714.3846305927106
16,3.2,700.6873910857566
16,3.3000000000000003,700.7448267081869
16,3.4000000000000004,703.9676247015993
16,3.5,705.1153342458325
16,3.6,707.0846117396524
16,3.7,707.6752661102806
16,3.8000000000000003,713.8086401487201
16,3.9000000000000004,719.9956127428424
16,4.0,708.9201927221986
16,4.1000000000000005,724.2197266603748
16,4.2,721.1269445436324
16,4.3,711.484831640159
16,4.4,706.4593522293069
16,4.5,719.5131309814755
16,4.6000000000000005,694.1279311011315
16,4.7,703.8027147704302
16,4.800000000000001,708.7120039675167
16,4.9,707.8198634677951
16,5.0,710.7893479733265
16,5.1000000000000005,727.933176708201
16,5.2,710.4837338292722
16,5.300000000000001,709.4621243307092
16,5.4,690.7699111239689
16,5.5,721.001473345153
16,5.6000000000000005,716.4997735222332
16,5.7,719.2498718458744
16,5.800000000000001,744.2861138813449
16,5.9,741.1949832160342
16,6.0,708.3998702348259
16,6.1000000000000005,698.2713590419111
16,6.2,706.2769867218061
16,6.300000000000001,725.0780537186837
16,6.4,719.6989653442806
16,6.5,718.453306828318
16,6.6000000000000005,706.4595283369421
16,6.7,714.0754376030818
16,6.800000000000001,732.0254827734892
16,6.9,720.4151997222876
16,7.0,728.765456728806
16,7.1000000000000005,726.3718393652181
16,7.2,706.218033903931
16,7.300000000000001,699.9500870656918
16,7.4,703.2246852615884
16,7.5,719.9985185658193
16,7.6000000000000005,726.7089820443329
16,7.7,721.594024313498
16,7.800000000000001,712.2936892683507
16,7.9,719.1082482899972
16,8.0,718.332042464688
16,8.1,715.5502544316996
16,8.200000000000001,733.2368892952195
16,8.3,718.0792242540846
16,8.4,721.9970660878926
16,8.5,735.7336908862333
16,8.6,730.5130048425262
16,8.700000000000001,736.2040533468904
16,8.8,722.0994473331871
16,8.9,717.3444511151434
16,9.0,720.1306898439431
16,9.1,715.2538065193004
16,9.200000000000001,716.228782396024
16,9.3,717.2439415482645
16,9.4,731.774598199237
16,9.5,730.1567660438552
16,9.600000000000001,715.6073026854237
16,9.700000000000001,729.9879773699071
16,9.8,723.5006761279902
16,9.9,722.7718049170138
16,10.0,723.0901434829317
16,10.100000000000001,698.8269338383041
16,10.200000000000001,714.9181587573048
16,10.3,712.0823345507819
16,10.4,710.3577414451964
16,10.5,717.518606112599
16,10.600000000000001,719.2562443258767
16,10.700000000000001,745.0896602480393
16,10.8,754.2168021367785
16,10.9,744.1072190694961
16,11.0,736.8910146151611
16,11.100000000000001,723.1749419341326
16,11.200000000000001,751.3838483656407
16,11.3,760.8289523443297
16,11.4,728.580834319645
16,11.5,717.9941768874094
16,11.600000000000001,721.743504727928
16,11.700000000000001,709.2588413611328
16,11.8,700.0386356687959
16,11.9,722.2597386046202
16,12.0,730.3005596765324
16,12.100000000000001,697.0579259731074
16,12.200000000000001,700.8952883021279
16,12.3,724.4853013234152
16,12.4,714.4929183133338
16,12.5,719.8179487779473
16,12.600000000000001,726.4553877807939
16,12.700000000000001,725.9034625866217
16,12.8,726.8539156257815
16,12.9,713.9654946833178
16,13.0,714.0327457460031
16,13.100000000000001,732.8422362352372
16,13.200000000000001,728.0075320914262
16,13.3,728.6561967600869
16,13.4,726.5212753158141
16,13.5,724.0960131449947
16,13.600000000000001,728.4634196142806
16,13.700000000000001,731.0101459299216
16,13.8,747.0401739325479
16,13.9,739.3699170834649
16,14.0,714.1614514040162
16,14.100000000000001,698.6599493892256
16,14.200000000000001,687.6136551696535
16,14.3,681.4227547800449
16,14.4,703.1449260637729
16,14.5,705.9305799525004
16,14.600000000000001,703.2631998685259
16,14.700000000000001,716.9753663986701
16,14.8,720.471076512925
16,14.9,678.8769514242083
16,15.0,661.5978632195395
16,15.100000000000001,710.5631750823394
16,15.200000000000001,737.8235561017437
16,15.3,696.5092636884866
16,15.4,681.9044327920086
16,15.5,724.5958790796275
16,15.600000000000001,716.0476098765257
16,15.700000000000001,712.0212614614021
16,15.8,743.8835934964469
16,15.9,730.2250393618638
16,16.0,664.9343624010517
16,16.1,636.0994611833296
16,16.2,631.9000143885704
16,16.3,705.2359359057596
16,16.400000000000002,719.0984759605687
16,16.5,680.7406669439954
16,16.6,656.0091079728005
16,16.7,727.611900809546
16,16.8,730.8734260993597
16,16.900000000000002,738.8072965381205
16,17.0,608.3116854450476
16,17.1,568.2800551940345
16,17.2,728.674633061835
16,17.3,672.2319726217039
16,17.400000000000002,650.7501752397536
16,17.5,713.8488896883295
16,17.6,710.9297658790051
16,17.7,654.7868658806838
16,17.8,668.5171132047269
16,17.900000000000002,708.9881893718897
16,18.0,631.2507104968355
16,18.1,684.3505159941983
16,18.2,724.4307260761458
16,18.3,681.3204982872655
16,18.400000000000002,634.7955708202124
16,18.5,677.992117344281
16,18.6,672.7635040758245
16,18.7,671.3910666653959
16,18.8,698.8374533254391
16,18.900000000000002,708.8622890977767
16,19.0,703.5296220882492
16,19.1,696.7706754034591
16,19.200000000000003,650.3016186764879
16,19.3,579.547798574175
16,19.400000000000002,665.776775028613
16,19.5,651.9098124558486
16,19.6,589.505683668762
16,19.700000000000003,719.0336748378828
16,19.8,710.4355281815259
16,19.900000000000002,710.8003591731208
16,20.0,726.4352182734464
16,20.1,696.6783164294927
16,20.200000000000003,644.4238080920254
16,20.3,722.4731911127739
16,20.400000000000002,770.7058370816363
16,20.5,700.5672710647664
16,20.6,689.1064738752085
16,20.700000000000003,701.1332094815343
16,20.8,715.9522834807176
16,20.900000000000002,766.0155295013133
16,21.0,751.7846208862794
16,21.1,715.316803450492
16,21.200000000000003,686.5471853267727
16,21.3,719.388855906172
16,21.400000000000002,728.7177219533808
16,21.5,736.1140276031313
16,21.6,718.925929100538
16,21.700000000000003,688.6439992816518
16,21.8,728.4276002472046
16,21.900000000000002,625.3805257432025
16,22.0,536.4004012942137
16,22.1,735.1527220003286
16,22.200000000000003,711.9338998858892
16,22.3,652.5014513057853
16,22.400000000000002,645.7796342624046
16,22.5,731.8536631204915
16,22.6,704.6412357169902
16,22.700000000000003,656.6778880809554
16,22.8,607.3469319122476
16,22.900000000000002,612.2081739131927
16,23.0,725.1840355964157
16,23.1,699.6089048000733
16,23.200000000000003,745.4942823084162
16,23.3,715.104392099225
16,23.400000000000002,669.1895983961867
16,23.5,702.8049954395858
16,23.6,699.127338202312
16,23.700000000000003,659.7473400572758
16,23.8,556.9750643715031
16,23.900000000000002,726.8639539864879
16,24.0,653.0856798275341
16,24.1,523.0877234903703
16,24.200000000000003,685.2733192756974
16,24.3,672.9894707531936
16,24.400000000000002,702.47890259189
16,24.5,678.4674839647229
16,24.6,655.4028632596126
16,24.700000000000003,662.4178070208496
16,24.8,700.9237055045068
16,24.900000000000002,725.008090020319
16,25.0,722.3090586172726
16,25.1,705.0745886298109
16,25.200000000000003,672.1181519743982
16,25.3,707.5515256940856
16,25.400000000000002,710.7545241698123
16,25.5,658.5699547620183
16,25.6,666.0467615919081
16,25.700000000000003,725.5434718180356
16,25.8,741.8306560498537
16,25.900000000000002,720.8704524863808
16,26.0,702.5126907530316
16,26.1,689.2052441099968
16,26.200000000000003,660.8174382830044
16,26.3,712.0379412397208
16,26.400000000000002,754.9434530356242
16,26.5,752.7525274003882
16,26.6,659.0305255725312
16,26.700000000000003,578.6936992995288
16,26.8,689.749360947718
16,26.900000000000002,618.9856542790436
16,27.0,738.4627297326865
16,27.1,643.5833929488643
16,27.200000000000003,665.9802377828262
16,27.3,717.927583304124
16,27.400000000000002,761.2298385983132
16,27.5,751.7870790670418
16,27.6,731.573102715863
16,27.700000000000003,689.5456286744065
16,27.8,689.6995190092202
16,27.900000000000002,584.9482324779369
16,28.0,624.0330793968772
16,28.1,683.197399142936
16,28.200000000000003,727.6246271395688
16,28.3,752.0286161641985
16,28.400000000000002,668.5925981477078
16,28.5,629.220981623722
16,28.6,404.2020007241539
16,28.700000000000003,597.3770351408012
16,28.8,710.5054848230238
16,28.900000000000002,748.7061435036234
16,29.0,716.9545471967759
16,29.1,720.0721951126746
16,29.200000000000003,700.2401319332048
16,29.3,654.3019688165391
16,29.400000000000002,683.3726750591948
16,29.5,658.9083143414583
16,29.6,711.9636923760063
16,29.700000000000003,694.6513091182214
16,29.8,668.5423564537767
16,29.900000000000002,695.6363432748094
16,30.0,732.4677639716198
16,30.1,641.0302855262325
16,30.200000000000003,715.1588530036519
16,30.3,727.4308227776579
16,30.400000000000002,718.5056675403312
16,30.5,703.324206453549
16,30.6,735.4331131762731
16,30.700000000000003,710.5067681833866
16,30.8,736.6184026699125
16,30.900000000000002,778.1817423866153
16,31.0,755.245335042792
16,31.1,696.0118329900625
16,31.200000000000003,663.528327971935
16,31.3,718.7912729110933
16,31.400000000000002,714.6669679125087
16,31.5,720.7197464108679
16,31.6,724.0288595649146
16,31.700000000000003,728.095545521643
16,31.8,682.7713049647512
16,31.900000000000002,626.8937026533964
16,32.0,715.3913328794126
16,32.1,532.7493932638882
16,32.2,673.0324998516429
16,32.300000000000004,675.0029157514275
16,32.4,701.5588103261842
16,32.5,691.055421343497
16,32.6,696.6197936658311
16,32.7,679.8107292858815
16,32.800000000000004,465.7550899921739
16,32.9,702.0110972053569
16,33.0,686.5608422831742
16,33.1,435.15839490589445
16,33.2,687.7948120919331
16,33.300000000000004,722.2759411325051
16,33.4,701.4317746273415
16,33.5,727.7121799675662
16,33.6,637.4565522378261
16,33.7,612.6039204429428
16,33.800000000000004,666.9291730359625
16,33.9,589.7475703825445
16,34.0,691.6030612368648
16,34.1,516.2303256243779
16,34.2,724.1794246084912
16,34.300000000000004,741.5453603836806
16,34.4,660.1545889699621
16,34.5,686.2367845906107
16,34.6,508.9718375226431
16,34.7,681.7608152471746
16,34.800000000000004,736.8055090320478
16,34.9,729.5407143440915
16,35.0,617.5316657584144
16,35.1,667.8156401502895
16,35.2,736.8579093059031
16,35.300000000000004,687.5981778399057
16,35.4,544.8105645104164
16,35.5,734.3854476499213
16,35.6,676.1222961165623
16,35.7,696.2533739355514
16,35.800000000000004,638.777128629714
16,35.9,688.6807624452393
16,36.0,748.3351966266841
16,36.1,846.9136008070708
16,36.2,718.8775899373143
16,36.300000000000004,647.5694126797912
16,36.4,764.5368669604586
16,36.5,823.3917702513118
16,36.6,726.3343444050907
16,36.7,739.4033076839144
16,36.800000000000004,705.3656329586311
16,36.9,673.6125044058499
16,37.0,496.65005179386293
16,37.1,708.1766695931943
16,37.2,679.7817329225294
16,37.300000000000004,559.8630796211586
16,37.4,728.864775075216
16,37.5,713.5654879287226
16,37.6,439.8298823182514
16,37.7,752.0603314831739
16,37.800000000000004,698.4648361566085
16,37.9,440.2778888221915
16,38.0,712.0888059779933
16,38.1,679.7599008896075
16,38.2,742.2861822651605
16,38.300000000000004,746.4863997494454
16,38.400000000000006,697.3522800618962
16,38.5,490.5601943808528
16,38.6,690.5582216099783
16,38.7,721.5794221350877
16,38.800000000000004,713.90039608978
16,38.900000000000006,516.8051512909849
16,39.0,717.0318452167119
16,39.1,620.3035984381079
16,39.2,710.4769716731183
16,39.300000000000004,708.326740333968
16,39.400000000000006,696.8837888903735
16,39.5,732.5672895550967
16,39.6,687.934730924141
16,39.7,606.8442927920474
16,39.800000000000004,655.6480940148207
16,39.900000000000006,790.2052187928589
16,40.0,682.0538584689091
16,40.1,694.5098762317677
16,40.2,715.0086847170154
16,40.300000000000004,699.3033983136226
16,40.400000000000006,666.4755927470625
16,40.5,695.5191397252182
16,40.6,682.7970521405275
16,40.7,646.1532986084472
16,40.800000000000004,638.4208926141455
16,40.900000000000006,700.0019828981759
16,41.0,690.8002128666036
16,41.1,631.1619027127699
16,41.2,714.1726192856963
16,41.300000000000004,747.9559703596251
16,41.400000000000006,694.1625454165427
16,41.5,716.3281957933881
16,41.6,691.4762202270438
16,41.7,719.9771244608106
16,41.800000000000004,706.4248267326373
16,41.900000000000006,684.8514727677349
16,42.0,728.479412168842
16,42.1,693.4889970380917
16,42.2,751.869259022435
16,42.300000000000004,663.496116090758
16,42.400000000000006,680.2490927915516
16,42.5,632.3357069479498
16,42.6,744.8950166678567
16,42.7,787.0067264392466
16,42.800000000000004,746.778470059332
16,42.900000000000006,696.8574547268298
16,43.0,735.0103289807779
16,43.1,743.6691808797889
16,43.2,700.2135008331398
16,43.300000000000004,715.208691290149
16,43.400000000000006,667.6979460112702
16,43.5,626.6477235148138
16,43.6,708.474583434184
16,43.7,734.7669132488564
16,43.800000000000004,723.3417838124949
16,43.900000000000006,747.5020144840398
16,44.0,722.5931134876453
16,44.1,585.5302742660067
16,44.2,651.6065276290859
16,44.300000000000004,699.9083932190085
16,44.400000000000006,642.3840393112772
16,44.5,709.6866863030015
16,44.6,604.9090533452206
16,44.7,710.778840031734
16,44.800000000000004,684.7133096260269
16,44.900000000000006,716.5840742299057
16,45.0,726.300604834202
16,45.1,529.0747695451631
16,45.2,673.9202529000903
16,45.300000000000004,668.938591882511
16,45.400000000000006,793.2962129738746
16,45.5,731.611334894067
16,45.6,634.5071489261436
16,45.7,708.6700402318401
16,45.800000000000004,623.3696382777983
16,45.900000000000006,575.4705903129493
16,46.0,684.7860722951839
16,46.1,711.5228464072734
16,46.2,709.0178598867903
16,46.300000000000004,729.9936828111312
16,46.400000000000006,720.7507783594931
16,46.5,542.2440982619032
16,46.6,700.2928734299247
16,46.7,714.6910645959977
16,46.800000000000004,714.222285515631
16,46.900000000000006,705.8270716525378
16,47.0,678.6422342578916
16,47.1,718.8077489346223
16,47.2,710.2544516743766
16,47.300000000000004,721.5693872256903
16,47.400000000000006,688.3192235051445
16,47.5,711.7365317369948
16,47.6,688.577153829882
16,47.7,566.0047954975137
16,47.800000000000004,629.0377692452489
16,47.900000000000006,674.6183568476297
16,48.0,708.7510647284304
16,48.1,699.6449665975086
16,48.2,705.1094515039047
16,48.300000000000004,554.8108580121028
16,48.400000000000006,661.3777720815199
16,48.5,647.1798744524713
16,48.6,682.8044168096715
16,48.7,723.431529030419
16,48.800000000000004,695.7853874148801
16,48.900000000000006,655.5501687489274
16,49.0,644.4784218937655
16,49.1,646.3425238362834
16,49.2,678.7395761780901
16,49.300000000000004,644.8424608887887
16,49.400000000000006,694.1532361515742
16,49.5,712.4608306283901
16,49.6,721.9174074776686
16,49.7,613.4096696538745
16,49.800000000000004,748.6558956286501
16,49.900000000000006,690.8203373152153
16,50.0,715.3712803568714
16,50.1,710.164982986523
16,50.2,631.7964863699438
16,50.300000000000004,645.0898655818005
16,50.400000000000006,707.2214624124597
16,50.5,690.1405119614154
16,50.6,699.5050892640484
16,50.7,541.2411247656011
16,50.800000000000004,671.9162673384459
16,50.900000000000006,754.6190253254662
16,51.0,655.8290581711974
16,51.1,460.06786795635094
16,51.2,298.7121683528339
16,51.300000000000004,563.1116362631012
16,51.400000000000006,564.2518983086819
16,51.5,654.7696833276275
16,51.6,726.5824674061573
16,51.7,648.1353960717988
16,51.800000000000004,610.1270176584073
16,51.900000000000006,665.9628829550236
16,52.0,623.7031018628579
16,52.1,686.8325755002428
16,52.2,718.0441341735615
16,52.300000000000004,711.1593653929518
16,52.400000000000006,720.7334879406944
16,52.5,653.30199142278
16,52.6,688.1865050737491
16,52.7,689.502771625049
16,52.800000000000004,682.6499536715681
16,52.900000000000006,707.0227819580401
16,53.0,694.8133186628146
16,53.1,627.9863660015654
16,53.2,656.5276480425921
16,53.300000000000004,701.3155876385769
16,53.400000000000006,667.5883251155312
16,53.5,709.44131658903
16,53.6,734.845428052661
16,53.7,701.7971208550981
16,53.800000000000004,689.5149412307693
16,53.900000000000006,647.5535236487465
16,54.0,692.7399080800382
16,54.1,621.2711874322283
16,54.2,613.7243077103033
16,54.300000000000004,638.50403295581
16,54.400000000000006,671.829223545328
16,54.5,679.5798859465328
16,54.6,687.4080121284284
16,54.7,690.2834395008476
16,54.800000000000004,664.3271159078027
16,54.900000000000006,550.898310368855
16,55.0,394.46297408855867
16,55.1,528.6639004500303
16,55.2,441.4476602857449
16,55.300000000000004,563.8823546063946
16,55.400000000000006,661.1835052890625
16,55.5,669.7149900602625
16,55.6,667.3059420144073
16,55.7,706.33332733431
16,55.800000000000004,552.7631377982495
16,55.900000000000006,612.2974023897267
16,56.0,701.4513456730197
16,56.1,682.0602479471873
16,56.2,671.926594917714
16,56.300000000000004,696.2951048589769
16,56.400000000000006,700.918844158578
16,56.5,686.7824127786075
16,56.6,690.1150548909749
16,56.7,691.4954228750344
16,56.800000000000004,679.4269205825536
16,56.900000000000006,653.4606216516559
16,57.0,676.1108417030333
16,57.1,712.0107631517523
16,57.2,706.0771572910348
16,57.300000000000004,656.7093745410255
16,57.400000000000006,672.6712890109844
16,57.5,715.4507841319447
16,57.6,675.0542690046201
16,57.7,704.9768029368846
16,57.800000000000004,716.5133629819231
16,57.900000000000006,651.5238562360919
16,58.0,648.5186603493116
16,58.1,688.8404881646579
16,58.2,581.9848968093338
16,58.300000000000004,649.8298345270072
16,58.400000000000006,708.2719318968724
16,58.5,666.5265811359051
16,58.6,710.5698297607526
16,58.7,546.9424268318915
16,58.800000000000004,629.2241770875992
16,58.900000000000006,562.0492740589547
16,59.0,609.119814667032
16,59.1,675.4444232386528
16,59.2,605.0673700425692
16,59.300000000000004,675.9788162901345
16,59.400000000000006,747.5514718566476
16,59.5,727.2363510251133
16,59.6,663.6581085714547
16,59.7,684.0200157752192
16,59.800000000000004,639.4099252623654
16,59.900000000000006,689.5275812441774
16,60.0,681.9190071784124
16,60.1,654.5234541776696
16,60.2,672.7815906807604
16,60.300000000000004,718.4179208484697
16,60.400000000000006,687.1959868203523
16,60.5,713.0823317327846
16,60.6,741.7089137684609
16,60.7,457.6069110474169
16,60.800000000000004,268.9339873159678
16,60.900000000000006,484.4020015188105
16,61.0,708.852671166245
16,61.1,804.3473221699247
16,61.2,667.6082804226272
16,61.300000000000004,646.957732845169
16,61.400000000000006,737.688726020684
16,61.5,732.9233322406396
16,61.6,689.7453611201091
16,61.7,733.7728653500135
16,61.800000000000004,740.3602710287778
16,61.900000000000006,736.8922444841995
16,62.0,746.522594042529
16,62.1,742.6971697459778
16,62.2,752.0738757804801
16,62.300000000000004,669.5612224100618
16,62.400000000000006,679.4085659882754
16,62.5,646.3237052469136
16,62.6,608.7272850594596
16,62.7,700.564043585649
16,62.800000000000004,731.741967260802
16,62.900000000000006,667.497232177536
16,63.0,685.1394605657421
16,63.1,738.4525435803697
16,63.2,679.1282908055687
16,63.300000000000004,692.024343649716
16,63.400000000000006,745.3585077287496
16,63.5,690.2655788067675
16,63.6,685.3779991339569
16,63.7,717.894719053755
16,63.800000000000004,671.8191207381315
16,63.900000000000006,699.1713841943852
16,64.0,765.3566581354968
16,64.10000000000001,754.7982099835617
16,64.2,741.6994324857333
16,64.3,736.9974649159462
16,64.4,708.0873920967277
16,64.5,624.0682795023511
16,64.60000000000001,475.4087001450575
16,64.7,410.6010342910246
16,64.8,574.3704370662323
16,64.9,579.4983075843621
16,65.0,575.7566333197574
16,65.10000000000001,717.7705205654328
16,65.2,740.2124593220868
16,65.3,748.092458569959
16,65.4,748.0924152751543
16,65.5,692.5325815615313
16,65.60000000000001,689.3384581488125
16,65.7,737.5891551322113
16,65.8,721.7910806127995
16,65.9,715.2608375617255
16,66.0,724.7944765571428
16,66.10000000000001,699.7055330148927
16,66.2,709.4070930639332
16,66.3,745.7313254880391
16,66.4,650.9490953769591
16,66.5,654.3167031091822
16,66.60000000000001,738.9085151157977
16,66.7,785.0114210708905
16,66.8,789.1920761948354
16,66.9,733.2417469631994
16,67.0,736.4131103574746
16,67.10000000000001,712.0523577035167
16,67.2,724.984227723786
16,67.3,728.0269081210365
16,67.4,715.2793708169523
16,67.5,679.2997810956059
16,67.60000000000001,663.3602899025071
16,67.7,695.4271755294143
16,67.8,692.04267908963
16,67.9,623.4643528877498
16,68.0,605.0323305475704
16,68.10000000000001,639.3343439895515
16,68.2,622.7929239335716
16,68.3,715.178127429448
16,68.4,691.0764210332286
16,68.5,670.9854389067946
16,68.60000000000001,616.8672593871228
16,68.7,481.30565094051974
16,68.8,590.7540241841599
16,68.9,654.022529528853
16,69.0,619.4799286682746
16,69.10000000000001,707.8196232924449
16,69.2,586.6787822499781
16,69.3,559.9055619884251
16,69.4,710.4670941202285
16,69.5,729.3802065387376
16,69.60000000000001,708.1653880231089
16,69.7,670.5722638474704
16,69.8,642.0837581475279
16,69.9,674.659172616162
16,70.0,637.9377510444804
16,70.10000000000001,704.5580766089881
16,70.2,709.0214278161494
16,70.3,730.1690472790414
16,70.4,704.8564509850866
16,70.5,696.1924321530136
16,70.60000000000001,682.705903648614
16,70.7,682.4646935024666
16,70.8,716.6652348161022
16,70.9,720.4368129926645
16,71.0,723.1509175990262
16,71.10000000000001,730.8420501659249
16,71.2,709.804692627853
16,71.3,702.5624734853228
16,71.4,652.4848692974452
16,71.5,676.0576146932804
16,71.60000000000001,654.3126535760672
16,71.7,665.5743237430182
16,71.8,684.5399502169932
16,71.9,686.3638390252542
16,72.0,658.8566889360476
16,72.10000000000001,725.9318661838231
16,72.2,698.495929333633
16,72.3,644.6685827051185
16,72.4,552.8195136887306
16,72.5,639.6196551968902
16,72.60000000000001,667.721916266143
16,72.7,687.6930250976221
16,72.8,690.1945273743312
16,72.9,706.7618346821588
16,73.0,723.3467407402997
16,73.10000000000001,693.2780029037322
16,73.2,726.8592210997405
16,73.3,740.3262158822945
16,73.4,643.3914321420191
16,73.5,562.418370276432
16,73.60000000000001,712.4470916253439
16,73.7,722.754771613321
16,73.8,719.9652112759433
16,73.9,693.7426650917323
16,74.0,711.7766583296402
16,74.10000000000001,720.7820862010581
16,74.2,724.452337330872
16,74.3,729.8534975524465
16,74.4,741.5126591028246
16,74.5,738.5333211966748
16,74.60000000000001,699.5888888844204
16,74.7,601.9496144670278
16,74.8,725.5262170879662
16,74.9,685.2176516612783
16,75.0,751.7534914933838
16,75.10000000000001,697.2713797417324
16,75.2,713.3292786888843
16,75.3,744.860588744881
16,75.4,714.5817618165804
16,75.5,659.3226213964125
16,75.60000000000001,744.7553757674474
16,75.7,723.2965823447578
16,75.8,701.5953293233387
16,75.9,678.1455212253157
16,76.0,671.8636228775011
16,76.10000000000001,611.7479293121687
16,76.2,644.9775558148754
16,76.3,525.3921694472683
16,76.4,726.6519310944151
16,76.5,698.6780576735256
16,76.60000000000001,739.0822723712215
16,76.7,708.2101595729586
16,76.80000000000001,623.0853912944934
16,76.9,683.6781510945758
16,77.0,725.7248381959648
16,77.10000000000001,772.9812354182392
16,77.2,769.9199034165358
16,77.30000000000001,739.50195753459
16,77.4,667.8365553195052
16,77.5,736.2924758408753
16,77.60000000000001,750.7693743235972
16,77.7,718.2721091409887
16,77.80000000000001,713.5444730337254
16,77.9,744.7151495225347
16,78.0,702.0215046399954
16,78.10000000000001,688.6095618727511
16,78.2,710.9388795568238
16,78.30000000000001,724.1382358676335
16,78.4,689.5544533938312
16,78.5,598.2390505889567
16,78.60000000000001,740.4230570631826
16,78.7,742.4213289974851
16,78.80000000000001,728.2114033472299
16,78.9,743.6099397477564
16,79.0,702.7748190541905
16,79.10000000000001,658.5256592054945
16,79.2,732.3711380255152
16,79.30000000000001,755.8918398388821
16,79.4,754.049674071476
16,79.5,686.1367295360824
16,79.60000000000001,707.905345760731
16,79.7,714.1597546461619
16,79.80000000000001,677.0938445697437
16,79.9,734.8194896351984
16,80.0,715.0759491991348
16,80.10000000000001,696.8568149952881
16,80.2,764.5279114822046
16,80.30000000000001,757.7185445424275
16,80.4,671.8822493002227
16,80.5,735.1975578574593
16,80.60000000000001,682.7944480900354
16,80.7,560.7829694043514
16,80.80000000000001,701.1127175776173
16,80.9,662.4896237961179
16,81.0,764.7148318009014
16,81.10000000000001,740.1665242313941
16,81.2,748.1128378522197
16,81.30000000000001,718.7406351193199
16,81.4,710.251654585458
16,81.5,720.0785649289843
16,81.60000000000001,733.8929219954782
16,81.7,725.2565222967683
16,81.80000000000001,718.4676902791575
16,81.9,737.3763744561421
16,82.0,704.7952611651688
16,82.10000000000001,654.7429172493389
16,82.2,731.6560855690353
16,82.30000000000001,704.8726872149457
16,82.4,568.6315740485938
16,82.5,736.5539773500243
16,82.60000000000001,725.2088350684448
16,82.7,647.0046333701127
16,82.80000000000001,588.4090446047212
16,82.9,723.5164555259647
16,83.0,528.6486294275982
16,83.10000000000001,716.8047674067524
16,83.2,732.0048467635481
16,83.30000000000001,738.2114986504926
16,83.4,712.9715397085027
16,83.5,725.0919015441119
16,83.60000000000001,649.4151808301563
16,83.7,678.8786846900857
16,83.80000000000001,746.332356114475
16,83.9,747.4451749619944
16,84.0,741.2700174502943
16,84.10000000000001,743.8262323796262
16,84.2,730.0565425560958
16,84.30000000000001,742.4235596391919
16,84.4,754.0504958628107
16,84.5,708.4058185183244
16,84.60000000000001,744.5067384042601
16,84.7,753.6374871880114
16,84.80000000000001,717.4789225236805
16,84.9,529.5474402395038
16,85.0,738.4953432128405
16,85.10000000000001,679.5708732306534
16,85.2,727.5871254098505
16,85.30000000000001,755.2438209161965
16,85.4,721.4333645053808
16,85.5,695.5697612569162
16,85.60000000000001,653.9228154685115
16,85.7,720.3355780684323
16,85.80000000000001,682.3042966707324
16,85.9,706.84360727972
16,86.0,494.15833642073073
16,86.10000000000001,718.890738937867
16,86.2,666.4843371106397
16,86.30000000000001,790.4872064028339
16,86.4,697.2069945498841
16,86.5,721.4413683917256
16,86.60000000000001,682.351984950227
16,86.7,794.3765643414578
16,86.80000000000001,790.382416181914
16,86.9,746.8286176034121
16,87.0,706.3920624423847
16,87.10000000000001,741.4385084152434
16,87.2,748.6553215036073
16,87.30000000000001,702.1896663772778
16,87.4,775.9055769904901
16,87.5,723.1892631867267
16,87.60000000000001,739.0062074689286
16,87.7,746.5621672239164
16,87.80000000000001,681.576893212266
16,87.9,732.3774735214278
16,88.0,743.1627917144588
16,88.10000000000001,741.5844233911565
16,88.2,751.0056452541116
16,88.30000000000001,709.0138942744906
16,88.4,757.0299379375369
16,88.5,645.1607946376251
16,88.60000000000001,743.1117517641604
16,88.7,694.67229796091
16,88.80000000000001,744.5751523277229
16,88.9,420.4164082165097
16,89.0,703.503428591499
16,89.10000000000001,680.8989491285861
16,89.2,765.5534536897367
16,89.30000000000001,718.7822917015984
16,89.4,728.8009823341051
16,89.5,694.1809796877379
16,89.60000000000001,757.6721018825108
16,89.7,725.4814243571025
16,89.80000000000001,659.2438296107952
16,89.9,721.4934014595249
16,90.0,815.6420990082503
16,90.10000000000001,734.1426474513048
16,90.2,720.8625380082889
16,90.30000000000001,529.5254111856834
16,90.4,735.7521148328229
16,90.5,690.4680209895623
16,90.60000000000001,674.9629259056392
16,90.7,704.9480238159864
16,90.80000000000001,741.6615610117412
16,90.9,685.6023089006296
16,91.0,742.0888997966828
16,91.10000000000001,600.0500018885044
16,91.2,704.7100164538149
16,91.30000000000001,743.9658328904337
16,91.4,720.4526440094312
16,91.5,713.5364630457153
16,91.60000000000001,789.9515941376188
16,91.7,607.493453572571
16,91.80000000000001,674.9490737489659
16,91.9,734.5193100420271
16,92.0,756.1679416079186
16,92.10000000000001,763.8417626475148
16,92.2,682.6597107339358
16,92.30000000000001,732.7059561474053
16,92.4,876.5924981399037
16,92.5,673.1260514425584
16,92.60000000000001,718.7791550839656
16,92.7,693.7696936382636
16,92.80000000000001,711.4794989436002
16,92.9,764.4802207453948
16,93.0,722.260984261308
16,93.10000000000001,626.810619286734
16,93.2,707.2609595824969
16,93.30000000000001,753.3817555693204
16,93.4,736.0818021438154
16,93.5,702.2646653465629
16,93.60000000000001,718.0424905833332
16,93.7,681.8007356118557
16,93.80000000000001,748.4784779072633
16,93.9,709.2983400204339
16,94.0,724.1698861103172
16,94.10000000000001,768.1623622214865
16,94.2,751.7972039221555
16,94.30000000000001,709.4271255223248
16,94.4,758.6372443971563
16,94.5,714.81663474432
16,94.60000000000001,738.5449350664295
16,94.7,736.0941462771822
16,94.80000000000001,726.4225090066325
16,94.9,737.9002075549897
16,95.0,661.5958031858255
16,95.10000000000001,686.2292673674821
16,95.2,713.8933845479584
16,95.30000000000001,761.3201965733177
16,95.4,678.803566655232
16,95.5,697.7592937521098
16,95.60000000000001,740.027658805232
16,95.7,739.514906351104
16,95.80000000000001,734.3269561435633
16,95.9,726.9304459956991
16,96.0,740.9384356085686
16,96.10000000000001,713.2707012801055
16,96.2,742.2979708376813
16,96.30000000000001,763.5775455671455
16,96.4,662.8677604128364
16,96.5,690.0821099566233
16,96.60000000000001,717.8941988416979
16,96.7,634.8426175601638
16,96.80000000000001,645.6364414841711
16,96.9,751.2138984042508
16,97.0,707.8934655784345
16,97.10000000000001,725.9888013801791
16,97.2,656.7770344081284
16,97.30000000000001,706.0158497856359
16,97.4,754.7911498954452
16,97.5,756.2429359765974
16,97.60000000000001,725.8980881031114
16,97.7,745.1703867754194
16,97.80000000000001,669.4906948681077
16,97.9,720.8203162836286
16,98.0,741.3414377966784
16,98.10000000000001,682.3335564331268
16,98.2,748.1918833370238
16,98.30000000000001,766.5227656380739
16,98.4,694.5479541807981
16,98.5,663.9604898584349
16,98.60000000000001,727.8231191250528
16,98.7,572.4142317277423
16,98.80000000000001,711.4052748775827
16,98.9,707.0346793275673
16,99.0,724.8072247775594
16,99.10000000000001,716.3712068581971
16,99.2,700.3605782882647
16,99.30000000000001,688.3798430968925
16,99.4,620.508757136055
16,99.5,681.1103615580864
16,99.60000000000001,705.7978785232189
16,99.7,762.6169922828685
16,99.80000000000001,757.30246893534
16,99.9,755.6848480357551
16,100.0,725.2588507751661
16,100.10000000000001,594.6572164696502
16,100.2,692.3734929274173
16,100.30000000000001,750.3003593977172
16,100.4,724.7454796356312
16,100.5,747.5549543985176
16,100.60000000000001,687.8573562453915
16,100.7,718.478492559887
16,100.80000000000001,741.0603524414327
16,100.9,746.2883644146626
16,101.0,755.805294238144
16,101.10000000000001,744.8644173421707
16,101.2,723.3356010915459
16,101.30000000000001,741.2256108716288
16,101.4,743.2707576742131
16,101.5,730.6778043964001
16,101.60000000000001,589.3681562251099
16,101.7,686.5843792170182
16,101.80000000000001,754.639703687011
16,101.9,725.9871376619453
16,102.0,750.0484742374794
16,102.10000000000001,756.4718564328547
16,102.2,742.0169440202177
16,102.30000000000001,619.1317438789296
16,102.4,707.8317144809497
16,102.5,742.0461003679691
16,102.60000000000001,750.1455648320579
16,102.7,681.0033053633273
16,102.80000000000001,695.9655957704093
16,102.9,740.4481846500139
16,103.0,614.039082214446
16,103.10000000000001,652.7581536704746
16,103.2,713.3158658514924
16,103.30000000000001,719.000819279625
16,103.4,739.1035673364734
16,103.5,748.84678921383
16,103.60000000000001,678.9333764407072
16,103.7,726.4045214792515
16,103.80000000000001,757.7207462457148
16,103.9,760.5801056221378
16,104.0,688.224716685405
16,104.10000000000001,685.1457457536422
16,104.2,755.7488822411631
16,104.30000000000001,763.8172971710283
16,104.4,675.4704879204712
16,104.5,724.5726068213486
16,104.60000000000001,771.261225786029
16,104.7,727.767547331464
16,104.80000000000001,595.3884379872169
16,104.9,673.9008000836498
16,105.0,754.6062231466176
16,105.10000000000001,755.1069316921664
16,105.2,725.6061742979125
16,105.30000000000001,746.3693120317107
16,105.4,703.6698479918593
16,105.5,641.1430218767196
16,105.60000000000001,696.2341949842875
16,105.7,665.8006379552418
16,105.80000000000001,719.8718284225279
16,105.9,739.1489485099307
16,106.0,720.4453528666274
16,106.10000000000001,752.2147764990933
16,106.2,694.2973772576189
16,106.30000000000001,710.0664082778238
16,106.4,756.5301438454186
16,106.5,727.3439293604797
16,106.60000000000001,752.1572874366175
16,106.7,766.9016692052298
16,106.80000000000001,626.1946647759212
16,106.9,653.557520818852
16,107.0,740.9578826684051
16,107.10000000000001,691.5850268000579
16,107.2,676.8024168333945
16,107.30000000000001,736.9348106550569
16,107.4,679.5616320633845
16,107.5,717.7023393190548
16,107.60000000000001,748.907409183418
16,107.7,623.6070871878009
16,107.80000000000001,676.003510751133
16,107.9,761.9657418326626
16,108.0,746.3418411733942
16,108.10000000000001,749.6005591843366
16,108.2,729.311795445852
16,108.30000000000001,779.5578383805923
16,108.4,810.2641950991917
16,108.5,750.3040182623014
16,108.60000000000001,733.5277684422134
16,108.7,632.1106294872901
16,108.80000000000001,684.7301591962113
16,108.9,706.2675444323536
16,109.0,721.8924883755273
16,109.10000000000001,743.7140587392577
16,109.2,720.0799187529176
16,109.30000000000001,718.4993673500459
16,109.4,627.492785561157
16,109.5,655.9865166009995
16,109.60000000000001,718.7382224315087
16,109.7,691.3572191574392
16,109.80000000000001,684.0605682317545
16,109.9,668.5531133317126
16,110.0,739.8691680014102
16,110.10000000000001,753.8589514590694
16,110.2,726.4296609614848
16,110.30000000000001,721.4593516021604
16,110.4,737.4359327959626
16,110.5,737.8159047641732
16,110.60000000000001,726.8047909140502
16,110.7,716.9434823922744
16,110.80000000000001,714.8236148653135
16,110.9,696.6403051525253
16,111.0,744.4935626597247
16,111.10000000000001,751.6850884848162
16,111.2,746.9931141837026
16,111.30000000000001,744.3768908823629
16,111.4,683.7037962950128
16,111.5,655.7473022207826
16,111.60000000000001,665.4422863129682
16,111.7,715.1315507345345
16,111.80000000000001,756.9860932811608
16,111.9,759.062919308795
16,112.0,733.2964080242223
16,112.10000000000001,717.6759573523229
16,112.2,732.6891611539903
16,112.30000000000001,691.8798029313085
16,112.4,704.0561865353704
16,112.5,749.3955944295772
16,112.60000000000001,686.8506162789439
16,112.7,697.463706405972
16,112.80000000000001,747.8257376318156
16,112.9,750.1360400227697
16,113.0,705.0240507389303
16,113.10000000000001,706.3154837825064
16,113.2,742.9637199267825
16,113.30000000000001,719.845567515549
16,113.4,738.8590035707865
16,113.5,784.3180280896338
16,113.60000000000001,759.3331283947149
16,113.7,716.2379667095995
16,113.80000000000001,692.3200920043802
16,113.9,720.6435602063535
16,114.0,719.5769697212237
16,114.10000000000001,708.2887894589489
16,114.2,744.8689959748752
16,114.30000000000001,725.03684416554
16,114.4,620.313830669065
16,114.5,642.8597001238596
16,114.60000000000001,705.6484102660884
16,114.7,722.2690106443869
16,114.80000000000001,742.2501211205422
16,114.9,675.8777512797074
16,115.0,690.9675913570707
16,115.10000000000001,676.8151092756564
16,115.2,608.5619467935953
16,115.30000000000001,640.0594786258297
16,115.4,699.0156509051449
16,115.5,739.6127084198582
16,115.60000000000001,752.9864514257547
16,115.7,746.1079950238171
16,115.80000000000001,708.7372560327356
16,115.9,699.3066384164515
16,116.0,743.5839101693705
16,116.10000000000001,691.1182442243202
16,116.2,655.6209483841495
16,116.30000000000001,719.000255554025
16,116.4,735.8432446375494
16,116.5,743.8594392344224
16,116.60000000000001,740.0467170816058
16,116.7,736.808998485397
16,116.80000000000001,740.328282810759
16,116.9,711.3705638762306
16,117.0,700.1455463457476
16,117.10000000000001,747.6681452186127
16,117.2,746.5320207383893
16,117.30000000000001,700.0322705970694
16,117.4,713.3071364805177
16,117.5,756.8677322319402
16,117.60000000000001,735.6726494441531
16,117.7,719.6414252585957
16,117.80000000000001,744.3403895252729
16,117.9,720.4751671239225
16,118.0,707.6189061528811
16,118.10000000000001,703.9940511726653
16,118.2,684.7642821907128
16,118.30000000000001,742.9729135669253
16,118.4,761.6745344765322
16,118.5,747.0175387402512
16,118.60000000000001,671.7178742020194
16,118.7,663.1204854392064
16,118.80000000000001,731.8310727487933
16,118.9,749.9512765378972
16,119.0,764.3976743537887
16,119.10000000000001,714.8116573395324
16,119.2,730.2166124836847
16,119.30000000000001,646.7160485622845
16,119.4,615.0650763454581
16,119.5,724.6679480946859
16,119.60000000000001,720.3524952189891
16,119.7,659.8558706944764
16,119.80000000000001,667.6788279811965
16,119.9,717.3294321528414
16,120.0,707.6844945933329
16,120.10000000000001,726.6343154862262
16,120.2,677.919628617161
16,120.30000000000001,663.6755558608958
16,120.4,695.4598948803826
16,120.5,680.0554452799001
16,120.60000000000001,706.0819783780335
16,120.7,663.0463755106084
16,120.80000000000001,634.4012195163127
16,120.9,706.471835202384
16,121.0,703.1893954280515
16,121.10000000000001,710.374068993607
16,121.2,695.7696876897642
16,121.30000000000001,688.6358663559107
16,121.4,701.0864348439616
16,121.5,734.2551400285748
16,121.60000000000001,735.3801506913945
16,121.7,736.8696626692888
16,121.80000000000001,728.7750725328237
16,121.9,740.4431347707305
16,122.0,723.3856041789694
16,122.10000000000001,707.8213824044619
16,122.2,673.2171818899814
16,122.30000000000001,601.9367117304871
16,122.4,516.6691179824295
16,122.5,730.0371651289184
16,122.60000000000001,726.0636924288849
16,122.7,724.5159828956575
16,122.80000000000001,718.1656590931635
16,122.9,724.840047106226
16,123.0,723.5121497712228
16,123.10000000000001,728.4600262227683
16,123.2,687.6339370213785
16,123.30000000000001,723.6868833526775
16,123.4,730.4636527664879
16,123.5,678.0198412601665
16,123.60000000000001,706.1105608534125
16,123.7,757.7496002962806
16,123.80000000000001,742.357065015074
16,123.9,709.1027864349024
16,124.0,703.938806104317
16,124.10000000000001,710.9544595107435
16,124.2,707.9241462646818
16,124.30000000000001,730.2017303979113
16,124.4,738.3612116741357
16,124.5,746.3213387484457
16,124.60000000000001,727.2761390798447
16,124.7,736.0733956284629
16,124.80000000000001,737.2344974286234
16,124.9,719.526910714391
16,125.0,737.1670359748211
16,125.10000000000001,708.4462249959558
16,125.2,751.1833976589633
16,125.30000000000001,745.3750478095468
16,125.4,730.6550818163192
16,125.5,720.4147476869276
16,125.60000000000001,723.9921503477782
16,125.7,739.1669513705488
16,125.80000000000001,711.6813521645374
16,125.9,725.8035812872814
16,126.0,750.5904391983477
16,126.10000000000001,761.3269225705216
16,126.2,766.0353939211792
16,126.30000000000001,762.1085885813011
16,126.4,769.0370558302687
16,126.5,729.1638610615043
16,126.60000000000001,752.693725399863
16,126.7,755.4260092595757
16,126.80000000000001,734.9490075978263
16,126.9,728.8537012016833
16,127.0,707.3403267908944
16,127.10000000000001,711.0539981396319
16,127.2,670.8924923514603
16,127.30000000000001,701.8657566068131
16,127.4,568.97479750799
16,127.5,654.2983260789473
16,127.60000000000001,740.7186780155992
16,127.7,746.9939125687565
16,127.80000000000001,710.9126761082618
16,127.9,764.1648105962955
16,128.0,713.3439537785451
16,128.1,671.1340625849241
16,128.20000000000002,722.3334934105133
16,128.3,748.9546262344353
16,128.4,699.7504626403862
16,128.5,634.1490060954309
16,128.6,767.9709601496857
16,128.70000000000002,718.2586090153274
16,128.8,707.9651685731925
16,128.9,773.0007498819714
16,129.0,724.5778092800449
16,129.1,630.3783726594114
16,129.20000000000002,646.0074355222195
16,129.3,610.2703645956709
16,129.4,672.9156461309676
16,129.5,659.1697722862557
16,129.6,669.6150638280715
16,129.70000000000002,737.4395450372159
16,129.8,813.0177226630227
16,129.9,728.8829917396264
16,130.0,724.6872423885886
16,130.1,753.4936388888905
16,130.20000000000002,732.546694984207
16,130.3,738.1904584906222
16,130.4,750.8477016708382
16,130.5,740.5181032705271
16,130.6,709.6577962572244
16,130.70000000000002,650.6241982529269
16,130.8,702.558415310383
16,130.9,603.600554860646
16,131.0,733.3678602988367
16,131.1,730.0405546345531
16,131.20000000000002,671.8847098606373
16,131.3,654.0638345957742
16,131.4,704.6352148108034
16,131.5,734.6769983210328
16,131.6,706.8203405014041
16,131.70000000000002,690.6719998972867
16,131.8,593.7672054790554
16,131.9,682.1346876487058
16,132.0,654.2026548555368
16,132.1,707.0344363278352
16,132.20000000000002,723.5503746689727
16,132.3,702.6538404570585
16,132.4,591.8588071024594
16,132.5,728.5602634475607
16,132.6,616.1124621234758
16,132.70000000000002,584.7339729503236
16,132.8,702.186989318822
16,132.9,671.0716097668708
16,133.0,709.3582998839948
16,133.1,646.0632606950102
16,133.20000000000002,732.6096315803344
16,133.3,667.1148656203119
16,133.4,683.3862168872076
16,133.5,675.3325303033552
16,133.6,749.5352291905419
16,133.70000000000002,747.4608258302823
16,133.8,700.2396600141172
16,133.9,692.9402916240194
16,134.0,691.4234992710815
16,134.1,737.7983005456041
16,134.20000000000002,701.7474088879471
16,134.3,765.654391114021
16,134.4,823.540462882727
16,134.5,730.8543131945983
16,134.6,655.6876614164066
16,134.70000000000002,614.9607244650066
16,134.8,727.2951558852451
16,134.9,699.5561522164373
16,135.0,706.3493956962001
16,135.1,696.217903403076
16,135.20000000000002,763.1800345288864
16,135.3,750.2199735825072
16,135.4,721.7594297164177
16,135.5,659.6158820879773
16,135.6,758.4254977239805
16,135.70000000000002,716.1304314162801
16,135.8,768.4541585112877
16,135.9,703.6385952738286
16,136.0,514.3942984983269
16,136.1,721.0050771338636
16,136.20000000000002,695.9091173796699
16,136.3,714.4481883797929
16,136.4,664.5282133714294
16,136.5,625.1124077841473
16,136.6,710.1103430008743
16,136.70000000000002,704.9274971560812
16,136.8,690.9479265867701
16,136.9,746.7585555113731
16,137.0,716.7062992346921
16,137.1,744.2554459192339
16,137.20000000000002,759.4320571205635
16,137.3,740.4081845036906
16,137.4,756.4931344112769
16,137.5,676.8477162412258
16,137.6,726.0262970591109
16,137.70000000000002,717.8327094860965
16,137.8,672.8473339925389
16,137.9,745.686411471527
16,138.0,671.9788526831545
16,138.1,731.3037604129098
16,138.20000000000002,760.1539855803054
16,138.3,739.2490074493815
16,138.4,657.4177755535927
16,138.5,746.2553811007269
16,138.6,750.7718510135942
16,138.70000000000002,767.9935463775446
16,138.8,726.5820930394846
16,138.9,742.7250931059275
16,139.0,721.1954726730959
16,139.1,740.1512865074989
16,139.20000000000002,752.9433459061166
16,139.3,723.9456939714223
16,139.4,734.8310608301271
16,139.5,726.6343970400576
16,139.6,723.9274201621336
16,139.70000000000002,752.9166707662266
16,139.8,714.7153811941557
16,139.9,693.5846502140764
16,140.0,728.0580324305298
16,140.1,731.7405548859463
16,140.20000000000002,706.4034227590793
16,140.3,730.8272402440192
16,140.4,619.0469551429007
16,140.5,655.4408635442912
16,140.6,510.464272832995
16,140.70000000000002,738.4118308537605
16,140.8,727.3594910898031
16,140.9,695.9374915150954
16,141.0,724.2564284761492
16,141.1,734.9214140630869
16,141.20000000000002,693.9160437868638
16,141.3,741.8582075416612
16,141.4,751.0360031752048
16,141.5,708.518221182007
16,141.6,696.4375327635959
16,141.70000000000002,728.789788453499
16,141.8,699.1648133209876
16,141.9,519.3147281689869
16,142.0,743.4050697201066
16,142.1,760.0224198895736
16,142.20000000000002,763.588524483492
16,142.3,752.482748683371
16,142.4,721.5362951708269
16,142.5,769.7099298534799
16,142.6,672.1038252116294
16,142.70000000000002,710.3622119654275
16,142.8,743.1105258149153
16,142.9,712.863566105799
16,143.0,478.20264694664667
16,143.1,792.9027364281171
16,143.20000000000002,715.7280318127704
16,143.3,726.7509677357729
16,143.4,702.3941406267037
16,143.5,690.611221642317
16,143.6,702.4850264221319
16,143.70000000000002,717.0964438019994
16,143.8,738.8525203232616
16,143.9,633.950880258021
16,144.0,636.9730928522091
16,144.1,691.637294773911
16,144.20000000000002,732.6147221346769
16,144.3,692.1486291088869
16,144.4,718.192719153418
16,144.5,666.6120195140279
16,144.6,692.2449217618688
16,144.70000000000002,742.8102547744538
16,144.8,647.4778009823639
16,144.9,680.8335654573149
16,145.0,753.5508430091597
16,145.1,722.7775518710915
16,145.20000000000002,748.3630802445861
16,145.3,730.9232732934262
16,145.4,612.558231137444
16,145.5,710.8841883165604
16,145.6,692.9563275492776
16,145.70000000000002,765.5293095194994
16,145.8,757.9851203813222
16,145.9,606.2574027824994
16,146.0,720.1766473721955
16,146.1,660.6004138485325
16,146.20000000000002,730.4320042403263
16,146.3,695.7268509415064
16,146.4,718.7012043756342
16,146.5,725.9198551715102
16,146.6,645.0629823728975
16,146.70000000000002,679.2738596698708
16,146.8,739.5540702098536
16,146.9,729.8643030047793
16,147.0,701.2344812443298
16,147.1,758.9791575281045
16,147.20000000000002,725.32084776369
16,147.3,744.8691760511336
16,147.4,682.1006476109354
16,147.5,716.3166768864506
16,147.6,717.8188047797928
16,147.70000000000002,652.7746854331741
16,147.8,686.8533798345078
16,147.9,741.412248485227
16,148.0,677.9364916033801
16,148.1,711.7127245399668
16,148.20000000000002,714.5961905112923
16,148.3,638.2746005488376
16,148.4,662.0684369702309
16,148.5,777.7239418382782
16,148.6,781.4448766052527
16,148.70000000000002,515.1600807048552
16,148.8,705.2719855214544
16,148.9,713.5363249464798
16,149.0,744.4339361569849
16,149.1,735.1109054995359
16,149.20000000000002,757.2550652785234
16,149.3,734.6293274186534
16,149.4,746.9360086733464
16,149.5,747.0049165247425
16,149.6,726.8160946045618
16,149.70000000000002,737.9311796490618
16,149.8,532.0975187534519
16,149.9,783.1093178612037
16,150.0,763.8797346787403
16,150.1,622.0960994721954
16,150.20000000000002,687.3459047677966
16,150.3,731.0176893693176
16,150.4,691.590112960949
16,150.5,727.4461042257212
16,150.6,760.6925518985877
16,150.70000000000002,742.2512740929864
16,150.8,737.0416540077927
16,150.9,715.6715345204938
16,151.0,754.521416848188
16,151.1,727.1903823750257
16,151.20000000000002,725.151695564804
16,151.3,736.9912015078534
16,151.4,737.0663480677381
16,151.5,679.9026794928196
16,151.6,746.0097926098092
16,151.70000000000002,749.6074043896447
16,151.8,628.9453711972102
16,151.9,727.2279257235043
16,152.0,726.3965419701344
16,152.1,557.3230358281135
16,152.20000000000002,730.5805911430632
16,152.3,729.1701568103425
16,152.4,750.0196865102694
16,152.5,768.1572683978764
16,152.6,708.135190519871
16,152.70000000000002,785.3422111998582
16,152.8,712.5798169165009
16,152.9,719.2893434047544
16,153.0,674.3944294011148
16,153.1,693.7619361671007
16,153.20000000000002,548.2061505645335
16,153.3,703.5401432230841
16,153.4,725.4543521188596
16,153.5,727.5558626145811
16,153.60000000000002,750.6096217141502
16,153.70000000000002,674.1894676546017
16,153.8,890.2732919331961
16,153.9,722.6795009357129
16,154.0,676.4710615384615
16,154.10000000000002,619.2879137675958
16,154.20000000000002,676.6727658661364
16,154.3,693.2526609739426
16,154.4,681.5048883106494
16,154.5,732.3898720861555
16,154.60000000000002,726.8157076873919
16,154.70000000000002,747.2928602759137
16,154.8,753.3426270774522
16,154.9,673.9921864344224
16,155.0,733.3776167527088
16,155.10000000000002,683.4941344985247
16,155.20000000000002,734.860286233796
16,155.3,720.2340834910724
16,155.4,650.6153547378455
16,155.5,704.1696528080026
16,155.60000000000002,724.5568543789325
16,155.70000000000002,748.2637843530217
16,155.8,743.8888756421997
16,155.9,744.4585039092202
16,156.0,737.1617131342003
16,156.10000000000002,710.2148008984458
16,156.20000000000002,739.582836579033
16,156.3,692.7692312548528
16,156.4,734.7111979896573
16,156.5,752.6251495235826
16,156.60000000000002,710.5688267716185
16,156.70000000000002,714.0584187258834
16,156.8,706.8603317588269
16,156.9,753.7221340117466
16,157.0,738.0422425786742
16,157.10000000000002,738.8482497627631
16,157.20000000000002,720.4928467281791
16,157.3,716.7025348591881
16,157.4,764.785443718873
16,157.5,759.7000254418509
16,157.60000000000002,732.4189575417471
16,157.70000000000002,743.0413046784499
16,157.8,706.6901468275771
16,157.9,737.552179781285
16,158.0,739.7900969371975
32,0.0,1100.196
32,0.1,602.1881863833129
32,0.2,775.5396911498059
32,0.30000000000000004,823.3467215012164
32,0.4,844.3963929562469
32,0.5,790.6212599630799
32,0.6000000000000001,807.9979907892172
32,0.7000000000000001,797.0860114255368
32,0.8,846.2391919015553
32,0.9,801.9673758196019
32,1.0,832.0354858535958
32,1.1,811.0992346478685
32,1.2000000000000002,809.692264837272
32,1.3,837.3900028929113
32,1.4000000000000001,791.5825502027517
32,1.5,818.7064210752975
32,1.6,799.7457822925912
32,1.7000000000000002,799.4698384708607
32,1.8,791.7688783340946
32,1.9000000000000001,790.2319996999486
32,2.0,804.4922762857142
32,2.1,820.3792505149585
32,2.2,775.6991151724908
32,2.3000000000000003,816.6565534719413
32,2.4000000000000004,817.5936344545798
32,2.5,806.8872691794617
32,2.6,807.9991815193979
32,2.7,806.7448245010121
32,2.8000000000000003,784.481604538926
32,2.9000000000000004,811.930201962334
32,3.0,839.6064172433864
32,3.1,844.3795124141936
32,3.2,816.4094573630942
32,3.3000000000000003,809.8638874882475
32,3.4000000000000004,800.9323523704761
32,3.5,789.796778071957
32,3.6,802.7381476903876
32,3.7,833.8139456237813
32,3.8000000000000003,795.4057645057208
32,3.9000000000000004,802.4591390575438
32,4.0,787.5840818687282
32,4.1000000000000005,817.1826629576339
32,4.2,832.8454733350915
32,4.3,809.3139932906421
32,4.4,823.4639497734271
32,4.5,802.223255733459
32,4.6000000000000005,822.2744181587451
32,4.7,847.5479453198345
32,4.800000000000001,789.2170257945176
32,4.9,819.8966976907809
32,5.0,846.0213183075854
32,5.1000000000000005,789.9033681382283
32,5.2,817.9420830768353
32,5.300000000000001,783.7343095177683
32,5.4,822.4169045256477
32,5.5,795.0015253680231
32,5.6000000000000005,791.9757246943975
32,5.7,832.5727819802509
32,5.800000000000001,807.1397795401284
32,5.9,819.7144772856487
32,6.0,843.0934670494336
32,6.1000000000000005,823.3243854600782
32,6.2,798.0892379495824
32,6.300000000000001,822.0632572641168
32,6.4,809.9185873985472
32,6.5,853.119380165736
32,6.6000000000000005,825.558308369666
32,6.7,831.4331981006101
32,6.800000000000001,839.1613539990377
32,6.9,819.7410592325219
32,7.0,833.6587273222601
32,7.1000000000000005,816.9346763471606
32,7.2,810.0942912574045
32,7.300000000000001,815.1123872450778
32,7.4,839.5937693878329
32,7.5,807.6579322923607
32,7.6000000000000005,851.2114525751844
32,7.7,870.2877075101977
32,7.800000000000001,881.579884064762
32,7.9,822.6954488807594
32,8.0,868.9903255462161
32,8.1,850.0783286071648
32,8.200000000000001,792.1181660835505
32,8.3,824.1483673976717
32,8.4,844.9512924977553
32,8.5,833.7111219711823
32,8.6,833.7265592599998
32,8.700000000000001,822.6797222664275
32,8.8,822.9064940613711
32,8.9,856.4009401451824
32,9.0,817.6686633907686
32,9.1,706.7258290138092
32,9.200000000000001,799.6670249456546
32,9.3,740.2117184667491
32,9.4,780.6890475253942
32,9.5,749.0191559694222
32,9.600000000000001,834.3828752343262
32,9.700000000000001,855.6323086478429
32,9.8,851.6629211445173
32,9.9,817.9687988828225
32,10.0,804.8760449528673
32,10.100000000000001,799.1335145460347
32,10.200000000000001,858.4673266150937
32,10.3,807.8455268682832
32,10.4,826.6552641720046
32,10.5,811.9359746400193
32,10.600000000000001,817.4293625915598
32,10.700000000000001,816.9989255380525
32,10.8,815.4817360082392
32,10.9,844.4967607292715
32,11.0,814.1481211975397
32,11.100000000000001,765.1704289789486
32,11.200000000000001,719.0831628811669
32,11.3,845.0958991951435
32,11.4,835.8227675730386
32,11.5,814.4313314106626
32,11.600000000000001,834.971796733831
32,11.700000000000001,835.1747144671427
32,11.8,809.4637282352994
32,11.9,824.0391412300153
32,12.0,806.7417505793212
32,12.100000000000001,825.544433863914
32,12.200000000000001,824.3849107252646
32,12.3,767.8576417133381
32,12.4,810.7531832430183
32,12.5,805.833349408456
32,12.600000000000001,746.1739899505234
32,12.700000000000001,801.9326562307072
32,12.8,844.8164058188923
32,12.9,822.8926112764025
32,13.0,821.6637895996912
32,13.100000000000001,803.6964352403272
32,13.200000000000001,792.778016408146
32,13.3,810.779068258961
32,13.4,742.7253767425017
32,13.5,734.8269969127789
32,13.600000000000001,756.1218828898519
32,13.700000000000001,783.1708864593757
32,13.8,806.8908094985376
32,13.9,823.84862858123
32,14.0,847.4886854630861
32,14.100000000000001,816.6242114160638
32,14.200000000000001,872.1652925953277
32,14.3,836.9560120144165
32,14.4,844.385713585358
32,14.5,845.6402709036075
32,14.600000000000001,859.9603356288446
32,14.700000000000001,803.259799287824
32,14.8,814.5740144568974
32,14.9,795.3163166916368
32,15.0,790.4803253314412
32,15.100000000000001,759.05980153491
32,15.200000000000001,803.2166893836722
32,15.3,800.3455572763803
32,15.4,823.9209031939398
32,15.5,864.752754405742
32,15.600000000000001,872.4034158531247
32,15.700000000000001,831.0320336365576
32,15.8,792.4450276482241
32,15.9,813.8774826669205
32,16.0,841.9597833108281
32,16.1,861.5535785687123
32,16.2,832.9549051833126
32,16.3,788.4120376261102
32,16.400000000000002,824.1349366672875
32,16.5,838.5021512086176
32,16.6,888.0769396526846
32,16.7,876.0556259335659
32,16.8,834.6082579938825
32,16.900000000000002,818.2161152272586
32,17.0,804.9107594015405
32,17.1,830.197018110612
32,17.2,823.5582137999916
32,17.3,870.7389444853976
32,17.400000000000002,850.5777752384201
32,17.5,832.9036038596726
32,17.6,850.3753105168427
32,17.7,865.4398918876784
32,17.8,854.5331060420045
32,17.900000000000002,845.3469976496474
32,18.0,844.9794119613732
32,18.1,847.3493995638943
32,18.2,860.8617879622644
32,18.3,791.1518957726679
32,18.400000000000002,696.3257353608672
32,18.5,746.089086968327
32,18.6,853.7375549022005
32,18.7,794.4540355710767
32,18.8,764.960560715328
32,18.900000000000002,804.67314467113
32,19.0,776.905180557341
32,19.1,747.524386560994
32,19.200000000000003,594.4776521907668
32,19.3,726.2004737238076
32,19.400000000000002,834.3356452058599
32,19.5,824.3354179780741
32,19.6,803.905599606457
32,19.700000000000003,786.2207426119974
32,19.8,819.587541363497
32,19.900000000000002,724.3065082472565
32,20.0,735.3627486605665
32,20.1,702.3079927300106
32,20.200000000000003,781.9499850954767
32,20.3,718.2501266744948
32,20.400000000000002,684.6115315831863
32,20.5,723.0557824818387
32,20.6,777.5553980018262
32,20.700000000000003,652.8286195406572
32,20.8,650.2801885172265
32,20.900000000000002,574.8596275012842
32,21.0,668.9308326490483
32,21.1,692.7513065944689
32,21.200000000000003,688.6184223723621
32,21.3,763.3233144276949
32,21.400000000000002,724.82793273586
32,21.5,667.478270661614
32,21.6,708.4046620568429
32,21.700000000000003,776.372514152583
32,21.8,702.7165502707455
32,21.900000000000002,674.233868276919
32,22.0,595.599543491879
32,22.1,683.0177498425356
32,22.200000000000003,739.5932297857023
32,22.3,581.4516619844857
32,22.400000000000002,602.380901700475
32,22.5,667.2520856284045
32,22.6,752.5035430137402
32,22.700000000000003,753.1559058999461
32,22.8,753.4051163260847
32,22.900000000000002,654.0480114869251
32,23.0,669.1900007597228
32,23.1,596.5188152105302
32,23.200000000000003,648.8703072744596
32,23.3,822.2503551195318
32,23.400000000000002,806.2395288249177
32,23.5,600.2499066191798
32,23.6,634.8770464473089
32,23.700000000000003,693.3338848928378
32,23.8,717.3644582829497
32,23.900000000000002,764.5492546037506
32,24.0,703.6093241728267
32,24.1,642.1036662448649
32,24.200000000000003,700.0599896835364
32,24.3,807.0763950570126
32,24.400000000000002,766.4057843004581
32,24.5,652.3048679196294
32,24.6,638.5019446663584
32,24.700000000000003,616.6654564898677
32,24.8,621.5692556460114
32,24.900000000000002,757.4932208110027
32,25.0,716.9237176921795
32,25.1,629.3626046610736
32,25.200000000000003,578.9733212370805
32,25.3,619.8348971195662
32,25.400000000000002,660.8172875204544
32,25.5,613.1480955613999
32,25.6,690.9777190231582
32,25.700000000000003,727.7283641057052
32,25.8,679.5716338489317
32,25.900000000000002,744.7040453011547
32,26.0,651.4279499773686
32,26.1,611.3656093216974
32,26.200000000000003,714.9844325665001
32,26.3,737.2634846379201
32,26.400000000000002,676.9629870857486
32,26.5,578.1100914462075
32,26.6,731.25566907033
32,26.700000000000003,736.3268638780585
32,26.8,710.9232645484957
32,26.900000000000002,769.0527012392081
32,27.0,750.4734644715277
32,27.1,662.3672705292744
32,27.200000000000003,555.7940816388647
32,27.3,605.712129905163
32,27.400000000000002,667.6278453380827
32,27.5,658.8921735634045
32,27.6,672.7865053184156
32,27.700000000000003,678.5975729757572
32,27.8,584.3247908162707
32,27.900000000000002,586.8097893609468
32,28.0,776.8885554780015
32,28.1,762.186158060513
32,28.200000000000003,740.8636240923878
32,28.3,707.1383565978698
32,28.400000000000002,721.3636384153034
32,28.5,672.4118202047249
32,28.6,543.2230446888564
32,28.700000000000003,581.9740719364006
32,28.8,768.4612925911921
32,28.900000000000002,742.9106465731893
32,29.0,694.8091879000591
32,29.1,684.8158525825077
32,29.200000000000003,682.6724729609851
32,29.3,565.1983284530369
32,29.400000000000002,713.0018502222101
32,29.5,627.3327889497025
32,29.6,704.4093262418654
32,29.700000000000003,618.5649934777566
32,29.8,647.4825475965429
32,29.900000000000002,629.7449654855376
32,30.0,710.8559303606946
32,30.1,821.3089368482745
32,30.200000000000003,805.2988789994372
32,30.3,717.2162801275848
32,30.400000000000002,691.2746659789842
32,30.5,649.0298472837985
32,30.6,586.5814060805475
32,30.700000000000003,725.2639707540786
32,30.8,792.4830114987213
32,30.900000000000002,798.3284457320046
32,31.0,644.2179402963781
32,31.1,578.4368899533121
32,31.200000000000003,816.768000297156
32,31.3,796.4706552565059
32,31.400000000000002,821.1158346891415
32,31.5,755.2857012916475
32,31.6,704.6961187787381
32,31.700000000000003,788.6243840713538
32,31.8,801.6018193997745
32,31.900000000000002,736.025049558749
32,32.0,622.7296664792691
32,32.1,652.382908407159
32,32.2,648.8699609107439
32,32.300000000000004,575.5506379048117
32,32.4,550.6231645947756
32,32.5,653.8555145970361
32,32.6,651.1754712026659
32,32.7,744.365810275408
32,32.800000000000004,742.793447865927
32,32.9,664.8264784005072
32,33.0,621.146724521561
32,33.1,573.4368304805114
32,33.2,658.8320579112894
32,33.300000000000004,687.5626608351529
32,33.4,632.7215044022628
32,33.5,674.13794719891
32,33.6,661.3749391506316
32,33.7,723.3289107508673
32,33.800000000000004,687.5093473478274
32,33.9,720.77034952386
32,34.0,644.1774610512575
32,34.1,571.1067501430797
32,34.2,649.2746424115062
32,34.300000000000004,562.8293495224108
32,34.4,660.6451996447855
32,34.5,660.8466463144454
32,34.6,815.589173928709
32,34.7,649.214118254214
32,34.800000000000004,583.6494374336991
32,34.9,639.2882170170811
32,35.0,556.1072926349989
32,35.1,571.8102363723881
32,35.2,752.5035288050303
32,35.300000000000004,711.309509558642
32,35.4,773.8159933792075
32,35.5,608.8847747126437
32,35.6,671.2885591949768
32,35.7,742.4388659872511
32,35.800000000000004,812.0049452424191
32,35.9,822.5893957026238
32,36.0,709.9708938532449
32,36.1,698.0907451330642
32,36.2,685.2669185868086
32,36.300000000000004,577.5369074689977
32,36.4,560.2175392860008
32,36.5,711.8997389510495
32,36.6,718.7880684603947
32,36.7,690.463757581777
32,36.800000000000004,671.3040018419747
32,36.9,705.6895233215103
32,37.0,806.8763159904614
32,37.1,797.9951800784593
32,37.2,663.0379796415239
32,37.300000000000004,798.9107030034502
32,37.4,662.9268246427321
32,37.5,652.0407396919677
32,37.6,615.1544609791648
32,37.7,647.817882745846
32,37.800000000000004,753.4600300177202
32,37.9,697.7854457562117
32,38.0,702.3406923454309
32,38.1,747.9637829010188
32,38.2,697.9415800561414
32,38.300000000000004,752.7833457546205
32,38.400000000000006,730.9161297972872
32,38.5,789.431267433525
32,38.6,784.2654197988868
32,38.7,701.2742704147902
32,38.800000000000004,710.596968963732
32,38.900000000000006,811.7228561485795
32,39.0,799.2008668715017
32,39.1,692.8525846153822
32,39.2,588.0258720251759
32,39.300000000000004,718.0746875384585
32,39.400000000000006,782.6236182301425
32,39.5,689.6709586227223
32,39.6,689.7598492830214
32,39.7,629.2988153094711
32,39.800000000000004,649.6010907490086
32,39.900000000000006,802.1361176389513
32,40.0,699.8010615359327
32,40.1,765.7153614089244
32,40.2,730.3949041664498
32,40.300000000000004,760.1967056749075
32,40.400000000000006,706.016955915711
32,40.5,751.3132951499456
32,40.6,721.3397338075459
32,40.7,805.6279239679047
32,40.800000000000004,736.9383620977642
32,40.900000000000006,689.5048848332234
32,41.0,606.5569847391166
32,41.1,795.5490411935166
32,41.2,705.108941007548
32,41.300000000000004,809.5433358519911
32,41.400000000000006,724.6654385629827
32,41.5,805.5532219898331
32,41.6,678.2205826772757
32,41.7,705.2167177619733
32,41.800000000000004,808.1166403619096
32,41.900000000000006,780.4077428714825
32,42.0,731.5947263662869
32,42.1,641.2737339864572
32,42.2,784.1354361492347
32,42.300000000000004,807.7215382923495
32,42.400000000000006,762.2229968028687
32,42.5,747.2074297562876
32,42.6,764.4976693755303
32,42.7,614.1923809378885
32,42.800000000000004,854.4808257937384
32,42.900000000000006,698.7312905279337
32,43.0,608.2283197681759
32,43.1,762.3711403230227
32,43.2,607.2324013897078
32,43.300000000000004,716.2535229005713
32,43.400000000000006,801.1554240704785
32,43.5,705.7458672666667
32,43.6,747.5033798248011
32,43.7,835.4430679543353
32,43.800000000000004,730.9486817531437
32,43.900000000000006,675.9855709459072
32,44.0,717.010375257565
32,44.1,624.6052850821515
32,44.2,766.4676780267928
32,44.300000000000004,704.8358113038764
32,44.400000000000006,773.2917414612626
32,44.5,816.3839768776766
32,44.6,557.4909826449506
32,44.7,771.5095823952546
32,44.800000000000004,578.5367681218092
32,44.900000000000006,540.2667740533282
32,45.0,547.7504702138201
32,45.1,634.3991798963367
32,45.2,768.9568455589628
32,45.300000000000004,720.9031124027712
32,45.400000000000006,666.5129487058374
32,45.5,796.7290156543653
32,45.6,794.3536481413985
32,45.7,719.8415796984918
32,45.800000000000004,768.2506340728926
32,45.900000000000006,776.6540695557649
32,46.0,731.4782082590923
32,46.1,764.1411793556509
32,46.2,601.6373141572827
32,46.300000000000004,752.4109506859285
32,46.400000000000006,516.2753163013465
32,46.5,799.3439814768496
32,46.6,837.9079751287493
32,46.7,631.6691455497099
32,46.800000000000004,786.4422331999401
32,46.900000000000006,481.15303044906545
32,47.0,779.0792967549204
32,47.1,834.9599085942141
32,47.2,770.4738349336433
32,47.300000000000004,735.4665275648157
32,47.400000000000006,751.7555950820697
32,47.5,670.4518307487077
32,47.6,764.2697858305058
32,47.7,579.3860048678299
32,47.800000000000004,776.0222954768698
32,47.900000000000006,751.453579503925
32,48.0,622.2249525061752
32,48.1,839.5627647054094
32,48.2,644.9124247629766
32,48.300000000000004,711.9095702483584
32,48.400000000000006,752.2274197414711
32,48.5,745.7745606725755
32,48.6,680.5039019553708
32,48.7,685.3108700664588
32,48.800000000000004,544.2566292830213
32,48.900000000000006,779.8491976017913
32,49.0,631.4533146093912
32,49.1,796.1180774594973
32,49.2,508.1942061846362
32,49.300000000000004,621.2109109245756
32,49.400000000000006,774.6118375667401
32,49.5,684.7915343062633
32,49.6,746.1347496820796
32,49.7,519.27634893765
32,49.800000000000004,815.9497887280264
32,49.900000000000006,575.8452034492684
32,50.0,600.5975704314042
32,50.1,784.1154665378159
32,50.2,828.6852205102562
32,50.300000000000004,587.4295009561084
32,50.400000000000006,675.234218694076
32,50.5,785.0980146195278
32,50.6,812.354304922081
32,50.7,812.0148910487599
32,50.800000000000004,663.1810220714032
32,50.900000000000006,775.7825119107026
32,51.0,841.4747224924721
32,51.1,792.8704895572001
32,51.2,789.9868146593575
32,51.300000000000004,757.3328296550707
32,51.400000000000006,750.5484348682767
32,51.5,824.6763513899178
32,51.6,835.5722537476574
32,51.7,790.024291117181
32,51.800000000000004,799.1992988945038
32,51.900000000000006,790.1689558926437
32,52.0,809.1684076166837
32,52.1,787.8808721353481
32,52.2,657.8842117156007
32,52.300000000000004,782.5733062877958
32,52.400000000000006,513.1930789580304
32,52.5,604.8713888876977
32,52.6,776.9498489411397
32,52.7,678.3369605779483
32,52.800000000000004,768.4791765254602
32,52.900000000000006,517.1110737279017
32,53.0,784.0260034132132
32,53.1,704.7526042130464
32,53.2,638.306288635512
32,53.300000000000004,724.9564575582409
32,53.400000000000006,801.3128729493866
32,53.5,811.8722575327324
32,53.6,820.6844498358673
32,53.7,596.7137793630195
32,53.800000000000004,764.3161884115244
32,53.900000000000006,725.3528483597897
32,54.0,823.0140457603794
32,54.1,710.29315210493
32,54.2,795.3966009661987
32,54.300000000000004,513.5688089186933
32,54.400000000000006,785.0913507524618
32,54.5,759.3544969421033
32,54.6,779.0842467176138
32,54.7,776.5261099001774
32,54.800000000000004,793.7602084956663
32,54.900000000000006,834.8178464284548
32,55.0,717.9240468244874
32,55.1,816.643007055368
32,55.2,533.3806206772758
32,55.300000000000004,750.2207237847173
32,55.400000000000006,799.7068572249501
32,55.5,834.2514427624162
32,55.6,672.2880056187615
32,55.7,742.3790656600809
32,55.800000000000004,699.6522036523753
32,55.900000000000006,803.1108841425627
32,56.0,736.0485339637964
32,56.1,865.3444756093288
32,56.2,824.5927746901264
32,56.300000000000004,706.712181541446
32,56.400000000000006,779.9554447156181
32,56.5,772.0596044691326
32,56.6,767.8585924710904
32,56.7,770.8873841332077
32,56.800000000000004,813.310116372041
32,56.900000000000006,808.6146584216069
32,57.0,873.4374311967033
32,57.1,817.4571928907596
32,57.2,747.6446379178353
32,57.300000000000004,785.3728799672172
32,57.400000000000006,814.7415175503719
32,57.5,851.299492652051
32,57.6,875.2781216917355
32,57.7,855.3340520196946
32,57.800000000000004,745.1584710114139
32,57.900000000000006,708.8429724875184
32,58.0,750.4559038859629
32,58.1,733.0957636660902
32,58.2,770.1142929102593
32,58.300000000000004,666.3194566263043
32,58.400000000000006,683.5679316145487
32,58.5,730.2848817135672
32,58.6,768.1936958499033
32,58.7,694.962810708658
32,58.800000000000004,781.0705022292777
32,58.900000000000006,821.0911104053808
32,59.0,831.0302737041915
32,59.1,762.5744932808651
32,59.2,827.299564554264
32,59.300000000000004,868.5427576529773
32,59.400000000000006,805.7264373750529
32,59.5,797.9776547020085
32,59.6,720.3961219536346
32,59.7,793.249309230423
32,59.800000000000004,630.262401830837
32,59.900000000000006,712.0500958267835
32,60.0,575.8724755389994
32,60.1,671.0257435160217
32,60.2,807.782887321155
32,60.300000000000004,695.4226458191816
32,60.400000000000006,661.2593847745212
32,60.5,707.785343607545
32,60.6,804.7762966734573
32,60.7,821.4063488159575
32,60.800000000000004,830.1479229927385
32,60.900000000000006,810.8137222480793
32,61.0,737.0623159597795
32,61.1,667.8744658741421
32,61.2,581.5932565923371
32,61.300000000000004,622.896341042351
32,61.400000000000006,481.62378358174493
32,61.5,579.7107949188274
32,61.6,713.5161720385245
32,61.7,764.2686165999714
32,61.800000000000004,781.3638257967846
32,61.900000000000006,767.9749022059709
32,62.0,715.3580053554667
32,62.1,709.5752646976149
32,62.2,657.3850023439869
32,62.300000000000004,688.8079935319602
32,62.400000000000006,602.2051912766404
32,62.5,658.4550915156823
32,62.6,703.1517104228145
32,62.7,613.1381275065711
32,62.800000000000004,723.9310494354293
32,62.900000000000006,763.463349799982
32,63.0,609.0875428293717
32,63.1,604.2092758107798
32,63.2,674.9928300938312
32,63.300000000000004,616.9519593799066
32,63.400000000000006,707.798455073522
32,63.5,766.0948071144903
32,63.6,642.835648877528
32,63.7,562.124297442874
32,63.800000000000004,663.8218586051262
32,63.900000000000006,741.3097577347886
32,64.0,755.9547490620913
32,64.10000000000001,712.2872777278953
32,64.2,688.8990191126975
32,64.3,711.7784435604995
32,64.4,735.0715858457227
32,64.5,791.2508886973541
32,64.60000000000001,734.581310354575
32,64.7,702.6131663154868
32,64.8,685.9236826739043
32,64.9,677.3795986840767
32,65.0,804.307470268313
32,65.10000000000001,869.5438179773097
32,65.2,829.0846555544699
32,65.3,829.6617220486818
32,65.4,821.850556974289
32,65.5,776.3499536856398
32,65.60000000000001,734.1305692856274
32,65.7,699.1472794557088
32,65.8,740.8108926870484
32,65.9,678.1612349659603
32,66.0,648.7749127369389
32,66.10000000000001,751.4544648095213
32,66.2,730.0958595321217
32,66.3,758.5898822118468
32,66.4,809.5562017760071
32,66.5,786.0695733550548
32,66.60000000000001,735.9068175608215
32,66.7,745.917756165378
32,66.8,804.4875571644983
32,66.9,811.6285074418031
32,67.0,722.6676445310733
32,67.10000000000001,703.4016670541504
32,67.2,805.3462295476812
32,67.3,795.0739595031896
32,67.4,679.517841351611
32,67.5,628.1386680395818
32,67.60000000000001,609.4411645804006
32,67.7,589.2876705309523
32,67.8,605.5361916135661
32,67.9,600.6514905182366
32,68.0,711.3011245956312
32,68.10000000000001,761.1212072363929
32,68.2,680.1601646376128
32,68.3,540.4369404339311
32,68.4,544.6098693257134
32,68.5,645.7717301277953
32,68.60000000000001,660.6120988177908
32,68.7,701.5676079782166
32,68.8,694.5887481276636
32,68.9,658.1014416652894
32,69.0,598.7540751772611
32,69.10000000000001,689.1598720692505
32,69.2,649.4540102607288
32,69.3,674.6829490963311
32,69.4,809.7877702524875
32,69.5,769.720260513568
32,69.60000000000001,767.3841952629102
32,69.7,788.6235971738267
32,69.8,810.9728887170096
32,69.9,735.1814086053296
32,70.0,726.0517105710692
32,70.10000000000001,778.3323986311839
32,70.2,725.2177542376779
32,70.3,668.3655892919331
32,70.4,707.4468563808063
32,70.5,777.5501281690912
32,70.60000000000001,733.7030381972997
32,70.7,735.0616385009732
32,70.8,649.3935059932154
32,70.9,591.9907446869179
32,71.0,658.6713201604375
32,71.10000000000001,660.641847126439
32,71.2,707.5921649806179
32,71.3,633.0846146497686
32,71.4,660.6451984322399
32,71.5,637.3492693047803
32,71.60000000000001,839.0818587885494
32,71.7,742.5616637493376
32,71.8,634.5136035381425
32,71.9,689.1752265139215
32,72.0,726.7651413917389
32,72.10000000000001,672.0897066784336
32,72.2,703.5082076587139
32,72.3,682.4910384877692
32,72.4,764.0291520089506
32,72.5,638.0554034777518
32,72.60000000000001,496.5194402119812
32,72.7,505.56622820952936
32,72.8,697.334932528836
32,72.9,658.4137262289047
32,73.0,708.745331665821
32,73.10000000000001,658.0115262756884
32,73.2,691.9518261626337
32,73.3,641.1413930234894
32,73.4,702.3519714135696
32,73.5,414.04236193985497
32,73.60000000000001,548.8062382567118
32,73.7,660.7138814108323
32,73.8,602.6700238137603
32,73.9,590.7003610994212
32,74.0,686.5481356553883
32,74.10000000000001,582.9575977753901
32,74.2,882.6134290959242
32,74.3,841.5751210611978
32,74.4,754.170044663804
32,74.5,774.1527216165199
32,74.60000000000001,793.7420039091088
32,74.7,765.095011199896
32,74.8,804.8110291157985
32,74.9,745.4587857448184
32,75.0,675.5681231097602
32,75.10000000000001,596.1327863034563
32,75.2,609.003355478439
32,75.3,656.625506850705
32,75.4,789.5057865092876
32,75.5,751.7097758618225
32,75.60000000000001,561.6081966117384
32,75.7,630.6506633332745
32,75.8,729.8075208674683
32,75.9,691.9674528141996
32,76.0,703.3858124772268
32,76.10000000000001,741.0960384524653
32,76.2,733.0798546655826
32,76.3,722.0761472758086
32,76.4,575.3234854828493
32,76.5,683.065849520715
32,76.60000000000001,817.0825246729739
32,76.7,743.0095690766602
32,76.80000000000001,696.3787577866567
32,76.9,756.945769351389
32,77.0,760.7561645725631
32,77.10000000000001,734.6764477785739
32,77.2,653.2100710999168
32,77.30000000000001,713.2451402110937
32,77.4,455.5304806679306
32,77.5,782.9734097445022
32,77.60000000000001,625.7919729743252
32,77.7,701.426211820481
32,77.80000000000001,628.7178639382147
32,77.9,767.705361811877
32,78.0,589.8152040151206
32,78.10000000000001,755.5868065956115
32,78.2,590.4384964898325
32,78.30000000000001,765.8490526715196
32,78.4,579.3248689559917
32,78.5,585.76392244441
32,78.60000000000001,549.0648619585158
32,78.7,805.9890684835159
32,78.80000000000001,720.9283595164496
32,78.9,572.13348639277
32,79.0,642.4569482408153
32,79.10000000000001,595.1736248368447
32,79.2,497.2015761174773
32,79.30000000000001,565.5939995000595
32,79.4,721.9451602680604
32,79.5,797.135000443064
32,79.60000000000001,731.2073249053176
32,79.7,719.6084098934348
32,79.80000000000001,576.2521817567248
32,79.9,604.9702985422603
32,80.0,657.5214535476713
32,80.10000000000001,787.6630022068906
32,80.2,725.2499050398538
32,80.30000000000001,689.3428504854215
32,80.4,663.1434061392255
32,80.5,700.5927263359242
32,80.60000000000001,492.2043904492132
32,80.7,761.4025854409689
32,80.80000000000001,566.475062530322
32,80.9,687.8762029930039
32,81.0,700.8360119267957
32,81.10000000000001,755.5894534651475
32,81.2,673.8176776120216
32,81.30000000000001,579.370894697103
32,81.4,725.6092823560509
32,81.5,711.747769160947
32,81.60000000000001,722.5642482112942
32,81.7,722.841851516554
32,81.80000000000001,844.7471440229422
32,81.9,815.3921780489482
32,82.0,693.2169162638331
32,82.10000000000001,537.8326235859952
32,82.2,784.5097605398419
32,82.30000000000001,754.3463234147808
32,82.4,733.5295449393211
32,82.5,756.9555587542372
32,82.60000000000001,735.4056256910791
32,82.7,772.9922122589954
32,82.80000000000001,762.7899812456787
32,82.9,758.6622503439705
32,83.0,513.8386455652787
32,83.10000000000001,637.6470110028133
32,83.2,781.4450071887419
32,83.30000000000001,764.2421879270289
32,83.4,708.0956888270067
32,83.5,720.4421412910041
32,83.60000000000001,695.9881928877965
32,83.7,785.4843653361163
32,83.80000000000001,599.379708393153
32,83.9,745.540113757824
32,84.0,499.5762017246345
32,84.10000000000001,722.3284908345187
32,84.2,749.3359716603701
32,84.30000000000001,740.5449352639835
32,84.4,684.8189627983389
32,84.5,830.5562722981774
32,84.60000000000001,768.4818656032259
32,84.7,581.1167998113636
32,84.80000000000001,791.4251553646632
32,84.9,818.2779816563684
32,85.0,613.22781664947
32,85.10000000000001,855.7564228506706
32,85.2,498.43715986707224
32,85.30000000000001,846.6252974746802
32,85.4,682.1319984697985
32,85.5,831.5720682639951
32,85.60000000000001,535.5055679144143
32,85.7,815.2501748376095
32,85.80000000000001,660.3519621964747
32,85.9,754.9215724049814
32,86.0,651.866953596654
32,86.10000000000001,727.6899962133708
32,86.2,783.5166819324314
32,86.30000000000001,654.2634676528861
32,86.4,795.0190228222322
32,86.5,828.6566819162875
32,86.60000000000001,703.9291095186261
32,86.7,684.7299770863806
32,86.80000000000001,673.9484579090797
32,86.9,827.0333649610573
32,87.0,804.4592138269488
32,87.10000000000001,766.2936491820424
32,87.2,778.4507746853537
32,87.30000000000001,678.74185141847
32,87.4,727.4937914209912
32,87.5,687.8855313354615
32,87.60000000000001,695.5054263575915
32,87.7,705.1623670226109
32,87.80000000000001,789.3896801530253
32,87.9,449.4292242651145
32,88.0,591.5755730016556
32,88.10000000000001,428.7615725737489
32,88.2,810.3175307431161
32,88.30000000000001,681.348619568881
32,88.4,670.9788154378202
32,88.5,789.9159785089945
32,88.60000000000001,657.9322527218893
32,88.7,659.500331539021
32,88.80000000000001,588.2237406873126
32,88.9,591.8868126795353
32,89.0,656.1317194013565
32,89.10000000000001,674.4107097136307
32,89.2,750.1214815337177
32,89.30000000000001,794.366010690519
32,89.4,689.0070402410852
32,89.5,717.4816566240238
32,89.60000000000001,713.4370380177925
32,89.7,484.5732602030899
32,89.80000000000001,569.4933751004318
32,89.9,484.0812352419155
32,90.0,712.3981020408163
32,90.10000000000001,494.8456857556427
32,90.2,690.3709032713613
32,90.30000000000001,655.4343538347109
32,90.4,440.69223351825417
32,90.5,721.3828104790717
32,90.60000000000001,700.354849961728
32,90.7,743.0399298987313
32,90.80000000000001,741.1874798278953
32,90.9,703.9221371718149
32,91.0,691.3367047230215
32,91.10000000000001,671.388743832124
32,91.2,684.7673709689949
32,91.30000000000001,696.6356530399736
32,91.4,649.8742793425845
32,91.5,766.5196616050563
32,91.60000000000001,801.7970012445695
32,91.7,666.9704026511605
32,91.80000000000001,767.0082688598496
32,91.9,713.5666152033778
32,92.0,743.6581357485253
32,92.10000000000001,529.8830442060702
32,92.2,661.3417903964914
32,92.30000000000001,620.5445728646137
32,92.4,617.1892426513742
32,92.5,656.003366959569
32,92.60000000000001,762.7053895320265
32,92.7,748.542198740291
32,92.80000000000001,736.6182443457704
32,92.9,614.6114374202749
32,93.0,670.5006654914899
32,93.10000000000001,747.19065544719
32,93.2,663.2718628165537
32,93.30000000000001,560.9830992167215
32,93.4,515.5281023941892
32,93.5,655.2649843725441
32,93.60000000000001,537.6453076318294
32,93.7,687.6656836444993
32,93.80000000000001,664.7936553850077
32,93.9,759.5803937333005
32,94.0,689.1708374502333
32,94.10000000000001,651.3241404718848
32,94.2,581.4036928091963
32,94.30000000000001,587.8629196877406
32,94.4,694.0958632107032
32,94.5,650.6166787820815
32,94.60000000000001,707.4232681358235
32,94.7,699.2547447558733
32,94.80000000000001,645.9666262110422
32,94.9,689.8151777875228
32,95.0,705.2645600771664
32,95.10000000000001,731.6636392557813
32,95.2,662.868193362366
32,95.30000000000001,647.2071880299085
32,95.4,624.171044148129
32,95.5,597.2182827156554
32,95.60000000000001,679.6047966286862
32,95.7,687.5520444955298
32,95.80000000000001,685.2536821169642
32,95.9,652.1124760842036
32,96.0,566.2504406989596
32,96.10000000000001,621.1736401637982
32,96.2,509.6968391184319
32,96.30000000000001,642.2036637016923
32,96.4,690.1294951305013
32,96.5,646.6284760370903
32,96.60000000000001,728.4765949768586
32,96.7,563.7379178680075
32,96.80000000000001,576.5868399160328
32,96.9,744.6930349323669
32,97.0,684.1661798248747
32,97.10000000000001,576.7722514164369
32,97.2,643.3167130113741
32,97.30000000000001,623.2281276718353
32,97.4,724.8404456237568
32,97.5,651.8507140114752
32,97.60000000000001,680.5457418343149
32,97.7,730.2401133035785
32,97.80000000000001,604.2812193321777
32,97.9,690.120700405353
32,98.0,644.9078736234025
32,98.10000000000001,626.641430113659
32,98.2,761.6613060910175
32,98.30000000000001,736.0476610807348
32,98.4,704.723670888067
32,98.5,654.9824492767433
32,98.60000000000001,694.5821509109619
32,98.7,628.2903649154979
32,98.80000000000001,673.2701804054042
32,98.9,720.884502554708
32,99.0,714.0537880247567
32,99.10000000000001,664.7843711134823
32,99.2,726.3919857189856
32,99.30000000000001,755.9787691396668
32,99.4,597.6735101760843
32,99.5,660.0732827216276
32,99.60000000000001,518.6347946768539
32,99.7,554.8149505366215
32,99.80000000000001,657.4229990271319
32,99.9,541.1581957094317
32,100.0,620.1660558418054
32,100.10000000000001,560.216449824464
32,100.2,678.3425226782655
32,100.30000000000001,751.6212716467066
32,100.4,621.9292483417704
32,100.5,525.3313563003084
32,100.60000000000001,591.8090225074703
32,100.7,640.2260085319156
32,100.80000000000001,692.876602203235
32,100.9,731.6315582277354
32,101.0,722.6074801787615
32,101.10000000000001,629.5488466921759
32,101.2,536.9899149567008
32,101.30000000000001,541.070660462029
32,101.4,670.6532157746901
32,101.5,691.842872740006
32,101.60000000000001,736.4231801992935
32,101.7,688.3338764839752
32,101.80000000000001,629.8628134268483
32,101.9,598.8128383361268
32,102.0,722.7506125097674
32,102.10000000000001,696.4574770779251
32,102.2,631.4059203186295
32,102.30000000000001,573.3256153203826
32,102.4,588.0911288182527
32,102.5,725.0834467940534
32,102.60000000000001,725.5196476928683
32,102.7,557.8301763420604
32,102.80000000000001,538.7756606229422
32,102.9,704.4746026989977
32,103.0,642.2412602398042
32,103.10000000000001,650.7658897885831
32,103.2,649.1485384926478
32,103.30000000000001,613.1153418265997
32,103.4,748.020354769546
32,103.5,811.1397476823871
32,103.60000000000001,758.4733867096013
32,103.7,733.9910124029915
32,103.80000000000001,720.3945721381994
32,103.9,718.7422311949919
32,104.0,762.1547155917193
32,104.10000000000001,784.883927324317
32,104.2,729.1472717164602
32,104.30000000000001,655.2118015122717
32,104.4,540.0267592288851
32,104.5,538.5972842430754
32,104.60000000000001,743.4810792836828
32,104.7,681.8267291943973
32,104.80000000000001,567.1862222704058
32,104.9,655.8715553835863
32,105.0,680.8350184899735
32,105.10000000000001,662.34257822495
32,105.2,625.0408365851828
32,105.30000000000001,669.69441854814
32,105.4,696.7106897065975
32,105.5,643.0689160701149
32,105.60000000000001,645.9065295296922
32,105.7,604.3666680246859
32,105.80000000000001,636.8890450070345
32,105.9,680.9368161918021
32,106.0,709.3472022172938
32,106.10000000000001,688.8761198148604
32,106.2,683.8571083986665
32,106.30000000000001,728.1505106380998
32,106.4,672.5482823301841
32,106.5,705.4822319044273
32,106.60000000000001,691.3517376409458
32,106.7,635.0903785702596
32,106.80000000000001,684.8716695702158
32,106.9,658.1736708903444
32,107.0,674.5438570958951
32,107.10000000000001,663.4515681352215
32,107.2,682.0494159552909
32,107.30000000000001,671.5314357934681
32,107.4,702.6551166633993
32,107.5,691.6086803317936
32,107.60000000000001,728.0713632089471
32,107.7,709.5708007410209
32,107.80000000000001,601.3952121850876
32,107.9,693.2415253099848
32,108.0,663.5268167367595
32,108.10000000000001,557.4077535196786
32,108.2,701.9852646688304
32,108.30000000000001,655.211046075046
32,108.4,606.3770220115923
32,108.5,641.5424417056611
32,108.60000000000001,726.7128312789345
32,108.7,608.538392141144
32,108.80000000000001,602.7468455169505
32,108.9,554.0022231963806
32,109.0,699.8023787443364
32,109.10000000000001,679.592339959926
32,109.2,737.1121170038417
32,109.30000000000001,683.4231824460154
32,109.4,837.2079985603075
32,109.5,834.8684372668677
32,109.60000000000001,832.0102852337773
32,109.7,810.9262876571339
32,109.80000000000001,803.6316369746155
32,109.9,786.0243477045506
64,0.0,1127.482
64,0.1,896.4388860255715
64,0.2,877.2944825994169
64,0.30000000000000004,896.0121181197329
64,0.4,851.0480528330373
64,0.5,894.5340218851458
64,0.6000000000000001,887.7031391043581
64,0.7000000000000001,886.7860938473409
64,0.8,887.5065360096171
64,0.9,893.3731063136418
64,1.0,894.2993678016453
64,1.1,828.1982865719687
64,1.2000000000000002,855.0888458310611
64,1.3,896.0295665336804
64,1.4000000000000001,886.5568473654877
64,1.5,878.348172745451
64,1.6,888.7126339269211
64,1.7000000000000002,898.28704382714
64,1.8,891.2471638557774
64,1.9000000000000001,886.4447891762239
64,2.0,878.1632530467401
64,2.1,900.6687934874725
64,2.2,823.4068982310979
64,2.3000000000000003,865.2182563355058
64,2.4000000000000004,880.9158182702521
64,2.5,852.3406163303707
64,2.6,843.1736990409628
64,2.7,838.135041797436
64,2.8000000000000003,885.7234561628211
64,2.9000000000000004,925.5980697401262
64,3.0,864.7567295509705
64,3.1,873.1331024720727
64,3.2,886.2293471014906
64,3.3000000000000003,912.6337132474907
64,3.4000000000000004,915.639704122535
64,3.5,904.9615931288425
64,3.6,913.4123639138472
64,3.7,906.9821117584564
64,3.8000000000000003,886.2585349273136
64,3.9000000000000004,901.9780998393077
64,4.0,890.514980586317
64,4.1000000000000005,900.3285748740632
64,4.2,891.1345768265219
64,4.3,852.8595936566871
64,4.4,886.9273561761415
64,4.5,900.7769856381966
64,4.6000000000000005,883.9320906937039
64,4.7,878.0416362107426
64,4.800000000000001,863.5204850769778
64,4.9,892.7719745699247
64,5.0,864.8611643693758
64,5.1000000000000005,885.4326815314997
64,5.2,904.8638540570284
64,5.300000000000001,905.5877761695083
64,5.4,892.5178563506695
64,5.5,894.4741202021911
64,5.6000000000000005,863.2748040004761
64,5.7,871.978176250798
64,5.800000000000001,894.6781142048635
64,5.9,902.9170081473701
64,6.0,874.3451072557534
64,6.1000000000000005,869.7377799973007
64,6.2,854.8200879496594
64,6.300000000000001,902.1042387298887
64,6.4,894.801252017341
64,6.5,890.9151293801502
64,6.6000000000000005,890.531136024713
64,6.7,744.5598988081935
64,6.800000000000001,790.9169476252298
64,6.9,865.7091316694925
64,7.0,853.4169986707101
64,7.1000000000000005,860.2408052830189
64,7.2,844.803760742837
64,7.300000000000001,826.6434344335521
64,7.4,820.5493019101365
64,7.5,836.8224968643949
64,7.6000000000000005,839.8084815047738
64,7.7,868.0959911485073
64,7.800000000000001,766.9238867046154
64,7.9,808.4912579337297
64,8.0,720.9370385134894
64,8.1,738.0106187346456
64,8.200000000000001,810.0563700745851
64,8.3,756.047071699687
64,8.4,584.3268509744665
64,8.5,607.634163195098
64,8.6,739.475088645052
64,8.700000000000001,791.0560212842514
64,8.8,857.3659343858714
64,8.9,745.2132742649139
64,9.0,735.8132295774245
64,9.1,815.5111674755294
64,9.200000000000001,820.1572728092237
64,9.3,826.9722117425375
64,9.4,797.9113052401389
64,9.5,828.7348696370974
64,9.600000000000001,893.1424976296864
64,9.700000000000001,778.621771360644
64,9.8,715.4202165482023
64,9.9,741.6685130008052
64,10.0,681.861801936798
64,10.100000000000001,635.1808201469291
64,10.200000000000001,676.6760985374954
64,10.3,789.3815753296485
64,10.4,839.4255534501217
64,10.5,804.7517161457838
64,10.600000000000001,721.4387709628899
64,10.700000000000001,721.9698808683
64,10.8,797.2118267951147
64,10.9,731.0857321774233
64,11.0,760.1955069139243
64,11.100000000000001,820.5220024488966
64,11.200000000000001,715.7520138765252
64,11.3,695.4880348605167
64,11.4,851.3329636146198
64,11.5,816.0381482524941
64,11.600000000000001,807.5999068930703
64,11.700000000000001,836.6621932646196
64,11.8,845.7293369614886
64,11.9,808.4245314387932
64,12.0,651.7419840055633
64,12.100000000000001,598.6150755153814
64,12.200000000000001,676.4371356417687
64,12.3,770.3471723576231
64,12.4,826.25358102419
64,12.5,805.2392747330642
64,12.600000000000001,803.7587228093106
64,12.700000000000001,881.3349450775441
64,12.8,834.2805746617242
64,12.9,766.3882887891517
64,13.0,682.8322982924226
64,13.100000000000001,754.6779647045114
64,13.200000000000001,871.0868401386263
64,13.3,830.5811911615885
64,13.4,812.850352787267
64,13.5,806.4091300761876
64,13.600000000000001,764.9215024593924
64,13.700000000000001,760.6495435678979
64,13.8,708.9636332103343
64,13.9,839.4486805651943
64,14.0,789.1881921873288
64,14.100000000000001,795.9421660365489
64,14.200000000000001,833.4551063349767
64,14.3,883.924394913484
64,14.4,840.3130272405951
64,14.5,814.890908541584
64,14.600000000000001,790.7660313561099
64,14.700000000000001,745.0162430349347
64,14.8,765.3601260253236
64,14.9,858.1850789562686
64,15.0,705.76730502669
64,15.100000000000001,656.7478331411149
64,15.200000000000001,752.8056601737145
64,15.3,688.0215929472743
64,15.4,727.8805141176675
64,15.5,865.9132233475696
64,15.600000000000001,877.2761017456579
64,15.700000000000001,871.5364533497865
64,15.8,835.1584289087515
64,15.9,818.0090277048415
64,16.0,819.0675997351133
64,16.1,852.9110861259184
64,16.2,819.4334991571556
64,16.3,861.2568593965601
64,16.400000000000002,815.2969486140811
64,16.5,734.5658317027678
64,16.6,733.2622180090171
64,16.7,870.8712798012618
64,16.8,835.7310017619508
64,16.900000000000002,781.8302152141936
64,17.0,763.3537428001398
64,17.1,798.1946658168059
64,17.2,774.8704126842199
64,17.3,777.8905785125917
64,17.400000000000002,612.4740859139251
64,17.5,634.0536990339525
64,17.6,723.0285781065766
64,17.7,719.6594673293282
64,17.8,667.1643285699681
64,17.900000000000002,812.0037424495093
64,18.0,786.7537111825212
64,18.1,696.6576235532864
64,18.2,814.697622510206
64,18.3,720.0220976880394
64,18.400000000000002,733.504481730005
64,18.5,819.9664306118657
64,18.6,752.9180504991629
64,18.7,873.0358461824333
64,18.8,875.5830729801776
64,18.900000000000002,882.6327565266902
64,19.0,860.2836142305144
64,19.1,811.437846301331
64,19.200000000000003,836.2427285882732
64,19.3,772.1375871284505
64,19.400000000000002,788.8728248771477
64,19.5,847.9511138556312
64,19.6,754.9408434718417
64,19.700000000000003,831.9642225241746
64,19.8,819.6582550775671
64,19.900000000000002,765.0193142206055
64,20.0,853.0523453341782
64,20.1,778.3009613884133
64,20.200000000000003,680.5963266073704
64,20.3,765.4394418085797
64,20.400000000000002,762.1965152197787
64,20.5,823.0892770951473
64,20.6,869.7602866727631
64,20.700000000000003,751.3677968195441
64,20.8,755.6742044004326
64,20.900000000000002,845.8173673263067
64,21.0,830.1370019336003
64,21.1,743.8366718937978
64,21.200000000000003,717.9793994792487
64,21.3,770.2605316575854
64,21.400000000000002,595.3263454890256
64,21.5,678.0835139942079
64,21.6,680.5996157538925
64,21.700000000000003,671.1906361326522
64,21.8,548.0767167180383
64,21.900000000000002,591.8093832591002
64,22.0,609.6330374993746
64,22.1,785.1488257878403
64,22.200000000000003,794.7855594957327
64,22.3,719.940502118547
64,22.400000000000002,656.7704612497911
64,22.5,765.2604512436486
64,22.6,690.0847971269507
64,22.700000000000003,815.1349887378243
64,22.8,710.7451724986847
64,22.900000000000002,775.7390625322208
64,23.0,766.0642740784497
64,23.1,826.365164963575
64,23.200000000000003,744.957711576676
64,23.3,683.2161794269258
64,23.400000000000002,566.3755420885523
64,23.5,650.766384818007
64,23.6,864.9957247170464
64,23.700000000000003,902.2736094785312
64,23.8,896.3843106948722
64,23.900000000000002,838.903275601302
64,24.0,801.0455087557494
64,24.1,775.5456428918036
64,24.200000000000003,846.443206148746
64,24.3,833.6954508244075
64,24.400000000000002,684.82282970935
64,24.5,582.7203908478299
64,24.6,599.9750186233784
64,24.700000000000003,762.1819175944581
64,24.8,778.7551783858437
64,24.900000000000002,701.2698807794615
64,25.0,737.943454959744
64,25.1,669.2314582869218
64,25.200000000000003,717.0391089515372
64,25.3,729.8359353366017
64,25.400000000000002,719.0990786601949
64,25.5,654.0811671762149
64,25.6,781.6177840709433
64,25.700000000000003,607.7633573462698
64,25.8,841.0929250433071
64,25.900000000000002,791.7066088625521
64,26.0,824.5235933300042
64,26.1,763.968808443312
64,26.200000000000003,789.5981026363013
64,26.3,433.55967817214895
64,26.400000000000002,730.0997574425236
64,26.5,809.3391895709759
64,26.6,825.6967460689717
64,26.700000000000003,767.9244575895162
64,26.8,877.0313815107704
64,26.900000000000002,753.9108810269355
64,27.0,754.8295830996786
64,27.1,744.9418953322829
64,27.200000000000003,634.1104203985666
64,27.3,859.1624795072922
64,27.400000000000002,814.526254947546
64,27.5,838.592513661853
64,27.6,795.4239205653313
64,27.700000000000003,741.5601843402127
64,27.8,571.9228079690522
64,27.900000000000002,833.489306693536
64,28.0,821.975956090449
64,28.1,623.891392940494
64,28.200000000000003,717.726848824764
64,28.3,805.5643351780426
64,28.400000000000002,805.0836275633877
64,28.5,858.394692129569
64,28.6,828.8190376573746
64,28.700000000000003,790.7589551333418
64,28.8,689.6108465928343
64,28.900000000000002,759.0345024753262
64,29.0,902.1108473489008
64,29.1,758.9514505652735
64,29.200000000000003,862.5463389920991
64,29.3,733.8806659110838
64,29.400000000000002,816.8385759340142
64,29.5,624.5704555475334
64,29.6,765.919758770768
64,29.700000000000003,638.7724353764615
64,29.8,775.6896536219788
64,29.900000000000002,608.6938671186463
64,30.0,848.5956233985887
64,30.1,760.8342824568452
64,30.200000000000003,679.252259612272
64,30.3,757.4287209865588
64,30.400000000000002,528.1836306326206
64,30.5,852.2969345462254
64,30.6,845.0723839249928
64,30.700000000000003,752.5104325273813
64,30.8,708.9745685854791
64,30.900000000000002,631.9662176799028
64,31.0,522.3196446987108
64,31.1,774.1088005611779
64,31.200000000000003,741.8395265733066
64,31.3,794.9730215764782
64,31.400000000000002,725.8274541422688
64,31.5,823.4375214476256
64,31.6,590.77350086705
64,31.700000000000003,825.5731796133159
64,31.8,686.5046710802002
64,31.900000000000002,852.0937013197582
64,32.0,623.4053246452609
64,32.1,788.4050270731807
64,32.2,793.8692789786986
64,32.300000000000004,817.5819378573316
64,32.4,814.5164053264973
64,32.5,841.5993494493662
64,32.6,671.5013324139478
64,32.7,704.5073799770852
64,32.800000000000004,717.8502095159323
64,32.9,798.9551663095209
64,33.0,767.2823306651992
64,33.1,666.3540880923601
64,33.2,597.5098564470236
64,33.300000000000004,908.5866478605212
64,33.4,540.9564123974811
64,33.5,644.7348967397388
64,33.6,782.2770983109084
64,33.7,592.26577986074
64,33.800000000000004,786.0928710551664
64,33.9,751.7730922652426
64,34.0,662.6644584022879
64,34.1,572.197070088775
64,34.2,733.504483672881
64,34.300000000000004,795.4048400445961
64,34.4,691.9769347176624
64,34.5,831.5841521291169
64,34.6,757.0973526601617
64,34.7,850.1380441805422
64,34.800000000000004,668.0854705836027
64,34.9,727.8369950392307
64,35.0,793.6849970389393
64,35.1,815.0453071475706
64,35.2,697.8578175888375
64,35.300000000000004,823.3800772061035
64,35.4,842.4544740873075
64,35.5,828.9454928681344
64,35.6,532.1885581585528
64,35.7,695.5563329797382
64,35.800000000000004,670.1492927741473
64,35.9,777.6435955404878
64,36.0,607.7631063898715
64,36.1,519.7342710353181
64,36.2,606.7862824491378
64,36.300000000000004,783.8511536735076
64,36.4,741.657733887198
64,36.5,806.0871101998147
64,36.6,843.0785970550676
64,36.7,740.1926399144257
64,36.800000000000004,723.590735026522
64,36.9,744.6568816264296
64,37.0,873.4138644236564
64,37.1,835.2427039725375
64,37.2,624.5728197040493
64,37.300000000000004,777.3620788503611
64,37.4,746.0459995625902
64,37.5,560.903812169621
64,37.6,691.973857187512
64,37.7,816.6436977605983
64,37.800000000000004,601.2511363862138
64,37.9,813.6113862151219
64,38.0,696.0701318866923
64,38.1,772.9032307315205
64,38.2,813.1210096046432
64,38.300000000000004,696.3347039978603
64,38.400000000000006,819.3225039673542
64,38.5,636.9921618084092
64,38.6,660.2627316776465
64,38.7,559.5544453366844
64,38.800000000000004,700.6023570089432
64,38.900000000000006,598.5934605639467
64,39.0,686.0210850153894
64,39.1,835.7206308832343
64,39.2,797.7132793767754
64,39.300000000000004,808.0010731915185
64,39.400000000000006,780.8295814677775
64,39.5,703.735765663823
64,39.6,712.4304824154684
64,39.7,634.518362621388
64,39.800000000000004,828.2611935745184
64,39.900000000000006,579.4150292192846
64,40.0,694.1691681513179
64,40.1,855.5416645362307
64,40.2,786.9228208492308
64,40.300000000000004,793.4520799258639
64,40.400000000000006,664.7071745652898
64,40.5,736.0188960359333
64,40.6,791.7823555700076
64,40.7,780.6639377223507
64,40.800000000000004,839.0793230674718
64,40.900000000000006,724.2907143370035
64,41.0,795.9731039657631
64,41.1,855.7120101131738
64,41.2,852.4793627246629
64,41.300000000000004,751.075089809322
64,41.400000000000006,894.3608458357852
64,41.5,944.578659813774
64,41.6,791.0108708220076
64,41.7,847.3521347669201
64,41.800000000000004,652.9872368416563
64,41.900000000000006,796.4971986174021
64,42.0,799.6757702818593
64,42.1,814.1844625590794
64,42.2,842.5359457029276
64,42.300000000000004,844.7518801685652
64,42.400000000000006,856.2965576522876
64,42.5,605.8269986728758
64,42.6,763.1567037963622
64,42.7,848.4548692824245
64,42.800000000000004,873.3252577301766
64,42.900000000000006,742.3359873704951
64,43.0,790.0165258799959
64,43.1,625.0734304356497
64,43.2,821.7641735956578
64,43.300000000000004,756.8995942443248
64,43.400000000000006,807.26432932253
64,43.5,818.7996736317555
64,43.6,794.0976157935224
64,43.7,697.4521431666881
64,43.800000000000004,707.3046469162864
64,43.900000000000006,642.750914184247
64,44.0,726.3424730492991
64,44.1,630.3320304489592
64,44.2,748.1572905332574
64,44.300000000000004,714.5342162277851
64,44.400000000000006,680.9177627009943
64,44.5,737.7832382986021
64,44.6,735.5960347276713
64,44.7,669.3186815378766
64,44.800000000000004,746.8780778839197
64,44.900000000000006,720.7769915785325
64,45.0,717.6004738561235
64,45.1,642.4342886201116
64,45.2,800.5912788081272
64,45.300000000000004,589.7435252002666
64,45.400000000000006,712.904763592384
64,45.5,700.2209889609632
64,45.6,735.8537698555485
64,45.7,675.2289994505364
64,45.800000000000004,800.3203807803903
64,45.900000000000006,683.2059620958773
64,46.0,595.1919013210321
64,46.1,652.9865435498946
64,46.2,731.3316392797209
64,46.300000000000004,764.273656206912
64,46.400000000000006,780.191065225481
64,46.5,814.6570871644863
64,46.6,651.0684119181858
64,46.7,709.7070473468659
64,46.800000000000004,732.2085501535163
64,46.900000000000006,778.5436686475074
64,47.0,738.588808381753
64,47.1,684.5605586267991
64,47.2,622.7424138682198
64,47.300000000000004,671.2539932587257
64,47.400000000000006,793.6642216368404
64,47.5,809.7709174525722
64,47.6,763.2581749957111
64,47.7,786.2579639776596
64,47.800000000000004,668.3286059489776
64,47.900000000000006,663.4584941712142
64,48.0,706.0816871769903
64,48.1,773.9253833939067
64,48.2,627.5315212142751
64,48.300000000000004,665.067638864149
64,48.400000000000006,805.3216674105512
64,48.5,850.6896480388349
64,48.6,739.346895045785
64,48.7,692.8611897191328
64,48.800000000000004,755.9176652861155
64,48.900000000000006,832.0020238250694
64,49.0,832.5886117924529
64,49.1,811.5652387385411
64,49.2,835.1788199256748
64,49.300000000000004,841.0172238800701
64,49.400000000000006,780.2783432431611
64,49.5,740.5416058505226
64,49.6,808.5901360253303
64,49.7,756.3175752619394
64,49.800000000000004,767.3025974013523
64,49.900000000000006,765.3209694324977
64,50.0,816.5526260635105
64,50.1,793.3723614636373
64,50.2,764.6880950044074
64,50.300000000000004,690.9523926531061
64,50.400000000000006,773.3529799077309
64,50.5,830.2199276559656
64,50.6,800.8433406668744
64,50.7,815.2100112074295
64,50.800000000000004,838.7170867809828
64,50.900000000000006,774.28824997653
64,51.0,830.2648059973129
64,51.1,888.2904378224122
64,51.2,882.0679829128849
64,51.300000000000004,772.4441678688169
64,51.400000000000006,699.746002384217
64,51.5,741.3230679082931
64,51.6,764.3424830741745
64,51.7,771.1107126230063
64,51.800000000000004,783.4247066681916
64,51.900000000000006,661.0935063219614
64,52.0,649.7631718097622
64,52.1,678.8956268812359
64,52.2,613.2236941200547
64,52.300000000000004,695.5263465115422
64,52.400000000000006,851.8977591832044
64,52.5,703.7502073022274
64,52.6,682.4460065461798
64,52.7,671.276611846181
64,52.800000000000004,604.260813118206
64,52.900000000000006,706.8396743755579
64,53.0,586.2615176853087
64,53.1,598.1812561746284
64,53.2,683.2542434435087
64,53.300000000000004,752.2241741144753
64,53.400000000000006,852.6367092110194
64,53.5,667.252987985896
64,53.6,666.7243778557071
64,53.7,654.9747025666338
64,53.800000000000004,648.0552788103195
64,53.900000000000006,706.276224332775
64,54.0,662.382242734033
64,54.1,629.0316157715841
64,54.2,664.9334610494137
64,54.300000000000004,599.6563590131937
64,54.400000000000006,676.1737178528579
64,54.5,748.4792879667693
64,54.6,766.0730496720922
64,54.7,780.8992164951093
64,54.800000000000004,771.1145253335909
64,54.900000000000006,792.4172252482335
64,55.0,754.0584162110915
64,55.1,686.551567744194
64,55.2,692.6799585614007
64,55.300000000000004,767.4886003849678
64,55.400000000000006,718.0673497983428
64,55.5,630.2655753682119
64,55.6,672.6509900240072
64,55.7,734.6976712901492
64,55.800000000000004,762.2929296875517
64,55.900000000000006,727.8070975884037
64,56.0,737.3466828228882
64,56.1,761.0255984413104
64,56.2,715.6855993635451
64,56.300000000000004,709.7619506390316
64,56.400000000000006,734.0883741775797
64,56.5,769.7114560460763
64,56.6,776.1704389358135
64,56.7,724.3845725615973
64,56.800000000000004,595.364536469458
64,56.900000000000006,644.8330768167439
64,57.0,698.7847601387324
64,57.1,689.058544117924
64,57.2,646.5281353492265
64,57.300000000000004,661.9020133108634
64,57.400000000000006,720.9367667772566
64,57.5,634.4885549669127
64,57.6,712.4892948161137
64,57.7,734.0904205943962
64,57.800000000000004,794.1106464009333
64,57.900000000000006,803.4020224287516
64,58.0,832.6541180309595
64,58.1,800.0735231618816
64,58.2,782.4156749155422
64,58.300000000000004,787.334262928005
64,58.400000000000006,811.6246219294846
64,58.5,798.1303508582187
64,58.6,733.9901337798034
64,58.7,720.3145998618327
64,58.800000000000004,661.3941035067502
64,58.900000000000006,707.6159444181702
64,59.0,721.2317772914736
64,59.1,655.1818161669279
64,59.2,737.8293381959089
64,59.300000000000004,808.8984939612309
64,59.400000000000006,693.1178299729353
64,59.5,684.6618170354803
64,59.6,789.6274093541225
64,59.7,771.269718681877
64,59.800000000000004,705.4193445415676
64,59.900000000000006,776.6551889340612
64,60.0,789.7909017875008
64,60.1,734.9087449105147
64,60.2,710.2544272786034
64,60.300000000000004,814.7967565877999
64,60.400000000000006,799.5484589450764
64,60.5,823.6347649114127
64,60.6,766.1858157752694
64,60.7,745.1148463536797
64,60.800000000000004,664.3257378735647
64,60.900000000000006,689.4368918818241
64,61.0,797.2290416814553
64,61.1,792.9197552613032
64,61.2,732.7885900078547
64,61.300000000000004,690.2032484504716
64,61.400000000000006,755.803712687768
64,61.5,776.5741505854778
64,61.6,808.239462735775
64,61.7,744.7573225582452
64,61.800000000000004,684.0211138071085
64,61.900000000000006,573.6876890144957
64,62.0,630.2657363008559
64,62.1,554.7699755316889
64,62.2,633.1298910233613
64,62.300000000000004,762.7937263166397
64,62.400000000000006,719.5934905167164
64,62.5,669.6961068401771
64,62.6,644.4565494103057
64,62.7,752.3437476885942
64,62.800000000000004,832.4288939626329
64,62.900000000000006,757.0668765104655
64,63.0,726.6532694466644
64,63.1,817.0634660060113
64,63.2,744.7855375174671
64,63.300000000000004,586.7939253460008
64,63.400000000000006,618.7077993377574
64,63.5,729.2723746352568
64,63.6,741.1221824299868
64,63.7,866.6425574558142
64,63.800000000000004,904.12727344816
64,63.900000000000006,797.6884918555202
64,64.0,743.5512222219576
64,64.10000000000001,760.9442628008268
128,0.0,603.939
128,0.1,662.9960109965456
128,0.2,764.6911579419176
128,0.30000000000000004,852.3129046947384
128,0.4,907.2928630443314
128,0.5,899.256146302878
128,0.6000000000000001,880.4130016759058
128,0.7000000000000001,900.9036107113003
128,0.8,871.8781991425958
128,0.9,839.0769244913159
128,1.0,900.0522963596198
128,1.1,880.407754282366
128,1.2000000000000002,841.865877662596
128,1.3,884.6876838270094
128,1.4000000000000001,898.5875661958163
128,1.5,909.6404707655673
128,1.6,908.5871666818888
128,1.7000000000000002,849.9419303646036
128,1.8,847.8508286881752
128,1.9000000000000001,873.6554853171665
128,2.0,906.97404602377
128,2.1,883.2412461397837
128,2.2,842.2069237258231
128,2.3000000000000003,857.0380834554131
128,2.4000000000000004,869.1005975659365
128,2.5,898.1467311662561
128,2.6,914.046108382499
128,2.7,908.2292957644761
128,2.8000000000000003,921.1892910478405
128,2.9000000000000004,888.0221628844663
128,3.0,835.7282402398616
128,3.1,891.4848582868575
128,3.2,930.7046699649546
128,3.3000000000000003,882.2882521901253
128,3.4000000000000004,919.5004642650326
128,3.5,927.7015839395194
128,3.6,884.9961906674586
128,3.7,881.9766695276069
128,3.8000000000000003,925.2304014566413
128,3.9000000000000004,920.8709702098477
128,4.0,923.7668612163495
128,4.1000000000000005,926.2089104960312
128,4.2,953.4671300635283
128,4.3,860.3312961296633
128,4.4,874.6021076912458
128,4.5,951.5287804914027
128,4.6000000000000005,866.743980996043
128,4.7,863.775966135754
128,4.800000000000001,885.2897250038044
128,4.9,853.2357666061955
128,5.0,871.1546987411422
128,5.1000000000000005,927.1282927719338
128,5.2,911.6969506644612
128,5.300000000000001,890.1317657478378
128,5.4,902.7518296450385
128,5.5,921.1952093379366
128,5.6000000000000005,936.9346632589621
128,5.7,864.7780612323564
128,5.800000000000001,807.985610727867
128,5.9,931.8055036350039
128,6.0,873.9751950446996
128,6.1000000000000005,786.7362092305278
128,6.2,827.9435901930943
128,6.300000000000001,838.4952135889457
128,6.4,846.4507005745326
128,6.5,939.7315512718733
128,6.6000000000000005,890.1474097821941
128,6.7,837.9014880308658
128,6.800000000000001,823.7994847245315
128,6.9,841.2111722532062
128,7.0,807.5809573032745
128,7.1000000000000005,867.8810853367928
128,7.2,868.1525074545902
128,7.300000000000001,784.2395742170164
128,7.4,856.1876150651201
128,7.5,977.8427562726233
128,7.6000000000000005,948.7940364155979
128,7.7,870.0155010894208
128,7.800000000000001,830.4337040583318
128,7.9,851.7474083308758
128,8.0,924.5851737957602
128,8.1,882.8656688985842
128,8.200000000000001,833.3786311077033
128,8.3,920.9509097589745
128,8.4,949.5351067606708
128,8.5,929.4738266144878
128,8.6,855.9809488887672
128,8.700000000000001,844.8345411524034
128,8.8,853.4286103163113
128,8.9,869.596479260479
128,9.0,866.5328757221998
128,9.1,888.4653839250742
128,9.200000000000001,840.7314246743459
128,9.3,953.2528482011506
128,9.4,912.7405724380196
128,9.5,793.1627248689467
128,9.600000000000001,696.6078913499549
128,9.700000000000001,901.1913068057643
128,9.8,907.470121755941
128,9.9,925.3240069829801
128,10.0,894.9822518125907
128,10.100000000000001,913.5224717852437
128,10.200000000000001,813.5251611955154
128,10.3,831.3997913024883
128,10.4,927.9721757074389
128,10.5,906.0010366326674
128,10.600000000000001,893.9425626360912
128,10.700000000000001,911.790243738548
128,10.8,927.5461020207276
128,10.9,944.5452440776482
128,11.0,856.8469120536658
128,11.100000000000001,861.7359928866546
128,11.200000000000001,897.0999819097356
128,11.3,829.3813976124934
128,11.4,843.0664123624673
128,11.5,878.4314997695338
128,11.600000000000001,940.4321319668148
128,11.700000000000001,928.132388514189
128,11.8,902.4449846522199
128,11.9,888.0114759092571
128,12.0,849.0965158640173
128,12.100000000000001,844.8233431411367
128,12.200000000000001,846.2153697638969
128,12.3,798.7219342911303
128,12.4,892.4007816300912
128,12.5,894.2423473696963
128,12.600000000000001,915.5276232974364
128,12.700000000000001,888.5282442595553
128,12.8,931.7705937419839
128,12.9,910.0264237733039
128,13.0,850.8609099948218
128,13.100000000000001,913.0792962634929
128,13.200000000000001,845.4625804195379
128,13.3,906.2627553356677
128,13.4,931.3948726773953
128,13.5,915.7586041924432
128,13.600000000000001,902.0989191902494
128,13.700000000000001,867.4793529793438
128,13.8,775.9541163802018
128,13.9,823.6438970334725
128,14.0,864.7632470487955
128,14.100000000000001,893.48306270533
128,14.200000000000001,943.1054517171071
128,14.3,919.7360987600515
128,14.4,901.2044382169034
128,14.5,878.5540621008735
128,14.600000000000001,783.9322442000263
128,14.700000000000001,777.0348238681639
128,14.8,835.3416550807532
128,14.9,560.1246951180774
128,15.0,911.1386991949604
128,15.100000000000001,828.2361300644845
128,15.200000000000001,910.770416188595
128,15.3,904.1040604611611
128,15.4,938.7875166427805
128,15.5,859.0805946799754
128,15.600000000000001,929.977007622831
128,15.700000000000001,935.784609720597
128,15.8,942.3154574165961
128,15.9,911.7831918905886
128,16.0,807.2980918543781
128,16.1,779.6270163525636
128,16.2,939.6948953808079
128,16.3,928.895277484773
128,16.400000000000002,887.8040948075349
128,16.5,958.1914894869999
128,16.6,938.7991304419793
128,16.7,937.997054307501
128,16.8,896.2826054087143
128,16.900000000000002,929.8677840820586
128,17.0,863.5860388482251
128,17.1,776.1705131903444
128,17.2,928.2000379969282
128,17.3,906.1104968157165
128,17.400000000000002,792.5354131208856
128,17.5,852.6272451563568
128,17.6,874.934596463826
128,17.7,872.0453984623429
128,17.8,835.9113395909013
128,17.900000000000002,842.5543338735547
128,18.0,897.5490215962038
128,18.1,887.8238849530004
128,18.2,919.1974516661551
128,18.3,871.0721417917639
128,18.400000000000002,973.2229291833248
128,18.5,919.8169299885899
128,18.6,892.8483236028501
128,18.7,896.032626203674
128,18.8,849.5740181125648
128,18.900000000000002,907.9871920531141
128,19.0,962.3903680327595
128,19.1,933.0944503419677
128,19.200000000000003,880.5165046662673
128,19.3,897.4650436095493
128,19.400000000000002,932.2416469557268
128,19.5,944.0158736843359
128,19.6,910.7224630177952
128,19.700000000000003,854.5164772380637
128,19.8,763.0074956046165
128,19.900000000000002,892.9460081021383
128,20.0,925.6106456147623
128,20.1,922.5328689706218
128,20.200000000000003,883.1837543554276
128,20.3,925.7205643965889
128,20.400000000000002,938.7825860745636
128,20.5,874.3559145255836
128,20.6,921.4546308648514
128,20.700000000000003,812.9375300931102
128,20.8,920.978050101598
128,20.900000000000002,902.8659814491439
128,21.0,897.740370607614
128,21.1,927.5793687661478
128,21.200000000000003,794.5698014862821
128,21.3,965.8329257206397
128,21.400000000000002,872.4181645460887
128,21.5,858.0540261852811
128,21.6,836.4749730992393
128,21.700000000000003,807.4835730157488
128,21.8,823.4785766523971
128,21.900000000000002,841.6734478825655
128,22.0,689.0128424920379
128,22.1,844.7406182626463
128,22.200000000000003,855.2131445120132
128,22.3,925.2911485497176
128,22.400000000000002,832.0411060637107
128,22.5,871.1470275332099
128,22.6,836.4141959937893
128,22.700000000000003,864.3806269410838
128,22.8,471.87757015849746
128,22.900000000000002,880.2996295134358
128,23.0,923.6622559862208
128,23.1,942.4089843235503
128,23.200000000000003,834.4774258218773
128,23.3,849.6122141123254
128,23.400000000000002,872.5238692508592
128,23.5,890.2026917252864
128,23.6,912.0415351092187
128,23.700000000000003,921.827717830454
128,23.8,793.0751275405679
128,23.900000000000002,857.9546664765521
128,24.0,700.888172286152
128,24.1,864.148735407077
128,24.200000000000003,729.7725992583269
128,24.3,916.1399010472952
128,24.400000000000002,934.4036819401543
128,24.5,948.8208720501624
128,24.6,768.3587866173652
128,24.700000000000003,857.7431204801288
128,24.8,960.7257392762226
128,24.900000000000002,706.719320629663
128,25.0,966.2861112330319
128,25.1,902.9663517549224
128,25.200000000000003,862.1416466226603
128,25.3,943.1068603556206
128,25.400000000000002,900.5246970884797
128,25.5,935.2997084005982
128,25.6,871.7151029382576
128,25.700000000000003,867.2267793883998
128,25.8,793.7220379184163
128,25.900000000000002,921.7844934400418
128,26.0,884.1858045146448
128,26.1,872.38131583768
128,26.200000000000003,907.5121698105305
128,26.3,921.9324078650643
128,26.400000000000002,910.829920352541
128,26.5,847.8198416115631
128,26.6,928.3967744793817
128,26.700000000000003,924.903064862722
128,26.8,921.248390531403
128,26.900000000000002,881.7976045583968
128,27.0,838.7038027351814
128,27.1,795.6100009119646
128,27.200000000000003,874.1017284572888
128,27.3,869.3702037409482
128,27.400000000000002,971.583153010175
128,27.5,920.1076600609756
128,27.6,720.304397856742
128,27.700000000000003,871.0105369491149
128,27.8,1001.8097271486063
128,27.900000000000002,881.1551914221398
128,28.0,925.7390893079727
128,28.1,875.8351234007342
128,28.200000000000003,844.2895958560815
128,28.3,934.2870051597789
128,28.400000000000002,935.0500934541245
128,28.5,855.7574794344687
128,28.6,882.6695816761745
128,28.700000000000003,924.5472342586849
128,28.8,953.6596781408377
128,28.900000000000002,879.9395671394332
128,29.0,950.7674832685603
128,29.1,858.3431202719195
128,29.200000000000003,947.9274977414519
128,29.3,890.3739584027735
128,29.400000000000002,937.3583376938309
128,29.5,893.3189367253223
128,29.6,879.3641180976969
128,29.700000000000003,905.8489025056217
128,29.8,869.7018412601115
128,29.900000000000002,856.4904794243043
128,30.0,836.1954346431148
128,30.1,929.2439157070892
128,30.200000000000003,879.0703084022209
128,30.3,952.4243752452807
128,30.400000000000002,950.9152283492047
128,30.5,932.8141898581058
128,30.6,829.7341689900046
128,30.700000000000003,859.4010351941481
128,30.8,836.8529821774349
128,30.900000000000002,722.0163416698748
128,31.0,900.0398568598316
128,31.1,862.2002859116179
128,31.200000000000003,878.1045318143631
128,31.3,872.7682212219231
128,31.400000000000002,899.3291390290381
128,31.5,923.366520357304
128,31.6,891.8385574122354
128,31.700000000000003,920.2427020479133
128,31.8,781.367767305683
128,31.900000000000002,901.0182036159874
128,32.0,945.3356175775814
128,32.1,817.3984270660326
128,32.2,842.3966700671939
128,32.300000000000004,884.8714381744136
128,32.4,844.2290663360002
128,32.5,872.2462479211931
128,32.6,925.1510816555567
128,32.7,852.4802555484681
128,32.800000000000004,938.6710947877732
128,32.9,840.7101710664848
128,33.0,830.5567407402125
128,33.1,881.4332434931572
128,33.2,650.0271243008477
128,33.300000000000004,845.2605430926479
128,33.4,865.8570081156205
128,33.5,919.8071244355208
128,33.6,956.6412504038407
128,33.7,907.2392524992019
128,33.800000000000004,933.2873064323325
128,33.9,886.5793059305606
128,34.0,828.6503580322075
128,34.1,867.3556982398147
128,34.2,847.1976468568917
128,34.300000000000004,928.9464228214683
128,34.4,744.4101966268097
128,34.5,928.2961069035954
128,34.6,873.8704276291994
128,34.7,819.2142389424731
128,34.800000000000004,874.2010417141568
128,34.9,704.1974941624503
128,35.0,873.4654784837384
128,35.1,908.1307949674513
128,35.2,858.1478103290858
128,35.300000000000004,836.8115968695688
128,35.4,961.7370398296969
128,35.5,876.0602252637093
128,35.6,869.1518295294059
128,35.7,841.7756532115752
128,35.800000000000004,898.2506447248973
128,35.9,868.9650771368139
128,36.0,681.264996717977
128,36.1,876.0825302879833
128,36.2,881.6178066814495
128,36.300000000000004,932.8746436193202
128,36.4,885.5010558415682
128,36.5,934.5506483141893
128,36.6,907.5778914606767
128,36.7,825.1620479552311
128,36.800000000000004,945.6254264157214
128,36.9,859.4911610071292
128,37.0,923.9560642338405
128,37.1,918.2197707533259
128,37.2,775.7547510983961
128,37.300000000000004,897.5067489433889
128,37.4,842.8061336437706
128,37.5,908.1522185038011
128,37.6,877.9251381241522
128,37.7,778.9115699440106
128,37.800000000000004,892.2628853029174
128,37.9,914.5275565146131
128,38.0,906.5954995332711
128,38.1,910.030264565744
128,38.2,809.9978531465066
128,38.300000000000004,840.6973257263265
128,38.400000000000006,906.5426580613084
128,38.5,798.0114003002097
128,38.6,861.8369547883516
128,38.7,877.3589407874207
128,38.800000000000004,929.1502725653629
128,38.900000000000006,724.4671944596756
128,39.0,814.4729530618604
128,39.1,870.4744631233106
128,39.2,894.5076406930083
128,39.300000000000004,804.202088170542
128,39.400000000000006,915.0379804939801
128,39.5,902.5829026633805
128,39.6,936.8214500373878
128,39.7,916.2359904118646
128,39.800000000000004,924.4514851754496
128,39.900000000000006,867.6502410825987
128,40.0,902.1580329604108
128,40.1,919.0106932813085
128,40.2,843.9357899005751
128,40.300000000000004,849.1305760126942
128,40.400000000000006,646.1178106206381
128,40.5,779.1941964406819
128,40.6,906.4288018116928
128,40.7,935.4943064359835
128,40.800000000000004,955.8827031718455
128,40.900000000000006,898.7287619027644
128,41.0,862.7256664467966
128,41.1,817.267313851819
128,41.2,877.5718324428519
128,41.300000000000004,816.6415121443579
128,41.400000000000006,725.026827460074
128,41.5,788.6866496978311
128,41.6,578.1189625854814
128,41.7,767.0481276434384
128,41.800000000000004,804.0475233550147
128,41.900000000000006,822.5855275297813
128,42.0,884.8157166569792
128,42.1,905.6968808910378
128,42.2,882.1033142506027
128,42.300000000000004,761.1530988942866
128,42.400000000000006,871.5911788107744
128,42.5,876.6096332721442
128,42.6,903.4285135803951
128,42.7,887.4277551738494
128,42.800000000000004,805.9901489009118
128,42.900000000000006,769.863773485032
128,43.0,792.5507265901902
128,43.1,827.6124268166932
128,43.2,910.5826189614244
128,43.300000000000004,764.4471736156617
128,43.400000000000006,814.3207908582195
128,43.5,889.8578643036553
128,43.6,803.9737473403236
128,43.7,838.7091077260241
128,43.800000000000004,938.5769825908047
128,43.900000000000006,900.632994081895
128,44.0,852.4747866145959
128,44.1,780.1114323585662
128,44.2,770.9203647580674
128,44.300000000000004,872.9947323005302
128,44.400000000000006,935.1355406859113
128,44.5,863.3696646609592
128,44.6,807.6801413761971
128,44.7,832.8377077811405
128,44.800000000000004,876.999470111538
128,44.900000000000006,929.6437156549844
128,45.0,915.4964831761745
128,45.1,905.446837945022
128,45.2,899.3489436403695
128,45.300000000000004,781.0529301755378
128,45.400000000000006,802.0016379899231
128,45.5,936.4874894347911
128,45.6,942.1103678447712
128,45.7,830.9696463126313
128,45.800000000000004,778.1710451967983
128,45.900000000000006,877.1152406826264
128,46.0,847.4333341003452
128,46.1,813.8863135363655
128,46.2,732.0695574210347
128,46.300000000000004,853.7827430618813
128,46.400000000000006,799.1749444758203
128,46.5,798.0183053628211
128,46.6,704.1181920361847
128,46.7,783.0120342304679
128,46.800000000000004,910.8606401703742
128,46.900000000000006,892.490517844285
128,47.0,889.7893317637258
128,47.1,888.4524716450834
128,47.2,880.2623623711854
128,47.300000000000004,854.2407082470238
128,47.400000000000006,799.9066585106449
128,47.5,878.7656940517
128,47.6,914.924722479359
128,47.7,788.864069629279
128,47.800000000000004,771.670682952235
128,47.900000000000006,795.9770587524637
128,48.0,876.1509571898071
128,48.1,891.1196011877778
128,48.2,756.3977344859159
128,48.300000000000004,798.2484807266886
128,48.400000000000006,899.634940972732
128,48.5,890.6008404881674
128,48.6,895.5153044045651
128,48.7,927.3705879971711
128,48.800000000000004,940.7764418128855
128,48.900000000000006,936.4463981754384
128,49.0,869.8691138676465
128,49.1,723.7626471085891
128,49.2,795.6312326654457
128,49.300000000000004,882.2397014602736
128,49.400000000000006,843.4461387642717
128,49.5,857.5442844226803
128,49.6,775.3155944901656
128,49.7,686.064804794498
128,49.800000000000004,814.3305140877477
128,49.900000000000006,876.8861600767897
128,50.0,834.190326873665
128,50.1,681.8054591287323
128,50.2,589.4201601680902
128,50.300000000000004,743.0021428715119
128,50.400000000000006,842.6016124316545
128,50.5,850.7988405785709
128,50.6,903.0414976771096
128,50.7,808.2773602497199
128,50.800000000000004,650.526017778686
128,50.900000000000006,795.9378987965526
128,51.0,908.4409112417014
128,51.1,874.8632436169632
128,51.2,829.4344332634703
128,51.300000000000004,822.7690593491953
128,51.400000000000006,837.7895139617345
128,51.5,832.201252004249
128,51.6,774.0255022376924
128,51.7,753.27638263312
128,51.800000000000004,706.9515390055319
128,51.900000000000006,718.2653068923198
128,52.0,921.990216209845
128,52.1,923.4004790047898
128,52.2,933.9108473942317
128,52.300000000000004,826.964904273804
128,52.400000000000006,770.1042388470031
128,52.5,870.4655996570367
128,52.6,860.7328449332334
128,52.7,866.155741166458
128,52.800000000000004,899.5081929371511
128,52.900000000000006,862.0713121883406
128,53.0,898.8249396273877
128,53.1,828.6031898299404
128,53.2,756.2629471012633
128,53.300000000000004,825.2785138547375
128,53.400000000000006,839.7880052899808
128,53.5,806.4487965507224
128,53.6,741.8021241850458
128,53.7,804.1576571922483
128,53.800000000000004,812.7552329642309
128,53.900000000000006,889.9990426410444
128,54.0,861.3794066848652
128,54.1,922.5988796704524
128,54.2,946.5741293244457
128,54.300000000000004,854.4118617291758
128,54.400000000000006,861.5249680151238
128,54.5,951.4886572951676
128,54.6,866.2259338143314
128,54.7,851.6572562425544
128,54.800000000000004,868.0091033515533
128,54.900000000000006,821.1071369485333
128,55.0,842.858600649598
128,55.1,742.803622006427
128,55.2,699.7271839421495
128,55.300000000000004,879.2091301535431
128,55.400000000000006,911.0495817841465
128,55.5,898.3819270371853
128,55.6,841.0184241922852
128,55.7,894.6679774032546
128,55.800000000000004,953.9371583041756
128,55.900000000000006,921.3361628514406
128,56.0,892.2537056961498
128,56.1,934.3996599140761
128,56.2,856.3966499430882
128,56.300000000000004,721.6504190888551
128,56.400000000000006,605.8280822490419
128,56.5,818.5589399798042
128,56.6,759.4216740236172
128,56.7,911.3165995550914
128,56.800000000000004,866.2482206656508
128,56.900000000000006,824.8426525176345
128,57.0,849.3734518669411
128,57.1,832.104566511385
128,57.2,879.000883654836
128,57.300000000000004,934.0085181470828
128,57.400000000000006,894.9630393944924
128,57.5,830.3873524151633
128,57.6,893.989738626776
128,57.7,872.1658734984085
128,57.800000000000004,733.1424502525145
128,57.900000000000006,603.3639114543689
128,58.0,758.0627713596384
128,58.1,765.7047846300406
128,58.2,832.2774240780275
128,58.300000000000004,962.9585103377303
128,58.400000000000006,907.5337356227622
128,58.5,869.8118908872644
128,58.6,881.7828960662355
128,58.7,758.0371196655789
128,58.800000000000004,673.6338558966297
128,58.900000000000006,706.3258264886396
128,59.0,668.0930082487143
128,59.1,822.8015599659883
128,59.2,717.4953205670888
128,59.300000000000004,797.3747281911301
128,59.400000000000006,701.2034339382633
128,59.5,582.5561657597372
128,59.6,793.4273954797026
128,59.7,826.9154005449909
128,59.800000000000004,788.7374698445371
128,59.900000000000006,850.5131883321501
128,60.0,885.2920818049574
128,60.1,785.5776322036216
128,60.2,897.6066292372326
128,60.300000000000004,915.1670664722967
128,60.400000000000006,882.8723251446299
128,60.5,802.0648097445254
128,60.6,716.495277281379
128,60.7,722.536414896676
128,60.800000000000004,689.6741977487058
128,60.900000000000006,777.6208374515118
128,61.0,875.1521747917814
128,61.1,795.5428260225818
128,61.2,810.8990541230468
128,61.300000000000004,823.4984234296085
128,61.400000000000006,934.5196164449465
128,61.5,842.9846937208665
128,61.6,816.9581818932415
128,61.7,760.9530615969235
128,61.800000000000004,812.0459845993723
128,61.900000000000006,823.0385307985619
128,62.0,782.5719067808591
128,62.1,816.7039822523918
128,62.2,799.651202975909
128,62.300000000000004,855.5638425449356
128,62.400000000000006,916.1612094863866
128,62.5,885.008377175767
128,62.6,802.0368870413653
128,62.7,937.255748119132
128,62.800000000000004,821.137722490569
128,62.900000000000006,692.7726789759035
128,63.0,910.9103409740418
128,63.1,858.820134757774
128,63.2,764.3372061992987
128,63.300000000000004,822.0958713556618
128,63.400000000000006,615.146993058553
128,63.5,792.171874229141
128,63.6,728.8575677551481
128,63.7,689.1755951002546
128,63.800000000000004,857.3257009672374
128,63.900000000000006,808.56212453002
128,64.0,722.0050654119239
128,64.10000000000001,718.0204623211329
128,64.2,643.8656396160828
128,64.3,829.1984712949051
128,64.4,813.9588340455908
128,64.5,796.8926299717499
128,64.60000000000001,876.558638127947
128,64.7,857.0059117762577
128,64.8,742.4509195011968
128,64.9,579.7448106290223
128,65.0,769.1857216248336
128,65.10000000000001,799.7716338059679
128,65.2,847.1492601515944
128,65.3,663.4133745548974
128,65.4,857.3026942217472
128,65.5,805.4180413167871
128,65.60000000000001,788.0712871118674
128,65.7,896.0139303344349
128,65.8,804.0557738768842
128,65.9,819.2984375730194
128,66.0,692.8214800548634
128,66.10000000000001,788.8081413974203
128,66.2,725.5782445673432
128,66.3,737.3738848683603
128,66.4,760.613117810874
128,66.5,842.241716026929
128,66.60000000000001,825.9231522785497
128,66.7,751.7877897053945
128,66.8,678.7784130217725
128,66.9,633.0526496834016
128,67.0,899.4224177365284
128,67.10000000000001,752.5670116982051
128,67.2,758.1851020833976
128,67.3,627.6592726653297
128,67.4,811.048228748775
128,67.5,775.0477465924088
128,67.60000000000001,721.1663646644432
128,67.7,767.4670187188527
128,67.8,584.8125213330846
128,67.9,911.7882103830863
128,68.0,762.8287962952376
128,68.10000000000001,743.2041539297395
128,68.2,844.3184949383542
128,68.3,863.5512056470563
128,68.4,817.0921452556069
128,68.5,667.1627163985025
128,68.60000000000001,711.3264185301639
128,68.7,818.7767719910674
128,68.8,717.838386110304
128,68.9,902.3895944208604
128,69.0,606.2893225165516
128,69.10000000000001,856.0474805509364
128,69.2,704.5429500737314
128,69.3,709.4837133269319
256,0.0,747.669
256,0.1,747.669
256,0.2,833.7980804464324
256,0.30000000000000004,959.8438353817548
256,0.4,989.7798873805231
256,0.5,965.6122781382188
256,0.6000000000000001,931.421719014982
256,0.7000000000000001,900.0628325250981
256,0.8,874.7011660302943
256,0.9,902.983160240583
256,1.0,947.2087600647727
256,1.1,964.6383980879951
256,1.2000000000000002,978.7737068181981
256,1.3,980.4699104068646
256,1.4000000000000001,942.1566088212318
256,1.5,894.5427672268647
256,1.6,873.2605661670001
256,1.7000000000000002,898.3854923263791
256,1.8,955.2394479118492
256,1.9000000000000001,965.8877686573776
256,2.0,990.2626576447136
256,2.1,995.5772014964872
256,2.2,945.792624680103
256,2.3000000000000003,904.219337807967
256,2.4000000000000004,878.0648795387239
256,2.5,888.2919503185775
256,2.6,928.7464201535194
256,2.7,938.1052609506839
256,2.8000000000000003,952.014869399756
256,2.9000000000000004,970.0144369957097
256,3.0,993.8914057682698
256,3.1,995.7069474620538
256,3.2,972.9966309793143
256,3.3000000000000003,919.3173158065074
256,3.4000000000000004,881.8058004043926
256,3.5,890.4273190102957
256,3.6,698.9769023735045
256,3.7,458.11092610103526
256,3.8000000000000003,893.8469888740578
256,3.9000000000000004,958.2821364915192
256,4.0,896.7391126931991
256,4.1000000000000005,913.4571580749267
256,4.2,881.5881743794716
256,4.3,896.7439523530629
256,4.4,905.7644206688982
256,4.5,902.8425279855006
256,4.6000000000000005,871.5524959437155
256,4.7,884.0224721984268
256,4.800000000000001,894.5761245217834
256,4.9,875.8228255483949
256,5.0,976.4476024228078
256,5.1000000000000005,1003.4692146814169
256,5.2,1035.0058831858028
256,5.300000000000001,1018.034653044873
256,5.4,990.7617644895475
256,5.5,994.3858247331946
256,5.6000000000000005,997.6487970787063
256,5.7,1007.2049301497901
256,5.800000000000001,1041.5889078255611
256,5.9,1050.516825467831
256,6.0,974.2058659146203
256,6.1000000000000005,893.3491357727622
256,6.2,923.3515607962612
256,6.300000000000001,916.238930813599
256,6.4,902.0107881438662
256,6.5,885.8349922292074
256,6.6000000000000005,991.3636502277373
256,6.7,1007.3002747955935
256,6.800000000000001,960.9746845632452
256,6.9,964.5300066147108
256,7.0,950.6837383979506
256,7.1000000000000005,943.8180078599241
256,7.2,831.9573120474336
256,7.300000000000001,878.9741719031148
256,7.4,884.8081965854739
256,7.5,925.1659023021589
256,7.6000000000000005,961.5290403755756
256,7.7,960.6969333843091
256,7.800000000000001,975.8984718575198
256,7.9,958.9761422990641
256,8.0,992.2116616447852
256,8.1,1061.3332140061962
256,8.200000000000001,1056.678763112156
256,8.3,991.3575681588939
256,8.4,1019.1028646022057
256,8.5,982.6494056191417
256,8.6,1008.4709558686499
256,8.700000000000001,986.2085745531994
256,8.8,976.1004933755931
256,8.9,876.2754532785816
256,9.0,945.158196734257
256,9.1,937.0079171715767
256,9.200000000000001,867.0052369603291
256,9.3,935.2633506158508
256,9.4,921.5731379032757
256,9.5,908.5919047986455
256,9.600000000000001,894.9903736148008
256,9.700000000000001,961.6312222647958
256,9.8,927.9153199036488
256,9.9,907.9417146063242
256,10.0,966.1204586814255
256,10.100000000000001,945.717548078106
256,10.200000000000001,1009.8644031427951
256,10.3,954.051376012003
256,10.4,1000.9863515398922
256,10.5,942.7333874812433
256,10.600000000000001,948.5525006616858
256,10.700000000000001,988.0070781645425
256,10.8,906.0914440451278
256,10.9,917.697999268479
256,11.0,891.8527387766668
256,11.100000000000001,911.1036656682447
256,11.200000000000001,1027.4887624351961
256,11.3,1015.2893894396368
256,11.4,975.9234336089191
256,11.5,996.9412643053491
256,11.600000000000001,937.1655784756357
256,11.700000000000001,886.8612500212018
256,11.8,914.7508646074198
256,11.9,914.0987022268932
256,12.0,980.2938948837829
256,12.100000000000001,910.2579103462714
256,12.200000000000001,917.9693442129256
256,12.3,980.718268371033
256,12.4,1011.1236385578261
256,12.5,1048.0384997443732
256,12.600000000000001,1011.1522744747173
256,12.700000000000001,1003.5239020202475
256,12.8,992.0306784804097
256,12.9,983.5530314777168
256,13.0,947.7807513708802
256,13.100000000000001,857.6208398771023
256,13.200000000000001,883.1929098733385
256,13.3,916.9902464451371
256,13.4,951.7768348724398
256,13.5,994.3447453375624
256,13.600000000000001,1061.3944613233032
256,13.700000000000001,1060.237736646829
256,13.8,1049.7403358276479
256,13.9,1003.973176168817
256,14.0,969.9599837009906
256,14.100000000000001,1007.99850665991
256,14.200000000000001,994.9372299329859
256,14.3,912.9939519832524
256,14.4,987.9873656575519
256,14.5,985.8348851450448
256,14.600000000000001,850.01116374594
256,14.700000000000001,1040.0132159341256
256,14.8,983.4789605632055
256,14.9,925.3845450476297
256,15.0,943.2655147702017
256,15.100000000000001,1028.3989699450658
256,15.200000000000001,1007.7558403475814
256,15.3,1015.0119602482393
256,15.4,883.2391050461167
256,15.5,998.8029799463999
256,15.600000000000001,923.2565376591573
256,15.700000000000001,885.0652247503031
256,15.8,1044.2385658942517
256,15.9,955.790025234337
256,16.0,907.4099508170958
256,16.1,895.4027364111877
256,16.2,880.3302471834969
256,16.3,892.169161782519
256,16.400000000000002,943.5733016486139
256,16.5,1026.774961466838
256,16.6,956.2986579575688
256,16.7,994.4429129308733
256,16.8,861.3010328369579
256,16.900000000000002,890.347282339041
256,17.0,899.5569516626965
256,17.1,922.0098430865598
256,17.2,943.453986174128
256,17.3,931.2196022478014
256,17.400000000000002,954.0107941126548
256,17.5,1079.0705373341707
256,17.6,947.3336273044218
256,17.7,907.6287678704805
256,17.8,963.5621232254298
256,17.900000000000002,1026.8844458919325
256,18.0,925.0323085355316
256,18.1,910.8259178287931
256,18.2,962.4203785825695
256,18.3,947.0307481570734
256,18.400000000000002,989.4780953749786
256,18.5,782.600479479074
256,18.6,951.3402499489171
256,18.7,922.1653497879048
256,18.8,878.0455311608861
256,18.900000000000002,961.3299162835253
256,19.0,1016.0932508484507
256,19.1,982.657901443639
256,19.200000000000003,994.3204453662757
256,19.3,973.8592748176624
256,19.400000000000002,1033.5710468975485
256,19.5,1038.8486442894798
256,19.6,985.4496084831152
256,19.700000000000003,1017.7406071335719
256,19.8,951.6839929871851
256,19.900000000000002,954.6690924737422
256,20.0,991.2495338462234
256,20.1,883.6022261276646
256,20.200000000000003,934.3010622567407
256,20.3,1058.976741275529
256,20.400000000000002,1048.2793220647923
256,20.5,984.3329083662207
256,20.6,914.4641968320205
256,20.700000000000003,969.6826409614532
256,20.8,1049.430670197869
256,20.900000000000002,1024.6851099510125
256,21.0,940.4009780960545
256,21.1,1027.1090964429338
256,21.200000000000003,1032.9785180861606
256,21.3,984.448155200579
256,21.400000000000002,898.3672060859842
256,21.5,859.1171002891123
256,21.6,844.4765773849518
256,21.700000000000003,1017.0645737014205
256,21.8,1018.5653388987565
256,21.900000000000002,976.571272120791
256,22.0,903.4854666093021
256,22.1,914.6700642973462
256,22.200000000000003,1036.546785852832
256,22.3,960.6794221192531
256,22.400000000000002,966.8864011660395
256,22.5,1000.2532049423339
256,22.6,1046.698442165863
256,22.700000000000003,978.1103619730868
256,22.8,858.2449315598127
256,22.900000000000002,928.0096897667336
256,23.0,956.1243156769115
256,23.1,1050.440907517001
256,23.200000000000003,930.8725828892854
256,23.3,941.5484527508407
256,23.400000000000002,955.5474336737103
256,23.5,1001.411747969493
256,23.6,1009.8093174934204
256,23.700000000000003,888.3468267892288
256,23.8,1066.4729216060955
256,23.900000000000002,1047.2697970280517
256,24.0,945.4452769718387
256,24.1,918.563162419285
256,24.200000000000003,955.8670395015114
256,24.3,975.1899033852046
256,24.400000000000002,984.9370790091651
256,24.5,943.460926325615
256,24.6,951.7115356751892
256,24.700000000000003,914.0123341033651
256,24.8,999.9276699022025
256,24.900000000000002,900.8019289654784
256,25.0,981.1279398849464
256,25.1,1027.604035004144
256,25.200000000000003,913.5771356278708
256,25.3,909.2770149418121
256,25.400000000000002,877.1251238365534
256,25.5,931.2727757766429
256,25.6,893.2694909910609
256,25.700000000000003,1027.4179682749357
256,25.8,906.6458259315721
256,25.900000000000002,961.7685147410378
256,26.0,1004.2381486153656
256,26.1,911.9596426139092
256,26.200000000000003,883.9633982539173
256,26.3,1006.163969504216
256,26.400000000000002,859.0192833479505
256,26.5,963.863125784606
256,26.6,1025.524764362092
256,26.700000000000003,993.6778296619066
256,26.8,849.1435046456061
256,26.900000000000002,921.2949944728412
256,27.0,999.0847975444948
256,27.1,987.7813667555273
256,27.200000000000003,955.1347393687781
256,27.3,967.7244065920219
256,27.400000000000002,937.5207319482416
256,27.5,1047.4361792594354
256,27.6,992.9759144903562
256,27.700000000000003,963.0275903393979
256,27.8,935.849040026936
256,27.900000000000002,903.1738644588715
256,28.0,959.1282551723152
256,28.1,922.2532282516414
256,28.200000000000003,952.535336762314
256,28.3,976.4030340592392
256,28.400000000000002,1038.746491828773
256,28.5,1018.7423180235079
256,28.6,891.7934160181367
256,28.700000000000003,876.748897950085
256,28.8,989.2818478463439
256,28.900000000000002,947.599415053363
256,29.0,873.199412044758
256,29.1,915.1832119830455
256,29.200000000000003,983.8462811754988
256,29.3,1003.1108198340653
256,29.400000000000002,1010.822082475435
256,29.5,968.6924442362945
256,29.6,924.3603236498009
256,29.700000000000003,913.1291359972975
256,29.8,860.7053656958448
256,29.900000000000002,953.2858254813193
256,30.0,933.3147653194263
256,30.1,950.4359488810326
256,30.200000000000003,963.4801760860249
256,30.3,968.1482408237616
256,30.400000000000002,998.2018112485449
256,30.5,988.998804260608
256,30.6,960.9889038452883
256,30.700000000000003,931.3858104503873
256,30.8,947.9348364929554
256,30.900000000000002,924.8600060216885
256,31.0,986.4231024344293
256,31.1,907.9419373058271
256,31.200000000000003,1003.6500309263818
256,31.3,893.6920585188452
256,31.400000000000002,963.1813597180999
256,31.5,925.9472691220758
256,31.6,908.3569988766508
256,31.700000000000003,1016.2094160626021
256,31.8,1007.837677254535
256,31.900000000000002,912.7283960329706
256,32.0,947.5705299004388
256,32.1,947.1356730402034
256,32.2,887.8308775005456
256,32.300000000000004,912.2651222854038
256,32.4,953.451564783526
256,32.5,1031.846566852775
256,32.6,953.7052229475017
256,32.7,950.2097827115339
256,32.800000000000004,993.6760284372558
256,32.9,904.4603481476385
256,33.0,917.4894521724843
256,33.1,1001.208540022387
256,33.2,969.8575116266434
256,33.300000000000004,928.6874211070394
256,33.4,985.3933958097997
256,33.5,990.4740189656978
256,33.6,918.3503740615653
256,33.7,901.8528574355068
256,33.800000000000004,924.112467151703
256,33.9,959.846838791268
256,34.0,950.5265258846899
256,34.1,914.0948796710172
256,34.2,920.7326292984355
256,34.300000000000004,967.0197744125722
256,34.4,915.1844665852313
256,34.5,909.6990876912826
256,34.6,894.3473990501756
256,34.7,980.4626583642641
256,34.800000000000004,991.1953312543513
256,34.9,935.8229644366432
256,35.0,1023.5858514913747
256,35.1,930.4721533834343
256,35.2,850.9771440074953
256,35.300000000000004,983.2819199037325
256,35.4,911.7023592795356
256,35.5,955.0650369788243
256,35.6,941.748716999532
256,35.7,972.8365200613546
256,35.800000000000004,946.0266069702939
256,35.9,920.2720892293997
256,36.0,997.5391620486411
256,36.1,995.2015134910117
256,36.2,996.8621127172954
256,36.300000000000004,1006.1846163756771
256,36.4,1005.4154920753638
256,36.5,982.2152223671309
256,36.6,1014.3496583762903
256,36.7,1028.3063749045623
256,36.800000000000004,941.1478083142397
256,36.9,1040.0333548615688
256,37.0,1092.32702770157
256,37.1,995.261362193797
256,37.2,986.9982245718791
256,37.300000000000004,958.8835485657065
256,37.4,916.0304295765932
256,37.5,888.2109059694702
256,37.6,968.0829638430397
256,37.7,952.4609145453346
256,37.800000000000004,974.4113333712231
256,37.9,954.7377992704598
256,38.0,929.5590030164012
256,38.1,1027.0138114096549
256,38.2,1057.302472303653
256,38.300000000000004,911.9270621391115
256,38.400000000000006,946.0050774484549
256,38.5,985.8057864563623
256,38.6,944.7784827265617
256,38.7,972.6445970090292
256,38.800000000000004,973.1472062368133
256,38.900000000000006,959.6504888525614
256,39.0,925.7429719066294
256,39.1,876.2709599677429
256,39.2,908.1205594734245
256,39.300000000000004,894.445905273736
256,39.400000000000006,872.8814920570137
256,39.5,807.0961541040358
256,39.6,935.2918257692303
256,39.7,983.7737768886973
256,39.800000000000004,877.8792438880287
256,39.900000000000006,962.6086136181599
256,40.0,891.42045759984
256,40.1,843.6754577456251
256,40.2,909.8260826095667
256,40.300000000000004,967.1547948256808
256,40.400000000000006,904.7369288378965
256,40.5,951.439256155559
256,40.6,967.3990576972818
256,40.7,899.8216065602476
256,40.800000000000004,960.0072357816779
256,40.900000000000006,1003.1738073230008
256,41.0,943.8064131727542
256,41.1,982.6126408093892
256,41.2,993.0696915392269
256,41.300000000000004,898.6907896362579
256,41.400000000000006,920.69806696119
256,41.5,904.5635033208489
256,41.6,885.1020244538165
256,41.7,909.5308695974413
256,41.800000000000004,909.0785925037217
256,41.900000000000006,943.9048113023132
256,42.0,1029.0846471780678
256,42.1,944.8322653159677
256,42.2,939.7403722147111
256,42.300000000000004,947.4975316340406
256,42.400000000000006,984.2465627640938
256,42.5,968.9086395499794
256,42.6,938.7017973839747
256,42.7,913.9958620691926
256,42.800000000000004,979.5273724347079
256,42.900000000000006,1043.264572232242
256,43.0,946.3481858849542
256,43.1,950.3722139669173
256,43.2,947.1160976042751
256,43.300000000000004,914.3072786035808
256,43.400000000000006,983.5214785412496
256,43.5,1002.5337476532223
256,43.6,935.1597632381046
256,43.7,974.967521166985
256,43.800000000000004,1011.7704851111662
256,43.900000000000006,969.686992308496
256,44.0,953.5211182444237
256,44.1,851.3501064959698
256,44.2,899.2772809139439
256,44.300000000000004,986.3413820350623
256,44.400000000000006,1029.2762138868143
256,44.5,1064.5952627498339
256,44.6,934.9164044687388
256,44.7,870.6163494546289
256,44.800000000000004,873.4221123432013
256,44.900000000000006,926.4794742232102
256,45.0,1002.8432945466672
256,45.1,951.9791503690903
256,45.2,865.5925552854906
256,45.300000000000004,902.654256089055
256,45.400000000000006,948.9279010564157
256,45.5,932.3063791837143
256,45.6,976.4432920140911
256,45.7,920.7073886252437
256,45.800000000000004,891.6491420304345
256,45.900000000000006,917.8419233930601
256,46.0,897.5344251689419
256,46.1,929.7845260688692
256,46.2,957.7605587128623
256,46.300000000000004,946.2834154810554
256,46.400000000000006,948.5189511299812
256,46.5,954.3711458950663
256,46.6,943.8535722068982
256,46.7,937.6259351917935
256,46.800000000000004,951.6620945697769
256,46.900000000000006,933.6709510639434
256,47.0,900.1975967059908
256,47.1,1014.4822144216613
256,47.2,1015.5307096327869
256,47.300000000000004,926.8670358114708
256,47.400000000000006,920.4253229915787
256,47.5,969.993731295376
256,47.6,997.0464706957333
256,47.7,909.3774785415237
256,47.800000000000004,924.2284852866794
256,47.900000000000006,1019.2466677159819
256,48.0,1000.3053050459696
256,48.1,930.4161015833591
256,48.2,962.0624274290059
256,48.300000000000004,1039.3124348447411
256,48.400000000000006,991.2442364787034
256,48.5,968.6364736562609
256,48.6,953.1636498410144
256,48.7,885.7071159667663
256,48.800000000000004,921.1291095992362
256,48.900000000000006,927.2147529028964
256,49.0,912.8332257450026
256,49.1,948.4555887693115
256,49.2,953.7323144376937
256,49.300000000000004,936.0803260899532
256,49.400000000000006,923.1113593731102
256,49.5,1006.712143596544
256,49.6,1002.3757688426647
256,49.7,970.8105564189823
256,49.800000000000004,926.2018200866767
256,49.900000000000006,982.4242653712961
256,50.0,1022.2078844386643
256,50.1,937.0884929182591
256,50.2,994.4008870122658
256,50.300000000000004,1038.5173544335207
256,50.400000000000006,1026.126847105511
256,50.5,1035.2731114779347
256,50.6,1040.6224832979744
256,50.7,1018.058659873414
256,50.800000000000004,1025.6624125226917
256,50.900000000000006,1054.3374106555036
256,51.0,974.5068247548437
256,51.1,883.457152308315
256,51.2,909.3998150592552
256,51.300000000000004,925.7867537470637
256,51.400000000000006,939.3756208193155
256,51.5,927.2658991810658
256,51.6,854.9402846537829
256,51.7,933.6318051100442
256,51.800000000000004,933.9978541513234
256,51.900000000000006,1032.7870366037662
256,52.0,952.3481517954725
256,52.1,931.5662077861089
256,52.2,1023.18614237053
256,52.300000000000004,965.9914650369843
256,52.400000000000006,861.8823004474417
256,52.5,916.0021047453799
256,52.6,1026.8002899624614
256,52.7,959.2355132791882
256,52.800000000000004,883.593520180061
256,52.900000000000006,913.9493190332189
256,53.0,1033.7398619877554
256,53.1,1028.137210726526
256,53.2,943.4806914239282
256,53.300000000000004,925.1452977641146
256,53.400000000000006,938.332524335598
256,53.5,887.5420062063671
256,53.6,946.3978487154005
256,53.7,969.446337800733
256,53.800000000000004,933.9753708226937
256,53.900000000000006,1046.2998577403819
256,54.0,971.0189638844245
256,54.1,951.266995770702
256,54.2,929.4374943107788
256,54.300000000000004,991.3448791442324
256,54.400000000000006,953.0151961151743
256,54.5,943.2691108444978
256,54.6,897.7074693370105
256,54.7,934.2801042594735
256,54.800000000000004,985.5330849064724
256,54.900000000000006,933.4683375767586
256,55.0,995.7282894620465
256,55.1,952.9954693644858
256,55.2,972.0958137752586
256,55.300000000000004,1047.1545289625412
256,55.400000000000006,1025.5584727337045
256,55.5,851.4759298529366
256,55.6,821.1362562595112
256,55.7,909.710886177675
256,55.800000000000004,901.8359687037679
256,55.900000000000006,958.2755267990722
256,56.0,912.9312947936138
256,56.1,935.7050846720223
256,56.2,932.8732467455704
256,56.300000000000004,955.3359804378993
256,56.400000000000006,896.5234323319587
256,56.5,980.4397650984977
256,56.6,934.1659438845435
256,56.7,946.7980002271712
256,56.800000000000004,898.6920384503356
256,56.900000000000006,971.9246743189723
256,57.0,939.4494135898431
256,57.1,1005.4198967924345
256,57.2,900.5342317533936
256,57.300000000000004,958.9709632564378
256,57.400000000000006,1039.5179995575763
256,57.5,895.3751670263825
256,57.6,934.7369161987355
256,57.7,1026.247421659296
256,57.800000000000004,932.8724335911758
256,57.900000000000006,950.8297491643318
256,58.0,983.9539795495685
256,58.1,1039.5106278053388
256,58.2,994.7035772185374
256,58.300000000000004,910.5389327817024
256,58.400000000000006,1020.1471919757324
256,58.5,1059.1387605611335
256,58.6,975.7440548847743
256,58.7,925.3430501583535
256,58.800000000000004,925.894267049523
256,58.900000000000006,1029.2032763896239
256,59.0,915.5163188248096
256,59.1,857.5161329093179
256,59.2,978.1482461565931
256,59.300000000000004,975.5254488740982
256,59.400000000000006,964.1229895888742
256,59.5,956.1174960115819
256,59.6,1012.1153622675267
256,59.7,898.0259734550012
256,59.800000000000004,935.6983702460184
256,59.900000000000006,920.2557740700007
256,60.0,1032.3498310660189
256,60.1,994.7309632954755
256,60.2,862.8351850920254
256,60.300000000000004,910.0525714989558
256,60.400000000000006,948.0429363395797
256,60.5,956.387180914996
256,60.6,956.1426802215187
256,60.7,896.4713801170141
256,60.800000000000004,905.2161977140901
256,60.900000000000006,1004.8197711994968
256,61.0,989.217781138993
256,61.1,949.1837137632252
256,61.2,977.3100895779479
256,61.300000000000004,873.0917917841266
256,61.400000000000006,874.7936003049299
256,61.5,912.2775734512853
256,61.6,924.8859953877593
256,61.7,831.4568414579393
256,61.800000000000004,1025.394468383152
256,61.900000000000006,998.6788923300979
256,62.0,870.100673657742
256,62.1,981.5816035759279
256,62.2,950.3534215107926
256,62.300000000000004,896.0403282936829
256,62.400000000000006,882.0837647171165
256,62.5,848.0467453639205
256,62.6,970.9360565706056
256,62.7,1027.111601972496
512,0.0,826.371
512,0.1,795.6525692195593
512,0.2,919.1187720969614
512,0.30000000000000004,942.3432799183482
512,0.4,904.3542829612786
512,0.5,969.4192853635209
512,0.6000000000000001,919.3835076226604
512,0.7000000000000001,939.0808480116425
512,0.8,903.869406681193
512,0.9,878.288424430041
512,1.0,861.8904662037633
512,1.1,829.2089231190555
512,1.2000000000000002,831.422945781368
512,1.3,911.7419903563402
512,1.4000000000000001,930.599164727735
512,1.5,897.9206244204754
512,1.6,916.0925996732944
512,1.7000000000000002,896.9983874523384
512,1.8,873.2018168662786
512,1.9000000000000001,899.778795087716
512,2.0,903.1734296487251
512,2.1,876.0709914083044
512,2.2,933.90811724563
512,2.3000000000000003,912.552234016352
512,2.4000000000000004,881.2487268981083
512,2.5,890.8107140451883
512,2.6,890.9790007086743
512,2.7,883.3273417105153
512,2.8000000000000003,929.8267248565819
512,2.9000000000000004,899.8883964114297
512,3.0,914.0594699471104
512,3.1,907.0857281892587
512,3.2,930.1478757289327
512,3.3000000000000003,904.3875216481675
512,3.4000000000000004,895.8347975750424
512,3.5,862.0250555523799
512,3.6,789.7193128814013
512,3.7,867.1482850868464
512,3.8000000000000003,905.8600437836924
512,3.9000000000000004,923.6362333294508
512,4.0,916.405449589918
512,4.1000000000000005,962.8070914527094
512,4.2,957.0785821750645
512,4.3,925.420383795572
512,4.4,943.004325227622
512,4.5,949.722095954379
512,4.6000000000000005,953.6466231109312
512,4.7,923.2805331608994
512,4.800000000000001,880.8283136001215
512,4.9,901.6974596410541
512,5.0,939.1168540891398
512,5.1000000000000005,862.9280834329641
512,5.2,899.3612733419491
512,5.300000000000001,954.3696198447966
512,5.4,970.8396994215143
512,5.5,964.3350027644485
512,5.6000000000000005,888.513085263609
512,5.7,911.1651757567386
512,5.800000000000001,927.5644642401309
512,5.9,932.563046981573
512,6.0,908.8991518206282
512,6.1000000000000005,898.0289092298948
512,6.2,919.2307113995166
512,6.300000000000001,934.582009787572
512,6.4,891.5490784969277
512,6.5,897.7651459338462
512,6.6000000000000005,945.6009468858983
512,6.7,945.3693394084871
512,6.800000000000001,967.5518862789645
512,6.9,865.2420042718757
512,7.0,746.0401758194997
512,7.1000000000000005,742.3336246874017
512,7.2,863.9514012734548
512,7.300000000000001,895.076235442772
512,7.4,833.7678689468379
512,7.5,909.0503045097918
512,7.6000000000000005,983.8227492623762
512,7.7,948.2933041761739
512,7.800000000000001,898.7487275806822
512,7.9,894.1037333195175
512,8.0,979.5615646528246
512,8.1,926.5119291015374
512,8.200000000000001,925.45201401379
512,8.3,956.1115198372459
512,8.4,881.9679872708172
512,8.5,856.1080602970753
512,8.6,908.3671373529842
512,8.700000000000001,914.6298121466599
512,8.8,888.1133639767921
512,8.9,883.5695042764642
512,9.0,840.7635479675223
512,9.1,899.8482974888567
512,9.200000000000001,912.527551209775
512,9.3,954.1254912720804
512,9.4,927.6149071835887
512,9.5,793.6814435003924
512,9.600000000000001,896.346477782325
512,9.700000000000001,928.1556267500991
512,9.8,874.0790780683658
512,9.9,922.9587507952771
512,10.0,877.8743066060874
512,10.100000000000001,919.1084748571957
512,10.200000000000001,921.7025464334872
512,10.3,954.9767220651697
512,10.4,914.399376730652
512,10.5,854.0806553762981
512,10.600000000000001,903.9537777070831
512,10.700000000000001,883.3880170190101
512,10.8,886.4156851225395
512,10.9,942.3932181289842
512,11.0,949.8042252312323
512,11.100000000000001,886.3258465738377
512,11.200000000000001,941.6783273093265
512,11.3,851.175973792985
512,11.4,873.5623030220273
512,11.5,913.6664949783562
512,11.600000000000001,878.599224676252
512,11.700000000000001,904.1211583835963
512,11.8,924.2665023222415
512,11.9,916.942097679438
512,12.0,915.8432321307012
512,12.100000000000001,930.7303770128253
512,12.200000000000001,980.235615904239
512,12.3,954.2116354098991
512,12.4,852.6850363995723
512,12.5,925.8426624935215
512,12.600000000000001,1051.9700025049178
512,12.700000000000001,955.2527548553977
512,12.8,861.3082910979898
512,12.9,853.1796470730569
512,13.0,862.7138560477935
512,13.100000000000001,856.4188921835355
512,13.200000000000001,880.921643724827
512,13.3,974.4256957002774
512,13.4,917.4229148057358
512,13.5,833.4158943639828
512,13.600000000000001,819.2732146271276
512,13.700000000000001,816.2613596424076
512,13.8,856.8585476787161
512,13.9,859.4749850686734
512,14.0,904.7767773141069
512,14.100000000000001,1032.415793916813
512,14.200000000000001,944.0012760584759
512,14.3,857.5909573552617
512,14.4,924.8926359096522
512,14.5,873.5029014430751
512,14.600000000000001,970.8094950376442
512,14.700000000000001,880.6974639439258
512,14.8,905.4062529387822
512,14.9,814.6185821614382
512,15.0,860.1109740695307
512,15.100000000000001,933.3568815488562
512,15.200000000000001,825.8359352768767
512,15.3,862.1566154859535
512,15.4,1052.548090198888
512,15.5,948.1944777764814
512,15.600000000000001,816.8267765380036
512,15.700000000000001,840.3087203136294
512,15.8,856.560587547543
512,15.9,868.8351259862246
512,16.0,894.8279714260536
512,16.1,983.44089964693
512,16.2,961.0504191821212
512,16.3,905.6479421017153
512,16.400000000000002,837.0857709649008
512,16.5,843.219868034604
512,16.6,843.861370188961
512,16.7,1023.3241156984169
512,16.8,932.9292576833283
512,16.900000000000002,839.6061256803146
512,17.0,968.902742413214
512,17.1,1010.0646201075699
512,17.2,974.2965909878812
512,17.3,888.1008732546775
512,17.400000000000002,1019.0771715734346
512,17.5,1004.5159373370881
512,17.6,797.4780076459695
512,17.7,782.2863753813394
512,17.8,830.2594463456583
512,17.900000000000002,888.2726033880695
512,18.0,965.0988455067003
512,18.1,860.8194802592047
512,18.2,859.1379152653765
512,18.3,819.4464511098472
512,18.400000000000002,842.6126302605824
512,18.5,929.8185428421791
512,18.6,867.8081705662007
512,18.7,872.1879871973052
512,18.8,954.7899009885491
512,18.900000000000002,932.604303689119
512,19.0,895.7405642743146
512,19.1,941.2521385343132
512,19.200000000000003,841.2843635269226
512,19.3,822.4985777117172
512,19.400000000000002,802.4901539112338
512,19.5,799.8607040774766
512,19.6,926.0154475738294
512,19.700000000000003,899.0896822369832
512,19.8,829.184778666165
512,19.900000000000002,886.3583432625223
512,20.0,985.7412382873225
512,20.1,980.3289676808089
512,20.200000000000003,935.0688482602734
512,20.3,867.6144713514176
512,20.400000000000002,805.6427179987708
512,20.5,853.1291401683754
512,20.6,972.5537971994908
512,20.700000000000003,901.4541520402465
512,20.8,974.8024073928332
512,20.900000000000002,870.0283374849914
512,21.0,790.6509024322863
512,21.1,841.2004734566283
512,21.200000000000003,922.5838325732867
512,21.3,973.0090762192427
512,21.400000000000002,998.9783329875241
512,21.5,970.7190605590469
512,21.6,967.5985143317505
512,21.700000000000003,1003.1405832654464
512,21.8,950.3317717599361
512,21.900000000000002,805.0118665517417
512,22.0,773.207608978099
512,22.1,829.4139679952955
512,22.200000000000003,778.6294780605307
512,22.3,633.498988418487
512,22.400000000000002,817.4029120118901
512,22.5,854.6799699536062
512,22.6,851.8263152982453
512,22.700000000000003,874.5953590303893
512,22.8,914.1012815245449
512,22.900000000000002,946.1840041763201
512,23.0,906.6213399444495
512,23.1,971.3121558503435
512,23.200000000000003,870.4690881317891
512,23.3,986.4034499989285
512,23.400000000000002,1037.5680733579206
512,23.5,1007.8704548796203
512,23.6,922.6778096040051
512,23.700000000000003,895.2976680047693
512,23.8,884.4047312897167
512,23.900000000000002,962.0273344580222
512,24.0,794.9479998332849
512,24.1,886.8668233163421
512,24.200000000000003,849.138987267669
512,24.3,946.2852745593856
512,24.400000000000002,837.9122819691918
512,24.5,967.068793588284
512,24.6,899.875528393647
512,24.700000000000003,769.9684824648775
512,24.8,952.2575692182562
512,24.900000000000002,849.1861010592352
512,25.0,888.3996593044307
512,25.1,829.950399461661
512,25.200000000000003,821.9524996649019
512,25.3,861.6972828008417
512,25.400000000000002,1035.9861914897242
512,25.5,947.7045975971398
512,25.6,850.2293087403111
512,25.700000000000003,823.3295036122215
512,25.8,965.0731814283666
512,25.900000000000002,820.5477984560022
512,26.0,859.9712959940547
512,26.1,900.6143880941155
512,26.200000000000003,899.8305501907862
512,26.3,814.1679238633076
512,26.400000000000002,935.4549375532548
512,26.5,999.7083368924443
512,26.6,968.714287857855
512,26.700000000000003,968.6613167689264
512,26.8,964.1535344112699
512,26.900000000000002,947.9707765673899
512,27.0,1041.772062350468
512,27.1,911.8443909159213
512,27.200000000000003,836.1229380016971
512,27.3,801.2390571803568
512,27.400000000000002,891.0902833264377
512,27.5,1003.6215387155997
512,27.6,821.7377794049011
512,27.700000000000003,941.5800668423949
512,27.8,908.668445546457
512,27.900000000000002,796.6572055919041
512,28.0,751.8014825073407
512,28.1,891.2864255479886
512,28.200000000000003,1059.318027677089
512,28.3,1036.8154634894884
512,28.400000000000002,965.4638854662643
512,28.5,827.6688685628949
512,28.6,962.9468685085446
512,28.700000000000003,797.3666409569524
512,28.8,815.2663530933614
512,28.900000000000002,833.1111387574308
512,29.0,951.2870812883801
512,29.1,1016.1629672114951
512,29.200000000000003,810.6576951771516
512,29.3,843.2812603756785
512,29.400000000000002,834.3603304229523
512,29.5,627.8493518475781
512,29.6,884.0801080292798
512,29.700000000000003,1038.3651449062652
512,29.8,848.1663460165427
512,29.900000000000002,849.5836455718444
512,30.0,818.9773435871296
512,30.1,956.3413028916775
512,30.200000000000003,810.4652059876113
512,30.3,768.389252856955
512,30.400000000000002,1031.819066801929
512,30.5,714.7758164860467
512,30.6,861.1694571593242
512,30.700000000000003,858.49710264066
512,30.8,780.4484652125449
512,30.900000000000002,836.1233342958454
512,31.0,852.4118763370449
512,31.1,847.8781689189385
512,31.200000000000003,856.3219734749306
512,31.3,808.7576839753883
512,31.400000000000002,965.1995321380568
512,31.5,840.2492850865722
512,31.6,955.5197743879222
512,31.700000000000003,845.7493824660814
512,31.8,912.6702125372256
512,31.900000000000002,936.7277888860575
512,32.0,831.4480685818372
512,32.1,1007.2511594226701
512,32.2,906.4738918897667
512,32.300000000000004,864.5987615919844
512,32.4,943.9487345909413
512,32.5,1084.484615818618
512,32.6,993.4838156116064
512,32.7,861.4851664050647
512,32.800000000000004,1043.2943346641775
512,32.9,994.4661230976773
512,33.0,845.1190587760336
512,33.1,848.8874160090294
512,33.2,801.4897042657851
512,33.300000000000004,949.3005568306373
512,33.4,813.728327210452
512,33.5,1057.7430918342807
512,33.6,899.9867080918193
512,33.7,903.7733608747766
512,33.800000000000004,866.0812254083253
512,33.9,771.801512326694
512,34.0,790.1715460720376
512,34.1,876.6654199217237
512,34.2,802.9635733274278
512,34.300000000000004,736.1775576363133
512,34.4,884.1092211512677
512,34.5,876.4278764771544
512,34.6,733.771973588346
512,34.7,948.8568554378072
512,34.800000000000004,869.3893100447852
512,34.9,838.6753424885552
512,35.0,832.5228404666018
512,35.1,850.7652433619619
512,35.2,942.3424625638708
512,35.300000000000004,806.3715755081611
512,35.4,741.2075161228137
512,35.5,915.7084045679908
512,35.6,850.2172306452369
512,35.7,865.0628994416553
512,35.800000000000004,750.8950686590356
512,35.9,791.2870776548823
512,36.0,764.5707076565905
512,36.1,909.9858390800076
512,36.2,847.5524755090811
512,36.300000000000004,516.0981690639791
512,36.4,829.1509199827788
512,36.5,789.9850768429291
512,36.6,879.3397938711448
512,36.7,838.2390098553025
512,36.800000000000004,992.7735328274231
512,36.9,834.0955832546533
512,37.0,813.6262592178106
512,37.1,901.5480863990753
512,37.2,826.3232949746036
512,37.300000000000004,864.0058576784496
512,37.4,882.6167245674739
512,37.5,837.492034139003
512,37.6,971.7825364575845
512,37.7,847.6328005586164
512,37.800000000000004,869.4374159650437
512,37.9,1060.932725121383
512,38.0,908.0156284641414
512,38.1,984.776543525148
512,38.2,766.4701768685057
512,38.300000000000004,805.7529614930801
512,38.400000000000006,852.242056496095
512,38.5,819.0010264598606
512,38.6,799.0944198869925
512,38.7,763.8141199178605
512,38.800000000000004,856.5013240121424
512,38.900000000000006,870.5143320502308
512,39.0,978.2005259892513
512,39.1,1084.7205733824271
512,39.2,864.1705059840791
512,39.300000000000004,1000.1713153831761
512,39.400000000000006,692.9388196889944
512,39.5,823.0998898240063
512,39.6,856.9368624325411
512,39.7,999.6817704574893
512,39.800000000000004,871.2910743198536
512,39.900000000000006,821.8968873989725
512,40.0,806.3570257469447
512,40.1,802.3822372352954
512,40.2,850.3375822929316
512,40.300000000000004,975.8878948061235
512,40.400000000000006,774.451820863442
512,40.5,837.3296022329628
512,40.6,694.228130914778
512,40.7,967.4666609096682
512,40.800000000000004,911.1641434863719
512,40.900000000000006,803.6512157770137
512,41.0,959.5164107386255
512,41.1,1037.9469187498669
512,41.2,924.053279918054
512,41.300000000000004,1026.2415288595114
512,41.400000000000006,999.6043685154415
512,41.5,982.0424510294181
512,41.6,1043.4883747610954
512,41.7,967.6125168921028
512,41.800000000000004,964.9100302361373
512,41.900000000000006,929.4883057819878
512,42.0,774.6191733176421
512,42.1,817.478049015945
512,42.2,958.708626473373
512,42.300000000000004,999.5850710866954
512,42.400000000000006,1011.1310371271055
512,42.5,1001.7850375357327
512,42.6,821.5665308196659
512,42.7,810.8133600422759
512,42.800000000000004,821.7584138933696
512,42.900000000000006,902.3906866805012
512,43.0,830.3788854311077
512,43.1,783.9224785290625
512,43.2,893.241969555647
512,43.300000000000004,890.4619115807155
512,43.400000000000006,932.8035931482522
512,43.5,807.6299348775276
512,43.6,877.0916886600216
512,43.7,810.414716320244
512,43.800000000000004,827.4487660449905
512,43.900000000000006,809.9839266796832
512,44.0,799.3049580473521
512,44.1,785.6671412708341
1024,0.0,885.055
1024,0.1,860.0505366624824
1024,0.2,802.4401955548674
1024,0.30000000000000004,809.3586351843651
1024,0.4,911.3948830819726
1024,0.5,969.3417023769916
1024,0.6000000000000001,822.444308069607
1024,0.7000000000000001,828.8786162737637
1024,0.8,956.7846739442178
1024,0.9,934.1925890376823
1024,1.0,795.8344607062209
1024,1.1,889.3963878921495
1024,1.2000000000000002,976.4355983654937
1024,1.3,870.2529577864644
1024,1.4000000000000001,815.8053850852062
1024,1.5,923.8421345547032
1024,1.6,959.7575664157449
1024,1.7000000000000002,790.6117977209876
1024,1.8,815.5217098244763
1024,1.9000000000000001,985.3640881077615
1024,2.0,993.8937623998119
1024,2.1,822.7953073346657
1024,2.2,818.5744377999199
1024,2.3000000000000003,1005.8344629030454
1024,2.4000000000000004,1009.4168656135621
1024,2.5,855.8632804681376
1024,2.6,921.8653215210619
1024,2.7,964.3124183333252
1024,2.8000000000000003,852.5156559453528
1024,2.9000000000000004,807.7762272252431
1024,3.0,870.6020392673337
1024,3.1,1005.1562918949816
1024,3.2,969.5425779709575
1024,3.3000000000000003,809.2493724207385
1024,3.4000000000000004,907.0458388428046
1024,3.5,1044.563519754848
1024,3.6,964.863660442918
1024,3.7,844.9904184256127
1024,3.8000000000000003,942.6762138391031
1024,3.9000000000000004,1012.7827698587665
1024,4.0,967.3666153498
1024,4.1000000000000005,821.2393915841243
1024,4.2,875.0164511184364
1024,4.3,981.5366288881215
1024,4.4,877.7963362857657
1024,4.5,819.7000494817612
1024,4.6000000000000005,875.4932846295677
1024,4.7,983.8682425716892
1024,4.800000000000001,944.2863810866427
1024,4.9,822.8317068828046
1024,5.0,831.8273026213773
1024,5.1000000000000005,966.9254055362811
1024,5.2,933.2685643078166
1024,5.300000000000001,814.4458997564961
1024,5.4,816.9411722799628
1024,5.5,936.693846231175
1024,5.6000000000000005,1014.6944230153439
1024,5.7,842.338237874648
1024,5.800000000000001,687.7601406370671
1024,5.9,825.156216696363
1024,6.0,803.0762620219848
1024,6.1000000000000005,864.8852441451924
1024,6.2,959.0904738819792
1024,6.300000000000001,722.5960519148146
1024,6.4,971.1931518634786
1024,6.5,1042.9483677916303
1024,6.6000000000000005,937.7151408784468
1024,6.7,840.0645013335621
1024,6.800000000000001,896.508837019903
1024,6.9,909.36081148966
1024,7.0,966.2230252762621
1024,7.1000000000000005,889.3059757664105
1024,7.2,861.3636326506536
1024,7.300000000000001,966.4750558241929
1024,7.4,1031.1164492142957
1024,7.5,1055.4046648156175
1024,7.6000000000000005,1021.5013029615785
1024,7.7,871.3006751607771
1024,7.800000000000001,949.0733854037145
1024,7.9,1043.0246978006194
1024,8.0,899.0133570477839
1024,8.1,1017.1395500637045
1024,8.200000000000001,876.0993985996885
1024,8.3,842.019314174843
1024,8.4,995.9229427468147
1024,8.5,879.3373385808042
1024,8.6,877.1206615298847
1024,8.700000000000001,992.5620604341399
1024,8.8,777.3812104849418
1024,8.9,890.1993920722424
1024,9.0,1028.4896199720824
1024,9.1,908.3210824137238
1024,9.200000000000001,782.6438346969479
1024,9.3,613.4585948683282
1024,9.4,382.58142120569846
1024,9.5,868.2320277079284
1024,9.600000000000001,737.6806149952483
1024,9.700000000000001,789.267506033409
1024,9.8,782.9916682168149
1024,9.9,881.7495810617181
1024,10.0,964.1274968776942
1024,10.100000000000001,430.7731378813623
1024,10.200000000000001,948.5867385982735
1024,10.3,745.5042174544404
1024,10.4,637.2914784156615
1024,10.5,914.6572982017855
1024,10.600000000000001,1020.2053618317584
1024,10.700000000000001,461.6727728737137
1024,10.8,881.9437697516184
1024,10.9,438.79963231554797
1024,11.0,1024.5475659123774
1024,11.100000000000001,379.4206618766864
1024,11.200000000000001,344.9506728623667
1024,11.3,343.3045753461978
1024,11.4,986.2019598090396
1024,11.5,708.1038191152937
1024,11.600000000000001,890.8257533981664
1024,11.700000000000001,1019.1646087948587
1024,11.8,680.344167808264
1024,11.9,780.3236401511076
1024,12.0,912.4865066524746
1024,12.100000000000001,781.4235691583668
1024,12.200000000000001,924.0041425440754
1024,12.3,1009.9141031400264
1024,12.4,992.0567565426581
1024,12.5,830.1556624596524
1024,12.600000000000001,1027.4040872037065
1024,12.700000000000001,1051.0467953463778
1024,12.8,1059.3106459851676
1024,12.9,940.7783149063985
1024,13.0,785.1606046739279
1024,13.100000000000001,1044.1633394862286
1024,13.200000000000001,1038.176319419402
1024,13.3,518.5521852854275
1024,13.4,849.9615853682022
1024,13.5,999.9010770989748
1024,13.600000000000001,993.478593802264
1024,13.700000000000001,904.0387475289052
1024,13.8,812.356497396005
1024,13.9,993.6063928518522
1024,14.0,1088.583296280419
1024,14.100000000000001,697.0034220804633
1024,14.200000000000001,747.0411315210434
1024,14.3,903.3231550060868
1024,14.4,827.0608449877213
1024,14.5,970.2422116394556
1024,14.600000000000001,757.6685102940095
1024,14.700000000000001,1019.3879519520578
1024,14.8,828.0372149704718
1024,14.9,720.9428168642653
1024,15.0,1000.4490638666767
1024,15.100000000000001,859.2874328369404
1024,15.200000000000001,845.3924070871036
1024,15.3,749.8740190075495
1024,15.4,658.0002957057753
1024,15.5,1019.0074893306845
1024,15.600000000000001,837.3762538777034
1024,15.700000000000001,821.4459323535225
1024,15.8,1064.8392829317554
1024,15.9,988.6706760920822
1024,16.0,797.7261978503384
1024,16.1,840.0137995996871
1024,16.2,619.3497778721784
1024,16.3,844.115999512811
1024,16.400000000000002,1034.4553720140102
1024,16.5,976.483842500929
1024,16.6,1046.049959434271
1024,16.7,1087.7292137500951
1024,16.8,809.9151844992714
1024,16.900000000000002,688.7685827497156
1024,17.0,802.9685474993391
1024,17.1,467.28114207942514
1024,17.2,728.977543336935
1024,17.3,548.5045196772747
1024,17.400000000000002,800.6773926340778
1024,17.5,966.7557243379199
1024,17.6,734.6349394103344
1024,17.7,936.5096871312818
1024,17.8,1008.7928521943554
1024,17.900000000000002,608.8721080258593
1024,18.0,786.6513521426309
1024,18.1,1064.4824486588275
1024,18.2,960.9839074444367
1024,18.3,836.3381460856758
1024,18.400000000000002,854.8432491758931
1024,18.5,992.0346170069874
1024,18.6,464.75449571793763
1024,18.7,982.6551920432845
1024,18.8,986.9185973299424
1024,18.900000000000002,444.71662418957436
1024,19.0,510.4154290986018
1024,19.1,796.7581967345702
1024,19.200000000000003,818.9343194278727
1024,19.3,527.3922708837862
1024,19.400000000000002,664.2975507317618
1024,19.5,792.4445769207919
1024,19.6,881.7632884892782
1024,19.700000000000003,586.7119078636968
1024,19.8,910.6993233349326
1024,19.900000000000002,655.3713306779765
1024,20.0,732.9923815929457
1024,20.1,574.5990080502286
1024,20.200000000000003,566.288096136911
1024,20.3,833.9437021848227
1024,20.400000000000002,574.2633118092679
1024,20.5,747.9010774890878
1024,20.6,600.1194027666829
1024,20.700000000000003,604.5305415270542
1024,20.8,778.2330244735679
1024,20.900000000000002,1019.184028449002
1024,21.0,924.2666083442837
1024,21.1,1048.907697756616
1024,21.200000000000003,1092.9637335398934
1024,21.3,663.0184496314891
1024,21.400000000000002,747.7145727308393
1024,21.5,811.6088908257491
1024,21.6,801.9837877645222
1024,21.700000000000003,886.3379213212315
1024,21.8,934.030287345207
1024,21.900000000000002,742.4892277489196
1024,22.0,775.0535651570251
1024,22.1,476.3985509040255
1024,22.200000000000003,623.3965253549176
1024,22.3,694.6042591931703
1024,22.400000000000002,770.6729100130085
1024,22.5,677.0511852476191
1024,22.6,610.2535665203353
1024,22.700000000000003,903.2916364569625
1024,22.8,614.9235661683329
1024,22.900000000000002,800.4775353147965
1024,23.0,858.3754317094466
1024,23.1,934.8386293927311
1024,23.200000000000003,1024.1076936562883
1024,23.3,498.7104171505401
1024,23.400000000000002,889.6813485762628
1024,23.5,573.6898323740031
1024,23.6,505.14567553158275
1024,23.700000000000003,667.4889310454139
1024,23.8,901.837095288547
1024,23.900000000000002,649.7031072195003
1024,24.0,848.1303689213312
1024,24.1,906.3662125637355
1024,24.200000000000003,794.9137452559179
1024,24.3,750.0105248516179
1024,24.400000000000002,843.2211728582639
1024,24.5,990.7623973679392
1024,24.6,559.9457318390918
1024,24.700000000000003,651.3091116547466
1024,24.8,459.121092733574
1024,24.900000000000002,652.1944781482198
1024,25.0,768.1107510286598
1024,25.1,732.5464138649841
1024,25.200000000000003,651.0739097763245
1024,25.3,588.2312868655931
1024,25.400000000000002,822.1560194571107
1024,25.5,652.5402611126063
1024,25.6,877.1906110734052
1024,25.700000000000003,970.8500357281342
1024,25.8,632.0015681866635
1024,25.900000000000002,679.9675219578719
1024,26.0,790.4828889507945
1024,26.1,962.5891712698385
1024,26.200000000000003,695.1636359873319
1024,26.3,749.0314011200354
1024,26.400000000000002,871.861379690425
1024,26.5,634.0682316616659
1024,26.6,547.874759066239
1024,26.700000000000003,909.0396964044035
1024,26.8,876.9662464737088
1024,26.900000000000002,973.120380808888
1024,27.0,828.4681392332702
1024,27.1,677.5688411532233
1024,27.200000000000003,796.5790705937883
1024,27.3,859.8526004344502
1024,27.400000000000002,568.4367085983104
1024,27.5,773.4160967625163
1024,27.6,654.1635868367838
1024,27.700000000000003,375.75287762911034
1024,27.8,664.7773284542468
1024,27.900000000000002,706.7731524250411
1024,28.0,643.5087399349837
1024,28.1,817.6768741298819
1024,28.200000000000003,857.6080059491184
1024,28.3,951.1978902367292
1024,28.400000000000002,868.1605306636386
1024,28.5,689.2300688370166
1024,28.6,842.2053413015949
1024,28.700000000000003,710.0889410820268
1024,28.8,644.9885549036051
1024,28.900000000000002,655.0818317730245
1024,29.0,513.5246053964186
1024,29.1,501.41765474183865
1024,29.200000000000003,547.1042347374168
1024,29.3,706.6510611877578
1024,29.400000000000002,914.7941625713293
1024,29.5,962.1161354489237
1024,29.6,872.4427286647277
1024,29.700000000000003,556.0840791378919
1024,29.8,765.3856151060551
1024,29.900000000000002,766.9685329140233
1024,30.0,862.4800809770072
1024,30.1,542.090535515501
1024,30.200000000000003,357.66166951087104
1024,30.3,641.1926449371592
1024,30.400000000000002,701.0157988738432
1024,30.5,412.22307949091135
1024,30.6,770.1020802593688
1024,30.700000000000003,623.5342921334759
1024,30.8,493.46660101936476
1024,30.900000000000002,748.5088297417803
1024,31.0,543.8394367891383
1024,31.1,543.0484633744449
1024,31.200000000000003,757.5327820916299
1024,31.3,717.9350767607399
1024,31.400000000000002,578.6856679175547
1024,31.5,744.6404924907191
1024,31.6,763.9433347446014
1024,31.700000000000003,806.8012395107073
1024,31.8,771.662565565632
1024,31.900000000000002,870.2290761284142
1024,32.0,603.1745759145739
1024,32.1,794.8087978385512
1024,32.2,1097.41409993357
1024,32.300000000000004,896.5759042297431
1024,32.4,699.4376688860619
1024,32.5,606.6182494015649
1024,32.6,496.74929180446185
1024,32.7,552.6704017337787
1024,32.800000000000004,673.6423501982588
1024,32.9,606.2715340124901
1024,33.0,590.6912163980192
1024,33.1,715.8717019172094
1024,33.2,662.3295793063974
1024,33.300000000000004,652.6978984752911
1024,33.4,786.4607507286091
1024,33.5,769.9966282399208
1024,33.6,826.5275196230459
1024,33.7,860.4578434947881
1024,33.800000000000004,929.0576795803611
1024,33.9,699.0399406447757
1024,34.0,682.1131484682247
1024,34.1,849.9474022809457
1024,34.2,550.1114331908335
1024,34.300000000000004,289.5288104804843
1024,34.4,370.99267293758345
1024,34.5,770.042859783547
1024,34.6,844.0151648681626
1024,34.7,780.4915898851226
1024,34.800000000000004,898.3889729671549
1024,34.9,798.7305117482798
1024,35.0,450.2915683573789
1024,35.1,691.6718054030343
1024,35.2,799.395206010729
1024,35.300000000000004,875.1118362218052
1024,35.4,811.3878863589014
1024,35.5,433.93188038577244
1024,35.6,449.730272583146
1024,35.7,453.7770787528079
1024,35.800000000000004,387.2271645255501
1024,35.9,594.6407273347006
1024,36.0,820.5482632632096
1024,36.1,852.668364281639
1024,36.2,769.1303002777886
1024,36.300000000000004,858.8858659816357
1024,36.4,821.254718178423
1024,36.5,784.4024974661237
1024,36.6,787.5977985930886
1024,36.7,878.309399500914
1024,36.800000000000004,730.8707178490312
1024,36.9,435.7198144933726
1024,37.0,608.8011603890699
1024,37.1,717.0709476957082
1024,37.2,731.7225786775072
1024,37.300000000000004,814.4876758421877
1024,37.4,847.8059041609818
1024,37.5,811.4722953336652
1024,37.6,808.3060511751788
1024,37.7,650.7306681002649
1024,37.800000000000004,742.0767218957999
1024,37.9,829.0091201317052
1024,38.0,674.1010185188713
1024,38.1,617.4832979440944
1024,38.2,722.9065160535018
1024,38.300000000000004,911.9928632446249
1024,38.400000000000006,732.6515553969903
1024,38.5,598.5753752992033
1024,38.6,659.9182641373105
1024,38.7,678.6220296807014
1024,38.800000000000004,586.3394932489647
1024,38.900000000000006,563.2147748605792
1024,39.0,623.3741000226296
1024,39.1,686.0635044557032
1024,39.2,666.535928968757
1024,39.300000000000004,485.8387850162233
1024,39.400000000000006,498.15133515858525
1024,39.5,792.3548466862676
1024,39.6,654.418890486522
1024,39.7,689.0058807131893
1024,39.800000000000004,758.7521323195743
1024,39.900000000000006,513.8058626661474
1024,40.0,614.4912985893379
1024,40.1,595.3458853802579
2048,0.0,916.914
2048,0.1,801.9816312921189
2048,0.2,764.0419285236121
2048,0.30000000000000004,761.9233473345256
2048,0.4,788.1152209705418
2048,0.5,868.4441712812943
2048,0.6000000000000001,923.9171044164602
2048,0.7000000000000001,911.303828648264
2048,0.8,936.8268060928931
2048,0.9,842.6657194040288
2048,1.0,790.1242030361525
2048,1.1,778.3528799554687
2048,1.2000000000000002,750.2992380362085
2048,1.3,853.5396678635719
2048,1.4000000000000001,931.4313818445136
2048,1.5,943.1322824459808
2048,1.6,930.788104845496
2048,1.7000000000000002,828.5070919093833
2048,1.8,779.1413514365003
2048,1.9000000000000001,754.9984222101733
2048,2.0,858.5721294487979
2048,2.1,850.0397561034209
2048,2.2,923.2178186974488
2048,2.3000000000000003,982.1112893491435
2048,2.4000000000000004,977.2759140388285
2048,2.5,840.7121111021158
2048,2.6,802.3928797452194
2048,2.7,795.7139918996276
2048,2.8000000000000003,772.0041003512097
2048,2.9000000000000004,900.2650109156671
2048,3.0,932.8541270309207
2048,3.1,843.1418085196384
2048,3.2,801.2390871894323
2048,3.3000000000000003,791.990081483201
2048,3.4000000000000004,792.9975810653341
2048,3.5,810.0575503694497
2048,3.6,792.1605687810542
2048,3.7,879.4458487681482
2048,3.8000000000000003,964.4468306882309
2048,3.9000000000000004,959.849711304853
2048,4.0,831.997753211994
2048,4.1000000000000005,759.8890424040255
2048,4.2,788.9105194689845
2048,4.3,877.1530897286548
2048,4.4,895.6009151183258
2048,4.5,902.6873617186998
2048,4.6000000000000005,907.9241080038076
2048,4.7,829.9111654518615
2048,4.800000000000001,768.8253156511405
2048,4.9,826.6351831639075
2048,5.0,809.8597626003409
2048,5.1000000000000005,804.9097509114508
2048,5.2,896.9081339662445
2048,5.300000000000001,934.7827348187518
2048,5.4,976.4312297361611
2048,5.5,860.717742144402
2048,5.6000000000000005,799.7435188894256
2048,5.7,775.9606282451545
2048,5.800000000000001,746.5603459901986
2048,5.9,824.5917508317372
2048,6.0,883.126065323952
2048,6.1000000000000005,921.732857794266
2048,6.2,951.0458433232317
2048,6.300000000000001,906.5049767291458
2048,6.4,824.3197242539258
2048,6.5,797.4711682079385
2048,6.6000000000000005,769.0846468218343
2048,6.7,823.9875609281571
2048,6.800000000000001,880.2272290843807
2048,6.9,926.2781242745084
2048,7.0,948.8582297041567
2048,7.1000000000000005,911.1832719593731
2048,7.2,860.5632541538051
2048,7.300000000000001,824.2013109308942
2048,7.4,828.3166554451108
2048,7.5,799.7362026326551
2048,7.6000000000000005,880.4530195132174
2048,7.7,940.6916072809036
2048,7.800000000000001,955.3710687171709
2048,7.9,969.568203203025
2048,8.0,865.0162187903292
2048,8.1,763.2402221843874
2048,8.200000000000001,758.5452095014721
2048,8.3,756.904428583669
2048,8.4,872.7190329729312
2048,8.5,972.1397397920184
2048,8.6,974.627843239809
2048,8.700000000000001,891.3885812050255
2048,8.8,816.6828823494105
2048,8.9,783.1671760667552
2048,9.0,766.5858904862941
2048,9.1,754.1878129428522
2048,9.200000000000001,854.3431101609335
2048,9.3,944.3848344522013
2048,9.4,947.375166993538
2048,9.5,965.1548612551935
2048,9.600000000000001,964.8553908162556
2048,9.700000000000001,951.6754375061606
2048,9.8,849.4186330093191
2048,9.9,785.7123855221998
2048,10.0,848.5359197670017
2048,10.100000000000001,918.1944842484226
2048,10.200000000000001,948.8172160687286
2048,10.3,968.0837629923136
2048,10.4,977.8554322252539
2048,10.5,968.9481604126619
2048,10.600000000000001,843.5046290988429
2048,10.700000000000001,763.7617200173414
2048,10.8,784.641622834177
2048,10.9,858.2927286727404
2048,11.0,927.7570196232095
2048,11.100000000000001,961.8503097767036
2048,11.200000000000001,986.2930409573216
2048,11.3,969.548575401827
2048,11.4,863.0218233939853
2048,11.5,777.511575563099
2048,11.600000000000001,767.706640131396
2048,11.700000000000001,764.1148530160352
2048,11.8,847.814110400344
2048,11.9,938.5032570560462
2048,12.0,960.8726328824865
2048,12.100000000000001,964.9067155956221
2048,12.200000000000001,889.992348563672
2048,12.3,798.6666751025692
2048,12.4,796.6447490255281
2048,12.5,807.565847111504
2048,12.600000000000001,835.3427766343118
2048,12.700000000000001,913.5709849794829
2048,12.8,948.6826144750564
2048,12.9,940.1501721472736
2048,13.0,865.3090376532816
2048,13.100000000000001,808.9183921539217
2048,13.200000000000001,806.1324030309011
2048,13.3,786.681558064977
2048,13.4,840.9935328602031
2048,13.5,885.4073593545667
2048,13.600000000000001,926.7414574131637
2048,13.700000000000001,952.9226295479707
2048,13.8,953.3466208972546
2048,13.9,981.2885404558479
2048,14.0,882.5302469542139
2048,14.100000000000001,769.4100946942914
2048,14.200000000000001,753.1220451825016
2048,14.3,796.8553563826226
2048,14.4,881.5664415257205
2048,14.5,951.6668580544163
2048,14.600000000000001,987.1158394338836
2048,14.700000000000001,908.8600917592339
2048,14.8,830.2173221342172
2048,14.9,804.2767580020085
2048,15.0,811.408206628478
2048,15.100000000000001,896.3561941816147
2048,15.200000000000001,955.6902195758028
2048,15.3,982.8005875110591
2048,15.4,822.7519983306944
2048,15.5,460.007378552818
2048,15.600000000000001,556.9942571425947
2048,15.700000000000001,951.3808009291066
2048,15.8,988.2423220827983
2048,15.9,913.2548078997112
2048,16.0,762.8067663433392
2048,16.1,754.3795979891631
2048,16.2,815.3714343055588
2048,16.3,940.4579611427176
2048,16.400000000000002,995.6026378003141
2048,16.5,929.7656061305655
2048,16.6,907.9862319587418
2048,16.7,810.3630726510181
2048,16.8,773.0819464020066
2048,16.900000000000002,780.1480589429325
2048,17.0,827.6926420936513
2048,17.1,936.1310562520791
2048,17.2,1074.6264401527737
2048,17.3,1032.1454252978467
2048,17.400000000000002,714.6726942204234
2048,17.5,603.5195166714266
2048,17.6,619.557494599714
2048,17.7,715.6876310912933
2048,17.8,726.1304950205014
2048,17.900000000000002,706.1353001231902
2048,18.0,780.4097731006772
2048,18.1,822.4952469864671
2048,18.2,736.25404529143
2048,18.3,488.3946744923196
2048,18.400000000000002,693.0269593049417
2048,18.5,908.2245091511375
2048,18.6,950.9141727566891
2048,18.7,974.5819558301168
2048,18.8,985.9528164089621
2048,18.900000000000002,922.6677973358894
2048,19.0,799.3402312994184
2048,19.1,773.9306156643495
2048,19.200000000000003,789.0661246678113
2048,19.3,862.2471668827897
2048,19.400000000000002,932.8276756000929
2048,19.5,695.4115229693004
2048,19.6,432.09994777485184
2048,19.700000000000003,757.2656878362332
2048,19.8,864.6899529662053
2048,19.900000000000002,940.1437174294774
2048,20.0,966.9700826482433
2048,20.1,992.06650669991
2048,20.200000000000003,953.2311511485798
2048,20.3,840.6984763652115
2048,20.400000000000002,788.1804131880274
2048,20.5,778.1023521463584
2048,20.6,776.6010283328296
2048,20.700000000000003,838.6625960905867
2048,20.8,931.4065610562818
2048,20.900000000000002,964.8004975468755
2048,21.0,971.9495877765929
2048,21.1,939.696556481585
2048,21.200000000000003,825.773729944473
2048,21.3,778.6609995594426
2048,21.400000000000002,713.6780814904731
2048,21.5,715.9769319409957
2048,21.6,758.7375094230161
2048,21.700000000000003,733.7631302736979
2048,21.8,808.9961696539578
2048,21.900000000000002,765.4195401278402
2048,22.0,878.6328973401774
2048,22.1,953.0555282218219
2048,22.200000000000003,1021.9989500391271
2048,22.3,1070.8690109546405
2048,22.400000000000002,981.9022996753874
2048,22.5,1057.716112364577
2048,22.6,980.4201781712371
2048,22.700000000000003,968.8613565092495
2048,22.8,995.7347599685709
2048,22.900000000000002,997.0662848550359
2048,23.0,919.1601017885505
2048,23.1,797.551794721402
2048,23.200000000000003,785.059944611214
2048,23.3,773.2048922495609
2048,23.400000000000002,775.509614620446
2048,23.5,783.6513534868986
2048,23.6,728.303596007903
2048,23.700000000000003,465.1253306998987
2048,23.8,760.1336440690885
2048,23.900000000000002,780.3524812109274
2048,24.0,706.2139649766583
2048,24.1,537.306369287103
2048,24.200000000000003,620.8324552156928
2048,24.3,786.6813853686489
2048,24.400000000000002,761.7387261398256
2048,24.5,754.4866554451768
2048,24.6,753.4604132173043
2048,24.700000000000003,664.6168539222549
2048,24.8,668.1829399215965
2048,24.900000000000002,703.9684910305533
2048,25.0,699.9090834599683
2048,25.1,624.409668218927
2048,25.200000000000003,749.9070614633027
2048,25.3,744.9499475316047
2048,25.400000000000002,751.3205043803334
2048,25.5,761.9658193658604
2048,25.6,841.2762510055106
2048,25.700000000000003,893.904861978169
2048,25.8,879.3318470840874
2048,25.900000000000002,680.4709940512786
2048,26.0,432.722673992892
2048,26.1,600.7598528912116
2048,26.200000000000003,743.4376057503349
2048,26.3,744.7793955228242
2048,26.400000000000002,668.8832627753787
2048,26.5,650.3180526102896
2048,26.6,545.7175898103644
2048,26.700000000000003,1029.5619140772799
2048,26.8,989.5072075121305
2048,26.900000000000002,973.5617568126155
2048,27.0,892.4921770946014
2048,27.1,857.2310237620571
2048,27.200000000000003,931.4092556426223
2048,27.3,917.4131308945226
2048,27.400000000000002,841.1058483167473
2048,27.5,780.5376135386462
2048,27.6,521.4923942900167
2048,27.700000000000003,718.0395141504677
2048,27.8,683.7068174933555
2048,27.900000000000002,533.6221881914621
2048,28.0,616.2604119929856
2048,28.1,672.6604596826875
2048,28.200000000000003,595.7229630241499
2048,28.3,1020.7080017609819
2048,28.400000000000002,906.399129409973
2048,28.5,812.0680703110677
2048,28.6,298.32132541628266
2048,28.700000000000003,589.182770015756
2048,28.8,710.169730213746
2048,28.900000000000002,622.010499057914
2048,29.0,772.5022789915887
2048,29.1,720.735743869321
2048,29.200000000000003,616.9634504495598
2048,29.3,842.7277507405794
2048,29.400000000000002,513.2938891543663
2048,29.5,997.0792595717314
2048,29.6,1044.1179625559812
2048,29.700000000000003,757.3486019487647
2048,29.8,735.7124585457798
2048,29.900000000000002,862.237096113456
2048,30.0,738.6538012106722
2048,30.1,504.213963156582
2048,30.200000000000003,678.1350113114065
2048,30.3,605.3261503258589
2048,30.400000000000002,506.3179571202794
2048,30.5,979.4319814699727
2048,30.6,977.2648688656682
2048,30.700000000000003,930.257837871935
2048,30.8,973.1086716587985
2048,30.900000000000002,972.8289295225121
2048,31.0,981.7493885312101
2048,31.1,996.2902870814717
2048,31.200000000000003,1021.1255869285474
2048,31.3,1123.3004229775656
2048,31.400000000000002,944.4239294959427
2048,31.5,915.5860220043195
2048,31.6,963.2641279795232
2048,31.700000000000003,965.9777381476617
2048,31.8,773.763460434052
2048,31.900000000000002,968.4977149731036
2048,32.0,902.0947790210456
2048,32.1,931.7966057055328
2048,32.2,785.2127665525516
2048,32.300000000000004,617.375913378876
2048,32.4,605.1934988737705
2048,32.5,561.4220630024673
2048,32.6,724.2026865980541
2048,32.7,638.3961854826971
2048,32.800000000000004,704.4888814772023
2048,32.9,983.0441025636138
2048,33.0,989.6880972658568
2048,33.1,827.2281853699436
2048,33.2,789.4210366989977
2048,33.300000000000004,621.3121437838666
2048,33.4,936.3008149588447
2048,33.5,752.0725905278562
2048,33.6,784.6105592329388
2048,33.7,865.3543512879779
2048,33.800000000000004,882.0724360875864
2048,33.9,438.43014511920455
2048,34.0,559.7576517539012
2048,34.1,748.6787240265833
2048,34.2,736.9339972946132
2048,34.300000000000004,754.3757357729346
2048,34.4,769.7022248320775
2048,34.5,542.8227588597751
2048,34.6,500.2751609135424
2048,34.7,736.8824290148857
2048,34.800000000000004,745.0770097080376
2048,34.9,603.8703417679006
2048,35.0,588.9721148450377
2048,35.1,529.309037715179
2048,35.2,708.7971288383724
2048,35.300000000000004,468.5890404864976
2048,35.4,701.447757479491
2048,35.5,870.971001826447
2048,35.6,910.6623227487498
2048,35.7,917.8930253117619
2048,35.800000000000004,976.5302995134105
2048,35.9,773.8298590361854
2048,36.0,722.9787359301592
2048,36.1,652.9348703086456
2048,36.2,967.9511985020255
2048,36.300000000000004,626.0093735945919
2048,36.4,916.3337490766304
2048,36.5,381.3261394389341
2048,36.6,760.3556771600242
2048,36.7,752.7783974238744
2048,36.800000000000004,371.3904082008192
2048,36.9,488.4546431268762
2048,37.0,1038.744423272215
2048,37.1,758.7251492143932
2048,37.2,670.955794800544
2048,37.300000000000004,455.680555838339
2048,37.4,524.7619703956749
2048,37.5,1021.62568216081
2048,37.6,686.5060000799093
2048,37.7,319.57588242300614
2048,37.800000000000004,482.4027597170622
2048,37.9,960.7229665533455
2048,38.0,328.78777347241504
2048,38.1,282.02395364244006
2048,38.2,455.5781426975021
2048,38.300000000000004,749.6769145202845
2048,38.400000000000006,923.6361153787894
2048,38.5,583.7870984178847
2048,38.6,962.2956307349218
2048,38.7,932.9888311238115
2048,38.800000000000004,620.7074504797661
2048,38.900000000000006,712.882942115322
2048,39.0,607.910154854026
2048,39.1,441.2668127895236
2048,39.2,664.6916682270564
2048,39.300000000000004,985.5015898720984
2048,39.400000000000006,823.5934235517778
2048,39.5,621.2548645134907
2048,39.6,797.2998197202313
2048,39.7,472.6303902287607
2048,39.800000000000004,288.7368120053558
2048,39.900000000000006,927.9873219193646
2048,40.0,436.86316027269714
2048,40.1,283.8447586672108
2048,40.2,718.9947975020016
2048,40.300000000000004,627.8456200369982
2048,40.400000000000006,327.34017678677566
2048,40.5,827.8942116683658
2048,40.6,719.4370247818989
2048,40.7,875.5171255650315
2048,40.800000000000004,266.08831118569077
2048,40.900000000000006,279.3885360497343
2048,41.0,1022.2866122358694
2048,41.1,861.7654024024898
2048,41.2,683.2335439419893
2048,41.300000000000004,692.7622157998388
2048,41.400000000000006,837.4613652471454
2048,41.5,934.0858471755504
2048,41.6,487.8138486349714
2048,41.7,483.4626666323892
2048,41.800000000000004,718.348636772843
2048,41.900000000000006,716.0792161310408
2048,42.0,690.0043358972376
2048,42.1,506.23733434920297
2048,42.2,578.941736875324
2048,42.300000000000004,488.3613225893856
2048,42.400000000000006,909.3207637760174
2048,42.5,922.4090013069095
2048,42.6,562.1729000275957
2048,42.7,528.409996215219
2048,42.800000000000004,1028.054354610388
2048,42.900000000000006,879.7961625249399
2048,43.0,664.6662430773331
2048,43.1,339.7496189647366
2048,43.2,543.1622632421702
2048,43.300000000000004,964.4068672624419
2048,43.400000000000006,722.1509720559735
2048,43.5,732.7898959638226
2048,43.6,335.75756411986697
2048,43.7,1023.3340344573448
2048,43.800000000000004,816.8194180636118
2048,43.900000000000006,702.4307978390531
2048,44.0,584.0224057482787
2048,44.1,716.7201990408497
2048,44.2,520.9050500127129
2048,44.300000000000004,642.454097841604
2048,44.400000000000006,1156.2362490257892
2048,44.5,1035.6791089404635
2048,44.6,868.1969370445654
2048,44.7,643.360257883075
2048,44.800000000000004,591.8527216033907
2048,44.900000000000006,764.1317627778806
2048,45.0,389.65272934347394
2048,45.1,902.394403486914
2048,45.2,1126.0665073305904
2048,45.300000000000004,808.5361502167303
2048,45.400000000000006,886.9313796091224
2048,45.5,807.8442375440051
2048,45.6,715.7444661778985
2048,45.7,635.3149510464806
2048,45.800000000000004,684.1699986266043
2048,45.900000000000006,360.1291754318505
2048,46.0,860.1922315366888
2048,46.1,723.3109272537895
2048,46.2,817.0316882681557
2048,46.300000000000004,670.1539737794612
2048,46.400000000000006,399.8102396714203
2048,46.5,921.018436735014
2048,46.6,703.4862463670102
2048,46.7,617.6914670691812
2048,46.800000000000004,699.1317614422302
2048,46.900000000000006,449.0388529112894
2048,47.0,1017.0746045430219
2048,47.1,902.9224026311242
2048,47.2,701.6282795070041
2048,47.300000000000004,602.1987612146978
2048,47.400000000000006,556.555154339703
2048,47.5,452.6853437154617
2048,47.6,489.7758392309846
2048,47.7,818.3477949066784
2048,47.800000000000004,805.3617687883813
2048,47.900000000000006,498.2743442659121
2048,48.0,626.6816529839912
2048,48.1,709.175120938718
2048,48.2,594.1220108660033
2048,48.300000000000004,1010.5003835275636
2048,48.400000000000006,1064.4936637849307
2048,48.5,750.9866679845475
2048,48.6,700.0523042445933
2048,48.7,391.49886401353376
2048,48.800000000000004,434.33102563580235
2048,48.900000000000006,590.5094221143099
2048,49.0,684.223201304238
2048,49.1,689.4699570666411
2048,49.2,392.5938336937938
2048,49.300000000000004,726.9164599242501
2048,49.400000000000006,955.8767352488021
2048,49.5,989.2078916301865
2048,49.6,491.86147735555573
2048,49.7,612.9658648344351
2048,49.800000000000004,627.7260182670412
2048,49.900000000000006,498.51406217958584
2048,50.0,602.1979402243194
2048,50.1,617.0338712220564
2048,50.2,662.4814352381493
2048,50.300000000000004,499.7754397497776
2048,50.400000000000006,874.9588378756595
2048,50.5,1006.8852367288823
2048,50.6,877.8932488012073
2048,50.7,889.6249505806462
2048,50.800000000000004,691.6795408784426
2048,50.900000000000006,433.7942929616987
2048,51.0,427.5733921910506
2048,51.1,362.58094743008087
2048,51.2,675.7942712346453
2048,51.300000000000004,726.0623524696969
2048,51.400000000000006,543.2147240266605
2048,51.5,945.0826868424618
2048,51.6,809.052851232483
2048,51.7,665.420688687473
2048,51.800000000000004,736.1848798723187
2048,51.900000000000006,719.4863948051911
2048,52.0,470.6871434059935
2048,52.1,829.0473744869266
2048,52.2,715.9335338299629
2048,52.300000000000004,633.8716580118721
2048,52.400000000000006,598.3531171315219
2048,52.5,559.9919535509689
2048,52.6,901.6972754945912
2048,52.7,820.1113255337666
2048,52.800000000000004,746.422242781992
2048,52.900000000000006,642.1440689679838
2048,53.0,485.7332290508104
2048,53.1,782.6222533274329
2048,53.2,461.13288339969597
2048,53.300000000000004,284.2879312012123
2048,53.400000000000006,829.4397611766035
2048,53.5,511.3854266457045
2048,53.6,360.9027671764394
2048,53.7,942.2399151923917
2048,53.800000000000004,811.3434329409482
2048,53.900000000000006,456.25850834800934
2048,54.0,796.9348145131503
2048,54.1,835.6046389388621
2048,54.2,727.9958431436045
2048,54.300000000000004,441.7462490145714
2048,54.400000000000006,330.2184083794401
2048,54.5,291.15166979527874
2048,54.6,577.1661122158449
2048,54.7,381.395703932152
2048,54.800000000000004,787.6660094670414
2048,54.900000000000006,768.5989350909781
2048,55.0,990.8940036180536
2048,55.1,744.3512248411794
2048,55.2,641.7103527634105
2048,55.300000000000004,635.4981074405885
2048,55.400000000000006,637.1302895149788
2048,55.5,729.7137517416976
2048,55.6,627.9873124275604
2048,55.7,524.6512578777384
2048,55.800000000000004,822.459116769623
2048,55.900000000000006,821.6928337673784
2048,56.0,740.0723452935074
2048,56.1,463.71126893231974
2048,56.2,831.4278622717696
2048,56.300000000000004,783.5584917352949
2048,56.400000000000006,477.77545852537423
2048,56.5,784.0297968790898
2048,56.6,834.149160575927
2048,56.7,706.5406254863747
2048,56.800000000000004,446.1317387999614
2048,56.900000000000006,347.9415160983985
2048,57.0,378.8269574935813
2048,57.1,739.0725921658172
2048,57.2,531.5509328451895
2048,57.300000000000004,533.8615685846581
2048,57.400000000000006,511.5416691388958
2048,57.5,781.9585833944247
2048,57.6,554.6113112480894
2048,57.7,765.9344582356681
2048,57.800000000000004,797.0127647637016
2048,57.900000000000006,647.4939663417898
2048,58.0,610.6504661113053
2048,58.1,395.4441085926617
2048,58.2,336.3513808133567
2048,58.300000000000004,451.75490152290627
2048,58.400000000000006,707.5947305279248
2048,58.5,705.0064772755406
2048,58.6,628.2864338246949
2048,58.7,921.3647936778773
2048,58.800000000000004,740.0641707223061
2048,58.900000000000006,505.8125692529788
2048,59.0,539.1328750300689
2048,59.1,496.8576202964821
2048,59.2,371.11035986052957
2048,59.300000000000004,519.3675551734132
2048,59.400000000000006,744.7519431815568
2048,59.5,672.3327032293257
2048,59.6,517.0164039406621
2048,59.7,573.2789186575727
2048,59.800000000000004,463.9619871190026
2048,59.900000000000006,851.5083072256874
2048,60.0,878.9362486940538
2048,60.1,426.48906270732715
2048,60.2,631.8261802589366
2048,60.300000000000004,708.0690155152173
2048,60.400000000000006,438.90697319248443
2048,60.5,474.1296732640964
2048,60.6,633.349331640859
2048,60.7,443.05018558733315
2048,60.800000000000004,555.5571476361778
2048,60.900000000000006,614.0318223279414
2048,61.0,664.9596679578386
2048,61.1,747.5069827331788
2048,61.2,647.2430905301763
2048,61.300000000000004,789.3293342476309
2048,61.400000000000006,682.6338246232771
2048,61.5,518.7020349754598
2048,61.6,523.7039180528269
2048,61.7,458.0086733761494
2048,61.800000000000004,740.241561990912
2048,61.900000000000006,681.9295751467782
2048,62.0,344.8207651464147
2048,62.1,438.62566398663273
2048,62.2,661.9624149599726
2048,62.300000000000004,483.1197871707737
2048,62.400000000000006,687.7138232405051
2048,62.5,843.0844449244779
2048,62.6,503.9093170319598
2048,62.7,676.3556473659588
2048,62.800000000000004,559.0506577731429
2048,62.900000000000006,262.52956395767774
2048,63.0,282.9439774078704
2048,63.1,660.69989260632
2048,63.2,810.4261451292682
2048,63.300000000000004,727.9327319257854
2048,63.400000000000006,888.0656659831931
2048,63.5,816.7927587687851
2048,63.6,481.65712757392254
2048,63.7,651.1098640903269
2048,63.800000000000004,837.9291845130579
2048,63.900000000000006,486.9618757286935
2048,64.0,744.8036701125468
2048,64.10000000000001,902.8486421447141
2048,64.2,611.9499441623472
2048,64.3,603.1205848039748
2048,64.4,460.32825497308744
2048,64.5,664.2200074043731
2048,64.60000000000001,864.4276409095987
2048,64.7,495.4028124576818
2048,64.8,618.8496622235358
2048,64.9,825.8283188978921
2048,65.0,462.5945395722816
2048,65.10000000000001,466.6330053135783
2048,65.2,714.2766242532186
2048,65.3,623.581597929853
2048,65.4,692.1203387562441
2048,65.5,575.7178659691021
2048,65.60000000000001,268.160106756972
2048,65.7,687.0174327134753
2048,65.8,833.7232570839753
2048,65.9,650.5860768547924
2048,66.0,737.1679776408048
2048,66.10000000000001,501.6021330737889
2048,66.2,453.9525042488567
2048,66.3,435.6174277599788
2048,66.4,579.2663391799155
2048,66.5,589.2802590606456
2048,66.60000000000001,679.6604875374417
2048,66.7,731.2265909077237
2048,66.8,456.7833365904448
2048,66.9,670.1798496961734
2048,67.0,567.1880957691469
2048,67.10000000000001,551.8969410766952
2048,67.2,799.1464528022586
2048,67.3,683.5435664469348
2048,67.4,665.3542311308796
2048,67.5,820.1027456073301
2048,67.60000000000001,766.676982295561
2048,67.7,682.6990880696385
2048,67.8,508.4667478674604
2048,67.9,654.134588026827
2048,68.0,801.5589588211363
2048,68.10000000000001,830.1099787815798
2048,68.2,794.9524911158055
2048,68.3,744.8067896927527
2048,68.4,419.18576181886755
2048,68.5,443.50688648295056
2048,68.60000000000001,447.9364731733231
2048,68.7,330.1306271124625
2048,68.8,246.87005678424472
2048,68.9,258.68295241180846
2048,69.0,279.8532183783475
2048,69.10000000000001,286.41391522899886
2048,69.2,315.93645307580704
2048,69.3,334.75815816147116
2048,69.4,354.21404315013893
2048,69.5,390.8724111483655
2048,69.60000000000001,453.29537983644605
2048,69.7,513.2788443093643
2048,69.8,736.7783004245211
2048,69.9,513.4108605844045
2048,70.0,505.36654196670094
2048,70.10000000000001,775.1443628241718
2048,70.2,508.7472294362117
2048,70.3,663.9268707063522
2048,70.4,927.6013850258552
2048,70.5,519.7837726125869
2048,70.60000000000001,594.6153048977785
2048,70.7,901.0154235884901
2048,70.8,613.7476173602747
2048,70.9,718.6279945931676
2048,71.0,901.7932443285875
2048,71.10000000000001,437.7644494831261
2048,71.2,539.8153638071769
2048,71.3,804.0327622291973
2048,71.4,618.4012782381666
2048,71.5,486.52781805108214
2048,71.60000000000001,326.9500944543542
2048,71.7,355.43806939348235
2048,71.8,698.9081796176694
2048,71.9,831.618772573014
2048,72.0,595.8912083595948
2048,72.10000000000001,665.0079610379049
2048,72.2,869.3423254268776
2048,72.3,642.6974091553093
2048,72.4,629.542397643805
2048,72.5,627.7351472344437
2048,72.60000000000001,558.4032591844294
2048,72.7,558.2959866122281
2048,72.8,356.03829358596204
2048,72.9,310.8848847521808
2048,73.0,318.8641962823154
2048,73.10000000000001,332.39341904005175
2048,73.2,287.3932917389117
2048,73.3,384.54533031854095
2048,73.4,314.75539361902645
2048,73.5,531.4957477682186
2048,73.60000000000001,937.9078295325083
2048,73.7,593.5744828235711
2048,73.8,426.58750879521705
2048,73.9,309.69432728272443
2048,74.0,391.4325566459284
2048,74.10000000000001,678.906576728326
2048,74.2,610.3607799063882
2048,74.3,442.36380421543134
2048,74.4,339.4342370732562
2048,74.5,495.73990204746616
2048,74.60000000000001,900.3404935540675
2048,74.7,582.591585228767
2048,74.8,551.7816224567563
2048,74.9,896.2256877946265
2048,75.0,406.3238878211615
2048,75.10000000000001,542.1061468550097
2048,75.2,729.7769940927299
2048,75.3,381.8740361802289
2048,75.4,608.9627450784877
2048,75.5,403.40098200569247
2048,75.60000000000001,493.8482800445443
2048,75.7,859.8016624372626
2048,75.8,584.7523655477877
2048,75.9,417.3712357769887
2048,76.0,464.88240835617063
2048,76.10000000000001,531.4091850622884
2048,76.2,953.0083756406848
2048,76.3,453.22193094180545
2048,76.4,493.1504393260916
2048,76.5,908.1426008308283
2048,76.60000000000001,580.6447242000894
2048,76.7,499.9660125787253
2048,76.80000000000001,937.3060125987153
2048,76.9,633.8852584770924
2048,77.0,447.93007443248536
2048,77.10000000000001,308.0793070295278
2048,77.2,486.7331551441428
2048,77.30000000000001,958.7698095774425
2048,77.4,789.9267289242949
2048,77.5,627.3218447197572
2048,77.60000000000001,582.0469139603762
2048,77.7,368.8866997720684
2048,77.80000000000001,509.8612751329984
2048,77.9,998.0806651427675
2048,78.0,582.6621836860581
2048,78.10000000000001,463.7863132556062
2048,78.2,759.3620920678005
2048,78.30000000000001,560.8355502751219
2048,78.4,549.0829650372647
2048,78.5,345.6722183595523
2048,78.60000000000001,452.497568229409
2048,78.7,936.3347416800804
2048,78.80000000000001,593.0620615456806
2048,78.9,362.8282642029524
2048,79.0,327.59888045971536
2048,79.10000000000001,479.13644181131673
2048,79.2,972.9028844120606
2048,79.30000000000001,574.3408218801145
2048,79.4,379.110978403844
2048,79.5,332.09302104771814
2048,79.60000000000001,438.3957795355241
2048,79.7,741.5063859295091
2048,79.80000000000001,609.6806085703882
2048,79.9,425.26138473008785
2048,80.0,772.2806407516598
2048,80.10000000000001,515.2965048296936
2048,80.2,519.1632468675105
2048,80.30000000000001,306.11064886645033
2048,80.4,427.22874210304934
2048,80.5,864.8082680376048
2048,80.60000000000001,520.6743138605067
2048,80.7,478.9184088745453
2048,80.80000000000001,449.7379743181132
2048,80.9,908.3007253468219
2048,81.0,638.839004388989
2048,81.10000000000001,471.3782267299166
2048,81.2,546.1542971958862
2048,81.30000000000001,415.7139941022465
2048,81.4,953.6884520565873
2048,81.5,382.55097061411647
2048,81.60000000000001,385.8373196864689
2048,81.7,845.8344790904155
2048,81.80000000000001,506.90872600502365
2048,81.9,521.62107238343
2048,82.0,830.7659433881425
2048,82.10000000000001,499.1740116141978
2048,82.2,498.52837275590775
2048,82.30000000000001,322.42195855175515
2048,82.4,386.17399910096475
2048,82.5,914.2312646336788
2048,82.60000000000001,636.0710012353376
2048,82.7,350.77001019658337
2048,82.80000000000001,609.914805006494
2048,82.9,609.2011829134791
2048,83.0,458.2005119068312
2048,83.10000000000001,919.4209392928124
2048,83.2,671.7899642783391
2048,83.30000000000001,469.89194427173896
2048,83.4,643.4263988490404
2048,83.5,366.9171153871774
2048,83.60000000000001,907.2151795058433
2048,83.7,308.3391453599499
2048,83.80000000000001,561.1622728824594
2048,83.9,573.7394779248365
2048,84.0,375.1736186891212
2048,84.10000000000001,959.1961505466797
2048,84.2,639.1737860124751
2048,84.30000000000001,346.49597562680987
2048,84.4,520.8117340174492
2048,84.5,369.2340817791112
2048,84.60000000000001,1038.047783209224
2048,84.7,482.0580081302186
2048,84.80000000000001,604.1656612766488
2048,84.9,966.1943274904756
2048,85.0,665.8690585164502
2048,85.10000000000001,362.8943052644232
2048,85.2,949.7889785945156
3072,0.0,778.724
3072,0.1,756.1463161170374
3072,0.2,774.5370893093306
3072,0.30000000000000004,775.2312252756194
3072,0.4,983.5841614032081
3072,0.5,1071.0441917646526
3072,0.6000000000000001,1079.0368526141801
3072,0.7000000000000001,1028.103454728192
3072,0.8,803.6169116670354
3072,0.9,768.6924378990927
3072,1.0,731.2180344308811
3072,1.1,734.2350179239152
3072,1.2000000000000002,771.302807193008
3072,1.3,762.5590907102447
3072,1.4000000000000001,823.0124301714015
3072,1.5,810.3875911778016
3072,1.6,796.6581098237159
3072,1.7000000000000002,962.7724659651265
3072,1.8,1044.3386390474852
3072,1.9000000000000001,936.8664319744887
3072,2.0,982.0282070812896
3072,2.1,924.3390666423935
3072,2.2,783.9077039031857
3072,2.3000000000000003,730.4737985782891
3072,2.4000000000000004,718.182766805331
3072,2.5,726.1014495767823
3072,2.6,1006.2446094663019
3072,2.7,1155.653897180626
3072,2.8000000000000003,1086.415640745875
3072,2.9000000000000004,980.2649801732774
3072,3.0,1025.3635042702722
3072,3.1,1031.189883698961
3072,3.2,876.853318494611
3072,3.3000000000000003,738.8561829330538
3072,3.4000000000000004,731.0579269805812
3072,3.5,774.9842692460616
3072,3.6,785.6691004544525
3072,3.7,779.8228046473199
3072,3.8000000000000003,898.9859837370125
3072,3.9000000000000004,1061.5393539760476
3072,4.0,1040.3139390673152
3072,4.1000000000000005,974.6253149546906
3072,4.2,830.8696272425561
3072,4.3,746.7916728789588
3072,4.4,763.5440259163238
3072,4.5,777.0771624345905
3072,4.6000000000000005,859.3952276218397
3072,4.7,851.6802457443084
3072,4.800000000000001,900.9438457544677
3072,4.9,1077.484799871042
3072,5.0,1132.3902732886002
3072,5.1000000000000005,1064.607748227073
3072,5.2,953.937382977629
3072,5.300000000000001,797.0570033715981
3072,5.4,706.7592392102927
3072,5.5,720.84455216582
3072,5.6000000000000005,766.6832682333526
3072,5.7,806.9891598831409
3072,5.800000000000001,1015.2472542338586
3072,5.9,1181.925361693695
3072,6.0,993.0329585370615
3072,6.1000000000000005,651.7688507057262
3072,6.2,606.163734292267
3072,6.300000000000001,685.1812915725667
3072,6.4,730.8773104254534
3072,6.5,774.6890216715833
3072,6.6000000000000005,833.2534036560046
3072,6.7,889.2983277893851
3072,6.800000000000001,1055.8176030742318
3072,6.9,1149.6981206809546
3072,7.0,1035.6514922073939
3072,7.1000000000000005,862.4064024649017
3072,7.2,733.1841431777053
3072,7.300000000000001,741.7500885042281
3072,7.4,769.3768337818371
3072,7.5,775.8806476039229
3072,7.6000000000000005,811.2606833166279
3072,7.7,883.4135548358222
3072,7.800000000000001,993.5308351116211
3072,7.9,1038.1737324275737
3072,8.0,1010.6265821
3072,8.1,900.3558572344241
3072,8.200000000000001,766.5755228851707
3072,8.3,735.1083174461806
3072,8.4,771.6037736223059
3072,8.5,846.3509698332156
3072,8.6,1008.036474140057
3072,8.700000000000001,1110.5114676277904
3072,8.8,1010.3303750683843
3072,8.9,798.68921895011
3072,9.0,723.0217090571558
3072,9.1,950.9554594029973
3072,9.200000000000001,1052.40387962793
3072,9.3,843.0687241118889
3072,9.4,799.841140091631
3072,9.5,823.76811066272
3072,9.600000000000001,725.5600775578049
3072,9.700000000000001,662.4803050672049
3072,9.8,723.8785757539785
3072,9.9,1011.3198961841507
3072,10.0,1056.1061765945803
3072,10.100000000000001,902.3850600746571
3072,10.200000000000001,729.4728082505026
3072,10.3,718.9921112031229
3072,10.4,664.2490833396004
3072,10.5,843.0294216775355
3072,10.600000000000001,1094.6889551852623
3072,10.700000000000001,935.3588049207352
3072,10.8,628.6874840383525
3072,10.9,751.6547343141189
3072,11.0,720.3440793028695
3072,11.100000000000001,742.6159246878691
3072,11.200000000000001,944.1702306424621
3072,11.3,1076.5113534431412
3072,11.4,1048.5101565500308
3072,11.5,800.3578414494958
3072,11.600000000000001,525.4206217832808
3072,11.700000000000001,716.4024812534464
3072,11.8,995.8921562730332
3072,11.9,727.8178287743368
3072,12.0,826.8298365608387
3072,12.100000000000001,996.0928153928968
3072,12.200000000000001,1126.2198668488943
3072,12.3,873.4739295012491
3072,12.4,565.8305833832538
3072,12.5,879.6704667428735
3072,12.600000000000001,1123.232489004332
3072,12.700000000000001,999.905087530443
3072,12.8,696.5173569216131
3072,12.9,888.7816866737476
3072,13.0,1051.993758734443
3072,13.100000000000001,889.0934045734723
3072,13.200000000000001,960.9459152636841
3072,13.3,731.8593610958243
3072,13.4,743.0261260358403
3072,13.5,736.8595988566857
3072,13.600000000000001,920.1718682461869
3072,13.700000000000001,1040.2164163829743
3072,13.8,917.0569306801024
3072,13.9,840.1056037766308
3072,14.0,831.2275529348859
3072,14.100000000000001,720.4053276640909
3072,14.200000000000001,752.534678867408
3072,14.3,814.2029159644765
3072,14.4,740.8047295906496
3072,14.5,806.5709158218199
3072,14.600000000000001,1128.3581675761636
3072,14.700000000000001,971.1444536893138
3072,14.8,710.4359464508051
3072,14.9,684.286270441548
3072,15.0,634.0849869026802
3072,15.100000000000001,919.025655057539
3072,15.200000000000001,883.6229517428933
3072,15.3,778.0234648700389
3072,15.4,591.9832957971296
3072,15.5,345.1847233222079
3072,15.600000000000001,486.068792605864
3072,15.700000000000001,906.8867060271925
3072,15.8,670.5596370740953
3072,15.9,690.5109822773964
3072,16.0,724.4171089414378
3072,16.1,663.0033605840115
3072,16.2,797.2968374023051
3072,16.3,1011.4718488656766
3072,16.400000000000002,669.8180390891246
3072,16.5,650.0036868680143
3072,16.6,1011.2235280714069
3072,16.7,607.0288524767348
3072,16.8,604.8697530583122
3072,16.900000000000002,492.3512022709683
3072,17.0,770.5832250277872
3072,17.1,770.2877509852112
3072,17.2,691.2144423361902
3072,17.3,756.5116514367112
3072,17.400000000000002,796.2173249169864
3072,17.5,581.505105457192
3072,17.6,577.514448387559
3072,17.7,1032.081584092222
3072,17.8,661.7384032668103
3072,17.900000000000002,670.9588265719121
3072,18.0,977.8703718761594
3072,18.1,1006.5210593159975
3072,18.2,741.8071310136296
3072,18.3,1083.796225022191
3072,18.400000000000002,908.9265505659567
3072,18.5,628.5794336687361
3072,18.6,533.3850189977036
3072,18.7,778.6083732617852
3072,18.8,759.4885742659815
3072,18.900000000000002,720.4178625135423
3072,19.0,863.6144441481891
3072,19.1,1125.4858415491456
3072,19.200000000000003,758.1038063404231
3072,19.3,563.5584017281504
3072,19.400000000000002,402.71736937790064
3072,19.5,1174.5180282377798
3072,19.6,1170.9746004838385
3072,19.700000000000003,709.7045115907524
3072,19.8,672.2489289193747
3072,19.900000000000002,701.8652892672819
3072,20.0,750.4901188152978
3072,20.1,1089.7736462140344
3072,20.200000000000003,1084.1508527235653
3072,20.3,721.4814442387491
3072,20.400000000000002,688.065817730924
3072,20.5,1075.446690452694
3072,20.6,533.4111197610613
3072,20.700000000000003,572.7043775193255
3072,20.8,726.9940087810518
3072,20.900000000000002,1090.933633028803
3072,21.0,1033.5601551094976
3072,21.1,786.5808551798037
3072,21.200000000000003,1154.6046568981467
3072,21.3,1126.7862110117164
3072,21.400000000000002,1011.3443909306784
3072,21.5,719.7112483333333
3072,21.6,723.1651387780604
3072,21.700000000000003,1015.6762880791127
3072,21.8,872.0443242686854
3072,21.900000000000002,784.7961577860935
3072,22.0,675.4102085800613
3072,22.1,792.2664733829595
3072,22.200000000000003,904.4992244146364
3072,22.3,1004.3758298007829
3072,22.400000000000002,636.3583680189702
3072,22.5,679.5546835767024
3072,22.6,1095.8850803338362
3072,22.700000000000003,1111.0652807415809
3072,22.8,704.6458093243058
3072,22.900000000000002,416.659369063132
3072,23.0,294.66937507023874
3072,23.1,763.0248270809326
3072,23.200000000000003,1154.8596006893408
3072,23.3,980.504079912851
3072,23.400000000000002,604.7956294256728
3072,23.5,680.8495572973899
3072,23.6,909.2201535948249
3072,23.700000000000003,1190.9311299267124
3072,23.8,629.3752697788924
3072,23.900000000000002,595.3814823417044
3072,24.0,1108.4940709915284
3072,24.1,850.7996759746829
3072,24.200000000000003,786.2966307778797
3072,24.3,1131.267809307061
3072,24.400000000000002,392.89007558987083
3072,24.5,650.7407412558937
3072,24.6,688.5440269370728
3072,24.700000000000003,625.2821580865026
3072,24.8,921.7148957795624
3072,24.900000000000002,474.49686918544023
3072,25.0,686.5122606081969
3072,25.1,957.6191068299629
3072,25.200000000000003,354.61908589717797
3072,25.3,500.2987605039851
3072,25.400000000000002,488.3284828722614
3072,25.5,1092.4392730657614
3072,25.6,665.8915151764527
3072,25.700000000000003,492.6761772852286
3072,25.8,836.4694097813077
3072,25.900000000000002,913.2941851614527
3072,26.0,733.2207019433148
3072,26.1,471.58062716471164
3072,26.200000000000003,926.8397450973498
3072,26.3,672.0272478214192
3072,26.400000000000002,574.4163093561748
3072,26.5,480.4849378451164
3072,26.6,299.35039505563736
3072,26.700000000000003,888.3718388653648
3072,26.8,674.9976574848697
3072,26.900000000000002,645.0901229114827
3072,27.0,1083.5400067580279
3072,27.1,617.5438176714438
3072,27.200000000000003,725.3147282289108
3072,27.3,458.9877198586693
3072,27.400000000000002,1131.5682694379907
3072,27.5,1214.6864060949006
3072,27.6,652.4672631938747
3072,27.700000000000003,500.76941689353185
3072,27.8,1098.787063169572
3072,27.900000000000002,742.1369060004212
3072,28.0,637.2901042529885
3072,28.1,1117.1203942699253
3072,28.200000000000003,752.8224199593687
3072,28.3,422.9264645311175
3072,28.400000000000002,1218.4927019846323
3072,28.5,820.4628112670632
3072,28.6,714.1516814899653
3072,28.700000000000003,683.3853630307667
3072,28.8,353.98216002389245
3072,28.900000000000002,410.94806154873237
3072,29.0,1014.8563573685614
3072,29.1,538.970722659844
3072,29.200000000000003,673.4051247641704
3072,29.3,414.73242095479503
3072,29.400000000000002,469.8473274072275
3072,29.5,778.4194270687939
3072,29.6,325.18377217621486
3072,29.700000000000003,513.5675065115319
3072,29.8,329.1077146969706
3072,29.900000000000002,254.77706914553357
3072,30.0,408.7294595478967
3072,30.1,1135.367781598602
3072,30.200000000000003,516.8181625458388
3072,30.3,1138.66644796912
3072,30.400000000000002,706.6640038763366
3072,30.5,539.7783175929168
3072,30.6,913.9577209036847
3072,30.700000000000003,660.5879173260672
3072,30.8,233.50463056718638
3072,30.900000000000002,1116.1966410852185
3072,31.0,715.1231897051117
3072,31.1,351.6608233956442
3072,31.200000000000003,1209.3612178594983
3072,31.3,714.4859333271363
3072,31.400000000000002,402.753611247516
3072,31.5,1020.1296688568643
3072,31.6,755.6222746490107
3072,31.700000000000003,406.89616860834724
3072,31.8,1163.3865681066688
3072,31.900000000000002,753.5996449833644
3072,32.0,1202.5019863646419
3072,32.1,783.2527724948606
3072,32.2,292.5747541953995
3072,32.300000000000004,1077.9479811404462
3072,32.4,624.7814565798725
3072,32.5,667.866719544101
3072,32.6,430.3023010146001
3072,32.7,485.82872466575105
3072,32.800000000000004,1171.6848665042533
3072,32.9,690.1131484176409
3072,33.0,351.13618996819866
3072,33.1,1022.6741706241545
3072,33.2,613.9261550956033
3072,33.300000000000004,650.1305188881666
3072,33.4,759.4573315729933
3072,33.5,296.28505084281767
3072,33.6,912.8272053766657
3072,33.7,726.3441472792293
3072,33.800000000000004,426.4562548472222
3072,33.9,341.88713487031805
3072,34.0,323.35155652998003
3072,34.1,673.3466357683438
3072,34.2,293.22757368338495
3072,34.300000000000004,326.21015394352247
3072,34.4,439.1159522916928
3072,34.5,563.6553265183253
3072,34.6,688.7809284763282
3072,34.7,738.3068252935849
3072,34.800000000000004,595.6198138756539
3072,34.9,710.7967734800168
3072,35.0,1151.8532571293374
3072,35.1,742.1357350213514
3072,35.2,310.69446186256835
3072,35.300000000000004,300.3888672898855
3072,35.4,240.41152904914333
3072,35.5,1000.7169466627604
3072,35.6,692.4150261616537
3072,35.7,1048.007709807609
3072,35.800000000000004,642.6217027773803
3072,35.9,459.75062838028884
3072,36.0,706.7176317815341
3072,36.1,394.0013000245104
3072,36.2,1016.7793966936003
3072,36.300000000000004,439.08283179640745
3072,36.4,913.0615280980115
3072,36.5,766.1855955923114
3072,36.6,1071.546381281218
3072,36.7,523.3984338658398
3072,36.800000000000004,1174.1735931234668
3072,36.9,764.2047698252915
3072,37.0,1017.178929779833
3072,37.1,722.4931148428476
3072,37.2,411.32001527115267
3072,37.300000000000004,684.3671694203399
3072,37.4,398.4235620970044
3072,37.5,814.7940087843824
3072,37.6,608.5892589547252
3072,37.7,682.2917771651012
3072,37.800000000000004,716.9434504042082
3072,37.9,336.12710095774986
3072,38.0,579.6656240975793
3072,38.1,548.8507719024275
3072,38.2,1123.0930925357115
3072,38.300000000000004,930.2837084209057
3072,38.400000000000006,555.576770271143
3072,38.5,704.4039957355062
3072,38.6,725.6290333704177
3072,38.7,491.6928443827358
3072,38.800000000000004,1139.5767764111604
3072,38.900000000000006,798.3752718985478
3072,39.0,593.0711982055058
3072,39.1,899.7094263484229
3072,39.2,581.9062179384223
3072,39.300000000000004,370.61597737294545
3072,39.400000000000006,337.68772967813237
3072,39.5,487.2774976761573
3072,39.6,514.5468800593935
3072,39.7,751.2526745881912
3072,39.800000000000004,645.9333037897702
3072,39.900000000000006,306.27797871464264
3072,40.0,899.1546842518617
3072,40.1,716.7852775733709
3072,40.2,960.3569863680967
3072,40.300000000000004,769.4531287780345
3072,40.400000000000006,1029.4722505321342
3072,40.5,813.3107760779523
3072,40.6,906.5711754976851
3072,40.7,379.34769782326634
3072,40.800000000000004,247.44462517506454
3072,40.900000000000006,305.8778413395329
3072,41.0,571.3944665051464
3072,41.1,492.51739074097617
3072,41.2,840.0593902225953
3072,41.300000000000004,669.4468129976915
3072,41.400000000000006,699.3292748622173
3072,41.5,656.3397825592651
3072,41.6,638.6690715686648
3072,41.7,1028.7649418053907
3072,41.800000000000004,798.9012747334252
3072,41.900000000000006,435.7178789439272
3072,42.0,364.22125301391293
3072,42.1,365.7535268703634
3072,42.2,878.8984894450846
3072,42.300000000000004,781.9923499354841
3072,42.400000000000006,398.1563381152371
3072,42.5,318.8812224698501
3072,42.6,546.6355305497275
3072,42.7,1060.792056896724
3072,42.800000000000004,802.832567233008
3072,42.900000000000006,684.4455220731271
3072,43.0,871.8309282904575
3072,43.1,735.147465230896
3072,43.2,622.7616231805744
3072,43.300000000000004,875.323752963437
3072,43.400000000000006,765.075857895924
3072,43.5,564.0099725682342
3072,43.6,708.2546561220643
3072,43.7,466.97413790751295
3072,43.800000000000004,895.4279353697128
3072,43.900000000000006,725.6594641008627
3072,44.0,742.2503535899891
3072,44.1,583.5033774256473
3072,44.2,347.74546988736796
3072,44.300000000000004,313.43148086325044
3072,44.400000000000006,601.4356970299318
3072,44.5,361.5966408568918
3072,44.6,897.979787378307
3072,44.7,864.3911228607188
3072,44.800000000000004,557.8671201007128
3072,44.900000000000006,641.1605376031647
3072,45.0,428.42076248622163
3072,45.1,769.0840518490738
3072,45.2,772.4933112453174
3072,45.300000000000004,588.1114941861472
3072,45.400000000000006,624.551006286047
3072,45.5,739.956728071177
3072,45.6,447.8812882082631
3072,45.7,577.3005086590089
3072,45.800000000000004,788.8272469612548
3072,45.900000000000006,810.6225163762368
3072,46.0,779.7516636933118
3072,46.1,1062.247044355634
3072,46.2,826.4549400231374
3072,46.300000000000004,972.8160987703387
3072,46.400000000000006,678.2292123607424
3072,46.5,1017.4327711393911
3072,46.6,857.1544989127123
3072,46.7,385.2173563843302
3072,46.800000000000004,439.63057055748914
3072,46.900000000000006,866.8729973072625
3072,47.0,820.0378088817455
3072,47.1,1001.4870377453205
3072,47.2,860.7516383776712
3072,47.300000000000004,520.3626268901396
3072,47.400000000000006,869.1702227148772
3072,47.5,949.3119615618118
3072,47.6,756.919703920002
3072,47.7,455.6029580479246
3072,47.800000000000004,476.775047342069
3072,47.900000000000006,676.7899376695351
3072,48.0,623.9428569684392
3072,48.1,1023.8605255597383
3072,48.2,872.0661960629931
3072,48.300000000000004,505.0726512884325
3072,48.400000000000006,630.4216588432434
3072,48.5,954.2056183463425
3072,48.6,792.5067910162561
3072,48.7,755.1055317345688
3072,48.800000000000004,776.6100587285271
3072,48.900000000000006,720.817721025987
3072,49.0,712.4134469265492
3072,49.1,495.52111824224545
3072,49.2,293.41725588697994
3072,49.300000000000004,844.8314223264292
3072,49.400000000000006,865.9391991735414
3072,49.5,442.40433661030187
3072,49.6,837.6154429339755
3072,49.7,799.3351677921225
3072,49.800000000000004,1000.5894320071799
3072,49.900000000000006,741.3332701847411
3072,50.0,371.90935976368235
3072,50.1,461.1759379219538
3072,50.2,378.21250153020856
3072,50.300000000000004,846.5681325521164
3072,50.400000000000006,884.3249601764825
3072,50.5,627.9174511265128
3072,50.6,486.33937424200457
3072,50.7,455.63912165857107
3072,50.800000000000004,433.3294304990913
3072,50.900000000000006,561.5577942667896
3072,51.0,965.6431052016962
3072,51.1,861.2143782169799
3072,51.2,461.78931414911654
3072,51.300000000000004,666.5331180385424
3072,51.400000000000006,793.1933718726193
3072,51.5,759.2742047370572
3072,51.6,914.6095223368189
3072,51.7,559.9859444560941
3072,51.800000000000004,794.1239916689443
3072,51.900000000000006,756.5962693961137
3072,52.0,726.2786253155291
3072,52.1,1008.4582956909761
3072,52.2,874.1207106218113
3072,52.300000000000004,605.6848134378251
3072,52.400000000000006,547.9971943908208
3072,52.5,426.7543916850266
3072,52.6,331.1393293943582
3072,52.7,493.5010565798671
3072,52.800000000000004,929.540790104908
3072,52.900000000000006,863.2359835162902
3072,53.0,931.0362547865349
3072,53.1,1053.5454564314566
3072,53.2,756.3339069961489
3072,53.300000000000004,888.2403770092885
3072,53.400000000000006,780.124313858187
3072,53.5,898.9354123187992
3072,53.6,768.852150941805
3072,53.7,399.26553832739086
3072,53.800000000000004,560.0272195349926
3072,53.900000000000006,443.7286593525691
3072,54.0,460.46546044614604
3072,54.1,693.2002348394935
3072,54.2,537.7717585980845
3072,54.300000000000004,356.00414917363724
3072,54.400000000000006,388.89002692120505
3072,54.5,640.5853362931716
3072,54.6,581.4890929921823
3072,54.7,352.1300366922164
3072,54.800000000000004,318.38279533278904
3072,54.900000000000006,784.2570668099002
3072,55.0,922.4272015983446
3072,55.1,782.2058308340033
3072,55.2,782.2777926805898
3072,55.300000000000004,507.87865887720494
3072,55.400000000000006,759.9978959646958
3072,55.5,905.1210911378903
3072,55.6,601.0445352628345
3072,55.7,568.7934592232507
3072,55.800000000000004,671.3564640012604
3072,55.900000000000006,717.1445000057129
3072,56.0,982.8327012904147
3072,56.1,936.2584825203553
3072,56.2,496.1590662544217
3072,56.300000000000004,527.5606239676682
3072,56.400000000000006,701.3160507632764
3072,56.5,706.7105116084734
3072,56.6,781.8276276676681
3072,56.7,742.959232809683
3072,56.800000000000004,455.5609572702819
3072,56.900000000000006,290.5625422608551
3072,57.0,381.0172252165246
3072,57.1,396.907386330973
3072,57.2,417.28660825641964
3072,57.300000000000004,764.4130316569531
3072,57.400000000000006,876.4526169249884
3072,57.5,581.5204915166263
3072,57.6,605.3535630232237
3072,57.7,588.7247638564614
3072,57.800000000000004,583.1343518728893
3072,57.900000000000006,625.7392093461696
3072,58.0,840.4182226988578
3072,58.1,971.3833242911701
3072,58.2,496.3441133366519
3072,58.300000000000004,487.9535566426227
3072,58.400000000000006,607.1296018898923
3072,58.5,670.5975823678984
3072,58.6,791.7973965871323
3072,58.7,482.5663936712042
3072,58.800000000000004,235.99897431703857
3072,58.900000000000006,303.44831403822985
3072,59.0,432.5405320947915
3072,59.1,461.2840885703259
3072,59.2,465.7617746742277
3072,59.300000000000004,423.8027205697977
3072,59.400000000000006,637.7488993667617
3072,59.5,852.2662127645391
3072,59.6,857.556030180734
3072,59.7,758.4993444871484
3072,59.800000000000004,727.903427607601
3072,59.900000000000006,946.9760743512495
3072,60.0,897.1493421490044
3072,60.1,873.936172635841
3072,60.2,832.077807205065
3072,60.300000000000004,968.1341068775163
3072,60.400000000000006,517.9617614872938
3072,60.5,494.18563205744704
3072,60.6,660.2640178305143
3072,60.7,807.8721666319016
3072,60.800000000000004,925.1260211693874
3072,60.900000000000006,593.6615234656838
3072,61.0,615.6055515496146
3072,61.1,510.3153420176323
3072,61.2,679.4050517247566
3072,61.300000000000004,1032.2471129511855
3072,61.400000000000006,959.3250143975929
3072,61.5,1023.5516214418747
3072,61.6,576.0852934792186
3072,61.7,362.2470616186381
3072,61.800000000000004,314.06609813734934
3072,61.900000000000006,629.8036856841256
3072,62.0,932.4205978572959
3072,62.1,861.9406409978405
3072,62.2,961.2207181430007
3072,62.300000000000004,914.2897853574187
3072,62.400000000000006,1001.2166603849342
3072,62.5,541.8600785696082
3072,62.6,315.46568532014373
3072,62.7,436.30384320912367
3072,62.800000000000004,452.910580672949
3072,62.900000000000006,360.65768323320475
3072,63.0,574.5616491136564
3072,63.1,662.126460176233
3072,63.2,736.967028781289
3072,63.300000000000004,779.7047173016164
3072,63.400000000000006,614.447776676618
3072,63.5,1003.5991545729637
3072,63.6,517.7210200155884
3072,63.7,236.90561018965283
3072,63.800000000000004,339.75084849369773
3072,63.900000000000006,480.5789498677099
3072,64.0,408.3529490068118
3072,64.10000000000001,354.282519123429
3072,64.2,343.80730195002934
3072,64.3,344.80678601126453
3072,64.4,332.7077234909751
3072,64.5,596.718227407164
3072,64.60000000000001,823.3474944622742
3072,64.7,751.9341970089549
3072,64.8,700.144851374389
3072,64.9,245.99542789696903
3072,65.0,266.64597040714574
3072,65.10000000000001,457.60574933604096
3072,65.2,623.3320670660156
3072,65.3,472.20945566744166
3072,65.4,884.3902251113665
3072,65.5,910.0978552956808
3072,65.60000000000001,324.14333961687305
3072,65.7,245.674304237586
3072,65.8,252.23138477331491
3072,65.9,325.13235288182204
3072,66.0,464.3796984152637
3072,66.10000000000001,825.6056089110617
3072,66.2,945.3458690469012
3072,66.3,701.6488407039277
3072,66.4,1021.7245077519162
3072,66.5,801.0825498757687
3072,66.60000000000001,766.2580568305625
3072,66.7,338.04987625637307
3072,66.8,426.6854019742509
3072,66.9,513.6681386791533
3072,67.0,878.2484504599543
3072,67.10000000000001,433.2928366954848
3072,67.2,566.876817508111
3072,67.3,770.8494903239274
3072,67.4,1020.5936960737826
3072,67.5,732.922331371196
3072,67.60000000000001,830.9807428074078
3072,67.7,619.280936841991
3072,67.8,298.2702345772545
3072,67.9,331.499451136739
3072,68.0,292.2000108437399
3072,68.10000000000001,368.93697002196427
3072,68.2,374.41042786632727
3072,68.3,421.35204758923436
3072,68.4,450.28636633416795
3072,68.5,698.9225820451786
3072,68.60000000000001,620.2198017666946
3072,68.7,649.0545292467111
3072,68.8,557.7230783250609
3072,68.9,846.1107993157472
3072,69.0,1006.0010732094127
3072,69.10000000000001,580.380235335396
3072,69.2,482.81342927263694
3072,69.3,889.6265534918931
3072,69.4,449.7636164494387
3072,69.5,886.9871957490573
3072,69.60000000000001,601.9346070003336
3072,69.7,854.9517993632988
3072,69.8,452.9892990624457
3072,69.9,592.2913519871724
3072,70.0,472.73498691419223
3072,70.10000000000001,1030.248083675622
3072,70.2,594.1017852457654
3072,70.3,468.5767292987099
3072,70.4,688.1187181557855
3072,70.5,622.4344012699411
3072,70.60000000000001,263.93316413609557
3072,70.7,369.37503582473835
3072,70.8,457.90417492498517
3072,70.9,724.7189464063736
3072,71.0,554.1634015439424
3072,71.10000000000001,788.3735383067824
3072,71.2,1027.488310026092
3072,71.3,693.2342468376139
3072,71.4,554.5954360187731
3072,71.5,406.2870360934511
3072,71.60000000000001,316.54631651273974
3072,71.7,375.4349564032111
3072,71.8,321.59094456747897
3072,71.9,395.2152175895313
3072,72.0,339.3546919094868
3072,72.10000000000001,427.7380924758089
3072,72.2,924.3755199771985
3072,72.3,258.53565788620796
3072,72.4,301.0904332612914
3072,72.5,296.49113923406156
3072,72.60000000000001,409.282989557797
3072,72.7,460.22445593032563
3072,72.8,681.5329869679207
3072,72.9,743.6044687638242
3072,73.0,554.3164808665496
3072,73.10000000000001,456.18037606266483
3072,73.2,510.2302428444925
3072,73.3,357.0548971138187
3072,73.4,411.5571479539483
3072,73.5,370.55748853205546
3072,73.60000000000001,608.4307032308036
3072,73.7,444.6580755282284
3072,73.8,763.2451649565406
3072,73.9,385.13955242423265
3072,74.0,939.4632264891328
3072,74.10000000000001,414.50597832656024
3072,74.2,1121.513089329521
3072,74.3,712.2123334614969
3072,74.4,737.7995745062818
3072,74.5,360.32374969465667
3072,74.60000000000001,313.3931593395918
3072,74.7,713.2954360176043
3072,74.8,774.0148238631821
3072,74.9,960.6518426755248
3072,75.0,744.2368411675421
3072,75.10000000000001,831.3362689877375
3072,75.2,695.1544050311747
3072,75.3,569.0746990585593
3072,75.4,668.8801475728452
3072,75.5,407.2915746657247
3072,75.60000000000001,994.7035116767402
3072,75.7,377.4451294958196
3072,75.8,1094.003499677282
3072,75.9,654.8872108647168
3072,76.0,1071.6025198064135
3072,76.10000000000001,759.2802636191869
3072,76.2,1144.5183433773789
3072,76.3,716.0447035928001
3072,76.4,735.8376598984255
3072,76.5,1064.4410915263506
3072,76.60000000000001,471.92747374220943
3072,76.7,1130.0405295836088
3072,76.80000000000001,764.9733852338486
3072,76.9,1142.6095697174883
3072,77.0,729.9074433034567
3072,77.10000000000001,1183.17100901504
3072,77.2,769.8754414724572
3072,77.30000000000001,936.1771696746595
3072,77.4,662.0457353018576
3072,77.5,395.44078818529476
3072,77.60000000000001,831.4752093763391
3072,77.7,639.0828091918112
3072,77.80000000000001,1017.8670544001696
3072,77.9,262.7178858719696
3072,78.0,477.8214076380991
3072,78.10000000000001,521.2893131003549
3072,78.2,735.4152587546749
3072,78.30000000000001,265.2674337142655
3072,78.4,687.6607462952325
3072,78.5,637.7638495855883
3072,78.60000000000001,1090.0228391773667
3072,78.7,672.4998236517924
3072,78.80000000000001,1154.742855848541
3072,78.9,660.4673781032824
3072,79.0,1090.5242355016728
3072,79.10000000000001,358.53784833320617
3072,79.2,1083.5975400610423
3072,79.30000000000001,278.8009905634924
3072,79.4,639.2778833554072
3072,79.5,473.5608235682935
3072,79.60000000000001,241.65418814311053
3072,79.7,234.65085936460846
3072,79.80000000000001,248.12985360632268
3072,79.9,313.85084956980944
3072,80.0,470.23938094977734
3072,80.10000000000001,698.342786688511
3072,80.2,367.4005155530698
3072,80.30000000000001,697.3001722661496
3072,80.4,516.5522326423992
3072,80.5,655.2857392994812
3072,80.60000000000001,1203.1000927054004
3072,80.7,413.94149101824434
3072,80.80000000000001,827.8338459158002
3072,80.9,647.520157153187
3072,81.0,1112.2048695817816
3072,81.10000000000001,549.8905172506076
3072,81.2,1124.9787437143116
3072,81.30000000000001,556.1805278437664
3072,81.4,1099.924121678631
3072,81.5,652.3158390312203
3072,81.60000000000001,1189.4458099005185
3072,81.7,701.2412070788557
3072,81.80000000000001,1162.8949100731347
3072,81.9,664.8750065695124
3072,82.0,1043.664965975574
3072,82.10000000000001,777.0801208724265
3072,82.2,1223.0252309288844
3072,82.30000000000001,651.3085932076906
3072,82.4,1217.643649142473
3072,82.5,702.0720395663932
3072,82.60000000000001,752.7512310276894
3072,82.7,630.9919393962998
3072,82.80000000000001,1179.3666248102736
3072,82.9,661.1746384566418
3072,83.0,1183.746630534024
3072,83.10000000000001,668.730317498493
3072,83.2,1221.0988592933465
3072,83.30000000000001,704.356705482784
3072,83.4,1216.1863737232825
3072,83.5,668.2072851639552
3072,83.60000000000001,1194.0433586830738
3072,83.7,747.5720087296963
3072,83.80000000000001,767.1389731460179
3072,83.9,672.4045797244202
3072,84.0,1057.197159156499
3072,84.10000000000001,755.724052348148
3072,84.2,1042.3891900863912
3072,84.30000000000001,744.3697605942066
3072,84.4,1044.6532158679915
3072,84.5,749.3271630656368
3072,84.60000000000001,911.4876281538375
3072,84.7,768.3026334994235
3072,84.80000000000001,1146.125098656633
3072,84.9,746.1525307941123
3072,85.0,263.3175565412048
3072,85.10000000000001,233.16412366925604
3072,85.2,308.69357617583734
3072,85.30000000000001,502.049890686973
3072,85.4,371.74645005361276
3072,85.5,673.7014633298376
3072,85.60000000000001,365.4216001000066
3072,85.7,614.9552499834604
3072,85.80000000000001,340.112380614986
3072,85.9,411.2169759726013
3072,86.0,380.1562693712807
3072,86.10000000000001,529.5137104824316
3072,86.2,318.39738259806734
3072,86.30000000000001,389.8340550379228
3072,86.4,296.1470732389474
3072,86.5,395.9980306579007
3072,86.60000000000001,256.5522851977547
3072,86.7,621.9574445629501
3072,86.80000000000001,289.89913300865635
3072,86.9,480.48625052212947
3072,87.0,263.08475496181023
3072,87.10000000000001,701.747794037895
3072,87.2,277.6085737362491
3072,87.30000000000001,785.4242830295395
3072,87.4,346.3367228279301
3072,87.5,906.1977859667917
3072,87.60000000000001,580.7483212333983
3072,87.7,978.8319370774994
3072,87.80000000000001,656.9346508508946
3072,87.9,1129.6837548663248
3072,88.0,688.615012288417
3072,88.10000000000001,1105.015950712877
3072,88.2,737.2811983081442
3072,88.30000000000001,779.2823846528697
3072,88.4,702.276480348986
3072,88.5,773.9726281469783
3072,88.60000000000001,748.7881287276288
3072,88.7,495.5855030368492
3072,88.80000000000001,693.5578116606943
3072,88.9,479.1507343073665
3072,89.0,688.6104539203183
3072,89.10000000000001,538.817687501408
3072,89.2,667.2776499018257
3072,89.30000000000001,426.60791776028583
3072,89.4,410.549736081926
3072,89.5,336.0659285456033
3072,89.60000000000001,419.75154059301383
3072,89.7,282.54364164555824
3072,89.80000000000001,312.90553800504847
3072,89.9,276.1161679930457
3072,90.0,526.1287705074013
3072,90.10000000000001,339.5841993342288
3072,90.2,554.2516342623389
3072,90.30000000000001,361.6228729112947
3072,90.4,457.0410630544066
3072,90.5,625.8253719262965
3072,90.60000000000001,358.2143550796191
3072,90.7,669.9392869542567
3072,90.80000000000001,324.49230236323433
3072,90.9,326.042087417029
3072,91.0,357.34570683695006
3072,91.10000000000001,308.38551214358495
3072,91.2,377.1233310968322
3072,91.30000000000001,345.39424058703327
3072,91.4,253.18706010527933
3072,91.5,239.71153665594244
3072,91.60000000000001,234.7710305317196
3072,91.7,290.3785392264111
3072,91.80000000000001,412.3758159338078
3072,91.9,320.3583568182763
3072,92.0,942.9270935708831
3072,92.10000000000001,593.9295686822038
3072,92.2,957.9250030474913
3072,92.30000000000001,476.9250883437591
3072,92.4,1010.4627039485589
3072,92.5,512.6614588266384
3072,92.60000000000001,909.3790066622419
3072,92.7,684.3347069181449
3072,92.80000000000001,971.1382269583622
3072,92.9,512.5272831494083
3072,93.0,1046.2261634897848
3072,93.10000000000001,555.774261534432
3072,93.2,1016.4691522467363
3072,93.30000000000001,641.9626233865432
3072,93.4,1060.8125600871301
3072,93.5,461.58176219267085
3072,93.60000000000001,1012.1589693338811
3072,93.7,529.7472477156081
3072,93.80000000000001,333.280974766338
3072,93.9,281.2460138821453
3072,94.0,313.2585940216279
3072,94.10000000000001,253.67010783051668
3072,94.2,297.18539278802444
3072,94.30000000000001,245.89444708460906
3072,94.4,792.0719342853556
3072,94.5,421.32721422831685
3072,94.60000000000001,727.2862732599608
3072,94.7,398.0618699898115
3072,94.80000000000001,796.6777389215359
3072,94.9,407.4337371424732
3072,95.0,709.9296896769308
3072,95.10000000000001,462.470041105413
3072,95.2,606.9033605154716
3072,95.30000000000001,351.93602176615246
3072,95.4,591.3204310366176
3072,95.5,372.56769151400346
3072,95.60000000000001,749.8306590624653
3072,95.7,616.0522700803759
3072,95.80000000000001,819.1255192884078
3072,95.9,802.2917039211262
3072,96.0,1103.9574861488788
3072,96.10000000000001,874.0352676011595
3072,96.2,1023.1288536015521
3072,96.30000000000001,707.035245929092
3072,96.4,363.2842093130944
3072,96.5,312.2333413526545
3072,96.60000000000001,270.09357471689606
3072,96.7,631.2536541816073
3072,96.80000000000001,491.93836442468546
3072,96.9,930.9547875870333
3072,97.0,565.1646158059692
3072,97.10000000000001,755.071061442569
3072,97.2,549.2801161811318
3072,97.30000000000001,982.4382469780212
3072,97.4,662.2083363950363
3072,97.5,772.5378092387429
3072,97.60000000000001,468.2545648193192
3072,97.7,542.0452970809974
3072,97.80000000000001,394.1747782877565
3072,97.9,659.7626962933718
3072,98.0,444.70999170001977
3072,98.10000000000001,360.5636683356053
3072,98.2,440.09531516007576
3072,98.30000000000001,309.8173000416203
3072,98.4,234.39338182038492
3072,98.5,247.70263810083964
3072,98.60000000000001,429.1051945876411
3072,98.7,336.90735544350133
3072,98.80000000000001,409.3007497033274
3072,98.9,329.1749770213745
3072,99.0,693.832146685842
3072,99.10000000000001,545.6885245742604
3072,99.2,853.0030742187756
3072,99.30000000000001,561.8242851306381
3072,99.4,832.4996446245534
3072,99.5,865.1560354330428
3072,99.60000000000001,993.3558800473872
3072,99.7,881.9264537575131
3072,99.80000000000001,638.6867359695668
3072,99.9,618.712184067327
3072,100.0,484.7528962351546
3072,100.10000000000001,478.7117423302569
3072,100.2,452.7335247858286
3072,100.30000000000001,576.5661728125987
3072,100.4,512.8056619860799
3072,100.5,613.4129356958505
3072,100.60000000000001,584.3414216046494
3072,100.7,625.2093023622903
3072,100.80000000000001,525.5487007192373
3072,100.9,469.99436786189375
3072,101.0,405.49387205446476
3072,101.10000000000001,415.0541054413887
3072,101.2,345.23719248113264
3072,101.30000000000001,312.2501758509609
3072,101.4,277.74655240512885
3072,101.5,653.2532419117542
3072,101.60000000000001,698.2525696779472
3072,101.7,963.2884654058499
3072,101.80000000000001,812.0873556967042
3072,101.9,919.854646718652
3072,102.0,839.0332568806904
3072,102.10000000000001,850.8923163512004
3072,102.2,850.5470781797397
3072,102.30000000000001,742.7091761734587
3072,102.4,737.7591185166817
3072,102.5,733.1460779795873
3072,102.60000000000001,722.4703761286662
3072,102.7,520.987684649898
3072,102.80000000000001,584.1585598005407
3072,102.9,524.9441251383746
3072,103.0,503.9303814326942
3072,103.10000000000001,442.682875558408
3072,103.2,345.5808356781679
3072,103.30000000000001,304.7316756144716
3072,103.4,268.53930832478085
3072,103.5,326.71328614248057
3072,103.60000000000001,595.2305743515483
3072,103.7,704.3745759273086
3072,103.80000000000001,870.961686862518
3072,103.9,870.4977958920839
3072,104.0,608.7236184281662
3072,104.10000000000001,621.1991430761212
3072,104.2,525.8036795296902
3072,104.30000000000001,559.2459253207252
3072,104.4,537.8433083549251
3072,104.5,451.04131276066164
3072,104.60000000000001,385.02386850342754
3072,104.7,430.4456644018285
3072,104.80000000000001,390.0397678181815
3072,104.9,644.3130210793702
3072,105.0,626.98358705321
3072,105.10000000000001,621.7160626095294
3072,105.2,617.6751890737117
3072,105.30000000000001,768.6508835168739
3072,105.4,788.2618752543815
3072,105.5,802.9304884448289
3072,105.60000000000001,678.7443371854879
3072,105.7,565.7871015584374
3072,105.80000000000001,772.1795201819339
3072,105.9,928.6433721557997
3072,106.0,923.6158623753819
3072,106.10000000000001,812.9671111974933
3072,106.2,835.252475429538
3072,106.30000000000001,669.9881152616887
3072,106.4,686.8737601258423
3072,106.5,583.300712957605
3072,106.60000000000001,559.979138305399
3072,106.7,533.1422514546449
3072,106.80000000000001,485.5968425010626
3072,106.9,516.0128035779228
3072,107.0,579.3347833419459
3072,107.10000000000001,503.0433448330753
3072,107.2,340.2333519598103
3072,107.30000000000001,383.13881281066915
3072,107.4,442.3668107239872
3072,107.5,407.44235780575667
3072,107.60000000000001,285.2695183963495
3072,107.7,289.48513475250905
3072,107.80000000000001,474.77946227875873
3072,107.9,514.3481372737934
3072,108.0,300.17220496697655
3072,108.10000000000001,300.2618098471714
3072,108.2,564.6189675520911
3072,108.30000000000001,621.0460745438871
3072,108.4,466.7506893538777
3072,108.5,710.5385719975745
3072,108.60000000000001,888.2265183989027
3072,108.7,927.8622779116461
3072,108.80000000000001,795.6528842778439
3072,108.9,823.967983163746
3072,109.0,898.98784401946
3072,109.10000000000001,932.5673387494472
3072,109.2,525.1116915301417
3072,109.30000000000001,471.8202854907475
3072,109.4,519.7961528134504
3072,109.5,422.8249087357971
3072,109.60000000000001,446.0790044667753
3072,109.7,355.78085507580744
3072,109.80000000000001,351.0466968208275
3072,109.9,304.750561451502
3072,110.0,328.024007162297
3072,110.10000000000001,350.4732476874741
3072,110.2,354.0416478130287
3072,110.30000000000001,462.318186435802
3072,110.4,716.9794810714028
3072,110.5,621.2559244226999
3072,110.60000000000001,835.2740157943495
3072,110.7,939.3188164557318
3072,110.80000000000001,760.7938587719648
3072,110.9,916.6762474447007
3072,111.0,677.1361946996163
3072,111.10000000000001,610.5893199903913
3072,111.2,506.5374534620712
3072,111.30000000000001,417.9116086256324
3072,111.4,428.4314890051667
3072,111.5,377.94727605146704
3072,111.60000000000001,407.69789921192887
3072,111.7,244.26749062541006
3072,111.80000000000001,250.32538336720668
3072,111.9,276.7721842724284
3072,112.0,419.3512694737945
3072,112.10000000000001,425.69908716238245
3072,112.2,287.01805796181094
3072,112.30000000000001,295.80494191650416
3072,112.4,282.37934466032823
3072,112.5,301.403786591456
3072,112.60000000000001,320.05570297638144
3072,112.7,424.56797906768725
3072,112.80000000000001,706.1688554338613
3072,112.9,959.2134029349896
3072,113.0,771.8128154118322
3072,113.10000000000001,828.9743108536848
3072,113.2,525.2479135365497
3072,113.30000000000001,696.7013204405037
3072,113.4,499.78759459139496
3072,113.5,524.5001470389348
3072,113.60000000000001,564.1806847065881
3072,113.7,440.04396577430845
3072,113.80000000000001,522.6788663789639
3072,113.9,343.88297376889506
3072,114.0,387.12534460370574
3072,114.10000000000001,278.86687075306753
3072,114.2,341.1827120608676
3072,114.30000000000001,622.208391139502
3072,114.4,877.4750280814461
3072,114.5,614.4661333911134
3072,114.60000000000001,953.7366280779037
3072,114.7,780.0365044823496
3072,114.80000000000001,1013.8431575849
3072,114.9,688.5372680866175
3072,115.0,659.6772492892756
3072,115.10000000000001,517.9240669788468
3072,115.2,445.1458610153698
3072,115.30000000000001,431.74526235335344
3072,115.4,445.7401836195532
3072,115.5,588.0751831572442
3072,115.60000000000001,297.4502556802436
3072,115.7,325.2486506356101
3072,115.80000000000001,480.91479371214854
3072,115.9,754.8951960376256
3072,116.0,545.1653966588476
3072,116.10000000000001,887.0178820373587
3072,116.2,652.2583761487015
3072,116.30000000000001,951.7230810872893
3072,116.4,689.7363291982604
3072,116.5,1002.068517261708
3072,116.60000000000001,632.7199545559396
3072,116.7,561.4977839120696
3072,116.80000000000001,564.4151901667445
3072,116.9,382.60243136394257
3072,117.0,381.3642441624897
3072,117.10000000000001,315.87958731946395
3072,117.2,333.15977980478567
3072,117.30000000000001,378.2666346943856
3072,117.4,582.572556255211
3072,117.5,462.91100210232423
3072,117.60000000000001,838.3288725335357
3072,117.7,634.0764032465137
3072,117.80000000000001,977.3847774258426
3072,117.9,699.9311977671545
3072,118.0,908.9753704515552
3072,118.10000000000001,631.3553781816324
3072,118.2,392.5304748347793
3072,118.30000000000001,389.8630826614734
3072,118.4,288.06595611698
3072,118.5,303.5671623700297
3072,118.60000000000001,274.19320814138916
3072,118.7,327.48970136239416
3072,118.80000000000001,245.4555644543982
3072,118.9,266.90781421151974
3072,119.0,287.1502936011441
3072,119.10000000000001,489.7182608786689
3072,119.2,541.7724283861949
3072,119.30000000000001,356.33595839415773
3072,119.4,395.50875508126643
3072,119.5,323.27274316341015
3072,119.60000000000001,431.8632773124281
3072,119.7,313.80491116544357
3072,119.80000000000001,362.0043147068586
3072,119.9,413.20996891326723
3072,120.0,739.3464385611935
3072,120.10000000000001,435.07147215139787
3072,120.2,863.698725006284
3072,120.30000000000001,443.58247676394143
3072,120.4,990.8325938759342
3072,120.5,663.6674727910419
3072,120.60000000000001,951.1729607248209
3072,120.7,665.101632016056
3072,120.80000000000001,467.74180831365766
3072,120.9,475.63545802617
3072,121.0,334.8592048856356
3072,121.10000000000001,442.8681208950089
3072,121.2,391.43518530813384
3072,121.30000000000001,790.0688662561641
3072,121.4,546.7577217345686
3072,121.5,1098.4438120463283
3072,121.60000000000001,616.5681290401652
3072,121.7,563.059341029893
3072,121.80000000000001,493.99419206939893
3072,121.9,373.40022898551655
3072,122.0,523.6080663504853
3072,122.10000000000001,390.70975203589495
3072,122.2,798.3265099310329
3072,122.30000000000001,490.2200419792024
3072,122.4,1044.4891598895792
3072,122.5,647.4382485528926
3072,122.60000000000001,881.5565410855874
3072,122.7,652.5421722592623
3072,122.80000000000001,496.46758891285367
3072,122.9,572.0745342771563
3072,123.0,307.26925778850426
3072,123.10000000000001,338.84162411330885
3072,123.2,282.957513725535
3072,123.30000000000001,454.25899014002
3072,123.4,288.1012262813369
3072,123.5,370.4920035570328
3072,123.60000000000001,372.3015387672936
3072,123.7,839.1479435025586
3072,123.80000000000001,342.4707983837083
3072,123.9,779.8071273455893
3072,124.0,379.4804982912232
3072,124.10000000000001,919.146175959933
3072,124.2,314.85934458041305
3072,124.30000000000001,655.3475653481103
3072,124.4,466.33508768445915
3072,124.5,967.5198533204447
3072,124.60000000000001,588.5334408908803
3072,124.7,638.0906206700471
3072,124.80000000000001,747.2391021335867
3072,124.9,1057.5398079272006
