batch_size,relative_time_s,power_total_W
8,0.0,1026.786
8,0.1,1033.6692900142898
8,0.2,1033.5782803999275
8,0.30000000000000004,1049.8173646425919
8,0.4,1025.2469207374522
8,0.5,1036.1643361562417
8,0.6000000000000001,1038.9446582697612
8,0.7000000000000001,1054.9869782727535
8,0.8,1061.2589362358854
8,0.9,1036.9737633651773
8,1.0,1039.5968873278664
8,1.1,1043.7461694760777
8,1.2000000000000002,1041.3131444751539
8,1.3,1045.5506830602005
8,1.4000000000000001,1041.3232138542605
8,1.5,1056.1411391598401
8,1.6,1054.0906594746123
8,1.7000000000000002,1056.099633848205
8,1.8,1040.9623657951395
8,1.9000000000000001,1074.332145632913
8,2.0,1085.5731646305605
8,2.1,1062.8651051381703
8,2.2,1053.0469309163684
8,2.3000000000000003,1047.3858590929428
8,2.4000000000000004,1087.4919303179813
8,2.5,1080.5443561623936
8,2.6,1059.0210913761337
8,2.7,1067.4525329452924
8,2.8000000000000003,1099.3993451168108
8,2.9000000000000004,1081.4895850823466
8,3.0,1063.6402682177559
8,3.1,1066.6535788274912
8,3.2,1049.3244239742558
8,3.3000000000000003,1067.6489038687614
8,3.4000000000000004,1057.6510595328143
8,3.5,1070.9301108920029
8,3.6,1052.908955647297
8,3.7,1052.2022481953877
8,3.8000000000000003,1050.2800230667872
8,3.9000000000000004,1045.4742222243913
8,4.0,1035.4619426269705
8,4.1000000000000005,1055.1576022775985
8,4.2,1073.3949796566496
8,4.3,1066.4044874409178
8,4.4,1056.718363111018
8,4.5,1042.1140022892607
8,4.6000000000000005,1041.180160413799
8,4.7,1048.1815314281903
8,4.800000000000001,1081.6644456840045
8,4.9,1076.0109201572336
8,5.0,1055.4086528829714
8,5.1000000000000005,1064.6740065021445
8,5.2,1040.6431186461011
8,5.300000000000001,1041.8439397256168
8,5.4,1050.5608972999491
8,5.5,1066.0037295060113
8,5.6000000000000005,1057.8448002586454
8,5.7,1113.0698449964043
8,5.800000000000001,1126.0425119650972
8,5.9,1099.1099772053085
8,6.0,1087.0164945175336
8,6.1000000000000005,1091.222778783351
8,6.2,1074.332758485583
8,6.300000000000001,1062.6453122197163
8,6.4,1080.1999465173046
8,6.5,1072.742419690933
8,6.6000000000000005,1076.6873470271044
8,6.7,1074.0742028259024
8,6.800000000000001,1075.0827823111717
8,6.9,1067.4169813433705
8,7.0,1059.814415803149
8,7.1000000000000005,1054.7207245440272
8,7.2,1057.489653683283
8,7.300000000000001,1053.0076197535152
8,7.4,1063.7542231926786
8,7.5,1074.4933468645231
8,7.6000000000000005,1064.5927529623202
8,7.7,1074.9324129020893
8,7.800000000000001,1092.3336542954414
8,7.9,1097.7705588590813
8,8.0,1080.895943816399
8,8.1,1077.3589210431867
8,8.200000000000001,1083.579875775155
8,8.3,1057.1643777376273
8,8.4,1053.2026946076276
8,8.5,1069.3634516677298
8,8.6,1063.713121473792
8,8.700000000000001,1060.8532973661083
8,8.8,1072.8103261764659
8,8.9,1070.0081300976838
8,9.0,1050.0690845882386
8,9.1,1065.078198021786
8,9.200000000000001,1077.1632359830044
8,9.3,1088.0591798858952
8,9.4,1106.6617661536557
8,9.5,1091.7844120919422
8,9.600000000000001,1083.0821749480904
8,9.700000000000001,1085.3227066871407
8,9.8,1076.8386289131604
8,9.9,1074.4796939230516
8,10.0,1086.2155913084064
8,10.100000000000001,1077.3868229633204
8,10.200000000000001,1085.4677808259817
8,10.3,1125.3995738530891
8,10.4,1110.4939183775505
8,10.5,1073.4842136932027
8,10.600000000000001,1069.950202558405
8,10.700000000000001,1089.0440927594411
8,10.8,1063.7344195018095
8,10.9,1048.7977793145824
8,11.0,1065.1002973270815
8,11.100000000000001,1057.979520252052
8,11.200000000000001,1077.3738630369676
8,11.3,1086.3550491997635
8,11.4,1081.910144457669
8,11.5,1127.3572076210844
8,11.600000000000001,1108.8176904242619
8,11.700000000000001,1067.0623425453716
8,11.8,1092.2624937047685
8,11.9,1086.6712419289847
8,12.0,1086.0081298487994
8,12.100000000000001,1071.1479429238404
8,12.200000000000001,1047.9053754556578
8,12.3,1073.5739225960167
8,12.4,1069.2548700857549
8,12.5,1049.0905639782436
8,12.600000000000001,1062.617999550395
8,12.700000000000001,1100.061961885348
8,12.8,1100.710269614271
8,12.9,1076.6844459957563
8,13.0,1076.3465615903629
8,13.100000000000001,1083.865036439831
8,13.200000000000001,1065.8807942966127
8,13.3,1064.139237912918
8,13.4,1071.8365824583527
8,13.5,1046.3463578027745
8,13.600000000000001,1065.1938709127508
8,13.700000000000001,1079.522371591924
8,13.8,1069.1812952552218
8,13.9,1068.1474108604527
8,14.0,1050.692237029567
8,14.100000000000001,1028.6097746351843
8,14.200000000000001,1029.4290801950451
8,14.3,1053.3079807607887
8,14.4,1056.930965997742
8,14.5,1056.5737336194209
8,14.600000000000001,1059.7790121230162
8,14.700000000000001,1049.33848495804
8,14.8,1048.5697771754283
8,14.9,1036.6947192285252
8,15.0,1077.6710186748078
8,15.100000000000001,1098.0701869300863
8,15.200000000000001,1038.796404140479
8,15.3,1033.6438538266996
8,15.4,1033.7010493692458
8,15.5,1043.4998010569163
8,15.600000000000001,1062.2935624170375
8,15.700000000000001,1057.7202474364285
8,15.8,1054.3460448319142
8,15.9,1038.6724229295057
8,16.0,1033.0794167666952
8,16.1,1039.5859922984096
8,16.2,1047.7469105874952
8,16.3,1066.0674619935476
8,16.400000000000002,1053.31603491091
8,16.5,1053.8170247573094
8,16.6,1040.6372021542345
8,16.7,1028.8030633540754
8,16.8,1058.7607988608315
8,16.900000000000002,1054.0336813126346
8,17.0,1056.280644206128
8,17.1,1060.9646617052933
8,17.2,1049.5197727108166
8,17.3,1038.1372898651716
8,17.400000000000002,1037.9393917122118
8,17.5,1056.1047239347915
8,17.6,1053.8445257577632
8,17.7,1080.6196691487912
8,17.8,1085.2758005215335
8,17.900000000000002,1045.7030548534167
8,18.0,1081.1165470951332
8,18.1,1087.1236483905886
8,18.2,1046.5144849922958
8,18.3,1056.836638115085
8,18.400000000000002,1079.1524359809612
8,18.5,1084.8189730520742
8,18.6,1052.499818670456
8,18.7,1043.7015229498645
8,18.8,1052.5670709931085
8,18.900000000000002,1079.7030515204267
8,19.0,1055.079622123576
8,19.1,1050.748668726305
8,19.200000000000003,1065.8481931600365
8,19.3,1050.2041077821134
8,19.400000000000002,1055.049133161445
8,19.5,1056.1010540814723
8,19.6,1049.3000147839446
8,19.700000000000003,1048.6089446259361
8,19.8,1069.8000478636557
8,19.900000000000002,1091.2838057681722
8,20.0,1069.747527835135
8,20.1,1081.394124904861
8,20.200000000000003,1110.7211930664312
8,20.3,1094.5497678323306
8,20.400000000000002,1062.3323247997644
8,20.5,1063.2908499360656
8,20.6,1050.18118436709
8,20.700000000000003,1058.435705127588
8,20.8,1042.526253241137
8,20.900000000000002,1022.1333731486752
8,21.0,1038.9395793642288
8,21.1,1059.2625842248426
8,21.200000000000003,1045.3854224135835
8,21.3,1047.4034320788292
8,21.400000000000002,1046.3475802769037
8,21.5,1053.4951018104116
8,21.6,1069.6761422035947
8,21.700000000000003,1053.2202233449696
8,21.8,1036.5235217843663
8,21.900000000000002,1037.3399424071213
8,22.0,1044.796914768432
8,22.1,1038.1660776099798
8,22.200000000000003,1049.2099656863495
8,22.3,1055.20873299081
8,22.400000000000002,1049.2142802005176
8,22.5,1037.6912795021885
8,22.6,1046.3526633451704
8,22.700000000000003,1051.759832649766
8,22.8,1051.3437712238238
8,22.900000000000002,1070.6792142081395
8,23.0,1054.5371283457334
8,23.1,1043.1895522424743
8,23.200000000000003,1062.6991781768302
8,23.3,1078.7146550582033
8,23.400000000000002,1083.420801967256
8,23.5,1061.7325562024034
8,23.6,1068.9912750387596
8,23.700000000000003,1064.2191496924809
8,23.8,1072.7671050717565
8,23.900000000000002,1060.2563835244032
8,24.0,1060.0267420384212
8,24.1,1073.4081690754622
8,24.200000000000003,1063.4601617423525
8,24.3,1058.3529368836923
8,24.400000000000002,1069.3110913734133
8,24.5,1056.6425735943417
8,24.6,1065.168495812476
8,24.700000000000003,1073.822693677858
8,24.8,1067.7343079617494
8,24.900000000000002,1064.3711573171888
8,25.0,1053.9220992538396
8,25.1,1059.5631562941153
8,25.200000000000003,1042.198295843019
8,25.3,1071.2346180950042
8,25.400000000000002,1069.785397686934
8,25.5,1077.5904591852773
8,25.6,1062.8719493018789
8,25.700000000000003,1056.214992370511
8,25.8,1097.8825207799362
8,25.900000000000002,1156.652646308418
8,26.0,1059.8144813094018
8,26.1,1074.2763152082762
8,26.200000000000003,1066.3391189033941
8,26.3,1054.961510199007
8,26.400000000000002,1045.8908577116893
8,26.5,1047.4623590778426
8,26.6,1049.5150568504262
8,26.700000000000003,1055.9530041452294
8,26.8,1041.6451415357217
8,26.900000000000002,1111.2293441036752
8,27.0,1157.0944480024966
8,27.1,1049.3120927926043
8,27.200000000000003,1056.1855899362695
8,27.3,1055.3371692915746
8,27.400000000000002,1042.4242561759168
8,27.5,1033.8384785284395
8,27.6,1048.6322858637695
8,27.700000000000003,1053.9654651660367
8,27.8,1074.564032846762
8,27.900000000000002,1042.480051880691
8,28.0,1059.4688648974352
8,28.1,1048.203664752796
8,28.200000000000003,1035.714792525631
8,28.3,1056.4951151132109
8,28.400000000000002,1048.9741715268028
8,28.5,1057.5087907734367
8,28.6,1042.1224972420746
8,28.700000000000003,1063.5858824869085
8,28.8,1056.1627492963378
8,28.900000000000002,1062.187836079557
8,29.0,1075.8044540702106
8,29.1,1050.9165653949017
8,29.200000000000003,1066.6859048911908
8,29.3,1074.8419976547787
8,29.400000000000002,1071.4845810261606
8,29.5,1056.579460464806
8,29.6,1054.7078220439967
8,29.700000000000003,1059.7017193065378
8,29.8,1054.3939421246926
8,29.900000000000002,1075.505975759538
8,30.0,1057.4886592295857
8,30.1,1048.837451679015
8,30.200000000000003,1027.2037896417785
8,30.3,1046.025567740061
8,30.400000000000002,1051.4117535839823
8,30.5,1098.618874338234
8,30.6,1169.247401446008
8,30.700000000000003,1052.0082865010156
8,30.8,1080.6959008714268
8,30.900000000000002,1066.693468960624
8,31.0,1067.2180512714256
8,31.1,1075.6057679985138
8,31.200000000000003,1048.5987107709313
8,31.3,1069.95646651743
8,31.400000000000002,1094.206300372616
8,31.5,1069.121913038822
8,31.6,1059.3185735488528
8,31.700000000000003,1074.0940777845249
8,31.8,1066.6350264910877
8,31.900000000000002,1048.7186491179596
8,32.0,1022.170284189026
8,32.1,1102.6004547785624
8,32.2,1111.2350176541165
8,32.300000000000004,1071.2090250365259
8,32.4,1032.5943471580422
8,32.5,1034.8596491307305
8,32.6,1061.7266443087467
8,32.7,1057.5648781801895
8,32.800000000000004,1033.8431582565722
8,32.9,1026.7670514701713
8,33.0,1041.5275898880018
8,33.1,1037.050867174439
8,33.2,1049.010965527417
8,33.300000000000004,1050.750977250277
8,33.4,1030.4793308348205
8,33.5,1055.3338736394855
8,33.6,1051.055563340964
8,33.7,1071.2317561669706
8,33.800000000000004,1045.586772438161
8,33.9,1049.8768767902907
8,34.0,1053.995527607742
8,34.1,1073.2131044451735
8,34.2,1036.2198865942717
8,34.300000000000004,1076.752182785809
8,34.4,1054.7606029832696
8,34.5,1038.1261337200094
8,34.6,1058.110592084372
8,34.7,1067.5905789103829
8,34.800000000000004,1035.2111544549841
8,34.9,1040.361195363788
8,35.0,1016.0986047437701
8,35.1,1072.2657235569818
8,35.2,1043.9359918550617
8,35.300000000000004,1041.424798262537
8,35.4,1010.0654135026682
8,35.5,1018.0586127473156
8,35.6,1021.2164053573133
8,35.7,1040.762860188815
8,35.800000000000004,1030.5112046936679
8,35.9,1058.2073075603403
8,36.0,1025.724252285527
8,36.1,1046.8510836692662
8,36.2,1021.2100785235667
8,36.300000000000004,1033.8974503031789
8,36.4,1059.8196440842369
8,36.5,1056.7848327788745
8,36.6,1054.3446740511677
8,36.7,1047.4642437151936
8,36.800000000000004,1040.414662091403
8,36.9,1062.5384491495272
8,37.0,1079.2753728009488
8,37.1,1070.8125789109515
8,37.2,1049.786440290055
8,37.300000000000004,1054.2817450707926
8,37.4,1094.5452214397887
8,37.5,1098.3054135935372
8,37.6,1032.3035271790575
8,37.7,1053.8467599392322
8,37.800000000000004,1040.0691226493548
8,37.9,1040.1621178493929
8,38.0,1049.83899423452
8,38.1,1080.258437032194
8,38.2,1055.5818096342534
8,38.300000000000004,1085.1434968951346
8,38.400000000000006,1092.923303650079
8,38.5,1083.3263642490404
8,38.6,1066.5690019605695
8,38.7,1064.2869225334857
8,38.800000000000004,1073.9210628364858
8,38.900000000000006,1080.3557986611688
8,39.0,1192.60469023295
8,39.1,1050.102314097086
8,39.2,1044.1650511548655
8,39.300000000000004,1092.2905167912602
8,39.400000000000006,1083.6876715245164
8,39.5,1081.3290083991
8,39.6,1033.412568438114
8,39.7,1062.7483934160139
8,39.800000000000004,1053.7185509858234
8,39.900000000000006,1061.9377767916576
8,40.0,1036.2745322687433
8,40.1,1050.4837262281308
8,40.2,1054.5528606700323
8,40.300000000000004,1041.351621619281
8,40.400000000000006,1053.6931711304842
8,40.5,1034.759701164754
8,40.6,1033.8407363171102
8,40.7,1040.8148244511226
8,40.800000000000004,999.1656902944497
8,40.900000000000006,1073.5930883006645
8,41.0,1041.627849338884
8,41.1,1058.2134135635933
8,41.2,1022.586448965342
8,41.300000000000004,1082.6318970273387
8,41.400000000000006,1041.78828379977
8,41.5,1046.820948072577
8,41.6,1051.0003383267701
8,41.7,1086.9578128113785
8,41.800000000000004,1107.2918494718444
8,41.900000000000006,1048.514922353997
8,42.0,1084.685423293473
8,42.1,1030.7095196838193
8,42.2,1101.6788182846944
8,42.300000000000004,1040.5045661227155
8,42.400000000000006,1067.7408776151988
8,42.5,1026.4836731208293
8,42.6,1029.368197511014
8,42.7,1048.9772865049433
8,42.800000000000004,1055.7124589122363
8,42.900000000000006,1065.802115928802
8,43.0,1051.0105869467466
8,43.1,1057.4016038197276
8,43.2,1043.8258808733178
8,43.300000000000004,1052.7680757052578
8,43.400000000000006,1077.806923655285
8,43.5,1088.5146571277526
8,43.6,1082.0672509098613
8,43.7,1098.9151367813147
8,43.800000000000004,1045.2006945963135
8,43.900000000000006,1106.6612534368455
8,44.0,1112.919113624566
8,44.1,1078.018588835306
8,44.2,1041.8506171125687
8,44.300000000000004,1020.0318128579646
8,44.400000000000006,1061.986035952818
8,44.5,1031.029850803197
8,44.6,1066.8017515496388
8,44.7,1054.9028653576293
8,44.800000000000004,1080.3448273227955
8,44.900000000000006,1042.0821970312923
8,45.0,1085.6252768555873
8,45.1,1037.9941010443179
8,45.2,1071.6625102379526
8,45.300000000000004,1085.310644577615
8,45.400000000000006,1059.1305946531381
8,45.5,1026.6373551447266
8,45.6,1086.635518855792
8,45.7,1030.4466438403124
8,45.800000000000004,1053.9895500060725
8,45.900000000000006,1082.7743819637215
8,46.0,1077.6389442519326
8,46.1,1084.0108397227539
8,46.2,1062.7662945443817
8,46.300000000000004,1090.4794237323072
8,46.400000000000006,1057.6738036916056
8,46.5,1054.0498933247504
8,46.6,1073.9373233889112
8,46.7,1048.6437473562362
8,46.800000000000004,1043.1249665667724
8,46.900000000000006,1047.3550252228065
8,47.0,1069.7852434033798
8,47.1,1090.7488555133518
8,47.2,1043.5516279625895
8,47.300000000000004,1065.1005440706138
8,47.400000000000006,1082.9532522310442
8,47.5,1078.4110607101948
8,47.6,1063.6774970608321
8,47.7,1113.1163723309244
8,47.800000000000004,1063.187383145198
8,47.900000000000006,1060.5798186214417
8,48.0,1067.5075527144834
8,48.1,1090.889265460571
8,48.2,1095.7818598157282
8,48.300000000000004,1089.05151225115
8,48.400000000000006,1037.2669161239135
8,48.5,1073.1129837984183
8,48.6,1078.569602867983
8,48.7,1135.4470060503077
8,48.800000000000004,1061.5421337502585
8,48.900000000000006,1102.3889150872951
8,49.0,1061.7958361958106
8,49.1,1040.0796096522704
8,49.2,1088.2350941332813
8,49.300000000000004,1053.1000079254707
8,49.400000000000006,1037.7305497649313
8,49.5,1055.8628767259322
8,49.6,1081.6383695074078
8,49.7,1057.1793580359156
8,49.800000000000004,1098.6532836540268
8,49.900000000000006,1137.7084831411462
8,50.0,1067.9976342257423
8,50.1,1035.7891705677969
8,50.2,1066.9677369341616
8,50.300000000000004,1061.736459197835
8,50.400000000000006,1069.0929811511148
8,50.5,1072.136358063264
8,50.6,1047.558955403342
8,50.7,1056.835720884553
8,50.800000000000004,1094.11691034207
8,50.900000000000006,1078.0049400202881
8,51.0,1091.345433625792
8,51.1,1092.0268866566332
8,51.2,1072.7687706344723
8,51.300000000000004,1062.6384997728676
8,51.400000000000006,1049.931057432255
8,51.5,1076.7773887335818
8,51.6,1090.7958686548043
8,51.7,1074.8174319634852
8,51.800000000000004,1085.9243663823313
8,51.900000000000006,1075.0252562028093
8,52.0,1054.2141717870516
8,52.1,1121.4139036653814
8,52.2,1084.8303643153552
8,52.300000000000004,1069.4888205953332
8,52.400000000000006,1076.6743028746453
8,52.5,1071.765214686817
8,52.6,1078.0485853009461
8,52.7,1120.8716003262532
8,52.800000000000004,1187.491142879236
8,52.900000000000006,1073.7699790751542
8,53.0,1060.2428413584666
8,53.1,1089.3733567803147
8,53.2,1082.9790141160497
8,53.300000000000004,1074.6355601909906
8,53.400000000000006,1054.7428016271226
8,53.5,1058.281200301463
8,53.6,1071.2712987647799
8,53.7,1092.4540214429012
8,53.800000000000004,1084.950443982466
8,53.900000000000006,1065.886780610377
8,54.0,1061.4887968827695
8,54.1,1061.2753522783385
8,54.2,1053.346915508011
8,54.300000000000004,1081.8511669945901
8,54.400000000000006,1063.1809002975772
8,54.5,1069.9972995064
8,54.6,1080.6738212117896
8,54.7,1059.3973080452645
8,54.800000000000004,1081.0133864484135
8,54.900000000000006,1081.5710489985065
8,55.0,1074.7388853651682
8,55.1,1071.537559615014
8,55.2,1115.9346025557752
8,55.300000000000004,1059.9540834889553
8,55.400000000000006,1080.6998136843506
8,55.5,1099.4452651898705
8,55.6,1058.3505340067734
8,55.7,1128.6171881596226
8,55.800000000000004,1125.6776363547158
8,55.900000000000006,1061.9790408957942
8,56.0,1089.3886146548007
8,56.1,1082.4885948443466
8,56.2,1059.4063446297298
8,56.300000000000004,1056.3093919754792
8,56.400000000000006,1070.1167868878215
8,56.5,1056.5995110235808
8,56.6,1178.9145401905782
8,56.7,1090.118599289068
8,56.800000000000004,1054.3697196858102
8,56.900000000000006,1032.1078569213169
8,57.0,1048.6782769289389
8,57.1,1061.2581887728843
8,57.2,1071.177523154314
8,57.300000000000004,1047.2753420738968
8,57.400000000000006,1084.7066318471702
8,57.5,1065.3338663830334
8,57.6,1172.5720701191217
8,57.7,1070.1973399560807
8,57.800000000000004,1046.384515131598
8,57.900000000000006,1037.4713656149481
8,58.0,1031.8531956141667
8,58.1,1050.5255681795995
8,58.2,1047.8943816368953
8,58.300000000000004,1050.427437673819
8,58.400000000000006,1032.6896902236108
8,58.5,1030.9731323996848
8,58.6,1052.0525268603085
8,58.7,1039.6188079424041
8,58.800000000000004,1025.0716614684331
8,58.900000000000006,1042.7386525574668
8,59.0,1068.2784823213078
8,59.1,1103.0909969662548
8,59.2,1072.2309940541606
8,59.300000000000004,1061.8578009220892
8,59.400000000000006,1063.8965520253764
8,59.5,1056.2081986717792
8,59.6,1054.3983586789448
8,59.7,1029.6498779298556
8,59.800000000000004,1178.7018358808598
8,59.900000000000006,1084.8916050510404
8,60.0,1027.4930273744574
8,60.1,1014.3541389207467
8,60.2,1055.4332721591168
8,60.300000000000004,1040.6811966021933
8,60.400000000000006,1032.8481929584334
8,60.5,1068.013214913408
8,60.6,1054.7162627291732
8,60.7,1071.3952106541103
8,60.800000000000004,1072.387490793906
8,60.900000000000006,1056.8302121092104
8,61.0,1052.1763556125024
8,61.1,1064.8738500781426
8,61.2,1062.5468484688329
8,61.300000000000004,1139.3556389340765
8,61.400000000000006,1073.1362519806955
8,61.5,1067.8001275530105
8,61.6,1053.6315924098424
8,61.7,1061.761264695915
8,61.800000000000004,1062.235351704066
8,61.900000000000006,1062.5390748666873
8,62.0,1059.3307547698719
8,62.1,1057.4997352955015
8,62.2,1061.589778683735
8,62.300000000000004,1037.9524350057472
8,62.400000000000006,1057.929628053717
8,62.5,1119.77413627556
8,62.6,1094.3442254075871
8,62.7,1055.7180222450318
8,62.800000000000004,1056.0662415837062
8,62.900000000000006,1061.2046215485077
8,63.0,1060.0000116986919
8,63.1,1065.8426184721986
8,63.2,1071.149462901057
8,63.300000000000004,1043.9875479439709
8,63.400000000000006,1059.9886399719967
8,63.5,1072.7474444608097
8,63.6,1079.2688755279628
8,63.7,1094.0876218922285
8,63.800000000000004,1075.3664224415863
8,63.900000000000006,1159.8289138514024
8,64.0,1116.915463384223
8,64.10000000000001,1064.1178151280308
8,64.2,1072.521672683691
8,64.3,1069.419362891734
8,64.4,1127.4276436806913
8,64.5,1093.0677922951184
8,64.60000000000001,1071.7942543010554
8,64.7,1122.3530202459792
8,64.8,1159.1392643516826
8,64.9,1101.8160638552272
8,65.0,1080.2143465567704
8,65.10000000000001,1067.6387208167093
8,65.2,1049.3084313091827
8,65.3,1064.3148927612888
8,65.4,1057.9977187992067
8,65.5,1055.6482509407092
8,65.60000000000001,1067.80081086279
8,65.7,1060.8452151280485
8,65.8,1067.688864921002
8,65.9,1067.0633975479304
8,66.0,1075.2943976655251
8,66.10000000000001,1051.787387021854
8,66.2,1059.0959444262676
8,66.3,1086.3577901045885
8,66.4,1081.467732083466
8,66.5,1084.9281353195013
8,66.60000000000001,1076.9755358300904
8,66.7,1069.1263806613383
8,66.8,1108.0708670686442
8,66.9,1095.0931233612246
8,67.0,1059.559797316727
8,67.10000000000001,1066.360369237213
8,67.2,1060.8041076216778
8,67.3,1067.7530133076746
8,67.4,1078.5061819800771
8,67.5,1062.3461058075727
8,67.60000000000001,1061.5960355562447
8,67.7,1054.1197614353182
8,67.8,1057.855773161682
8,67.9,1081.88200651645
8,68.0,1079.330765685205
8,68.10000000000001,1049.1792920622188
8,68.2,1057.1423384356408
8,68.3,1046.4051242108883
8,68.4,1054.4110773692714
8,68.5,1038.0493925926278
8,68.60000000000001,1047.5138269325412
8,68.7,1071.9390767333705
8,68.8,1050.2235302431861
8,68.9,1045.4170129030733
8,69.0,1058.2045338855098
8,69.10000000000001,1066.3215613142843
8,69.2,1057.5936126726635
8,69.3,1058.0857185722684
8,69.4,1074.2593266729396
8,69.5,1057.9264587981752
8,69.60000000000001,1067.7884912948114
8,69.7,1068.345957559029
8,69.8,1045.1896264261754
8,69.9,1051.5243099457648
8,70.0,1065.1626762525511
8,70.10000000000001,1061.7554743292949
8,70.2,1065.5699731104007
8,70.3,1058.389163950867
8,70.4,1060.5939194983707
8,70.5,1083.683131522482
8,70.60000000000001,1081.19371797275
8,70.7,1052.2327266786508
8,70.8,1049.1367709516571
8,70.9,1061.4652505158424
8,71.0,1077.5848812691474
8,71.10000000000001,1135.8718340139947
8,71.2,1116.1572863160975
8,71.3,1080.7075661963115
8,71.4,1076.0870021456362
8,71.5,1055.7041121700076
8,71.60000000000001,1054.5878577224264
8,71.7,1054.2495166277347
8,71.8,1074.0601785515064
8,71.9,1055.742509967473
8,72.0,1054.1126324967674
8,72.10000000000001,1070.080049017155
8,72.2,1051.647952906267
8,72.3,1040.8415170582537
8,72.4,1076.4728818968445
8,72.5,1076.9435239200784
8,72.60000000000001,1072.7356427900709
8,72.7,1065.4851839422297
8,72.8,1062.0924459845266
8,72.9,1079.388052035046
8,73.0,1084.1701388735714
8,73.10000000000001,1106.1193781298775
8,73.2,1076.1212436633446
8,73.3,1051.4605549876758
8,73.4,1060.3172990855574
8,73.5,1081.18632643048
8,73.60000000000001,1058.1424657830569
8,73.7,1047.2963954897036
8,73.8,1051.4355987159038
8,73.9,1052.4345980031983
8,74.0,1058.9320041451074
8,74.10000000000001,1041.8278677093506
8,74.2,1031.219373737287
8,74.3,1038.1709265079546
8,74.4,1057.5332192317771
8,74.5,1091.8046842526398
8,74.60000000000001,1077.158492484974
8,74.7,1043.0205767810726
8,74.8,1056.3566166170856
8,74.9,1076.549642025798
8,75.0,1062.2991617109137
8,75.10000000000001,1053.4573904661895
8,75.2,1089.2336453271078
8,75.3,1092.990572553522
8,75.4,1078.2136298881837
8,75.5,1078.2990158675725
8,75.60000000000001,1079.4544143021742
8,75.7,1073.4767344572579
8,75.8,1062.7654501342665
8,75.9,1108.0993272225064
8,76.0,1098.8925768769284
8,76.10000000000001,1041.8675959449413
8,76.2,1052.8332036018458
8,76.3,1074.622403439135
8,76.4,1060.3354947582852
8,76.5,1038.0684349470446
8,76.60000000000001,1056.3839667248617
8,76.7,1066.159709555291
8,76.80000000000001,1054.6079202798903
8,76.9,1058.9799760692722
8,77.0,1066.8189853018873
8,77.10000000000001,1099.5831263845726
8,77.2,1105.0946519520094
8,77.30000000000001,1072.0565766928937
8,77.4,1068.2558662894378
8,77.5,1072.6674992354995
8,77.60000000000001,1079.1417832440402
8,77.7,1071.0824168148367
8,77.80000000000001,1040.2440927774603
8,77.9,1042.72293674074
8,78.0,1058.1839059999857
8,78.10000000000001,1056.2628164109965
8,78.2,1058.5108496653754
8,78.30000000000001,1083.8865752729994
8,78.4,1089.527279805516
8,78.5,1075.6266588873511
8,78.60000000000001,1080.288124086542
8,78.7,1073.162353765732
8,78.80000000000001,1069.6196862164938
8,78.9,1083.2821847830228
8,79.0,1083.8973040901458
8,79.10000000000001,1066.292429187268
8,79.2,1089.651389574127
8,79.30000000000001,1099.7579527303983
8,79.4,1069.2455647009506
8,79.5,1065.6169973614462
8,79.60000000000001,1057.270451413577
8,79.7,1058.738539312333
8,79.80000000000001,1076.3460382398937
8,79.9,1078.7529786181087
8,80.0,1069.7370414157524
8,80.10000000000001,1053.2140757224038
8,80.2,1062.72693651778
8,80.30000000000001,1070.7480169538303
8,80.4,1073.4243720545192
8,80.5,1069.4290758849916
8,80.60000000000001,1070.1510116609643
8,80.7,1081.3292816424516
8,80.80000000000001,1103.2528255302977
8,80.9,1107.5491694672235
8,81.0,1080.18791084186
8,81.10000000000001,1060.0715868300294
8,81.2,1060.1787765393765
8,81.30000000000001,1070.6158340319528
8,81.4,1050.6341650566385
8,81.5,1042.3022390804488
8,81.60000000000001,1059.7484974033205
8,81.7,1084.4102556786154
8,81.80000000000001,1073.6492663743682
8,81.9,1056.5511263361234
8,82.0,1080.1730326752893
8,82.10000000000001,1062.4673248486167
8,82.2,1078.0901729081083
8,82.30000000000001,1071.760628439806
8,82.4,1051.7390893380693
8,82.5,1050.0729353008917
8,82.60000000000001,1070.0001309017387
8,82.7,1073.952134541947
8,82.80000000000001,1075.0242479447065
8,82.9,1058.1923570563436
8,83.0,1055.4116799516391
8,83.10000000000001,1086.2738902926549
8,83.2,1081.3162343811614
8,83.30000000000001,1074.057676556376
8,83.4,1078.0700823669215
8,83.5,1079.6248437132786
8,83.60000000000001,1075.0632055548272
8,83.7,1068.5743247785358
8,83.80000000000001,1067.5442948681075
8,83.9,1066.2853878770577
8,84.0,1089.538560885688
8,84.10000000000001,1100.383735143681
8,84.2,1089.171596751286
8,84.30000000000001,1088.8055082244236
8,84.4,1088.7935222156602
8,84.5,1083.9166422397882
8,84.60000000000001,1071.024942691597
8,84.7,1073.5209669266615
8,84.80000000000001,1082.2440424592617
8,84.9,1062.6899678527536
8,85.0,1057.4493975478358
8,85.10000000000001,1047.5992412607925
8,85.2,1067.336651436345
8,85.30000000000001,1124.7146537451576
8,85.4,1092.899714285714
8,85.5,1077.2646277574427
8,85.60000000000001,1055.9319789885585
8,85.7,1061.1556010481797
8,85.80000000000001,1062.6130931854866
8,85.9,1047.4538199859976
8,86.0,1048.266785320577
8,86.10000000000001,1043.431636181093
8,86.2,1049.0053340460845
8,86.30000000000001,1039.5368792868655
8,86.4,1105.8239093360733
8,86.5,1164.7628410675036
8,86.60000000000001,1074.5842020639982
8,86.7,1068.9512843686834
8,86.80000000000001,1047.6104006580963
8,86.9,1046.1882113454515
8,87.0,1039.567629062147
8,87.10000000000001,1047.453461448077
8,87.2,1042.9370476479385
8,87.30000000000001,1074.0266000795368
8,87.4,1099.5956092622398
8,87.5,1083.9293080598507
8,87.60000000000001,1056.2577319595866
8,87.7,1049.6949473012337
8,87.80000000000001,1054.9936124239725
8,87.9,1061.9405000307208
8,88.0,1077.1734709392802
8,88.10000000000001,1064.7504776793844
8,88.2,1038.030779885454
8,88.30000000000001,1060.410516392581
8,88.4,1053.2612689883053
8,88.5,1048.481270441989
8,88.60000000000001,1055.5306826018407
8,88.7,1051.4044176700745
8,88.80000000000001,1073.9965418023728
8,88.9,1098.1368247919045
8,89.0,1049.278450241994
8,89.10000000000001,1052.6698575773623
8,89.2,1072.6731772050116
8,89.30000000000001,1072.9644082563177
8,89.4,1090.1536439954748
8,89.5,1086.052531173744
8,89.60000000000001,1073.2432779366068
8,89.7,1061.8527163923452
8,89.80000000000001,1047.9434613691637
8,89.9,1057.326311503355
8,90.0,1063.948749141499
8,90.10000000000001,1067.1456497967426
8,90.2,1042.4470180817436
8,90.30000000000001,1053.7773930575615
8,90.4,1074.046745122201
8,90.5,1123.672109875985
8,90.60000000000001,1052.0416435031054
8,90.7,1065.9951377730367
8,90.80000000000001,1077.201396105243
8,90.9,1055.3446383750502
8,91.0,1056.7932319058168
8,91.10000000000001,1066.799665007147
8,91.2,1076.9450438004596
8,91.30000000000001,1061.4893254125768
8,91.4,1061.876892006036
8,91.5,1043.437833700747
8,91.60000000000001,1041.2338180758168
8,91.7,1059.4331672773437
8,91.80000000000001,1081.7373542382768
8,91.9,1073.091893668498
8,92.0,1054.3847620337467
8,92.10000000000001,1054.3905058898877
8,92.2,1047.0996912308453
8,92.30000000000001,1070.6182716724734
8,92.4,1073.1498167221005
8,92.5,1055.3117150188154
8,92.60000000000001,1066.3364640620293
8,92.7,1053.7947432491408
8,92.80000000000001,1051.6826728637882
8,92.9,1035.3281055111827
8,93.0,1064.735896395271
8,93.10000000000001,1093.6276013705917
8,93.2,1092.174930641402
8,93.30000000000001,1052.7441038718416
8,93.4,1056.386205879652
8,93.5,1043.4550701127223
8,93.60000000000001,1032.8078924442227
8,93.7,1040.0608067852606
8,93.80000000000001,1051.363797690933
8,93.9,1049.7465276045345
8,94.0,1057.890532582303
8,94.10000000000001,1060.67326372899
8,94.2,1090.1308086996455
8,94.30000000000001,1074.2694634737968
8,94.4,1082.8114376885562
8,94.5,1051.9035518488488
8,94.60000000000001,1049.468361581571
8,94.7,1063.7292230132466
8,94.80000000000001,1041.0879870159547
8,94.9,1048.8019963225863
8,95.0,1071.4087306876143
8,95.10000000000001,1055.5007266779844
8,95.2,1073.9711826781631
8,95.30000000000001,1086.0772274617423
8,95.4,1057.4680680952201
8,95.5,1060.1689870775892
8,95.60000000000001,1059.3478364326124
8,95.7,1060.8223367195997
8,95.80000000000001,1060.5880944612868
8,95.9,1086.5624360387717
8,96.0,1077.6660907488863
8,96.10000000000001,1098.254329523132
8,96.2,1138.0401660501936
8,96.30000000000001,1181.388675653571
8,96.4,1081.5996156914266
8,96.5,1115.419819717659
8,96.60000000000001,1091.1497686364714
8,96.7,1144.696475692925
8,96.80000000000001,1070.837391437934
8,96.9,1060.3335073808241
8,97.0,1058.8014927962195
8,97.10000000000001,1056.2898678911668
8,97.2,1054.7350710283936
8,97.30000000000001,1055.116046179405
8,97.4,1056.0122679534627
8,97.5,1071.9823410825024
8,97.60000000000001,1099.0438063916613
8,97.7,1077.474828505741
8,97.80000000000001,1058.3492182775453
8,97.9,1066.5061548114672
8,98.0,1073.0787665087769
8,98.10000000000001,1050.728329679239
8,98.2,1060.448928751993
8,98.30000000000001,1094.6289612949438
8,98.4,1087.815982721279
8,98.5,1053.2368596723497
8,98.60000000000001,1068.0145054092875
8,98.7,1072.7384302158614
8,98.80000000000001,1063.5325809150345
8,98.9,1045.8190466702715
8,99.0,1060.5786805481212
8,99.10000000000001,1069.262247368296
8,99.2,1083.0964028432365
8,99.30000000000001,1149.0688767553404
8,99.4,1062.6696818517696
8,99.5,1032.5750905939522
8,99.60000000000001,1040.2997862280113
8,99.7,1055.2190362406263
8,99.80000000000001,1038.212786647613
8,99.9,1036.2942307114972
8,100.0,1050.9274173529118
8,100.10000000000001,1071.2934616903663
8,100.2,1111.3502168859873
8,100.30000000000001,1093.5467604797836
8,100.4,1016.8234649178655
8,100.5,1059.9175799957607
8,100.60000000000001,1067.33610073027
8,100.7,1059.3345387247286
8,100.80000000000001,1078.409128353831
8,100.9,1038.4611670913941
8,101.0,1050.9313697135387
8,101.10000000000001,1055.3177110807896
8,101.2,1070.772737867711
8,101.30000000000001,1067.193647568127
8,101.4,1054.263751648211
8,101.5,1060.9925549495415
8,101.60000000000001,1055.8061183093232
8,101.7,1066.1331183509142
8,101.80000000000001,1077.0734649607443
8,101.9,1094.0764130746584
8,102.0,1046.632401990881
8,102.10000000000001,1069.6791100921776
8,102.2,1090.5957509926393
8,102.30000000000001,1074.3262155601838
8,102.4,1098.002159168562
8,102.5,1089.3019726434504
8,102.60000000000001,1053.8130742232725
8,102.7,1088.3385373654535
8,102.80000000000001,1069.4708539777255
8,102.9,1048.345522346909
8,103.0,1063.4306582398026
8,103.10000000000001,1058.1355923081862
8,103.2,1052.7483198200623
8,103.30000000000001,1055.3320829746099
8,103.4,1091.8118889130549
8,103.5,1072.4483687812838
8,103.60000000000001,1048.8516086088823
8,103.7,1037.3786735134865
8,103.80000000000001,1084.1201810184511
8,103.9,1089.0790983385327
8,104.0,1054.0207473224427
8,104.10000000000001,1104.2436844496676
8,104.2,1047.1299041650018
8,104.30000000000001,1062.4324275286795
8,104.4,1081.810417492654
8,104.5,1074.8192682645442
8,104.60000000000001,1054.8207076900023
8,104.7,1066.2072588526755
8,104.80000000000001,1031.9703078744196
8,104.9,1068.241858964605
8,105.0,1042.1912617629966
8,105.10000000000001,1054.4169215149677
8,105.2,1071.2372718018917
8,105.30000000000001,1037.4738680491944
8,105.4,1060.5380040951145
8,105.5,1060.355909381724
8,105.60000000000001,1069.9569826358704
8,105.7,1074.3864328483874
8,105.80000000000001,1016.9444112397479
8,105.9,1054.9295079973158
8,106.0,1061.3953220443511
8,106.10000000000001,1066.0744067104365
8,106.2,1054.1569708745196
8,106.30000000000001,1041.972369381552
8,106.4,1074.7126637684105
8,106.5,1041.0905360620948
8,106.60000000000001,1052.039249135342
8,106.7,1051.508244207177
8,106.80000000000001,1060.8500904525567
8,106.9,1050.693213977523
8,107.0,1074.7624560620638
8,107.10000000000001,1034.5000046808796
8,107.2,1037.6306989319492
8,107.30000000000001,1036.5573488971734
8,107.4,1050.5775252125372
8,107.5,1047.3197306204179
8,107.60000000000001,1037.2902514876782
8,107.7,1058.0573736287502
8,107.80000000000001,1071.6100544693013
8,107.9,1063.66992787983
8,108.0,1038.8367346792975
8,108.10000000000001,1036.3920249573146
8,108.2,1054.4963433720031
8,108.30000000000001,1048.7744451239848
8,108.4,1038.3497645068755
8,108.5,1045.4905363910414
8,108.60000000000001,1041.689547950633
8,108.7,1059.831318256685
8,108.80000000000001,1072.316974804467
8,108.9,1056.0014496802473
8,109.0,1044.257159418426
8,109.10000000000001,1051.3175750779446
8,109.2,1070.1914650191504
8,109.30000000000001,1065.8604993083206
8,109.4,1049.690653000399
8,109.5,1050.7458466367243
8,109.60000000000001,1044.3027987845066
8,109.7,1075.7565394614091
8,109.80000000000001,1051.8998837306904
8,109.9,1049.4684043382026
8,110.0,1157.4886546760533
8,110.10000000000001,1057.8714125095764
8,110.2,1069.2971659795535
8,110.30000000000001,1058.755140464515
8,110.4,1058.5705148794202
8,110.5,1048.422126341931
8,110.60000000000001,1044.9568349353253
8,110.7,1073.2820960752986
8,110.80000000000001,1046.473786049521
8,110.9,1065.7380894645255
8,111.0,1058.2384060508493
8,111.10000000000001,1063.4695497786493
8,111.2,1071.8971282756193
8,111.30000000000001,1062.374878610751
8,111.4,1045.462212289778
8,111.5,1087.366889826252
8,111.60000000000001,1073.0786267514848
8,111.7,1040.9602510157165
8,111.80000000000001,1046.5049271521673
8,111.9,1066.091888671036
8,112.0,1048.962147929107
8,112.10000000000001,1074.9323779659992
8,112.2,1086.1714383804615
8,112.30000000000001,1124.0345002317147
8,112.4,1091.2934211695708
8,112.5,1091.2100786306862
8,112.60000000000001,1056.157291645191
8,112.7,1066.2024693079018
8,112.80000000000001,1065.7775581601593
8,112.9,1068.179923591053
8,113.0,1102.6326869141749
8,113.10000000000001,1068.9315214895096
8,113.2,1097.657559264948
8,113.30000000000001,1066.9296374350226
8,113.4,1066.9917166227667
8,113.5,1034.8357616039937
8,113.60000000000001,1048.2095170105756
8,113.7,1078.447973443512
8,113.80000000000001,1074.7881628723542
8,113.9,1059.1510219061809
8,114.0,1082.6790655696348
8,114.10000000000001,1039.0955972994316
8,114.2,1073.3919076166003
8,114.30000000000001,1043.984155945309
8,114.4,1057.6209619033816
8,114.5,1070.5435856786937
8,114.60000000000001,1056.0514593511673
8,114.7,1043.8455298653873
8,114.80000000000001,1089.07221526473
8,114.9,1062.515817552653
8,115.0,1043.308954670248
8,115.10000000000001,1056.1659151377112
8,115.2,1087.2145641278796
8,115.30000000000001,1071.30765628106
8,115.4,1057.357965982965
8,115.5,1054.6669513599284
8,115.60000000000001,1065.7377722575725
8,115.7,1056.7270467742278
8,115.80000000000001,1043.024903462512
8,115.9,1071.622729649459
8,116.0,1078.9889651564044
8,116.10000000000001,1062.8296577148026
8,116.2,1065.7132072198203
8,116.30000000000001,1071.5270108798604
8,116.4,1078.0823354196293
8,116.5,1086.9528819868974
8,116.60000000000001,1066.2614566198304
8,116.7,1041.3550298261569
8,116.80000000000001,1056.0200177073534
8,116.9,1030.6058914755174
8,117.0,1084.1718906661204
8,117.10000000000001,1050.4820165243602
8,117.2,1040.2206675796933
8,117.30000000000001,1065.1427439682857
8,117.4,1072.498300040714
8,117.5,1072.9370062486462
8,117.60000000000001,1057.7543633708283
8,117.7,1085.1843965839478
8,117.80000000000001,1076.5169070222569
8,117.9,1070.3976015432097
8,118.0,1038.9086248758563
8,118.10000000000001,1047.1588841445682
8,118.2,1060.5048056458782
8,118.30000000000001,1059.1467233057188
8,118.4,1058.0570748633606
8,118.5,1096.2913167784852
8,118.60000000000001,1034.765308253817
8,118.7,1053.1120505551041
8,118.80000000000001,1071.9183203626847
8,118.9,1066.5660601714308
8,119.0,1036.4404122077838
8,119.10000000000001,1055.9109649287952
8,119.2,1079.9098234260202
8,119.30000000000001,1063.7954712807007
8,119.4,1056.5200569266233
8,119.5,1057.4951948827047
8,119.60000000000001,1096.7047437984131
8,119.7,1081.526664611999
8,119.80000000000001,1091.6554341647795
8,119.9,1037.976040539546
8,120.0,1061.304007191863
8,120.10000000000001,1070.0932977750688
8,120.2,1087.1772736695464
8,120.30000000000001,1083.1096337122149
8,120.4,1066.97536623955
8,120.5,1082.675858275086
8,120.60000000000001,1132.379838766139
8,120.7,1067.955508756609
8,120.80000000000001,1065.3870114975123
8,120.9,1076.4002767724435
8,121.0,1070.3242589750735
8,121.10000000000001,1073.269351319117
8,121.2,1058.3466781482234
8,121.30000000000001,1064.1726661536532
8,121.4,1072.2817440094689
8,121.5,1058.8936705154404
8,121.60000000000001,1048.51462240377
8,121.7,1056.776524164663
8,121.80000000000001,1073.152779914628
8,121.9,1090.5216088526922
8,122.0,1079.2730552322118
8,122.10000000000001,1068.7799163701468
8,122.2,1048.3253443152996
8,122.30000000000001,1073.7219617286316
8,122.4,1106.4710851856898
8,122.5,1061.0006807292807
8,122.60000000000001,1054.0682298869401
8,122.7,1074.6099928176802
8,122.80000000000001,1078.619831492256
8,122.9,1148.678118711563
8,123.0,1083.864525216166
8,123.10000000000001,1098.8939178071075
8,123.2,1099.4091340979394
8,123.30000000000001,1056.769870967214
8,123.4,1059.8543874379798
8,123.5,1074.9800653062778
8,123.60000000000001,1056.9290479765623
8,123.7,1057.2515485431977
8,123.80000000000001,1062.1536204772276
8,123.9,1086.7436401649873
8,124.0,1052.7177252938814
8,124.10000000000001,1059.748382860109
8,124.2,1091.1889127555617
8,124.30000000000001,1077.7625002748123
8,124.4,1047.1590415745839
8,124.5,1148.23210314841
8,124.60000000000001,1085.4141915565287
8,124.7,1050.9722431554414
8,124.80000000000001,1052.0336760124185
8,124.9,1137.6117741874712
8,125.0,1093.3152779368195
8,125.10000000000001,1091.9866712644578
8,125.2,1117.7574938987805
8,125.30000000000001,1066.6450364947357
8,125.4,1040.5107065716672
8,125.5,1076.4596830258065
8,125.60000000000001,1066.4198537899658
8,125.7,1048.2998358964714
8,125.80000000000001,1065.8891267577828
8,125.9,1072.2480364325227
8,126.0,1067.3856013056024
8,126.10000000000001,1055.3412937660119
8,126.2,1064.2751988414639
8,126.30000000000001,1067.184247964119
8,126.4,1051.3699274946714
8,126.5,1034.5628358177673
8,126.60000000000001,1046.4539622541242
8,126.7,1032.4514215329891
8,126.80000000000001,1067.2952537552733
8,126.9,1053.5346313759414
8,127.0,1043.4284527221723
8,127.10000000000001,1070.309739607208
8,127.2,1068.3222035313927
8,127.30000000000001,1067.7817310031992
8,127.4,1069.2434974855078
8,127.5,1071.815294231676
8,127.60000000000001,1064.6483524436846
8,127.7,1067.6709734750452
8,127.80000000000001,1072.1908643262555
8,127.9,1073.4693383959534
8,128.0,1079.6030119451325
8,128.1,1088.0371667784334
8,128.20000000000002,1072.3648401389476
8,128.3,1063.5701635694315
8,128.4,1067.7917419282633
8,128.5,1102.4607234384587
8,128.6,1068.3995221089124
8,128.70000000000002,1063.5482880471372
8,128.8,1068.3268866089957
8,128.9,1054.938706961994
8,129.0,1049.847588485532
8,129.1,1059.8912114235493
8,129.20000000000002,1089.1033804980607
8,129.3,1107.2150558939186
8,129.4,1094.7176657118364
8,129.5,1088.7292590651364
8,129.6,1077.3393431636061
8,129.70000000000002,1084.0452126808252
8,129.8,1059.4559475167528
8,129.9,1095.8543050885116
8,130.0,1089.498801500187
8,130.1,1082.5565461600156
8,130.20000000000002,1094.1642106557358
8,130.3,1079.6432919835636
8,130.4,1081.210864645946
8,130.5,1080.165501507552
8,130.6,1065.5834026874354
8,130.70000000000002,1086.1405721770304
8,130.8,1095.8582541907533
8,130.9,1084.4582410091461
8,131.0,1085.4861028031373
8,131.1,1130.0783667750964
8,131.20000000000002,1104.7732503032648
8,131.3,1103.8243820515856
8,131.4,1074.7000963478024
8,131.5,1064.3101153742643
8,131.6,1051.0518360259114
8,131.70000000000002,1055.8008314497758
8,131.8,1064.3912868379743
8,131.9,1068.7033767884454
8,132.0,1072.649099798344
8,132.1,1048.9654806918466
8,132.20000000000002,1084.0778826759652
8,132.3,1065.421792781965
8,132.4,1043.7418385490016
8,132.5,1053.9085824958802
8,132.6,1057.940368198649
8,132.70000000000002,1061.95072173321
8,132.8,1060.3530415075008
8,132.9,1046.8188236236024
8,133.0,1037.7753662554965
8,133.1,1050.2213761134967
8,133.20000000000002,1078.0716063283662
8,133.3,1090.7339893530711
8,133.4,1072.6899857931746
8,133.5,1068.4620208440494
8,133.6,1081.0435888855013
8,133.70000000000002,1066.8251005095537
8,133.8,1074.2405630481414
8,133.9,1070.6930275252414
8,134.0,1097.2118822252373
8,134.1,1081.4181003506403
8,134.20000000000002,1057.1162761839666
8,134.3,1043.2373334144506
8,134.4,1058.0864951632977
8,134.5,1077.725536642328
8,134.6,1066.8430588912477
8,134.70000000000002,1080.2253965942132
8,134.8,1090.9391139603438
8,134.9,1080.9949323990886
8,135.0,1074.2590821787362
8,135.1,1081.4237812140873
8,135.20000000000002,1076.1439644613038
8,135.3,1079.1978117887872
8,135.4,1099.3823382423766
8,135.5,1085.2214945144183
8,135.6,1106.4728342579517
8,135.70000000000002,1082.4094003913356
8,135.8,1082.171354390432
8,135.9,1093.5420727068613
8,136.0,1079.0529365011375
8,136.1,1073.2745446679476
8,136.20000000000002,1083.841038041626
8,136.3,1075.338622047068
8,136.4,1048.7216438657606
8,136.5,1100.1379860052587
8,136.6,1117.6815180407907
8,136.70000000000002,1078.821652386753
8,136.8,1063.5583546969292
8,136.9,1068.4827022661514
8,137.0,1073.9426888900005
8,137.1,1060.6399126322644
8,137.20000000000002,1055.968666049687
8,137.3,1121.7681745266561
8,137.4,1118.326791928246
8,137.5,1071.370011222666
8,137.6,1074.4296412096728
8,137.70000000000002,1088.8083314770677
8,137.8,1080.055827122118
8,137.9,1049.3729027038448
8,138.0,1056.2579842301793
8,138.1,1077.1711614458
8,138.20000000000002,1088.8378023858836
8,138.3,1097.2802576983834
8,138.4,1088.2248779745366
8,138.5,1065.6627481970868
8,138.6,1066.0853447993834
8,138.70000000000002,1094.4912308966059
8,138.8,1092.4787084589198
8,138.9,1086.2470710592029
8,139.0,1078.6894271499762
8,139.1,1065.1480368150199
8,139.20000000000002,1060.3063598240726
8,139.3,1056.6495025296572
8,139.4,1051.7329704492727
8,139.5,1086.4428269888858
8,139.6,1089.7042410685224
8,139.70000000000002,1048.7472937100404
8,139.8,1050.5181819788986
8,139.9,1054.86077572939
8,140.0,1048.7540662542149
8,140.1,1043.989834444556
8,140.20000000000002,1060.8427681897767
8,140.3,1069.5442939218624
8,140.4,1070.8357912469264
8,140.5,1079.7745571666055
8,140.6,1077.839421614305
8,140.70000000000002,1071.9768206425422
8,140.8,1053.0355928777224
8,140.9,1042.221106227689
8,141.0,1046.1431841630188
8,141.1,1056.5244916184824
8,141.20000000000002,1051.732736430139
8,141.3,1047.959600397974
8,141.4,1055.3431788019661
8,141.5,1048.8863023730314
8,141.6,1040.3423998847982
8,141.70000000000002,1046.4979550586875
8,141.8,1059.4224428085624
8,141.9,1064.414114323272
8,142.0,1060.700501339544
8,142.1,1042.2872200958477
8,142.20000000000002,1049.461334544995
8,142.3,1061.8984965577463
8,142.4,1054.3847275382682
8,142.5,1056.8868181489083
8,142.6,1067.3350296335086
8,142.70000000000002,1053.5262953278852
8,142.8,1045.3198500263222
8,142.9,1064.453480337113
8,143.0,1053.9690450698456
8,143.1,1048.6583970149468
8,143.20000000000002,1068.7738370963168
8,143.3,1081.880474240262
8,143.4,1071.8193213633206
8,143.5,1067.8501156018792
8,143.6,1090.530383857831
8,143.70000000000002,1101.6722691208208
8,143.8,1078.1192099113334
8,143.9,1079.2789358096775
8,144.0,1065.869650217382
8,144.1,1065.3262013614362
8,144.20000000000002,1078.002415842937
8,144.3,1081.5523074949635
8,144.4,1085.5729358722986
8,144.5,1084.4159122163671
8,144.6,1078.1795024264657
8,144.70000000000002,1083.6070898255994
8,144.8,1080.71828527909
8,144.9,1069.2024852415607
8,145.0,1112.749746924161
8,145.1,1115.5208672529757
8,145.20000000000002,1094.4476404325128
8,145.3,1104.644755231373
8,145.4,1054.7001197253658
8,145.5,1060.9761397205398
8,145.6,1073.1183441673263
8,145.70000000000002,1056.8473015464062
8,145.8,1079.5886466662162
8,145.9,1101.5315307269798
8,146.0,1072.7173848524544
8,146.1,1078.3985369321567
8,146.20000000000002,1123.0151901527177
8,146.3,1137.1977111009467
8,146.4,1053.3243728989107
8,146.5,1048.3494415346963
8,146.6,1078.9090047256934
8,146.70000000000002,1085.0079606975728
8,146.8,1072.6037890936925
8,146.9,1094.0212106894583
8,147.0,1079.483773766214
8,147.1,1053.901755085226
8,147.20000000000002,1089.162193579609
8,147.3,1100.7748484398069
8,147.4,1054.955212362466
8,147.5,1061.7709361051507
8,147.6,1054.9428397123243
8,147.70000000000002,1067.4137674192093
8,147.8,1054.6211393436802
8,147.9,1048.2741757094618
8,148.0,1040.6163811068411
8,148.1,1031.490109614831
8,148.20000000000002,1033.4596970399077
8,148.3,1048.0441215895871
8,148.4,1061.3049933289117
8,148.5,1069.705896107793
8,148.6,1088.248703793506
8,148.70000000000002,1100.0591293510654
8,148.8,1057.50576519977
8,148.9,1056.1368205189672
8,149.0,1063.7776864602138
8,149.1,1045.1963549373786
8,149.20000000000002,1054.1533462417042
8,149.3,1055.699005725577
8,149.4,1036.8968293451208
8,149.5,1040.5290852830908
8,149.6,1053.336055540564
8,149.70000000000002,1061.1416988888336
8,149.8,1073.307213865403
8,149.9,1081.1285765438781
8,150.0,1057.3221439542042
8,150.1,1068.3148644483822
8,150.20000000000002,1091.330158357618
8,150.3,1084.331082225044
8,150.4,1056.0110077685176
8,150.5,1050.4244824450677
8,150.6,1077.1597794094077
8,150.70000000000002,1099.146368661595
8,150.8,1076.6571891392039
8,150.9,1091.120266859757
8,151.0,1078.4628424801226
8,151.1,1066.8403810832629
8,151.20000000000002,1051.6475012066164
8,151.3,1054.8889322708928
8,151.4,1056.9835653612815
8,151.5,1074.7775881603422
8,151.6,1072.3408483151704
8,151.70000000000002,1057.4834760953347
8,151.8,1065.6131309768623
8,151.9,1052.2439601596186
8,152.0,1051.7950569383493
8,152.1,1043.7972444159716
8,152.20000000000002,1037.0760535982968
8,152.3,1051.9674137763213
8,152.4,1055.510179905352
8,152.5,1052.6799917343176
8,152.6,1057.0001443132005
8,152.70000000000002,1059.4156854477217
8,152.8,1087.0683172754352
8,152.9,1142.1338611493074
8,153.0,1085.3568585122928
8,153.1,1068.8983843772812
8,153.20000000000002,1076.703787702068
8,153.3,1073.0237508192024
8,153.4,1090.059461516372
8,153.5,1127.2010132644298
8,153.60000000000002,1090.6637196210802
8,153.70000000000002,1096.843643920542
8,153.8,1085.4447452276552
8,153.9,1053.0881338346621
8,154.0,1063.410635660169
8,154.10000000000002,1089.092930394301
8,154.20000000000002,1100.5010700782475
8,154.3,1066.0933213409937
8,154.4,1116.9645679868831
8,154.5,1116.487756949618
8,154.60000000000002,1076.8733916064232
8,154.70000000000002,1073.5123477622972
8,154.8,1086.9123293292162
8,154.9,1106.3876457808822
8,155.0,1081.7643923209
8,155.10000000000002,1057.0365032725622
8,155.20000000000002,1054.7536308181657
8,155.3,1080.8506363405581
8,155.4,1076.308024302913
8,155.5,1072.5415979779627
8,155.60000000000002,1070.087528497371
8,155.70000000000002,1092.9487980664373
8,155.8,1056.7658408186392
8,155.9,1054.4640228400594
8,156.0,1056.2951186706223
8,156.10000000000002,1064.0618592174158
8,156.20000000000002,1050.6816928304465
8,156.3,1054.6379503128069
8,156.4,1070.3716705320678
8,156.5,1069.938856860833
8,156.60000000000002,1084.0045208046606
8,156.70000000000002,1076.566444557235
8,156.8,1065.4756266035092
8,156.9,1058.923942507364
8,157.0,1102.1723232790446
8,157.10000000000002,1067.687221205449
8,157.20000000000002,1080.9805465392901
8,157.3,1079.2024104260427
8,157.4,1085.1900984147992
8,157.5,1088.2923555134303
8,157.60000000000002,1094.5030885207962
8,157.70000000000002,1098.8382628810132
8,157.8,1099.276756917372
8,157.9,1094.5326256002772
8,158.0,1086.0157296132331
8,158.10000000000002,1090.097847573339
8,158.20000000000002,1092.2219033607544
8,158.3,1080.4035618637618
8,158.4,1092.2106359043155
8,158.5,1075.2082724571428
8,158.60000000000002,1100.927246770414
8,158.70000000000002,1088.8446202967787
8,158.8,1057.9268320873173
8,158.9,1061.974565792017
8,159.0,1058.2721476146135
8,159.10000000000002,1084.7783207027978
8,159.20000000000002,1069.3226373661005
8,159.3,1089.7135860925682
8,159.4,1147.0614816011011
8,159.5,1052.859688216302
8,159.60000000000002,1088.3219534708958
8,159.70000000000002,1081.5166982996682
8,159.8,1072.7190720701622
8,159.9,1077.903332837356
8,160.0,1071.779218019673
8,160.10000000000002,1076.2362946981473
8,160.20000000000002,1077.549283688078
8,160.3,1061.3873677175893
8,160.4,1058.162587858912
8,160.5,1041.024989606127
8,160.60000000000002,1091.8577693366879
8,160.70000000000002,1084.2671132590792
8,160.8,1042.9690879665307
8,160.9,1056.4504270136217
8,161.0,1049.6480705416104
8,161.10000000000002,1060.9774732117394
8,161.20000000000002,1052.2145952276915
8,161.3,1072.1222477904244
8,161.4,1111.8420991133894
8,161.5,1076.647977076586
8,161.60000000000002,1090.4760969602205
8,161.70000000000002,1082.4673860770097
8,161.8,1076.6104995807252
8,161.9,1072.7045368450138
8,162.0,1073.7880944056528
8,162.10000000000002,1057.4027047732998
8,162.20000000000002,1092.7253344227174
8,162.3,1087.2244790325676
8,162.4,1079.2615824048069
8,162.5,1102.2458360658861
8,162.60000000000002,1100.6876610128631
8,162.70000000000002,1113.667048054864
8,162.8,1091.215556041368
8,162.9,1066.2584034124436
8,163.0,1066.0917318397892
8,163.10000000000002,1116.0525198877972
8,163.20000000000002,1100.2598435425728
8,163.3,1086.0302418470192
8,163.4,1106.1553488611048
8,163.5,1123.6572906496422
8,163.60000000000002,1060.0803512784864
8,163.70000000000002,1068.060496385964
8,163.8,1081.051791043965
8,163.9,1075.5832052757048
8,164.0,1086.88890511526
8,164.10000000000002,1076.4923047463233
8,164.20000000000002,1085.760661746605
8,164.3,1080.4415816391866
8,164.4,1082.4946129782004
8,164.5,1028.6871440979291
8,164.60000000000002,1090.0996187023686
8,164.70000000000002,1045.3646703334066
8,164.8,1064.6659470618754
8,164.9,1080.0262271474548
8,165.0,1139.670373016232
8,165.10000000000002,1057.265203881266
8,165.20000000000002,1069.9896475305368
8,165.3,1083.4642307508348
8,165.4,1052.5293148000112
8,165.5,1107.5570635803733
8,165.60000000000002,1110.282560567663
8,165.70000000000002,1092.2259399897102
8,165.8,1081.6288757807793
8,165.9,1070.721859845511
8,166.0,1112.3528449200917
8,166.10000000000002,1120.7217232020107
8,166.20000000000002,1076.8297406607858
8,166.3,1081.6089837951379
8,166.4,1076.7378625585945
8,166.5,1086.9800246995883
8,166.60000000000002,1139.586177026852
8,166.70000000000002,1094.2849102695375
8,166.8,1072.1778607725712
8,166.9,1091.922107594784
8,167.0,1106.9093309931773
8,167.10000000000002,1113.6836147654146
8,167.20000000000002,1044.0197858874394
8,167.3,1107.8304199881884
8,167.4,1067.6312927573765
8,167.5,1043.7192358617408
8,167.60000000000002,1086.6953374713464
8,167.70000000000002,1080.0760864452293
8,167.8,1104.3851563066728
8,167.9,1076.4101165706847
8,168.0,1063.254173264301
8,168.10000000000002,1090.209304292687
8,168.20000000000002,1056.9285431518822
8,168.3,1111.6780618975104
8,168.4,1074.5885244178735
8,168.5,1148.771664048708
8,168.60000000000002,1068.073130645572
8,168.70000000000002,1099.119671724423
8,168.8,1096.1494993532165
8,168.9,1085.4035058317231
8,169.0,1081.6098268841042
8,169.10000000000002,1234.6539928026975
8,169.20000000000002,1044.0672371146293
8,169.3,1097.6842788954743
8,169.4,1077.5030840165425
8,169.5,1077.5642158218254
8,169.60000000000002,1138.3050207463648
8,169.70000000000002,1066.9475531388857
8,169.8,1096.0757520262937
8,169.9,1100.6309536268168
8,170.0,1083.9586871110562
8,170.10000000000002,1078.0554504636825
8,170.20000000000002,1050.2890301886841
8,170.3,1078.0758552550972
8,170.4,1094.8095102703917
8,170.5,1056.7941202860486
8,170.60000000000002,1089.9535354407128
8,170.70000000000002,1085.0090210718786
8,170.8,1065.4482095914404
8,170.9,1080.1558552803167
8,171.0,1079.0624460164559
8,171.10000000000002,1087.3683841011546
8,171.20000000000002,1086.059114206003
8,171.3,1075.6627097171981
8,171.4,1079.2518530742132
8,171.5,1106.946467979358
8,171.60000000000002,1093.745760621696
8,171.70000000000002,1065.2776580815805
8,171.8,1110.2368179693083
8,171.9,1111.1684333376231
8,172.0,1276.388435525371
8,172.10000000000002,1104.2828864971762
8,172.20000000000002,1067.1410508796935
8,172.3,1084.6794911910554
8,172.4,1083.4145402205734
8,172.5,1068.481153676164
8,172.60000000000002,1065.1544465620655
8,172.70000000000002,1080.0909214545427
8,172.8,1041.4542874822298
8,172.9,1093.810372030866
8,173.0,1072.0841110783006
8,173.10000000000002,1056.2745265012888
8,173.20000000000002,1039.9749683371729
8,173.3,1072.8779748219315
8,173.4,1098.506526677668
8,173.5,1091.44786424311
8,173.60000000000002,1089.4143919676376
8,173.70000000000002,1081.1098138285004
8,173.8,1091.6772643908073
8,173.9,1069.2856811446243
8,174.0,1079.1520794468506
8,174.10000000000002,1082.110314423439
8,174.20000000000002,1100.8971864582845
8,174.3,1078.0338957102745
8,174.4,1051.264726280844
8,174.5,1111.2825558483228
8,174.60000000000002,1083.7266907358367
8,174.70000000000002,1054.151330503273
8,174.8,1111.618710593899
8,174.9,1067.8067754186056
8,175.0,1066.9641247234863
8,175.10000000000002,1064.0365453449488
8,175.20000000000002,1074.959641478852
8,175.3,1068.230285534207
8,175.4,1070.8861532064423
8,175.5,1114.678641481305
8,175.60000000000002,1080.6463410742522
8,175.70000000000002,1095.3414878483738
8,175.8,1065.9757513123955
16,0.0,630.4259999999999
16,0.1,1132.0488124231408
16,0.2,1210.2747559575466
16,0.30000000000000004,1174.3888791351783
16,0.4,1145.590688535132
16,0.5,1157.847496764837
16,0.6000000000000001,1148.5572516839495
16,0.7000000000000001,1159.46615756966
16,0.8,1141.3318874861566
16,0.9,1181.7087749826944
16,1.0,1196.7426831118596
16,1.1,1189.562054654536
16,1.2000000000000002,1227.291205802675
16,1.3,1194.9550825500064
16,1.4000000000000001,1148.8349441399534
16,1.5,1167.1093361448736
16,1.6,1214.4500324976611
16,1.7000000000000002,1209.8632525052292
16,1.8,1229.6473769606816
16,1.9000000000000001,1199.3258408285094
16,2.0,1190.0898530702225
16,2.1,1214.5118379647472
16,2.2,1208.969089755958
16,2.3000000000000003,1198.8995508005269
16,2.4000000000000004,1202.3120489663545
16,2.5,1228.1154542572033
16,2.6,1208.50592934271
16,2.7,1215.4382672258816
16,2.8000000000000003,1203.991466246383
16,2.9000000000000004,1195.3250906856524
16,3.0,1275.9950820976767
16,3.1,1244.8519602758738
16,3.2,1226.0822438338248
16,3.3000000000000003,1189.418333350005
16,3.4000000000000004,1207.2853082433012
16,3.5,1170.3283578034022
16,3.6,1212.5165291682918
16,3.7,1223.567386826775
16,3.8000000000000003,1190.8773792553836
16,3.9000000000000004,1190.0201929668153
16,4.0,1190.9043118978714
16,4.1000000000000005,1175.9378788443883
16,4.2,1192.176644464864
16,4.3,1205.2209394100037
16,4.4,1226.235421457083
16,4.5,1234.9635094053297
16,4.6000000000000005,1166.8052696188327
16,4.7,1198.771960870218
16,4.800000000000001,1223.6638758452038
16,4.9,1187.9296267472514
16,5.0,1216.6648545060855
16,5.1000000000000005,1272.2418408976275
16,5.2,1221.138526835195
16,5.300000000000001,1237.0354995304406
16,5.4,1225.4098229655415
16,5.5,1144.2590899986426
16,5.6000000000000005,1166.2005744489998
16,5.7,1163.5941440365443
16,5.800000000000001,1167.8198923538016
16,5.9,1205.0722752287122
16,6.0,1252.0438274404726
16,6.1000000000000005,1239.0435426227164
16,6.2,1229.1340319345582
16,6.300000000000001,1182.5425044656088
16,6.4,1165.8027110915857
16,6.5,1177.9592395109435
16,6.6000000000000005,1201.5495823207389
16,6.7,1185.8623813742659
16,6.800000000000001,1172.1141235741018
16,6.9,1173.9202387427754
16,7.0,1202.8989638765493
16,7.1000000000000005,1184.419639208045
16,7.2,1204.5506587104933
16,7.300000000000001,1222.6269925750337
16,7.4,1196.0419747037529
16,7.5,1168.9721829106172
16,7.6000000000000005,1164.8629101677884
16,7.7,1163.698648076731
16,7.800000000000001,1137.0049543665884
16,7.9,1159.7819388013252
16,8.0,1186.664460441681
16,8.1,1209.3958834491216
16,8.200000000000001,1194.9028864357717
16,8.3,1196.5419731886711
16,8.4,1184.6425131322846
16,8.5,1192.8824435454308
16,8.6,1156.0632088458383
16,8.700000000000001,1176.7042418658714
16,8.8,1187.3857632725394
16,8.9,1204.331513338665
16,9.0,1213.360498171881
16,9.1,1206.1454991819287
16,9.200000000000001,1187.8910225776435
16,9.3,1179.9248978773826
16,9.4,1208.1948504918034
16,9.5,1210.8531619374558
16,9.600000000000001,1216.9151898719058
16,9.700000000000001,1200.8390279599007
16,9.8,1165.4910985946283
16,9.9,1230.0096143038252
16,10.0,1256.079617454677
16,10.100000000000001,1191.000522935879
16,10.200000000000001,1272.4364516923429
16,10.3,1250.3963035145177
16,10.4,1221.114272379466
16,10.5,1202.4229482937828
16,10.600000000000001,1180.0031554576835
16,10.700000000000001,1195.529398414695
16,10.8,1185.5898586831306
16,10.9,1206.2973432161762
16,11.0,1167.6508615617647
16,11.100000000000001,1188.5776495480527
16,11.200000000000001,1212.0413573471546
16,11.3,1219.4123162239166
16,11.4,1286.1732605015716
16,11.5,1235.247681470866
16,11.600000000000001,1212.2360994371475
16,11.700000000000001,1219.029009092055
16,11.8,1213.8265673809456
16,11.9,1292.1097086238483
16,12.0,1248.9027192797796
16,12.100000000000001,1230.7392252743205
16,12.200000000000001,1206.7036505844678
16,12.3,1178.9073359834715
16,12.4,1174.4677818622802
16,12.5,1171.6141022621382
16,12.600000000000001,1202.9800957560458
16,12.700000000000001,1206.6334402757595
16,12.8,1179.6765800730884
16,12.9,1197.2264200841648
16,13.0,1189.028638660145
16,13.100000000000001,1206.5963034643403
16,13.200000000000001,1212.000190075032
16,13.3,1238.97783282044
16,13.4,1184.7724475842151
16,13.5,1178.581508374464
16,13.600000000000001,1191.6938539539042
16,13.700000000000001,1178.749965127873
16,13.8,1166.042207636001
16,13.9,1198.3116791462219
16,14.0,1195.229228728321
16,14.100000000000001,1191.636860901871
16,14.200000000000001,1210.2303236903629
16,14.3,1204.0635998866544
16,14.4,1207.5829331800455
16,14.5,1218.0743592475803
16,14.600000000000001,1221.0855269734634
16,14.700000000000001,1200.796185175334
16,14.8,1204.1031857223743
16,14.9,1183.828571849588
16,15.0,1197.2139773480665
16,15.100000000000001,1208.1348908496482
16,15.200000000000001,1189.272922790057
16,15.3,1198.6283375036874
16,15.4,1190.6887377717894
16,15.5,1209.4016012920574
16,15.600000000000001,1229.070772455398
16,15.700000000000001,1185.771171060523
16,15.8,1161.4388957651993
16,15.9,1165.5760008988764
16,16.0,1175.248974681618
16,16.1,1199.7473328235449
16,16.2,1220.2401021464925
16,16.3,1236.8390476840354
16,16.400000000000002,1236.4381745443816
16,16.5,1193.3705663316382
16,16.6,1199.5011456739617
16,16.7,1218.4791554731178
16,16.8,1209.9963585203527
16,16.900000000000002,1227.1760533347299
16,17.0,1193.264960156222
16,17.1,1209.3116405324147
16,17.2,1223.774015112203
16,17.3,1195.2969837566734
16,17.400000000000002,1213.9113258018156
16,17.5,1207.5529646805533
16,17.6,1166.3069489268062
16,17.7,1148.027341476466
16,17.8,1204.8133201621222
16,17.900000000000002,1337.8203821888844
16,18.0,1265.6416374905334
16,18.1,1189.861122361514
16,18.2,1222.2191241795197
16,18.3,1221.688594979458
16,18.400000000000002,1217.2896164246035
16,18.5,1215.971430824226
16,18.6,1221.5882577138873
16,18.7,1192.186835424917
16,18.8,1217.3490207333462
16,18.900000000000002,1217.8528185567188
16,19.0,1194.8242355647199
16,19.1,1224.057893629984
16,19.200000000000003,1229.3291444369097
16,19.3,1219.2448524250913
16,19.400000000000002,1213.7617217226054
16,19.5,1197.8742116267392
16,19.6,1201.1184809085964
16,19.700000000000003,1188.5138682022528
16,19.8,1194.2253961943318
16,19.900000000000002,1208.7023874701993
16,20.0,1201.0805309145449
16,20.1,1228.8660903272148
16,20.200000000000003,1238.1308461748386
16,20.3,1215.172583095875
16,20.400000000000002,1195.464077821758
16,20.5,1209.5103661516428
16,20.6,1227.7227612028519
16,20.700000000000003,1188.9270565698018
16,20.8,1172.7027576093897
16,20.900000000000002,1214.3043745705852
16,21.0,1245.8287025804393
16,21.1,1247.4223612344485
16,21.200000000000003,1208.5252172466805
16,21.3,1205.7670023092537
16,21.400000000000002,1224.2996199757642
16,21.5,1205.2763229157492
16,21.6,1198.838790291149
16,21.700000000000003,1197.821442330905
16,21.8,1208.2921004735144
16,21.900000000000002,1217.7897132330138
16,22.0,1234.501541819419
16,22.1,1242.9400890128509
16,22.200000000000003,1211.9012467999999
16,22.3,1212.864248704454
16,22.400000000000002,1223.5176846663203
16,22.5,1189.5210793732451
16,22.6,1173.1512315034438
16,22.700000000000003,1222.5206946384797
16,22.8,1263.5351396583196
16,22.900000000000002,1243.9853907724837
16,23.0,1220.9088629872417
16,23.1,1204.9849168454957
16,23.200000000000003,1206.581833116129
16,23.3,1217.8040566136508
16,23.400000000000002,1272.9240563640976
16,23.5,1274.4325519358358
16,23.6,1193.7603895958127
16,23.700000000000003,1182.7875317995426
16,23.8,1205.2497229968965
16,23.900000000000002,1230.6650301439813
16,24.0,1227.0450697857086
16,24.1,1215.9146485481144
16,24.200000000000003,1203.65309216865
16,24.3,1187.9065210647143
16,24.400000000000002,1179.807605246727
16,24.5,1187.8507549259912
16,24.6,1208.6435653758026
16,24.700000000000003,1198.564132600246
16,24.8,1176.2821302352029
16,24.900000000000002,1196.2622071952856
16,25.0,1213.4555841057206
16,25.1,1222.4834971265473
16,25.200000000000003,1255.235586618526
16,25.3,1258.9704990275127
16,25.400000000000002,1177.6067596145283
16,25.5,1181.3674071399491
16,25.6,1199.494416105164
16,25.700000000000003,1195.489210898428
16,25.8,1178.5771859688668
16,25.900000000000002,1166.2782549658864
16,26.0,1211.791290646089
16,26.1,1223.4013270975604
16,26.200000000000003,1206.9943747581042
16,26.3,1207.2723058662946
16,26.400000000000002,1181.3461362277178
16,26.5,1161.0915792980802
16,26.6,1184.9892057806194
16,26.700000000000003,1197.7505914501864
16,26.8,1188.918631220652
16,26.900000000000002,1193.8594976836102
16,27.0,1220.9343327369368
16,27.1,1205.7937737905816
16,27.200000000000003,1201.0837450293739
16,27.3,1193.2714919468517
16,27.400000000000002,1208.5445324523141
16,27.5,1244.8859846325881
16,27.6,1199.018149119971
16,27.700000000000003,1201.7875268401312
16,27.8,1186.8635142959124
16,27.900000000000002,1218.260912690942
16,28.0,1223.4251392037074
16,28.1,1208.0377065190548
16,28.200000000000003,1179.6827388015995
16,28.3,1193.7796305287943
16,28.400000000000002,1198.3560754927678
16,28.5,1230.0309588678851
16,28.6,1207.4305323635983
16,28.700000000000003,1217.12448653085
16,28.8,1218.738584096227
16,28.900000000000002,1218.447451796484
16,29.0,1242.2752187740348
16,29.1,1225.5172760582261
16,29.200000000000003,1182.994034604186
16,29.3,1187.9914043912083
16,29.400000000000002,1179.8827547346896
16,29.5,1136.4184483157267
16,29.6,1182.1042959418023
16,29.700000000000003,1211.7546882653999
16,29.8,1209.318769782058
16,29.900000000000002,1195.429105203402
16,30.0,1198.2643994847201
16,30.1,1198.9667687791075
16,30.200000000000003,1189.683654638727
16,30.3,1221.529630278359
16,30.400000000000002,1229.6532820112595
16,30.5,1202.5551698580928
16,30.6,1199.5196929461179
16,30.700000000000003,1203.4223849653108
16,30.8,1163.2324045081732
16,30.900000000000002,1168.8207962366705
16,31.0,1207.1771695066368
16,31.1,1194.1879176408413
16,31.200000000000003,1196.5367760029478
16,31.3,1186.6947393003904
16,31.400000000000002,1183.8851603038486
16,31.5,1196.3909891393641
16,31.6,1206.229943993587
16,31.700000000000003,1193.7804039537818
16,31.8,1201.7466400232067
16,31.900000000000002,1181.2902398201127
16,32.0,1145.25584282266
16,32.1,1157.4869534636416
16,32.2,1209.6434216202424
16,32.300000000000004,1175.1142484944667
16,32.4,1191.574360493228
16,32.5,1183.8088879513973
16,32.6,1200.6696002813383
16,32.7,1225.8691090211505
16,32.800000000000004,1251.4505147301513
16,32.9,1174.9618372099435
16,33.0,1219.6164199378222
16,33.1,1167.9650847464716
16,33.2,1160.6770759042683
16,33.300000000000004,1175.4617410001636
16,33.4,1208.3298459136618
16,33.5,1198.365280958725
16,33.6,1175.0311507527397
16,33.7,1220.9927157071913
16,33.800000000000004,1212.606138569933
16,33.9,1219.0766125172124
16,34.0,1222.6256429252903
16,34.1,1204.6495619214172
16,34.2,1213.4245258302933
16,34.300000000000004,1183.1961918008005
16,34.4,1182.0685581703635
16,34.5,1215.2035144651513
16,34.6,1224.797939012445
16,34.7,1223.1100869283457
16,34.800000000000004,1201.3666640214371
16,34.9,1239.7576757569411
16,35.0,1215.7462516415958
16,35.1,1210.0746339017721
16,35.2,1198.333046524296
16,35.300000000000004,1200.2659490933493
16,35.4,1201.0048435341064
16,35.5,1192.1021601985076
16,35.6,1198.1623262538928
16,35.7,1223.571223317359
16,35.800000000000004,1192.746951484886
16,35.9,1206.9732154588298
16,36.0,1170.7691360987853
16,36.1,1210.4181090504314
16,36.2,1213.2163274025668
16,36.300000000000004,1193.073863156639
16,36.4,1160.2933822907896
16,36.5,1213.570309046165
16,36.6,1176.8532651730234
16,36.7,1196.4829555884114
16,36.800000000000004,1196.1397145544636
16,36.9,1216.4105145043989
16,37.0,1187.098647827795
16,37.1,1229.5938002627486
16,37.2,1216.7915464021773
16,37.300000000000004,1196.5632938535748
16,37.4,1163.9542314603373
16,37.5,1183.3733224012258
16,37.6,1218.032389095582
16,37.7,1212.3531146080677
16,37.800000000000004,1242.0353650682384
16,37.9,1295.5869185301542
16,38.0,1263.1750685756972
16,38.1,1197.401593335936
16,38.2,1207.8779318239422
16,38.300000000000004,1198.845042459339
16,38.400000000000006,1186.7557114467527
16,38.5,1203.226452641599
16,38.6,1237.223654892055
16,38.7,1272.3369688241557
16,38.800000000000004,1217.0708092175046
16,38.900000000000006,1214.4470021088207
16,39.0,1188.1827685470175
16,39.1,1196.1630064002318
16,39.2,1156.2599388101155
16,39.300000000000004,1185.8231308347042
16,39.400000000000006,1227.3721051607322
16,39.5,1227.5974413043323
16,39.6,1265.022827485278
16,39.7,1226.3894902859174
16,39.800000000000004,1208.2746171706017
16,39.900000000000006,1216.9208489701168
16,40.0,1165.4357398064174
16,40.1,1166.7092037919028
16,40.2,1207.2963096887866
16,40.300000000000004,1164.3695274574627
16,40.400000000000006,1171.9125769368225
16,40.5,1192.4642380378502
16,40.6,1267.8225090759431
16,40.7,1171.319529398689
16,40.800000000000004,1162.531636176896
16,40.900000000000006,1162.5142345235088
16,41.0,1196.6330151036714
16,41.1,1170.8204413982226
16,41.2,1208.538557609902
16,41.300000000000004,1135.6196290730525
16,41.400000000000006,1152.6120966004924
16,41.5,1154.1670442354432
16,41.6,1181.9972443697204
16,41.7,1171.520961375647
16,41.800000000000004,1153.8514493776217
16,41.900000000000006,1190.4352639523204
16,42.0,1178.2103243602905
16,42.1,1183.9606994738529
16,42.2,1159.2102459214286
16,42.300000000000004,1162.5815662947673
16,42.400000000000006,1150.2248953981555
16,42.5,1112.8557799371533
16,42.6,1199.4364814316566
16,42.7,1186.381819760674
16,42.800000000000004,1177.090489044817
16,42.900000000000006,1190.8201617943262
16,43.0,1208.0477180071746
16,43.1,1250.501806871302
16,43.2,1187.2447599562443
16,43.300000000000004,1154.8309295171791
16,43.400000000000006,1153.5921559464734
16,43.5,1220.9845251860088
16,43.6,1218.8518440687399
16,43.7,1190.254132221343
16,43.800000000000004,1161.4163816997338
16,43.900000000000006,1209.3724131747938
16,44.0,1170.5473084024513
16,44.1,1196.4733473796887
16,44.2,1181.2612772343375
16,44.300000000000004,1147.690332929609
16,44.400000000000006,1179.533832130942
16,44.5,1186.1818124986619
16,44.6,1183.6445821224634
16,44.7,1160.5498740631456
16,44.800000000000004,1147.7758111074352
16,44.900000000000006,1184.4049016991733
16,45.0,1165.55869015267
16,45.1,1218.3118963981653
16,45.2,1162.7846991665315
16,45.300000000000004,1157.0875894579635
16,45.400000000000006,1277.4759680322318
16,45.5,1189.7744969739358
16,45.6,1194.0937107305576
16,45.7,1175.999089947744
16,45.800000000000004,1163.5937685227166
16,45.900000000000006,1133.0016972920923
16,46.0,1168.7865711461486
16,46.1,1197.8558911267721
16,46.2,1224.3668256424887
16,46.300000000000004,1150.5931504385378
16,46.400000000000006,1193.270695728795
16,46.5,1152.4516823822285
16,46.6,1131.5933464896655
16,46.7,1186.3794076021154
16,46.800000000000004,1149.4608624328987
16,46.900000000000006,1183.381354213288
16,47.0,1161.4893490236425
16,47.1,1169.7075838251199
16,47.2,1155.8792320730633
16,47.300000000000004,1200.7713108590751
16,47.400000000000006,1213.1888211746232
16,47.5,1224.9622759485471
16,47.6,1243.202899757822
16,47.7,1236.6454042690364
16,47.800000000000004,1166.0836708805011
16,47.900000000000006,1183.5813514793022
16,48.0,1231.2936062318765
16,48.1,1209.970927459613
16,48.2,1196.2232767130522
16,48.300000000000004,1212.2907828208197
16,48.400000000000006,1216.279527425841
16,48.5,1185.446468598448
16,48.6,1200.9882746779688
16,48.7,1186.5384437844739
16,48.800000000000004,1213.2006096549571
16,48.900000000000006,1220.8256224729853
16,49.0,1162.0744168815493
16,49.1,1299.7656034379859
16,49.2,1200.2203836124984
16,49.300000000000004,1254.004969554124
16,49.400000000000006,1161.0774557328275
16,49.5,1221.4720850310348
16,49.6,1198.9449514239623
16,49.7,1198.0569434271072
16,49.800000000000004,1217.6950588628804
16,49.900000000000006,1232.1424180630788
16,50.0,1234.6063525076659
16,50.1,1217.1795508394782
16,50.2,1221.3340350483113
16,50.300000000000004,1180.3639232512594
16,50.400000000000006,1146.5328879991412
16,50.5,1166.7841529764075
16,50.6,1195.288791880507
16,50.7,1183.7269895411212
16,50.800000000000004,1218.8405994970299
16,50.900000000000006,1167.758746170841
16,51.0,1184.3521818562301
16,51.1,1198.4743377890404
16,51.2,1159.943602993202
16,51.300000000000004,1189.3503683609158
16,51.400000000000006,1202.4981560849499
16,51.5,1207.542097210019
16,51.6,1187.712823336887
16,51.7,1217.302030019929
16,51.800000000000004,1201.4178061241644
16,51.900000000000006,1179.9050315728791
16,52.0,1172.3340398710432
16,52.1,1228.7643290941344
16,52.2,1200.750755986062
16,52.300000000000004,1186.611637475414
16,52.400000000000006,1183.23698212392
16,52.5,1211.235221328188
16,52.6,1179.5567571988954
16,52.7,1227.885192832137
16,52.800000000000004,1162.1527736833423
16,52.900000000000006,1190.6092263012197
16,53.0,1185.1864414378808
16,53.1,1194.9282541328919
16,53.2,1180.0747846610727
16,53.300000000000004,1163.0067208734324
16,53.400000000000006,1255.8660537957107
16,53.5,1251.997764508987
16,53.6,1224.5104805491987
16,53.7,1192.2250442912548
16,53.800000000000004,1305.8711411443446
16,53.900000000000006,1218.794699228477
16,54.0,1210.087698158729
16,54.1,1197.144733358064
16,54.2,1205.3204529198551
16,54.300000000000004,1191.51651802948
16,54.400000000000006,1196.536765937679
16,54.5,1232.0923946100602
16,54.6,1234.9362568884656
16,54.7,1229.553489817369
16,54.800000000000004,1215.0174512949945
16,54.900000000000006,1178.6849899417664
16,55.0,1233.734346444392
16,55.1,1243.6974065562679
16,55.2,1219.396777493962
16,55.300000000000004,1232.7113142602232
16,55.400000000000006,1216.1493624010243
16,55.5,1204.6637041067024
16,55.6,1199.871164336283
16,55.7,1248.2174485709334
16,55.800000000000004,1225.195554640452
16,55.900000000000006,1188.958888764277
16,56.0,1152.9512513649238
16,56.1,1146.5570794117227
16,56.2,1203.1351917566797
16,56.300000000000004,1248.6613659642167
16,56.400000000000006,1210.0476925683952
16,56.5,1200.3629970324996
16,56.6,1197.8270809444405
16,56.7,1233.186933439721
16,56.800000000000004,1216.8679773657282
16,56.900000000000006,1230.528695640083
16,57.0,1234.0464908841416
16,57.1,1182.6045996137927
16,57.2,1230.3715261308764
16,57.300000000000004,1237.014407363307
16,57.400000000000006,1185.411690366054
16,57.5,1185.9897475821313
16,57.6,1189.3055168358726
16,57.7,1199.8243734817245
16,57.800000000000004,1232.6592730902485
16,57.900000000000006,1243.0668007535598
16,58.0,1217.6145578764308
16,58.1,1208.054313009368
16,58.2,1204.5350226117946
16,58.300000000000004,1190.641568825353
16,58.400000000000006,1236.8242250129551
16,58.5,1221.0187292568723
16,58.6,1166.4218696472283
16,58.7,1146.9575029230743
16,58.800000000000004,1216.0028662552068
16,58.900000000000006,1234.4407706529005
16,59.0,1221.1172673540507
16,59.1,1204.1545296759828
16,59.2,1234.0040426974647
16,59.300000000000004,1257.6166337644463
16,59.400000000000006,1233.5203961566162
16,59.5,1231.3785057528419
16,59.6,1262.689549499966
16,59.7,1215.1671196459517
16,59.800000000000004,1212.3452690942568
16,59.900000000000006,1287.7809115288971
16,60.0,1201.7608854255507
16,60.1,1275.2626322607043
16,60.2,1255.9508859703408
16,60.300000000000004,1191.7632634929516
16,60.400000000000006,1172.5506005886118
16,60.5,1181.8111841354175
16,60.6,1201.0970542755178
16,60.7,1192.3245111510273
16,60.800000000000004,1180.6773946172893
16,60.900000000000006,1229.014795258653
16,61.0,1239.5760110319718
16,61.1,1224.5532922181153
16,61.2,1195.9722087582338
16,61.300000000000004,1210.0043362456229
16,61.400000000000006,1207.6772842382106
16,61.5,1231.6781706562751
16,61.6,1189.499969955156
16,61.7,1206.72380110191
16,61.800000000000004,1202.6917811785643
16,61.900000000000006,1188.5624039157137
16,62.0,1224.441285062996
16,62.1,1235.5357046780937
16,62.2,1209.0482548261252
16,62.300000000000004,1208.2337733725312
16,62.400000000000006,1189.4725310004958
16,62.5,1172.5177106145093
16,62.6,1193.5277819663363
16,62.7,1188.7609720546375
16,62.800000000000004,1182.133369158074
16,62.900000000000006,1204.8251814183122
16,63.0,1229.8164326643882
16,63.1,1219.070000013319
16,63.2,1187.0392905786152
16,63.300000000000004,1217.3341635428064
16,63.400000000000006,1215.6076418348566
16,63.5,1207.1166576798416
16,63.6,1177.5972167280372
16,63.7,1189.149628912159
16,63.800000000000004,1192.6007425014884
16,63.900000000000006,1192.4417804612397
16,64.0,1222.051964101808
16,64.10000000000001,1221.591822255361
16,64.2,1217.7014203334554
16,64.3,1223.7899926444832
16,64.4,1218.8705427146292
16,64.5,1216.593801124144
16,64.60000000000001,1218.2991874922366
16,64.7,1217.0621147778843
16,64.8,1224.9335167800439
16,64.9,1211.5825602557138
16,65.0,1173.2538631674208
16,65.10000000000001,1192.9560937035362
16,65.2,1181.6964740317744
16,65.3,1170.0277391787768
16,65.4,1206.8580342226467
16,65.5,1232.6259807326355
16,65.60000000000001,1178.0436190140167
16,65.7,1161.258980310386
16,65.8,1200.0111686850132
16,65.9,1207.1860061681377
16,66.0,1202.5576945722128
16,66.10000000000001,1200.824905931981
16,66.2,1196.0882776827323
16,66.3,1186.2977008005792
16,66.4,1189.9763058072047
16,66.5,1213.3415013372864
16,66.60000000000001,1213.7235888981697
16,66.7,1208.8906820297152
16,66.8,1184.0356507754207
16,66.9,1184.0561436755381
16,67.0,1203.299093429833
16,67.10000000000001,1255.8159804787126
16,67.2,1243.355426396822
16,67.3,1212.236631384673
16,67.4,1179.6810577346864
16,67.5,1193.305547240939
16,67.60000000000001,1211.403676974227
16,67.7,1230.6204012215437
16,67.8,1188.7412934996669
16,67.9,1200.429142017441
16,68.0,1199.1941361184927
16,68.10000000000001,1216.8150303319433
16,68.2,1217.8853726388047
16,68.3,1199.9881499586359
16,68.4,1230.9407515671257
16,68.5,1244.2787085714285
16,68.60000000000001,1215.9783098392018
16,68.7,1185.2454257507086
16,68.8,1161.778201291294
16,68.9,1183.6925829045117
16,69.0,1190.3853832556722
16,69.10000000000001,1199.7029131510199
16,69.2,1233.297370798954
16,69.3,1229.1963161683548
16,69.4,1221.2867247882266
16,69.5,1208.941115623709
16,69.60000000000001,1212.2829794656725
16,69.7,1256.4985228885946
16,69.8,1230.1919999919085
16,69.9,1206.1425808690035
16,70.0,1192.153453608223
16,70.10000000000001,1185.411241027278
16,70.2,1179.9095530284308
16,70.3,1192.6880016045802
16,70.4,1196.0221157264104
16,70.5,1183.685864148266
16,70.60000000000001,1237.113299631131
16,70.7,1202.1904497380617
16,70.8,1174.810456869262
16,70.9,1188.814326207423
16,71.0,1186.237865205315
16,71.10000000000001,1193.275398016425
16,71.2,1208.9021378093462
16,71.3,1192.3616779788404
16,71.4,1179.7506971516893
16,71.5,1185.5094289068802
16,71.60000000000001,1187.3111793502494
16,71.7,1196.0326113295155
16,71.8,1212.047999003128
16,71.9,1219.49269133754
16,72.0,1191.8122975034146
16,72.10000000000001,1168.6943955244653
16,72.2,1179.3075007125988
16,72.3,1173.747600197934
16,72.4,1198.9508281952185
16,72.5,1214.785534463895
16,72.60000000000001,1190.686954696491
16,72.7,1203.0062518233756
16,72.8,1204.7967648595543
16,72.9,1187.6491888914552
16,73.0,1180.2683875518298
16,73.10000000000001,1164.6098567873028
16,73.2,1175.0103798106456
16,73.3,1193.3380282294909
16,73.4,1206.3518096625407
16,73.5,1173.315141399462
16,73.60000000000001,1172.7381231387708
16,73.7,1214.7823093586358
16,73.8,1204.8181732451897
16,73.9,1206.8076279558743
16,74.0,1208.148413006612
16,74.10000000000001,1193.0138307681689
16,74.2,1197.436727240507
16,74.3,1200.8491282714288
16,74.4,1244.903361703997
16,74.5,1311.545532004457
16,74.60000000000001,1244.7158962632088
16,74.7,1184.2049867915061
16,74.8,1220.1923248737432
16,74.9,1210.5577031593145
16,75.0,1194.9376203767572
16,75.10000000000001,1232.4393991636875
16,75.2,1226.289107283833
16,75.3,1187.067710670085
16,75.4,1178.8978470571421
16,75.5,1206.4395067196758
16,75.60000000000001,1234.8478082222468
16,75.7,1213.3534248054189
16,75.8,1218.2810813758422
16,75.9,1223.6677426849346
16,76.0,1238.1805844284463
16,76.10000000000001,1248.1639275687849
16,76.2,1235.2457628849695
16,76.3,1219.8193604052176
16,76.4,1178.4090634001755
16,76.5,1188.6243129713746
16,76.60000000000001,1193.8685867244449
16,76.7,1171.935575458032
16,76.80000000000001,1192.243303785504
16,76.9,1186.375364712766
16,77.0,1173.6336865282879
16,77.10000000000001,1206.9272835355084
16,77.2,1202.5571923968732
16,77.30000000000001,1152.6304286681088
16,77.4,1176.8436717292032
16,77.5,1221.9367090372627
16,77.60000000000001,1232.3857208810427
16,77.7,1225.304291843335
16,77.80000000000001,1227.0620400347532
16,77.9,1254.7563325742206
16,78.0,1222.3453499607508
16,78.10000000000001,1205.6002084840684
16,78.2,1238.7854348947837
16,78.30000000000001,1237.9654223257528
16,78.4,1218.221747886906
16,78.5,1213.9882039454749
16,78.60000000000001,1220.3943760250659
16,78.7,1201.8565980734008
16,78.80000000000001,1212.5145533344328
16,78.9,1212.5035718800762
16,79.0,1197.5350098031279
16,79.10000000000001,1203.5161995294504
16,79.2,1170.8649570388977
16,79.30000000000001,1158.7144738020222
16,79.4,1195.9797977966562
16,79.5,1226.652394956425
16,79.60000000000001,1212.0081472667482
16,79.7,1167.1557506700833
16,79.80000000000001,1192.7358792867676
16,79.9,1208.5991663476184
16,80.0,1195.9426000390386
16,80.10000000000001,1207.8019784955363
16,80.2,1221.1768947330322
16,80.30000000000001,1228.6961677521883
16,80.4,1197.6344059062246
16,80.5,1172.7113211787987
16,80.60000000000001,1220.8181737265393
16,80.7,1223.1512583539409
16,80.80000000000001,1207.7004998813889
16,80.9,1175.3866876411787
16,81.0,1203.1872706759932
16,81.10000000000001,1215.9724706073025
16,81.2,1199.7352254067002
16,81.30000000000001,1179.7842394762215
16,81.4,1198.2920382898862
16,81.5,1189.7295900280767
16,81.60000000000001,1212.2548323681522
16,81.7,1214.9348125766278
16,81.80000000000001,1233.1429179807938
16,81.9,1225.9052747096534
16,82.0,1235.7479339224658
16,82.10000000000001,1284.3747072933345
16,82.2,1253.7240767903318
16,82.30000000000001,1263.4011166504827
16,82.4,1256.5654317740434
16,82.5,1240.6489210217328
16,82.60000000000001,1259.6988963989893
16,82.7,1215.6695496763305
16,82.80000000000001,1199.7298253207239
16,82.9,1204.6584333299998
16,83.0,1199.078780157857
16,83.10000000000001,1216.637053369817
16,83.2,1208.581385516009
16,83.30000000000001,1181.925016192898
16,83.4,1174.7246147826233
16,83.5,1184.6562703477712
16,83.60000000000001,1208.1526706894433
16,83.7,1217.4532439894372
16,83.80000000000001,1237.5139123794775
16,83.9,1258.6011626971253
16,84.0,1192.7342690680389
16,84.10000000000001,1187.5146883924413
16,84.2,1215.8366993324282
16,84.30000000000001,1193.1045122508788
16,84.4,1209.5541330652386
16,84.5,1217.051177725248
16,84.60000000000001,1198.2649206713597
16,84.7,1215.6850994487058
16,84.80000000000001,1197.935666144576
16,84.9,1203.5105647548514
16,85.0,1216.1216031807244
16,85.10000000000001,1178.7526028801663
16,85.2,1176.1173325109296
16,85.30000000000001,1223.2981338734778
16,85.4,1237.751976010394
16,85.5,1239.389760382793
16,85.60000000000001,1190.9138639848404
16,85.7,1171.9070734399054
16,85.80000000000001,1213.2205557342313
16,85.9,1240.0563664022454
16,86.0,1263.7385425446862
16,86.10000000000001,1232.6319128996804
16,86.2,1190.6984655471433
16,86.30000000000001,1196.94940770835
16,86.4,1217.4919413452637
16,86.5,1212.824021678848
16,86.60000000000001,1191.555451031884
16,86.7,1208.1287167550602
16,86.80000000000001,1214.6428626841187
16,86.9,1213.4368239941186
16,87.0,1212.3788590922518
16,87.10000000000001,1209.3932546471854
16,87.2,1167.143050232499
16,87.30000000000001,1194.839654824834
16,87.4,1207.0605594080594
16,87.5,1193.3735877214488
16,87.60000000000001,1208.2373387948273
16,87.7,1219.0154670703598
16,87.80000000000001,1240.929372980356
16,87.9,1224.0202019110602
16,88.0,1226.5456075738214
16,88.10000000000001,1224.3013884767072
16,88.2,1214.2540400254925
16,88.30000000000001,1219.9162787895957
16,88.4,1216.750277487958
16,88.5,1226.1032923523258
16,88.60000000000001,1219.3950202385633
16,88.7,1215.0935727033152
16,88.80000000000001,1185.4614151586832
16,88.9,1167.5413605287908
16,89.0,1213.0313072900185
16,89.10000000000001,1180.1350588129073
16,89.2,1183.6098546245294
16,89.30000000000001,1187.165341552385
16,89.4,1190.7828554802968
16,89.5,1197.7239613227327
16,89.60000000000001,1182.891568070828
16,89.7,1220.0207359929002
16,89.80000000000001,1178.0487619295743
16,89.9,1245.9024402587215
16,90.0,1234.8072692796156
16,90.10000000000001,1262.7212991976403
16,90.2,1333.8271034305944
16,90.30000000000001,1243.1094972392382
16,90.4,1245.8538378266358
16,90.5,1231.2622714444751
16,90.60000000000001,1191.6228175499834
16,90.7,1170.4494742530815
16,90.80000000000001,1160.9656355479315
16,90.9,1193.2876669813961
16,91.0,1217.7619848482323
16,91.10000000000001,1205.2765260791837
16,91.2,1192.5467652676057
16,91.30000000000001,1189.6628222659956
16,91.4,1255.4957631918996
16,91.5,1208.9296437077014
16,91.60000000000001,1178.5035840613143
16,91.7,1200.1808229157803
16,91.80000000000001,1218.5432262024397
16,91.9,1218.4447456596815
16,92.0,1227.715379335298
16,92.10000000000001,1210.018914629538
16,92.2,1208.5689289795382
16,92.30000000000001,1179.75867456999
16,92.4,1200.2083002510567
16,92.5,1192.504169257895
16,92.60000000000001,1177.4203104250455
16,92.7,1225.9767023440497
16,92.80000000000001,1187.4418483292743
16,92.9,1181.8309452818503
16,93.0,1223.5659485645165
16,93.10000000000001,1191.4955834961227
16,93.2,1213.5465771185063
16,93.30000000000001,1249.5568566968245
16,93.4,1230.5990916557164
16,93.5,1221.9650039239282
16,93.60000000000001,1178.3050181120855
16,93.7,1229.9013268641731
16,93.80000000000001,1202.5509923463105
16,93.9,1180.6325007767532
16,94.0,1170.4789166454584
16,94.10000000000001,1193.568962471086
16,94.2,1213.372370831824
16,94.30000000000001,1199.6467206497186
16,94.4,1225.6458164121193
16,94.5,1206.767336298234
16,94.60000000000001,1181.2762802464083
16,94.7,1215.6816741239445
16,94.80000000000001,1213.046732670582
16,94.9,1179.5069220229507
16,95.0,1228.064868000723
16,95.10000000000001,1208.113312051455
16,95.2,1229.5842887703623
16,95.30000000000001,1190.9170746999732
16,95.4,1198.9421611778396
16,95.5,1150.4100564655307
16,95.60000000000001,1168.1196829450682
16,95.7,1225.2097832339425
16,95.80000000000001,1192.0637933633623
16,95.9,1223.8094154923836
16,96.0,1204.5129666538933
16,96.10000000000001,1182.360565089552
16,96.2,1183.6887300648218
16,96.30000000000001,1179.9439195405992
16,96.4,1240.7897142654604
16,96.5,1223.8490631810093
16,96.60000000000001,1231.5342792189863
16,96.7,1230.1790879134592
16,96.80000000000001,1256.3215701114304
16,96.9,1317.0079079946963
16,97.0,1195.3044949145444
16,97.10000000000001,1170.3554300512426
16,97.2,1186.2928010124976
16,97.30000000000001,1208.659003805501
16,97.4,1174.0955868435444
16,97.5,1152.5790917985453
16,97.60000000000001,1181.5142771981277
16,97.7,1204.549830209219
16,97.80000000000001,1219.9975775446917
16,97.9,1169.3854263719643
16,98.0,1194.6343050029147
16,98.10000000000001,1199.613886857614
16,98.2,1234.4654182221009
16,98.30000000000001,1237.477963739454
16,98.4,1148.68368024214
16,98.5,1219.3467950464071
16,98.60000000000001,1242.1033467745672
16,98.7,1179.6881687292273
16,98.80000000000001,1216.147448945226
16,98.9,1215.6706819825074
16,99.0,1216.1297757865686
16,99.10000000000001,1191.825844176277
16,99.2,1203.414652627846
16,99.30000000000001,1234.1295764460954
16,99.4,1224.0012819350507
16,99.5,1181.16448668827
16,99.60000000000001,1370.8168009147257
16,99.7,1202.1582953755164
16,99.80000000000001,1172.9347554803103
16,99.9,1229.39726712927
16,100.0,1250.4097401587724
16,100.10000000000001,1227.2180299954316
16,100.2,1202.9853746626359
16,100.30000000000001,1226.1028441875937
16,100.4,1217.6384995584012
16,100.5,1258.5587385863578
16,100.60000000000001,1196.7936616237619
16,100.7,1232.6793723564847
16,100.80000000000001,1189.7927768075606
16,100.9,1238.1631853553185
16,101.0,1212.0433471135168
16,101.10000000000001,1206.8662377635928
16,101.2,1167.1540031439185
16,101.30000000000001,1214.6450078785635
16,101.4,1209.2451431835354
16,101.5,1243.721421875668
16,101.60000000000001,1242.5791313925097
16,101.7,1246.1685071208892
16,101.80000000000001,1209.7742867759791
16,101.9,1252.3593129152916
16,102.0,1324.8464321681752
16,102.10000000000001,1227.1154714680242
16,102.2,1212.5505391906022
16,102.30000000000001,1239.9322674145542
16,102.4,1250.085730058001
16,102.5,1218.9068924715834
16,102.60000000000001,1235.0822907710756
16,102.7,1219.5110879541874
16,102.80000000000001,1250.3477146611997
16,102.9,1218.2096681786147
16,103.0,1220.7782800009516
16,103.10000000000001,1226.6178872790583
16,103.2,1242.3555938598042
16,103.30000000000001,1212.5257940562933
16,103.4,1214.124719745572
16,103.5,1203.145288201777
16,103.60000000000001,1229.5130900654121
16,103.7,1193.1148193445656
16,103.80000000000001,1251.090644215159
16,103.9,1188.6628213927443
16,104.0,1282.1776527493382
16,104.10000000000001,1259.5877659946782
16,104.2,1247.3417200235303
16,104.30000000000001,1269.4016637659927
16,104.4,1245.1967664386088
16,104.5,1238.7056848673649
16,104.60000000000001,1237.8534777669133
16,104.7,1248.624163562904
16,104.80000000000001,1217.9714362837092
16,104.9,1216.172476592907
16,105.0,1266.0386855671206
16,105.10000000000001,1210.8321473837057
16,105.2,1264.1704074261647
16,105.30000000000001,1264.899125707361
16,105.4,1251.6450119935396
16,105.5,1282.9226200154808
16,105.60000000000001,1193.5224966698436
16,105.7,1235.8313690808245
16,105.80000000000001,1225.4686418042688
16,105.9,1204.164365531633
16,106.0,1245.854068380039
16,106.10000000000001,1222.9041740903515
16,106.2,1230.7226331147192
16,106.30000000000001,1268.3956920652736
16,106.4,1237.3033946389849
16,106.5,1306.8638573058463
16,106.60000000000001,1218.9635898481015
16,106.7,1266.4793784987844
16,106.80000000000001,1209.1269721786527
16,106.9,1224.0567954810936
16,107.0,1221.0733988429117
16,107.10000000000001,1304.337565349162
16,107.2,1219.4682059508725
16,107.30000000000001,1268.6048660892247
16,107.4,1215.1977985827866
16,107.5,1208.3854362767634
16,107.60000000000001,1241.8226207796447
16,107.7,1265.1381740289876
16,107.80000000000001,1265.5495799011742
16,107.9,1264.2443250004465
16,108.0,1183.2621751695294
16,108.10000000000001,1247.1032743451171
16,108.2,1267.5403838718364
16,108.30000000000001,1257.2669214848677
16,108.4,1201.7956335039542
16,108.5,1245.4391905944897
16,108.60000000000001,1229.7197533153237
16,108.7,1208.0365494737061
16,108.80000000000001,1222.5560274908871
16,108.9,1241.4597922336905
16,109.0,1234.6979213637837
16,109.10000000000001,1195.988007801763
16,109.2,1227.870859052046
16,109.30000000000001,1200.1530567592536
16,109.4,1166.607941520193
16,109.5,1226.7274246478858
16,109.60000000000001,1170.829269938367
32,0.0,1118.166
32,0.1,1189.0368022677214
32,0.2,1298.9096604720946
32,0.30000000000000004,1323.618850690722
32,0.4,1302.769281695517
32,0.5,1289.801285391489
32,0.6000000000000001,1313.8441749648148
32,0.7000000000000001,1321.7835360663657
32,0.8,1320.9308112802541
32,0.9,1334.079445758291
32,1.0,1335.2549332121114
32,1.1,1335.1467968500376
32,1.2000000000000002,1330.1505769370872
32,1.3,1323.7607371863696
32,1.4000000000000001,1322.0504458926996
32,1.5,1309.8069948095979
32,1.6,1307.8380328999344
32,1.7000000000000002,1333.7080244789486
32,1.8,1350.633861327447
32,1.9000000000000001,1349.7280315054102
32,2.0,1340.5063331414517
32,2.1,1323.9122752832507
32,2.2,1331.5783572641353
32,2.3000000000000003,1342.0071895274293
32,2.4000000000000004,1321.918416433812
32,2.5,1313.4920595871356
32,2.6,1332.851291147494
32,2.7,1347.66497769337
32,2.8000000000000003,1335.0644821178905
32,2.9000000000000004,1334.9627024654758
32,3.0,1352.9785852466082
32,3.1,1341.9852331234522
32,3.2,1345.5494837381639
32,3.3000000000000003,1338.6043621899148
32,3.4000000000000004,1341.5415219772428
32,3.5,1345.6024072410582
32,3.6,1363.7672535260976
32,3.7,1362.2425951037826
32,3.8000000000000003,1334.3972876973214
32,3.9000000000000004,1351.1924206080541
32,4.0,1333.303848012419
32,4.1000000000000005,1330.2728902285687
32,4.2,1362.4167229137704
32,4.3,1348.189081288523
32,4.4,1350.6777612869116
32,4.5,1360.2833987159552
32,4.6000000000000005,1336.5807031196812
32,4.7,1342.3971027859975
32,4.800000000000001,1330.968035303167
32,4.9,1334.7292440907231
32,5.0,1350.89950230588
32,5.1000000000000005,1355.053797148818
32,5.2,1374.7187639058961
32,5.300000000000001,1373.431788593634
32,5.4,1372.3536066510756
32,5.5,1362.6752777309582
32,5.6000000000000005,1364.9384158658834
32,5.7,1350.3394402499434
32,5.800000000000001,1348.7348435255824
32,5.9,1366.7412630062606
32,6.0,1344.7318530237542
32,6.1000000000000005,1348.8524044527846
32,6.2,1335.0082349592062
32,6.300000000000001,1330.2384556390373
32,6.4,1371.5647494529196
32,6.5,1358.3801878195557
32,6.6000000000000005,1349.3155787247204
32,6.7,1346.4547320308411
32,6.800000000000001,1322.176031931873
32,6.9,1349.0123154282232
32,7.0,1330.929408779606
32,7.1000000000000005,1321.1078859924432
32,7.2,1357.8706028146416
32,7.300000000000001,1354.2764707373126
32,7.4,1365.1448943389216
32,7.5,1343.423501174276
32,7.6000000000000005,1332.3957071192572
32,7.7,1354.7374986247346
32,7.800000000000001,1334.3962848003657
32,7.9,1353.9410846500975
32,8.0,1384.8049441942653
32,8.1,1360.5696646383199
32,8.200000000000001,1338.605193455858
32,8.3,1355.400532680068
32,8.4,1329.6692550068187
32,8.5,1337.4332495848657
32,8.6,1340.0520264768481
32,8.700000000000001,1333.6212471425376
32,8.8,1349.9667172631457
32,8.9,1348.574490151537
32,9.0,1371.0078478149564
32,9.1,1353.8181207037308
32,9.200000000000001,1342.6047794722717
32,9.3,1337.5649481547614
32,9.4,1344.7636835156725
32,9.5,1356.080422350767
32,9.600000000000001,1331.1401905772477
32,9.700000000000001,1344.5269551092515
32,9.8,1342.3501972662243
32,9.9,1361.336284543045
32,10.0,1337.455254232733
32,10.100000000000001,1344.564925126737
32,10.200000000000001,1339.0914139013573
32,10.3,1365.7496746126342
32,10.4,1370.468676108407
32,10.5,1347.1607949297074
32,10.600000000000001,1362.1378830612587
32,10.700000000000001,1365.1052555223625
32,10.8,1355.2750129293147
32,10.9,1327.073414997598
32,11.0,1349.914374888373
32,11.100000000000001,1362.0442182113693
32,11.200000000000001,1335.4825831056196
32,11.3,1345.9664330281737
32,11.4,1361.2515682834523
32,11.5,1361.2024715950342
32,11.600000000000001,1369.5565787332955
32,11.700000000000001,1408.6099495019296
32,11.8,1358.0469802135776
32,11.9,1324.335618616891
32,12.0,1356.7981098317623
32,12.100000000000001,1361.6370267842099
32,12.200000000000001,1352.6301801438262
32,12.3,1373.7375055312214
32,12.4,1381.885465511115
32,12.5,1361.0840896923442
32,12.600000000000001,1335.530234503235
32,12.700000000000001,1373.7354433128605
32,12.8,1393.0487949035755
32,12.9,1328.6608820647646
32,13.0,1356.617462166248
32,13.100000000000001,1345.482532945059
32,13.200000000000001,1344.021902830335
32,13.3,1365.20104113764
32,13.4,1364.3492916409034
32,13.5,1324.8765655009527
32,13.600000000000001,1369.5170848522066
32,13.700000000000001,1371.7907948789814
32,13.8,1337.6023734203688
32,13.9,1381.8342753226154
32,14.0,1368.8616145054882
32,14.100000000000001,1366.3818707445664
32,14.200000000000001,1338.499634737766
32,14.3,1317.6720554057756
32,14.4,1351.0740597750091
32,14.5,1354.2625897747153
32,14.600000000000001,1347.7099862016128
32,14.700000000000001,1380.5577803463962
32,14.8,1347.7999986697469
32,14.9,1379.5326312669526
32,15.0,1336.8282104962866
32,15.100000000000001,1341.658201924345
32,15.200000000000001,1343.5180704868483
32,15.3,1348.3286409703223
32,15.4,1347.7348967322503
32,15.5,1351.11830342275
32,15.600000000000001,1354.7072608434812
32,15.700000000000001,1375.649992412582
32,15.8,1371.9845735721838
32,15.9,1352.7535365649494
32,16.0,1323.7586988055034
32,16.1,1358.9075023761525
32,16.2,1367.817381836358
32,16.3,1356.0602090629761
32,16.400000000000002,1408.1782726104152
32,16.5,1338.9674543452252
32,16.6,1338.6289579635984
32,16.7,1370.441822752689
32,16.8,1333.2360931979554
32,16.900000000000002,1326.7398943440858
32,17.0,1347.7271424540636
32,17.1,1374.4654668982291
32,17.2,1418.933546992942
32,17.3,1332.63644538495
32,17.400000000000002,1344.1276048557222
32,17.5,1372.4163477140557
32,17.6,1356.5822298423295
32,17.7,1342.43889779382
32,17.8,1359.2247628073314
32,17.900000000000002,1324.5639246347896
32,18.0,1329.0219811968661
32,18.1,1310.6225339584882
32,18.2,1349.537284099238
32,18.3,1349.5843323864
32,18.400000000000002,1329.2064190535345
32,18.5,1367.3601155908668
32,18.6,1390.5790126396448
32,18.7,1329.2108372268244
32,18.8,1376.5557713322187
32,18.900000000000002,1341.0809086174006
32,19.0,1368.8100572923736
32,19.1,1327.386260106078
32,19.200000000000003,1342.739810019708
32,19.3,1344.5006734955828
32,19.400000000000002,1356.9742137771934
32,19.5,1342.7286135474392
32,19.6,1351.2053330390727
32,19.700000000000003,1329.1951380727862
32,19.8,1362.915953586837
32,19.900000000000002,1338.8909307359877
32,20.0,1380.4275103939667
32,20.1,1342.2223293890995
32,20.200000000000003,1343.0876357553807
32,20.3,1312.0595306682037
32,20.400000000000002,1353.8950405416206
32,20.5,1353.4580771713518
32,20.6,1359.644497729698
32,20.700000000000003,1362.643599379048
32,20.8,1373.2522410635577
32,20.900000000000002,1373.3647029156496
32,21.0,1371.0579279968395
32,21.1,1349.8947434832517
32,21.200000000000003,1370.903516221995
32,21.3,1374.635852188979
32,21.400000000000002,1335.3580002171188
32,21.5,1353.804460726704
32,21.6,1372.5824545512125
32,21.700000000000003,1356.3395493828375
32,21.8,1383.3639523818142
32,21.900000000000002,1377.1183616630196
32,22.0,1363.9319278672128
32,22.1,1377.1530045432792
32,22.200000000000003,1389.4811136992334
32,22.3,1393.6057225356435
32,22.400000000000002,1341.7005299388434
32,22.5,1391.5556519492272
32,22.6,1312.8013541694454
32,22.700000000000003,1335.5479336136486
32,22.8,1378.7593329375838
32,22.900000000000002,1370.386283556976
32,23.0,1340.221725008501
32,23.1,1378.0029067131604
32,23.200000000000003,1362.02332984331
32,23.3,1353.8860287067898
32,23.400000000000002,1369.145139660555
32,23.5,1370.7378069672432
32,23.6,1407.4538382151504
32,23.700000000000003,1401.304949771863
32,23.8,1375.151697842011
32,23.900000000000002,1362.0664248043
32,24.0,1354.1469039917706
32,24.1,1375.146930230354
32,24.200000000000003,1371.0478504738064
32,24.3,1336.0597958865285
32,24.400000000000002,1346.3828846117053
32,24.5,1375.3583833758773
32,24.6,1432.2338943120806
32,24.700000000000003,1344.3084067589186
32,24.8,1335.696220717621
32,24.900000000000002,1379.102591107472
32,25.0,1373.60408419699
32,25.1,1363.6182661216928
32,25.200000000000003,1368.7611907621827
32,25.3,1388.3025699301518
32,25.400000000000002,1399.2994137466094
32,25.5,1388.2271508887852
32,25.6,1379.896512299717
32,25.700000000000003,1343.8091091226047
32,25.8,1369.7761760800913
32,25.900000000000002,1381.781724754957
32,26.0,1357.2144810802706
32,26.1,1352.017373702985
32,26.200000000000003,1372.044341909806
32,26.3,1372.382906807776
32,26.400000000000002,1331.875832839593
32,26.5,1345.2622668586087
32,26.6,1400.5042118966685
32,26.700000000000003,1400.3356597859138
32,26.8,1384.532980385341
32,26.900000000000002,1337.702014276669
32,27.0,1347.6020242245045
32,27.1,1368.3326343113279
32,27.200000000000003,1329.1446222016996
32,27.3,1359.5166594170748
32,27.400000000000002,1382.4922627935987
32,27.5,1354.163763695923
32,27.6,1381.202966890918
32,27.700000000000003,1366.0005314265977
32,27.8,1334.9820460692852
32,27.900000000000002,1357.329544943267
32,28.0,1397.7341270908585
32,28.1,1331.3306904821252
32,28.200000000000003,1355.138026727228
32,28.3,1352.127966291301
32,28.400000000000002,1369.1090001885893
32,28.5,1334.7328188211375
32,28.6,1387.6610755431414
32,28.700000000000003,1393.1875016976112
32,28.8,1317.8187240008651
32,28.900000000000002,1379.7780528032663
32,29.0,1330.806659579835
32,29.1,1339.3320957975725
32,29.200000000000003,1389.6542779161105
32,29.3,1362.2346709747324
32,29.400000000000002,1342.1822106055236
32,29.5,1401.277507873669
32,29.6,1357.1688291131038
32,29.700000000000003,1353.4324683136053
32,29.8,1372.7211237805388
32,29.900000000000002,1352.242665238471
32,30.0,1319.1064288715772
32,30.1,1346.7331658420042
32,30.200000000000003,1367.1515080005815
32,30.3,1340.8066354341995
32,30.400000000000002,1329.3512264457377
32,30.5,1327.094671004965
32,30.6,1349.5497010280906
32,30.700000000000003,1338.8047307105428
32,30.8,1365.806559963463
32,30.900000000000002,1376.769755949062
32,31.0,1353.5825884891606
32,31.1,1353.3815335984862
32,31.200000000000003,1342.9373767702577
32,31.3,1345.3661459962268
32,31.400000000000002,1338.0862329180002
32,31.5,1327.698092785101
32,31.6,1331.3177448008353
32,31.700000000000003,1348.1760728040415
32,31.8,1339.707975575115
32,31.900000000000002,1381.9022017817733
32,32.0,1374.7422038591403
32,32.1,1349.4621017588192
32,32.2,1377.9924882007895
32,32.300000000000004,1329.9584493859365
32,32.4,1334.0668495752832
32,32.5,1346.9896595783187
32,32.6,1374.1677855476437
32,32.7,1365.6846366442317
32,32.800000000000004,1455.1943770094697
32,32.9,1342.170381399936
32,33.0,1369.403372582832
32,33.1,1357.750080005519
32,33.2,1368.1394986948455
32,33.300000000000004,1366.3530678180189
32,33.4,1345.1629156649406
32,33.5,1347.0722208985896
32,33.6,1324.8435009171426
32,33.7,1365.7602530693866
32,33.800000000000004,1371.2690316584626
32,33.9,1394.4614322976865
32,34.0,1378.2771196363706
32,34.1,1404.21671036241
32,34.2,1400.6517113128957
32,34.300000000000004,1343.2250638021908
32,34.4,1325.6455380003952
32,34.5,1341.891593713163
32,34.6,1421.4634218326396
32,34.7,1380.855863790355
32,34.800000000000004,1331.5319940108527
32,34.9,1323.8362546108817
32,35.0,1358.9040473982113
32,35.1,1362.314505692028
32,35.2,1313.1944841328152
32,35.300000000000004,1343.7213071994797
32,35.4,1347.760592115185
32,35.5,1379.6046881062932
32,35.6,1342.313489131164
32,35.7,1348.6585702825857
32,35.800000000000004,1372.4326708617625
32,35.9,1338.3335863231634
32,36.0,1323.1550112423727
32,36.1,1361.9112024558585
32,36.2,1355.6534112566617
32,36.300000000000004,1317.8371261958382
32,36.4,1347.2410712890467
32,36.5,1318.4792576422956
32,36.6,1335.4452607832961
32,36.7,1335.6539635367753
32,36.800000000000004,1362.8508603336766
32,36.9,1334.1231252362604
32,37.0,1342.7058010954465
32,37.1,1313.310339107306
32,37.2,1352.5963681361063
32,37.300000000000004,1358.6683037253958
32,37.4,1333.7742747052446
32,37.5,1346.4890281927585
32,37.6,1359.9997613910364
32,37.7,1384.3788502116977
32,37.800000000000004,1354.2071267295019
32,37.9,1355.5512494799548
32,38.0,1378.6014122113074
32,38.1,1335.1000734142335
32,38.2,1329.7519351920644
32,38.300000000000004,1333.6172387770264
32,38.400000000000006,1324.0519707739477
32,38.5,1331.349429089896
32,38.6,1331.9416830726059
32,38.7,1343.893116357968
32,38.800000000000004,1347.456885864879
32,38.900000000000006,1335.335778335852
32,39.0,1339.6846176413196
32,39.1,1358.5405524736916
32,39.2,1353.6944650795797
32,39.300000000000004,1343.0440459766883
32,39.400000000000006,1318.7406901464615
32,39.5,1357.1639287457017
32,39.6,1329.8379461614843
32,39.7,1328.5946364525844
32,39.800000000000004,1353.3953098740408
32,39.900000000000006,1345.880567073712
32,40.0,1361.4184460927468
32,40.1,1334.1920219039364
32,40.2,1352.3139876213504
32,40.300000000000004,1363.8177894588707
32,40.400000000000006,1370.8229395674593
32,40.5,1355.2290533717496
32,40.6,1362.4437613236757
32,40.7,1346.0877476972105
32,40.800000000000004,1331.0204078759853
32,40.900000000000006,1360.5889149463171
32,41.0,1296.952170136292
32,41.1,1311.601644273524
32,41.2,1378.138114345685
32,41.300000000000004,1370.8122792747702
32,41.400000000000006,1353.7699261765324
32,41.5,1329.8770243592398
32,41.6,1314.9893533351274
32,41.7,1342.722775000001
32,41.800000000000004,1367.7418730432141
32,41.900000000000006,1342.9004496872074
32,42.0,1328.3976474042865
32,42.1,1352.0475620730242
32,42.2,1360.2777079386778
32,42.300000000000004,1362.6062738684625
32,42.400000000000006,1346.8453980711774
32,42.5,1338.9088787097173
32,42.6,1339.758261497721
32,42.7,1340.6647485863484
32,42.800000000000004,1335.9926395918899
32,42.900000000000006,1353.159428992985
32,43.0,1344.5818879229143
32,43.1,1336.5149518999995
32,43.2,1340.9117140724054
32,43.300000000000004,1338.9739132339357
32,43.400000000000006,1361.9953934464443
32,43.5,1352.1266996491413
32,43.6,1340.0684769666993
32,43.7,1373.547859073195
32,43.800000000000004,1355.4136708342035
32,43.900000000000006,1341.9108991445212
32,44.0,1349.587725941896
32,44.1,1390.8144780472937
32,44.2,1346.3573627195453
32,44.300000000000004,1365.6253492907904
32,44.400000000000006,1345.7249364076704
32,44.5,1369.085462622094
32,44.6,1366.496300769472
32,44.7,1343.8195026807339
32,44.800000000000004,1340.2991345368666
32,44.900000000000006,1354.979295326743
32,45.0,1324.888736760607
32,45.1,1334.765357130742
32,45.2,1335.7897371394504
32,45.300000000000004,1349.5617883061439
32,45.400000000000006,1366.1408955712805
32,45.5,1374.1216048806618
32,45.6,1342.0368221304243
32,45.7,1376.9013808835007
32,45.800000000000004,1341.665453808645
32,45.900000000000006,1327.5809290353013
32,46.0,1384.7324034775238
32,46.1,1360.2309207912576
32,46.2,1348.199931746685
32,46.300000000000004,1344.193865143387
32,46.400000000000006,1326.5661855651524
32,46.5,1345.8608061546367
32,46.6,1340.9572618758468
32,46.7,1340.496748184552
32,46.800000000000004,1346.3593054378164
32,46.900000000000006,1352.742785074805
32,47.0,1335.792397260274
32,47.1,1353.3103976391237
32,47.2,1378.127936262461
32,47.300000000000004,1348.5437417361438
32,47.400000000000006,1341.4070610527026
32,47.5,1347.9118971259238
32,47.6,1351.7528320428196
32,47.7,1346.807743104855
32,47.800000000000004,1350.465335249017
32,47.900000000000006,1358.819135147426
32,48.0,1367.4506139285102
32,48.1,1390.0232750409762
32,48.2,1382.789488250156
32,48.300000000000004,1372.8689300629037
32,48.400000000000006,1387.151237929986
32,48.5,1366.2264080044588
32,48.6,1365.532874746186
32,48.7,1386.3211965287994
32,48.800000000000004,1350.4320572480156
32,48.900000000000006,1351.9879254946434
32,49.0,1348.473370580444
32,49.1,1358.416567883351
32,49.2,1360.3705043047692
32,49.300000000000004,1365.9496895762147
32,49.400000000000006,1380.0844288655292
32,49.5,1376.6932505049158
32,49.6,1383.2418843843082
32,49.7,1370.8253982485262
32,49.800000000000004,1365.5988127558608
32,49.900000000000006,1385.84002972091
32,50.0,1393.420891895355
32,50.1,1371.0730116520344
32,50.2,1362.6065560601628
32,50.300000000000004,1448.585696941866
32,50.400000000000006,1401.2015138397599
32,50.5,1377.7737862183153
32,50.6,1375.9635408178265
32,50.7,1363.9102505686692
32,50.800000000000004,1377.7702461691529
32,50.900000000000006,1378.543416233317
32,51.0,1388.6825826122943
32,51.1,1377.131291059851
32,51.2,1370.1491614023973
32,51.300000000000004,1381.3843771109619
32,51.400000000000006,1376.8053119872004
32,51.5,1377.35371683289
32,51.6,1370.8704378365264
32,51.7,1364.5537587229521
32,51.800000000000004,1387.7872794499808
32,51.900000000000006,1381.6041466361437
32,52.0,1364.752771018512
32,52.1,1385.2067570439924
32,52.2,1378.8221474048876
32,52.300000000000004,1356.4075946080432
32,52.400000000000006,1351.4042754994607
32,52.5,1353.3773424684948
32,52.6,1348.3036401899433
32,52.7,1376.607665648893
32,52.800000000000004,1372.259976983819
32,52.900000000000006,1362.4253040339763
32,53.0,1358.8480593169647
32,53.1,1365.0434112920598
32,53.2,1378.2345151430347
32,53.300000000000004,1368.4062995336096
32,53.400000000000006,1394.7657211479386
32,53.5,1374.713219451585
32,53.6,1356.7164801667393
32,53.7,1352.9588439057143
32,53.800000000000004,1348.1810033482232
32,53.900000000000006,1359.5002597192788
32,54.0,1366.8350396521093
32,54.1,1371.7202266038516
32,54.2,1382.4322590023144
32,54.300000000000004,1354.6584880740954
32,54.400000000000006,1357.3343451249598
32,54.5,1366.2498298830312
32,54.6,1357.9978347605281
32,54.7,1361.3500528337036
32,54.800000000000004,1348.0936545164072
32,54.900000000000006,1368.4784144972537
32,55.0,1375.1934214497485
32,55.1,1385.015144128804
32,55.2,1378.053709627984
32,55.300000000000004,1360.8198615255453
32,55.400000000000006,1380.2968046774135
32,55.5,1364.5081233446167
32,55.6,1347.2925848283287
32,55.7,1356.2192456244559
32,55.800000000000004,1364.4449630687725
32,55.900000000000006,1362.0985063785608
32,56.0,1357.8197656646798
32,56.1,1361.412168363792
32,56.2,1391.654653298049
32,56.300000000000004,1388.4958770234607
32,56.400000000000006,1377.1713805002091
32,56.5,1380.3682219893742
32,56.6,1373.9747996950632
32,56.7,1384.121688734066
32,56.800000000000004,1379.135520053415
32,56.900000000000006,1369.5654432165613
32,57.0,1356.0519618646083
32,57.1,1371.5194600430573
32,57.2,1391.4504281413926
32,57.300000000000004,1378.8925231167814
32,57.400000000000006,1370.9296457836367
32,57.5,1387.496589629922
32,57.6,1399.6045486895077
32,57.7,1391.4498788629808
32,57.800000000000004,1383.03940973644
32,57.900000000000006,1361.3542776454542
32,58.0,1356.7406101932631
32,58.1,1350.7440682659023
32,58.2,1356.6473681968023
32,58.300000000000004,1377.4178392050558
32,58.400000000000006,1374.3533265506692
32,58.5,1370.5620235074316
32,58.6,1353.9572029416386
32,58.7,1342.1526118574968
32,58.800000000000004,1382.3239676145429
32,58.900000000000006,1407.1215018556998
32,59.0,1365.9917716956545
32,59.1,1364.3744302281436
32,59.2,1376.691793548187
32,59.300000000000004,1364.6168459768962
32,59.400000000000006,1398.518785067168
32,59.5,1395.2126212527837
32,59.6,1339.748539261008
32,59.7,1359.454032599011
32,59.800000000000004,1380.1444623465386
32,59.900000000000006,1377.956022541893
32,60.0,1384.3661998629445
32,60.1,1382.8659483548915
32,60.2,1375.8076072256788
32,60.300000000000004,1371.6363374429009
32,60.400000000000006,1354.861516834758
32,60.5,1375.9720403822587
32,60.6,1380.411793508764
32,60.7,1373.3540250387887
32,60.800000000000004,1394.6157834932837
32,60.900000000000006,1403.5219675735784
32,61.0,1381.6764270754213
32,61.1,1380.2361797569063
32,61.2,1396.1958129666536
32,61.300000000000004,1383.7209365168817
32,61.400000000000006,1352.2841167998047
32,61.5,1356.4285509230253
32,61.6,1381.5947896346997
32,61.7,1380.439647103034
32,61.800000000000004,1374.3640054248426
32,61.900000000000006,1373.0866998061344
32,62.0,1368.8518560449982
32,62.1,1384.4228903030341
32,62.2,1403.5846006930547
32,62.300000000000004,1374.3526751987365
32,62.400000000000006,1384.6829779067903
32,62.5,1398.4623586693244
32,62.6,1393.0958501352347
32,62.7,1391.2910252691715
32,62.800000000000004,1388.103426122262
32,62.900000000000006,1379.1600516274577
32,63.0,1386.7621744069877
32,63.1,1395.8646458551566
32,63.2,1382.2815659953774
32,63.300000000000004,1397.972875040146
32,63.400000000000006,1417.734222851882
32,63.5,1411.7934074116363
32,63.6,1385.9481257875243
32,63.7,1391.9742435319515
32,63.800000000000004,1378.9661336634927
32,63.900000000000006,1370.1331389914596
32,64.0,1372.4830748678874
32,64.10000000000001,1376.1459120834968
32,64.2,1397.7521883453437
32,64.3,1397.552439600652
64,0.0,1892.445
64,0.1,1300.6805217296371
64,0.2,1389.9223204471955
64,0.30000000000000004,1400.1457873084298
64,0.4,1406.448871840697
64,0.5,1430.9998073531058
64,0.6000000000000001,1456.1119873188777
64,0.7000000000000001,1431.365373356959
64,0.8,1415.225863111329
64,0.9,1381.0692496132185
64,1.0,1440.9610623236074
64,1.1,1405.0098490863925
64,1.2000000000000002,1446.0641388340243
64,1.3,1391.9841103164454
64,1.4000000000000001,1420.4466358005022
64,1.5,1427.6834397165146
64,1.6,1452.3192611368459
64,1.7000000000000002,1413.424570401822
64,1.8,1430.0241551342294
64,1.9000000000000001,1436.8838356685565
64,2.0,1434.9116500442356
64,2.1,1426.2868295172434
64,2.2,1438.5794812944484
64,2.3000000000000003,1457.8921204449077
64,2.4000000000000004,1432.928785753529
64,2.5,1449.6966986440098
64,2.6,1470.2640652881198
64,2.7,1448.0736449087678
64,2.8000000000000003,1444.08981199417
64,2.9000000000000004,1419.6873464443236
64,3.0,1465.1114607425354
64,3.1,1443.4576737164575
64,3.2,1440.5510687225217
64,3.3000000000000003,1443.572853192974
64,3.4000000000000004,1463.2288026379279
64,3.5,1420.2050452302476
64,3.6,1419.9803573067745
64,3.7,1494.1661253823331
64,3.8000000000000003,1464.0532302613399
64,3.9000000000000004,1454.3744525920092
64,4.0,1444.5570404410887
64,4.1000000000000005,1451.8864539281865
64,4.2,1443.941064577791
64,4.3,1454.69483520849
64,4.4,1448.432112055597
64,4.5,1479.9341973371181
64,4.6000000000000005,1458.5240145760092
64,4.7,1443.6586239523867
64,4.800000000000001,1451.0742981390777
64,4.9,1452.4787461115739
64,5.0,1535.6792827501454
64,5.1000000000000005,1476.239725197435
64,5.2,1440.5884384789613
64,5.300000000000001,1448.5572251781496
64,5.4,1451.0695870164316
64,5.5,1441.6057776838365
64,5.6000000000000005,1489.0057526479502
64,5.7,1433.8590061956534
64,5.800000000000001,1473.902449381178
64,5.9,1472.278305711838
64,6.0,1470.93681661165
64,6.1000000000000005,1457.0563501935706
64,6.2,1452.2713814408157
64,6.300000000000001,1486.3509996572097
64,6.4,1499.5073158570503
64,6.5,1465.3711172591006
64,6.6000000000000005,1460.6524538085496
64,6.7,1426.8853467111512
64,6.800000000000001,1471.9054709750535
64,6.9,1394.5144310907503
64,7.0,1419.7614485174433
64,7.1000000000000005,1476.2199100352934
64,7.2,1485.1629299737174
64,7.300000000000001,1488.7306065285459
64,7.4,1455.9500501202751
64,7.5,1466.4202878352046
64,7.6000000000000005,1445.5085149077242
64,7.7,1457.7474179237827
64,7.800000000000001,1456.9284317994102
64,7.9,1456.9367719409588
64,8.0,1495.2509286076563
64,8.1,1452.628305164382
64,8.200000000000001,1452.3921958924232
64,8.3,1447.159759008847
64,8.4,1439.923748272963
64,8.5,1463.6859485874468
64,8.6,1463.8665391990742
64,8.700000000000001,1450.2390669545355
64,8.8,1454.1181991562567
64,8.9,1478.553751588342
64,9.0,1412.5982553534911
64,9.1,1445.3253802837326
64,9.200000000000001,1481.5083936720816
64,9.3,1475.5749070622307
64,9.4,1477.5689377398721
64,9.5,1457.1812160340723
64,9.600000000000001,1463.0796478015156
64,9.700000000000001,1431.363919711562
64,9.8,1450.2156785047666
64,9.9,1456.4351620908994
64,10.0,1453.7867051083176
64,10.100000000000001,1455.7232386895416
64,10.200000000000001,1461.0585973945813
64,10.3,1467.0037317422161
64,10.4,1427.95944087167
64,10.5,1399.3928132605358
64,10.600000000000001,1463.7046233127357
64,10.700000000000001,1457.4731496040824
64,10.8,1443.0613655522336
64,10.9,1474.0969636850714
64,11.0,1438.7223866181266
64,11.100000000000001,1445.7423980326282
64,11.200000000000001,1499.581867651157
64,11.3,1478.3171116011065
64,11.4,1462.681181734142
64,11.5,1446.4084517928172
64,11.600000000000001,1461.341737241585
64,11.700000000000001,1471.8243336042258
64,11.8,1465.5717582857142
64,11.9,1499.929899794681
64,12.0,1453.2053434318418
64,12.100000000000001,1446.797274345762
64,12.200000000000001,1476.1675518968239
64,12.3,1450.0988041923267
64,12.4,1438.2541587695089
64,12.5,1476.3717213755
64,12.600000000000001,1508.9340909718226
64,12.700000000000001,1458.2698373171177
64,12.8,1452.1417637109241
64,12.9,1495.9731746006346
64,13.0,1452.3625950292849
64,13.100000000000001,1463.863297269106
64,13.200000000000001,1447.830345876557
64,13.3,1417.118644631702
64,13.4,1469.5793624200023
64,13.5,1463.260297638387
64,13.600000000000001,1491.5722784107468
64,13.700000000000001,1494.1753964956781
64,13.8,1489.4199156510763
64,13.9,1505.7191183714772
64,14.0,1444.7392976600097
64,14.100000000000001,1503.3112235780638
64,14.200000000000001,1506.7493154748604
64,14.3,1433.5879299196183
64,14.4,1483.1012280400005
64,14.5,1476.7053339303152
64,14.600000000000001,1477.1772124013883
64,14.700000000000001,1468.0667603399634
64,14.8,1482.0619261713484
64,14.9,1512.3275486126931
64,15.0,1509.13156935167
64,15.100000000000001,1487.0257785416266
64,15.200000000000001,1493.925326602162
64,15.3,1505.9947633616107
64,15.4,1494.627101827032
64,15.5,1530.343680739935
64,15.600000000000001,1511.2554816308539
64,15.700000000000001,1466.7206603786328
64,15.8,1489.780610789848
64,15.9,1477.6046529152723
64,16.0,1465.5849445786746
64,16.1,1474.3408241377592
64,16.2,1477.6581256474833
64,16.3,1512.7484622711029
64,16.400000000000002,1467.0419117816468
64,16.5,1474.1918621029315
64,16.6,1454.6254254293267
64,16.7,1412.0337359905925
64,16.8,1469.6074274592074
64,16.900000000000002,1471.7407216397264
64,17.0,1501.8460265624144
64,17.1,1485.9807932412375
64,17.2,1429.7356515137458
64,17.3,1434.3926381377366
64,17.400000000000002,1455.981406642274
64,17.5,1499.8527286854182
64,17.6,1489.608368808418
64,17.7,1473.2010909172752
64,17.8,1472.9070658651658
64,17.900000000000002,1436.5091873631732
64,18.0,1456.5569044258577
64,18.1,1467.1681842836815
64,18.2,1447.9699153413076
64,18.3,1479.176598311891
64,18.400000000000002,1472.2263306434777
64,18.5,1455.5815007990511
64,18.6,1504.4355763036392
64,18.7,1458.8913095296452
64,18.8,1460.7874182904388
64,18.900000000000002,1505.909354377827
64,19.0,1497.4521646043495
64,19.1,1511.2258108497863
64,19.200000000000003,1496.239775175056
64,19.3,1473.9729820714306
64,19.400000000000002,1470.1575690731113
64,19.5,1500.1304041812923
64,19.6,1489.578719294551
64,19.700000000000003,1467.9246967943457
64,19.8,1475.2317536161954
64,19.900000000000002,1490.2754289666077
64,20.0,1466.8725998656819
64,20.1,1475.0692782708825
64,20.200000000000003,1450.218214831617
64,20.3,1473.6667651687433
64,20.400000000000002,1493.7992707192902
64,20.5,1445.2956963057654
64,20.6,1470.9853094290734
64,20.700000000000003,1490.526532905748
64,20.8,1457.1514121009936
64,20.900000000000002,1474.5037119304136
64,21.0,1481.4414955630557
64,21.1,1459.238972112416
64,21.200000000000003,1469.2359417133205
64,21.3,1472.254360921796
64,21.400000000000002,1422.5742251943584
64,21.5,1416.6264935550512
64,21.6,1453.1503680804121
64,21.700000000000003,1479.6741952951932
64,21.8,1467.700145381839
64,21.900000000000002,1463.3193744344326
64,22.0,1482.0534306671807
64,22.1,1490.9668027145876
64,22.200000000000003,1476.176641170607
64,22.3,1473.1373122602265
64,22.400000000000002,1481.1148252311823
64,22.5,1469.2050044128825
64,22.6,1447.4216592079456
64,22.700000000000003,1461.8221907457596
64,22.8,1471.346797532222
64,22.900000000000002,1466.233214675399
64,23.0,1470.9008731166589
64,23.1,1467.2805710406356
64,23.200000000000003,1464.711280600992
64,23.3,1465.994519574322
64,23.400000000000002,1466.205210329166
64,23.5,1460.2564195133339
64,23.6,1452.972778635241
64,23.700000000000003,1460.4673801991557
64,23.8,1489.2467560178889
64,23.900000000000002,1468.5926130718224
64,24.0,1429.4519045701998
64,24.1,1423.5292615730289
64,24.200000000000003,1429.1786897314755
64,24.3,1446.0044221220962
64,24.400000000000002,1461.114520116553
64,24.5,1449.2515560847214
64,24.6,1431.551863528869
64,24.700000000000003,1470.4492515501286
64,24.8,1453.6163134935844
64,24.900000000000002,1421.816463013432
64,25.0,1433.0712261799897
64,25.1,1430.5989826686955
64,25.200000000000003,1456.9618436190742
64,25.3,1471.5091914613495
64,25.400000000000002,1474.7335868600005
64,25.5,1478.121675318369
64,25.6,1492.347265990592
64,25.700000000000003,1465.1134969964057
64,25.8,1440.5685519803965
64,25.900000000000002,1460.7451246312608
64,26.0,1443.112046999227
64,26.1,1465.6327612467335
64,26.200000000000003,1480.4226592413515
64,26.3,1474.9860759769836
64,26.400000000000002,1510.8999511930276
64,26.5,1470.8153692443982
64,26.6,1453.2644545282028
64,26.700000000000003,1450.1677104127134
64,26.8,1423.5508308338415
64,26.900000000000002,1446.3317584836188
64,27.0,1437.811936483931
64,27.1,1452.1616014093365
64,27.200000000000003,1439.5068340948435
64,27.3,1433.6581204072595
64,27.400000000000002,1468.1727208625562
64,27.5,1488.8174049401982
64,27.6,1492.3214648289195
64,27.700000000000003,1473.2502721924934
64,27.8,1458.0592587294218
64,27.900000000000002,1467.5097179657164
64,28.0,1464.9887312953492
64,28.1,1468.425630937113
64,28.200000000000003,1468.1297251962849
64,28.3,1447.887188930118
64,28.400000000000002,1464.5120696875736
64,28.5,1459.953749795281
64,28.6,1463.2250342280051
64,28.700000000000003,1518.3014975721605
64,28.8,1485.8659025641136
64,28.900000000000002,1451.346609744261
64,29.0,1466.7611546730552
64,29.1,1452.281479341339
64,29.200000000000003,1494.0629550266149
64,29.3,1474.934929475258
64,29.400000000000002,1468.745890409988
64,29.5,1462.4050455068068
64,29.6,1437.432216530744
64,29.700000000000003,1446.6835024928157
64,29.8,1442.2845905960141
64,29.900000000000002,1467.3845505887234
64,30.0,1470.4406394073637
64,30.1,1481.5981218240634
64,30.200000000000003,1523.582309526191
64,30.3,1500.6834436421475
64,30.400000000000002,1477.7220057020659
64,30.5,1488.7840567343799
64,30.6,1496.1677731668108
64,30.700000000000003,1472.7830483083228
64,30.8,1462.8559388935594
64,30.900000000000002,1483.200975203449
64,31.0,1499.1360858587182
64,31.1,1523.492297466467
64,31.200000000000003,1480.1336796989292
64,31.3,1455.7601326454667
64,31.400000000000002,1461.726796770861
64,31.5,1474.124887552122
64,31.6,1485.7931107718605
64,31.700000000000003,1500.80497259776
64,31.8,1492.383675495723
64,31.900000000000002,1502.6651956427302
64,32.0,1478.625187470434
64,32.1,1472.0554809709638
64,32.2,1502.5996237990719
64,32.300000000000004,1478.774148544675
64,32.4,1436.2815542183814
64,32.5,1454.1663964626523
64,32.6,1465.6952610777594
64,32.7,1477.2621242240803
64,32.800000000000004,1465.3492526380671
64,32.9,1477.6131290689202
64,33.0,1489.1835576675749
64,33.1,1463.562037065052
64,33.2,1442.0417469815864
64,33.300000000000004,1432.6141511471353
64,33.4,1453.8609205930004
64,33.5,1466.265785875435
64,33.6,1468.5892262721432
64,33.7,1462.0460157171167
64,33.800000000000004,1451.4239179477665
64,33.9,1468.6420623287672
64,34.0,1483.4678749410841
64,34.1,1504.1044283871147
64,34.2,1478.554529118204
64,34.300000000000004,1458.733031185876
64,34.4,1437.5886613683483
64,34.5,1450.533591561706
64,34.6,1479.3146039701824
64,34.7,1477.115156612828
64,34.800000000000004,1438.435562034853
64,34.9,1464.057792646659
64,35.0,1493.5043154421899
64,35.1,1492.4394668930097
64,35.2,1453.248876422902
128,0.0,690.392
128,0.1,873.2203329388936
128,0.2,1459.6422169907487
128,0.30000000000000004,1513.5216022090026
128,0.4,1487.5492908931185
128,0.5,1404.1909353617416
128,0.6000000000000001,1463.507496670889
128,0.7000000000000001,1465.4811710294312
128,0.8,1504.4289345092882
128,0.9,1473.2373999262074
128,1.0,1528.3619793123469
128,1.1,1499.261261679398
128,1.2000000000000002,1518.268878015711
128,1.3,1478.7062772210554
128,1.4000000000000001,1477.9967850056003
128,1.5,1492.3277894898476
128,1.6,1473.5713566087745
128,1.7000000000000002,1504.817131240932
128,1.8,1459.4101401654136
128,1.9000000000000001,1475.2186036658093
128,2.0,1432.9731138627303
128,2.1,1505.6754754719677
128,2.2,1451.3860915715375
128,2.3000000000000003,1504.6664870869786
128,2.4000000000000004,1482.4288477167997
128,2.5,1491.3906045852432
128,2.6,1475.8780750054705
128,2.7,1447.1684410600917
128,2.8000000000000003,1484.0931324676187
128,2.9000000000000004,1421.081003112869
128,3.0,1536.1110336787501
128,3.1,1454.3244582223122
128,3.2,1521.626864033036
128,3.3000000000000003,1476.0729547790577
128,3.4000000000000004,1577.231072859861
128,3.5,1469.8342142841832
128,3.6,1519.1020350916542
128,3.7,1507.3340412774437
128,3.8000000000000003,1494.7115653432024
128,3.9000000000000004,1485.339120892547
128,4.0,1496.082726650396
128,4.1000000000000005,1479.2662037294242
128,4.2,1513.536937192055
128,4.3,1499.9512539224859
128,4.4,1503.6624136825415
128,4.5,1549.2882498518484
128,4.6000000000000005,1515.4714754558788
128,4.7,1474.6081487059832
128,4.800000000000001,1565.4156335114162
128,4.9,1490.1088630735271
128,5.0,1480.5804221684361
128,5.1000000000000005,1454.4281593793582
128,5.2,1509.9204664750414
128,5.300000000000001,1482.2073129915077
128,5.4,1487.6246121194802
128,5.5,1471.3871458314977
128,5.6000000000000005,1506.0092276447108
128,5.7,1488.581149609765
128,5.800000000000001,1471.4164345955849
128,5.9,1442.5895311122267
128,6.0,1528.182855427939
128,6.1000000000000005,1539.6207328533328
128,6.2,1479.0840197559792
128,6.300000000000001,1530.3835120378346
128,6.4,1459.2125345218478
128,6.5,1481.9094223306402
128,6.6000000000000005,1529.2219182250976
128,6.7,1528.388684093133
128,6.800000000000001,1474.7980966481339
128,6.9,1483.8158473998228
128,7.0,1420.0539883723145
128,7.1000000000000005,1479.0341075419685
128,7.2,1490.3635958130174
128,7.300000000000001,1479.2887679923572
128,7.4,1475.1772511421443
128,7.5,1533.272634870129
128,7.6000000000000005,1530.638035020086
128,7.7,1442.9520449589293
128,7.800000000000001,1532.7645243059142
128,7.9,1470.02269099985
128,8.0,1450.9027620753939
128,8.1,1462.0538580333096
128,8.200000000000001,1486.7437514056387
128,8.3,1418.7825895173116
128,8.4,1577.5982866456786
128,8.5,1485.6780855488607
128,8.6,1516.34586653524
128,8.700000000000001,1480.3402567224316
128,8.8,1459.433063923929
128,8.9,1545.0524264135947
128,9.0,1572.2599354694453
128,9.1,1489.7735454957703
128,9.200000000000001,1497.3648516171436
128,9.3,1466.0949427475177
128,9.4,1520.4181922425466
128,9.5,1452.3269629219662
128,9.600000000000001,1501.039549552474
128,9.700000000000001,1558.6112517769157
128,9.8,1553.4252915213788
128,9.9,1501.0953253881496
128,10.0,1577.6950648796462
128,10.100000000000001,1547.8873781374184
128,10.200000000000001,1538.6922448655866
128,10.3,1536.2838061112693
128,10.4,1468.8850220367065
128,10.5,1500.2092585952025
128,10.600000000000001,1540.5681433931222
128,10.700000000000001,1501.933664329162
128,10.8,1535.0232126638916
128,10.9,1531.7125374572388
128,11.0,1424.6482943842543
128,11.100000000000001,1479.2726988323252
128,11.200000000000001,1461.5521017949943
128,11.3,1567.1844421766627
128,11.4,1499.8209536402328
128,11.5,1548.3518067113423
128,11.600000000000001,1455.2162436548733
128,11.700000000000001,1471.4324963478489
128,11.8,1583.1576630230422
128,11.9,1543.3335074682216
128,12.0,1510.0863809993002
128,12.100000000000001,1507.6703353854284
128,12.200000000000001,1489.926039184436
128,12.3,1537.0219500568737
128,12.4,1485.24271278302
128,12.5,1533.5467123435121
128,12.600000000000001,1540.4403943259395
128,12.700000000000001,1467.5402813371377
128,12.8,1487.0772006245122
128,12.9,1489.9959835963405
128,13.0,1481.7317476725216
128,13.100000000000001,1546.5762222671055
128,13.200000000000001,1559.0914148868576
128,13.3,1544.4559393126751
128,13.4,1489.458252369711
128,13.5,1509.3706658561505
128,13.600000000000001,1546.1438005267412
128,13.700000000000001,1503.0274656252527
128,13.8,1486.8520590505798
128,13.9,1526.9642888947562
128,14.0,1547.8859253609417
128,14.100000000000001,1545.0266867348403
128,14.200000000000001,1571.8899217829155
128,14.3,1525.4565587865018
128,14.4,1545.5397125887594
128,14.5,1504.08582881964
128,14.600000000000001,1503.344910800292
128,14.700000000000001,1544.7420148649683
128,14.8,1502.8632558977079
128,14.9,1653.2280551276347
128,15.0,1539.1987412698227
128,15.100000000000001,1466.6032368482288
128,15.200000000000001,1514.73676549488
128,15.3,1546.6062306748263
128,15.4,1455.3042109034843
128,15.5,1490.7502470339214
128,15.600000000000001,1531.5387763686138
128,15.700000000000001,1602.0829182510183
128,15.8,1512.145400504353
128,15.9,1445.2528196427168
128,16.0,1474.7418506051818
128,16.1,1491.0991382804975
128,16.2,1563.4442302763232
128,16.3,1583.8968053145709
128,16.400000000000002,1525.5755374449452
128,16.5,1547.3251850716695
128,16.6,1510.106954015886
128,16.7,1443.1688100616861
128,16.8,1455.194085659848
128,16.900000000000002,1567.3834835336877
128,17.0,1532.387487178022
128,17.1,1485.0583094837236
128,17.2,1566.3569110862552
128,17.3,1530.2084976560488
128,17.400000000000002,1537.6169587118707
128,17.5,1518.1940196748565
128,17.6,1491.0030089045104
128,17.7,1479.4352117591045
128,17.8,1433.4034833728642
128,17.900000000000002,1521.6543754845948
128,18.0,1521.379119599881
128,18.1,1604.4716446046941
128,18.2,1488.9037181457372
128,18.3,1486.6642907817459
128,18.400000000000002,1540.9179493544814
128,18.5,1502.656876122963
128,18.6,1430.1372258882172
128,18.7,1541.3244405890289
128,18.8,1523.0703913950858
128,18.900000000000002,1552.9017423939379
128,19.0,1529.885278510879
128,19.1,1516.8507104403466
128,19.200000000000003,1458.7669109721255
128,19.3,1528.7197680315458
128,19.400000000000002,1519.3873571854988
128,19.5,1509.4924663546115
128,19.6,1513.5500114527122
128,19.700000000000003,1517.4349239817755
128,19.8,1594.9789049103981
128,19.900000000000002,1558.002523785819
128,20.0,1463.3589122218707
128,20.1,1435.5110735030378
128,20.200000000000003,1565.7777181301187
128,20.3,1576.8980600995992
128,20.400000000000002,1488.7908822725378
128,20.5,1426.353617901737
128,20.6,1473.4592027397073
128,20.700000000000003,1470.7641269328872
128,20.8,1520.928023278521
128,20.900000000000002,1574.3241852792626
128,21.0,1520.3839039587313
128,21.1,1526.2374382722371
128,21.200000000000003,1544.1960067081077
128,21.3,1491.105549197418
128,21.400000000000002,1532.8011335700342
128,21.5,1591.294698386997
128,21.6,1617.5055672478165
128,21.700000000000003,1592.590916276169
128,21.8,1510.3888392990118
128,21.900000000000002,1530.914584893708
128,22.0,1590.5393713030928
128,22.1,1548.0176579496242
128,22.200000000000003,1495.0596753922996
128,22.3,1478.806299387736
128,22.400000000000002,1533.1167172148866
128,22.5,1498.5305253188064
128,22.6,1465.6038277708712
128,22.700000000000003,1496.0271488742703
128,22.8,1486.9591159886309
128,22.900000000000002,1484.7206519156937
128,23.0,1493.8287858200993
128,23.1,1457.9145000231015
128,23.200000000000003,1514.1015081237904
128,23.3,1488.52056437979
128,23.400000000000002,1511.9037153224338
128,23.5,1569.7949906196325
128,23.6,1493.2291167046917
128,23.700000000000003,1461.5649380623195
128,23.8,1514.2282877340901
128,23.900000000000002,1574.5639439482206
128,24.0,1488.1060171562615
128,24.1,1444.1756335256289
128,24.200000000000003,1458.9479199357913
128,24.3,1563.7903854340934
128,24.400000000000002,1683.3088942862676
128,24.5,1550.5986435693062
128,24.6,1419.5183067145465
128,24.700000000000003,1530.4020483701051
128,24.8,1593.3030874691322
128,24.900000000000002,1583.066846427951
128,25.0,1436.0058508616924
128,25.1,1612.161399881876
128,25.200000000000003,1578.764220215684
128,25.3,1568.464988885186
128,25.400000000000002,1521.6674906950434
128,25.5,1547.3831297199627
128,25.6,1523.4100003046003
128,25.700000000000003,1500.8849988090728
128,25.8,1480.2345667101872
128,25.900000000000002,1493.4251489310936
128,26.0,1495.1935244981066
128,26.1,1570.6795947379842
128,26.200000000000003,1517.2175695257752
128,26.3,1573.4741720255013
128,26.400000000000002,1507.6771880827318
128,26.5,1524.2970925368518
128,26.6,1547.2588346904074
128,26.700000000000003,1511.7530110152834
128,26.8,1531.8487002155366
128,26.900000000000002,1433.2939680765046
128,27.0,1548.3145019908934
128,27.1,1565.275401196424
128,27.200000000000003,1483.851691053895
128,27.3,1497.7263617256403
128,27.400000000000002,1560.5689560979922
128,27.5,1617.411146486597
128,27.6,1538.68655314469
128,27.700000000000003,1517.6703114109782
128,27.8,1495.7431063407084
128,27.900000000000002,1559.7938411901641
128,28.0,1547.788908112021
128,28.1,1563.4859208681235
128,28.200000000000003,1594.5239712129753
128,28.3,1548.7408255911255
128,28.400000000000002,1503.8139050830098
128,28.5,1599.8445570849547
128,28.6,1587.718037640656
128,28.700000000000003,1525.093730662092
128,28.8,1522.4341214850335
128,28.900000000000002,1604.8464469874207
128,29.0,1510.8059369159268
128,29.1,1529.93081636388
128,29.200000000000003,1531.002136695698
128,29.3,1542.214978232501
128,29.400000000000002,1526.8242255185614
128,29.5,1553.018649434718
128,29.6,1501.8328984844431
128,29.700000000000003,1492.5633579053167
128,29.8,1525.8885619651742
128,29.900000000000002,1589.5309533361115
128,30.0,1568.700399549393
128,30.1,1456.0690049024095
128,30.200000000000003,1551.4131454189737
128,30.3,1594.1073953221332
128,30.400000000000002,1547.0788365202623
128,30.5,1616.2944441291347
128,30.6,1569.1060187702851
128,30.700000000000003,1547.3961843989389
128,30.8,1614.8709910599532
128,30.900000000000002,1552.6743839896708
128,31.0,1556.386738377063
128,31.1,1557.8974758205193
128,31.200000000000003,1539.0901547878163
128,31.3,1535.3154085850854
128,31.400000000000002,1541.1659887151604
128,31.5,1537.9563426548461
128,31.6,1574.1901256678652
128,31.700000000000003,1518.6029283054518
128,31.8,1463.3491894668398
128,31.900000000000002,1483.2235601019788
128,32.0,1506.0571111830548
128,32.1,1543.2440261139923
128,32.2,1499.6648972768546
128,32.300000000000004,1541.1540506385227
128,32.4,1545.5686249514142
128,32.5,1537.6845214595492
128,32.6,1501.328847687071
128,32.7,1492.600672137612
128,32.800000000000004,1525.4912748696179
128,32.9,1555.182157164799
128,33.0,1549.0668009444812
128,33.1,1557.8641917687103
128,33.2,1567.3219796019323
128,33.300000000000004,1526.1971256206743
128,33.4,1559.5494962026269
128,33.5,1533.2196383266435
128,33.6,1562.3900969916535
128,33.7,1533.42424020349
128,33.800000000000004,1517.2382183647132
128,33.9,1515.0716003448056
128,34.0,1472.5758603934134
128,34.1,1514.337666004315
128,34.2,1491.477171933204
128,34.300000000000004,1523.2075092260432
128,34.4,1539.204829022798
128,34.5,1460.094575634525
128,34.6,1455.7585688973356
128,34.7,1483.366218650836
128,34.800000000000004,1525.6292023087792
128,34.9,1539.7520272995507
128,35.0,1513.2231476161348
128,35.1,1501.4010526855936
128,35.2,1507.3756426020318
128,35.300000000000004,1495.8196565796327
128,35.4,1539.138608428908
128,35.5,1572.059473643852
128,35.6,1582.6070848051038
128,35.7,1514.0854990551456
128,35.800000000000004,1474.1198237750045
128,35.9,1466.4740562592392
128,36.0,1492.3579151327003
128,36.1,1530.5468689131874
128,36.2,1560.3949553221432
128,36.300000000000004,1522.7501730604865
128,36.4,1528.175152013485
128,36.5,1497.1527752580607
128,36.6,1547.7866759577369
128,36.7,1556.2004236585549
128,36.800000000000004,1530.2832818283719
128,36.9,1509.758218430353
128,37.0,1470.8110671372378
128,37.1,1532.670467578938
128,37.2,1558.3149976937918
128,37.300000000000004,1561.3108038483258
128,37.4,1481.8684721912352
128,37.5,1448.1896508850527
128,37.6,1462.6928149846717
128,37.7,1482.0782414847179
128,37.800000000000004,1570.2638063659927
128,37.9,1540.3256813432909
128,38.0,1541.5881759914644
128,38.1,1619.7008196802988
128,38.2,1565.5169350779465
128,38.300000000000004,1559.7670566182246
128,38.400000000000006,1541.9903120645329
128,38.5,1513.3787702057657
128,38.6,1525.3102842552344
128,38.7,1571.061594677572
128,38.800000000000004,1555.2049168181647
128,38.900000000000006,1526.0316373938404
128,39.0,1530.1389359010388
128,39.1,1537.8811341656624
128,39.2,1531.7891659950458
128,39.300000000000004,1504.0532506064328
128,39.400000000000006,1528.666788440331
128,39.5,1551.2580217397515
128,39.6,1538.7082143743737
128,39.7,1527.147235237546
128,39.800000000000004,1570.6596169695215
128,39.900000000000006,1525.6460200246486
128,40.0,1507.6006640838923
128,40.1,1497.3898397575313
128,40.2,1531.6251806485432
128,40.300000000000004,1532.6762708114386
128,40.400000000000006,1518.7802459914362
128,40.5,1538.739953573222
128,40.6,1533.7887615132822
128,40.7,1538.0945628687814
128,40.800000000000004,1530.9767615296125
128,40.900000000000006,1521.0136514057028
128,41.0,1495.455046445667
128,41.1,1507.7444069858525
128,41.2,1529.3442980122613
128,41.300000000000004,1530.9629656382633
128,41.400000000000006,1578.4904634619413
128,41.5,1560.8170529846907
128,41.6,1542.386338352677
128,41.7,1524.4530199152566
128,41.800000000000004,1508.3452366824117
128,41.900000000000006,1497.5682173231587
128,42.0,1457.3446816414018
128,42.1,1493.1474392284274
128,42.2,1537.6975922472534
128,42.300000000000004,1530.2090337165018
128,42.400000000000006,1550.1969063308977
128,42.5,1532.5151417308055
128,42.6,1497.6293818495262
128,42.7,1521.7670375215528
128,42.800000000000004,1527.701516455948
128,42.900000000000006,1496.1108044678988
128,43.0,1528.7817380380782
128,43.1,1540.3639459505928
128,43.2,1520.8454921455998
128,43.300000000000004,1532.6306832315272
128,43.400000000000006,1526.041853319995
128,43.5,1511.0419733252038
128,43.6,1544.3313889371848
128,43.7,1556.530740312647
128,43.800000000000004,1534.618754553983
128,43.900000000000006,1563.1455390311837
128,44.0,1573.7252564017072
128,44.1,1565.3324732040926
128,44.2,1545.0033743232868
128,44.300000000000004,1524.8365524418648
128,44.400000000000006,1500.4353124348784
128,44.5,1511.845138179376
128,44.6,1523.7579190521924
128,44.7,1498.372398149703
128,44.800000000000004,1513.8169682645398
128,44.900000000000006,1539.1361417095354
128,45.0,1585.0759053588126
128,45.1,1613.7165930123645
128,45.2,1571.4833682543597
128,45.300000000000004,1563.9052653392014
128,45.400000000000006,1588.377378536892
128,45.5,1590.4637824789233
128,45.6,1567.417032725722
128,45.7,1553.9975727288318
128,45.800000000000004,1559.3154762448223
128,45.900000000000006,1538.1014004667927
128,46.0,1502.6756983367493
128,46.1,1485.739418450935
128,46.2,1519.9477502261232
128,46.300000000000004,1518.8768164162482
128,46.400000000000006,1485.7818235841967
128,46.5,1502.3068201423437
128,46.6,1540.99006974224
128,46.7,1555.12419689764
128,46.800000000000004,1539.4665368004942
128,46.900000000000006,1554.4298823260758
128,47.0,1593.879490631747
128,47.1,1555.8141533017551
128,47.2,1489.0094417726673
128,47.300000000000004,1531.8820214479056
128,47.400000000000006,1547.7339874662855
128,47.5,1513.749246114261
128,47.6,1526.2199075884703
128,47.7,1537.8855541257149
128,47.800000000000004,1530.7937173620062
128,47.900000000000006,1502.1732620926243
128,48.0,1512.1006803367857
128,48.1,1514.34260782649
128,48.2,1497.8293423039916
128,48.300000000000004,1477.802222735173
128,48.400000000000006,1480.7112790900048
128,48.5,1541.5904440488239
128,48.6,1551.5581286594008
128,48.7,1524.2068854410059
128,48.800000000000004,1518.4397117444628
128,48.900000000000006,1525.7429087888902
128,49.0,1497.4295048318497
128,49.1,1483.8833313432842
128,49.2,1527.879515630564
128,49.300000000000004,1524.7231203739937
128,49.400000000000006,1505.3178164009623
128,49.5,1530.597503357781
128,49.6,1535.6241322046797
256,0.0,1969.4740000000002
256,0.1,1515.3100223090971
256,0.2,1549.3647514857141
256,0.30000000000000004,1579.1950116527496
256,0.4,1584.8845632333819
256,0.5,1655.2731187889847
256,0.6000000000000001,1646.4572444376722
256,0.7000000000000001,1654.7696241134686
256,0.8,1661.5800873245864
256,0.9,1630.466347098125
256,1.0,1619.2725228067839
256,1.1,1597.9632066954514
256,1.2000000000000002,1616.7218558957343
256,1.3,1669.6145587282165
256,1.4000000000000001,1579.5986114584175
256,1.5,1613.3411664013515
256,1.6,1625.0836436082714
256,1.7000000000000002,1665.2262383440577
256,1.8,1599.0360849588617
256,1.9000000000000001,1620.5009013990793
256,2.0,1708.1889325609611
256,2.1,1624.1238824091208
256,2.2,1603.5374616309086
256,2.3000000000000003,1691.1004659214743
256,2.4000000000000004,1661.1417613502642
256,2.5,1637.6686475510385
256,2.6,1636.1016006047983
256,2.7,1692.6310842688956
256,2.8000000000000003,1643.875824546578
256,2.9000000000000004,1646.321737916392
256,3.0,1674.571952805451
256,3.1,1618.018289829806
256,3.2,1691.9623960608315
256,3.3000000000000003,1703.2779736812058
256,3.4000000000000004,1629.858687569815
256,3.5,1636.0296169099959
256,3.6,1508.535900655588
256,3.7,1687.748953271144
256,3.8000000000000003,1630.2299860769076
256,3.9000000000000004,1652.1893397206534
256,4.0,1650.3736514639359
256,4.1000000000000005,1612.1241477458134
256,4.2,1592.9938529280073
256,4.3,1567.7210576194652
256,4.4,1644.9670733001947
256,4.5,1636.5285225513394
256,4.6000000000000005,1653.9620911381032
256,4.7,1636.254446855795
256,4.800000000000001,1582.4920863114226
256,4.9,1565.4519041309127
256,5.0,1630.3087614828748
256,5.1000000000000005,1643.8537004616567
256,5.2,1742.484011021624
256,5.300000000000001,1626.6824710088583
256,5.4,1582.2901406303686
256,5.5,1709.5472128999115
256,5.6000000000000005,1610.0961628697155
256,5.7,1553.6784479323335
256,5.800000000000001,1655.481233945215
256,5.9,1646.258122812487
256,6.0,1629.7129384002058
256,6.1000000000000005,1622.5772080376132
256,6.2,1681.1563682896522
256,6.300000000000001,1624.6422625307223
256,6.4,1673.3277447883797
256,6.5,1678.440781785489
256,6.6000000000000005,1620.2804425218737
256,6.7,1646.8927255439417
256,6.800000000000001,1654.0039520411635
256,6.9,1699.3592736721919
256,7.0,1650.1745893588645
256,7.1000000000000005,1590.4624497124114
256,7.2,1681.036481040781
256,7.300000000000001,1663.8046468835582
256,7.4,1706.5595055932856
256,7.5,1679.6945178398335
256,7.6000000000000005,1649.1952843800013
256,7.7,1692.552527253804
256,7.800000000000001,1676.4951046980532
256,7.9,1630.3530411601682
256,8.0,1670.773876964554
256,8.1,1661.3355014188073
256,8.200000000000001,1652.2561973632678
256,8.3,1698.9107326301971
256,8.4,1644.8394583707138
256,8.5,1634.649517010297
256,8.6,1638.1577705116533
256,8.700000000000001,1689.2346788585426
256,8.8,1630.5273937538373
256,8.9,1621.4383758604217
256,9.0,1656.7815862032048
256,9.1,1591.363872839889
256,9.200000000000001,1586.0161800562532
256,9.3,1673.3915476949987
256,9.4,1617.3823975069365
256,9.5,1693.5007624047912
256,9.600000000000001,1658.210693604525
256,9.700000000000001,1641.775711241203
256,9.8,1680.655278379826
256,9.9,1617.6378946297214
256,10.0,1678.060817911741
256,10.100000000000001,1698.763417693133
256,10.200000000000001,1600.8076607133662
256,10.3,1568.2742478121036
256,10.4,1580.0602000428398
256,10.5,1685.9117610371609
256,10.600000000000001,1631.2592712062024
256,10.700000000000001,1712.308550631268
256,10.8,1720.8692216403135
256,10.9,1660.4359238770717
256,11.0,1667.101848370042
256,11.100000000000001,1687.1490562577703
256,11.200000000000001,1595.3977674302275
256,11.3,1630.8039594403272
256,11.4,1618.3840890790852
256,11.5,1678.391407794113
256,11.600000000000001,1647.283971163057
256,11.700000000000001,1670.8374382132845
256,11.8,1677.2866418404544
256,11.9,1675.5115543719082
256,12.0,1644.8771327196732
256,12.100000000000001,1721.2854612475696
256,12.200000000000001,1662.3564084975546
256,12.3,1620.9708840951614
256,12.4,1624.86826878879
256,12.5,1565.841206586477
256,12.600000000000001,1651.8548035534384
256,12.700000000000001,1647.4592287256721
256,12.8,1631.9015590119322
256,12.9,1616.876181317716
256,13.0,1639.3777762979582
256,13.100000000000001,1626.259552954961
256,13.200000000000001,1680.9403689171663
256,13.3,1716.2492864549272
256,13.4,1636.5193777622303
256,13.5,1588.3791521517308
256,13.600000000000001,1642.7826308189494
256,13.700000000000001,1658.6868247645154
256,13.8,1622.8881387546496
256,13.9,1589.025136535934
256,14.0,1622.449191445985
256,14.100000000000001,1659.04460856868
256,14.200000000000001,1617.8155304382196
256,14.3,1639.7114699523352
256,14.4,1722.1730360881656
256,14.5,1651.1180599977154
256,14.600000000000001,1579.4905934865662
256,14.700000000000001,1658.091885963957
256,14.8,1686.3373365238142
256,14.9,1677.3422568955089
256,15.0,1651.7228178409455
256,15.100000000000001,1641.3891283965904
256,15.200000000000001,1721.7637843701386
256,15.3,1679.7316664627906
256,15.4,1594.621333196941
256,15.5,1609.1194828658731
256,15.600000000000001,1667.236148895601
256,15.700000000000001,1683.2708414034137
256,15.8,1681.7563665148157
256,15.9,1675.471284053284
256,16.0,1576.9911518950917
256,16.1,1631.2715253064082
256,16.2,1636.811369191754
256,16.3,1578.793457883179
256,16.400000000000002,1595.63240433759
256,16.5,1664.5732694702494
256,16.6,1607.4946067310666
256,16.7,1635.17570489756
256,16.8,1686.5525753884845
256,16.900000000000002,1693.723877119064
256,17.0,1746.1537182366465
256,17.1,1686.6323020273612
256,17.2,1646.1692695808151
256,17.3,1700.523894965084
256,17.400000000000002,1683.4580577435386
256,17.5,1630.5157751630597
256,17.6,1652.5635129658508
256,17.7,1650.0338830296498
256,17.8,1664.8170512100776
256,17.900000000000002,1659.5130341332078
256,18.0,1644.5301918210903
256,18.1,1650.6946255863083
256,18.2,1677.1382950882135
256,18.3,1665.7594252770434
256,18.400000000000002,1667.089298886342
256,18.5,1683.0234106999137
256,18.6,1729.6284892309388
256,18.7,1709.3520117651267
256,18.8,1656.703830398159
256,18.900000000000002,1630.7121250603125
256,19.0,1671.5359663307272
256,19.1,1738.6910149933226
256,19.200000000000003,1756.1143444828365
256,19.3,1725.494143184356
256,19.400000000000002,1706.592940993155
256,19.5,1754.7504511961245
256,19.6,1707.8163324819711
256,19.700000000000003,1635.2863610578806
256,19.8,1661.6970239206648
256,19.900000000000002,1689.5078856790842
256,20.0,1667.5673368537364
256,20.1,1665.682263411722
256,20.200000000000003,1675.286582378229
256,20.3,1702.7337136265994
256,20.400000000000002,1654.2935640698213
256,20.5,1616.7244931123178
256,20.6,1693.3393591140314
256,20.700000000000003,1704.6509249549943
256,20.8,1631.3488939145122
256,20.900000000000002,1655.9020938942863
256,21.0,1644.6304798639658
256,21.1,1556.233328079286
256,21.200000000000003,1566.8788861258397
256,21.3,1696.1765917160171
256,21.400000000000002,1702.0969583557176
256,21.5,1644.461608247398
256,21.6,1659.5916825933496
256,21.700000000000003,1678.6426978490872
256,21.8,1722.330236926487
256,21.900000000000002,1735.2179206443598
256,22.0,1713.4294494809992
256,22.1,1658.717771130754
256,22.200000000000003,1636.2694525394274
256,22.3,1618.0376002785688
256,22.400000000000002,1674.3668076630197
256,22.5,1757.5990330289194
256,22.6,1673.4884484656727
256,22.700000000000003,1601.2979715074791
256,22.8,1644.5987006380992
256,22.900000000000002,1663.8255251558858
256,23.0,1629.803183813711
256,23.1,1644.3304182271954
256,23.200000000000003,1696.856496094248
256,23.3,1698.180857988906
256,23.400000000000002,1704.9642450589663
256,23.5,1678.7526636486712
256,23.6,1636.2365418904635
256,23.700000000000003,1669.6819630490916
256,23.8,1646.610339335964
256,23.900000000000002,1572.5691316946268
256,24.0,1562.7674364475454
256,24.1,1522.8718921960804
256,24.200000000000003,1433.1454557054149
256,24.3,1520.1565943885616
256,24.400000000000002,1630.621217056512
256,24.5,1645.1918364512992
256,24.6,1664.235814549615
256,24.700000000000003,1634.5402517603502
256,24.8,1625.2267052056632
256,24.900000000000002,1676.3384190843756
256,25.0,1716.661419480569
256,25.1,1659.1279863384673
256,25.200000000000003,1661.8426042636304
256,25.3,1659.0984915542858
256,25.400000000000002,1612.9647712801232
256,25.5,1644.4750138852833
256,25.6,1662.0770917677853
256,25.700000000000003,1654.280970932083
256,25.8,1673.435941628207
256,25.900000000000002,1653.396429254004
256,26.0,1680.5493266624612
256,26.1,1697.917599326611
256,26.200000000000003,1657.5135620492308
256,26.3,1680.4624325651805
256,26.400000000000002,1700.2232729322345
256,26.5,1712.9995164824709
256,26.6,1704.6517816564321
256,26.700000000000003,1685.3019891446613
256,26.8,1662.8328406170788
256,26.900000000000002,1633.6910292373223
256,27.0,1647.2325749785673
256,27.1,1690.232057975649
256,27.200000000000003,1743.049819328229
256,27.3,1715.50963556503
256,27.400000000000002,1716.0566017300825
256,27.5,1658.3714465002952
256,27.6,1634.1305072907958
256,27.700000000000003,1633.812739154757
256,27.8,1607.8610259989466
256,27.900000000000002,1590.0406805590826
256,28.0,1645.7638224995535
256,28.1,1639.3056067089747
256,28.200000000000003,1677.0504079889322
256,28.3,1737.7102322164615
256,28.400000000000002,1718.73609850042
256,28.5,1638.5758426401733
256,28.6,1651.5129711283446
256,28.700000000000003,1641.2868539088463
256,28.8,1593.8471478836973
256,28.900000000000002,1638.9110614537642
256,29.0,1669.8212956592586
256,29.1,1598.61951142251
256,29.200000000000003,1668.133052758403
256,29.3,1675.8917526557711
256,29.400000000000002,1620.4552175463568
256,29.5,1612.8090509000622
256,29.6,1640.312154680814
256,29.700000000000003,1563.7123518369526
256,29.8,1545.342772871682
256,29.900000000000002,1629.2989273566307
256,30.0,1646.7964050339326
256,30.1,1570.4514539231457
256,30.200000000000003,1637.4214101095606
256,30.3,1698.144779448558
256,30.400000000000002,1730.2084510668685
256,30.5,1662.825420106702
256,30.6,1693.8721231715895
256,30.700000000000003,1749.023438991489
256,30.8,1743.5001958525927
256,30.900000000000002,1734.1319364434369
256,31.0,1711.6558396686194
256,31.1,1675.3464199993793
256,31.200000000000003,1663.0316705438076
256,31.3,1713.3023918789006
256,31.400000000000002,1601.0693846739314
256,31.5,1643.5670170340156
256,31.6,1732.85268190564
256,31.700000000000003,1643.7372490827954
256,31.8,1705.5154212175778
256,31.900000000000002,1785.902225001011
256,32.0,1716.880618642999
256,32.1,1669.8028245214684
256,32.2,1709.0937612099426
256,32.300000000000004,1647.0828967586524
256,32.4,1653.6443603040846
256,32.5,1635.2489658555169
256,32.6,1516.6995150542375
256,32.7,1565.32900452289
256,32.800000000000004,1627.4689462574427
256,32.9,1712.7620980878066
256,33.0,1684.1318135397016
256,33.1,1632.182381166353
256,33.2,1668.9308572421548
256,33.300000000000004,1747.625807246692
256,33.4,1748.447861380449
256,33.5,1718.5422847667614
256,33.6,1741.9180757869656
256,33.7,1694.9497638360858
256,33.800000000000004,1645.2068448200125
256,33.9,1738.7435930043287
256,34.0,1678.7021928794825
256,34.1,1647.7355701044837
256,34.2,1717.7472114087604
256,34.300000000000004,1754.3197958813128
256,34.4,1653.1652556036067
256,34.5,1631.386331882033
256,34.6,1671.4008662401677
256,34.7,1766.7969984533393
256,34.800000000000004,1727.8651362647151
256,34.9,1662.60681784299
256,35.0,1662.6242077077911
256,35.1,1631.2664035136975
256,35.2,1658.3618342728944
256,35.300000000000004,1635.3073212863706
256,35.4,1623.679364601678
256,35.5,1639.0802847467637
256,35.6,1732.8125601352071
256,35.7,1640.473956724161
256,35.800000000000004,1661.9351320838264
256,35.9,1661.6019555171772
256,36.0,1663.6912445323915
256,36.1,1573.8148722877997
256,36.2,1707.2921813574874
256,36.300000000000004,1701.5821791642697
256,36.4,1601.1543897941785
256,36.5,1601.7597655808863
256,36.6,1655.3722067964845
256,36.7,1665.0891791618162
256,36.800000000000004,1606.0087661716036
256,36.9,1631.1036179172581
256,37.0,1651.4891414778667
256,37.1,1712.522157276793
256,37.2,1691.5643616317375
256,37.300000000000004,1671.7265049608231
256,37.4,1662.127221000684
256,37.5,1752.7085775924893
256,37.6,1700.2178530067008
256,37.7,1710.3160376281485
256,37.800000000000004,1706.7542002775626
256,37.9,1728.5418020382558
256,38.0,1691.7249047575972
256,38.1,1648.702030374443
256,38.2,1684.69709058107
256,38.300000000000004,1682.0718074633714
256,38.400000000000006,1576.0678061568046
256,38.5,1662.7123280400353
256,38.6,1647.6667716648337
256,38.7,1686.4600054865014
256,38.800000000000004,1640.0506430453129
256,38.900000000000006,1623.7459579225697
256,39.0,1663.297336099061
256,39.1,1709.7105132830015
256,39.2,1629.1713114774514
256,39.300000000000004,1599.4347193678327
256,39.400000000000006,1713.6095269622263
256,39.5,1662.0888042197228
256,39.6,1664.807836090372
256,39.7,1629.6038920351195
256,39.800000000000004,1618.9292988436862
256,39.900000000000006,1654.2704786158397
256,40.0,1749.1817768830717
256,40.1,1720.8482710517728
256,40.2,1662.131474976325
256,40.300000000000004,1622.6583734553765
256,40.400000000000006,1628.183354784416
256,40.5,1711.1148251374705
256,40.6,1613.7936491168814
256,40.7,1654.4855763399262
256,40.800000000000004,1651.753600143365
256,40.900000000000006,1633.5399942888903
256,41.0,1706.9149741938863
256,41.1,1673.518323861329
256,41.2,1614.4811294044862
256,41.300000000000004,1734.6699289765704
256,41.400000000000006,1719.9652728810431
256,41.5,1715.54849383838
256,41.6,1581.8369032392343
256,41.7,1730.1895906463003
256,41.800000000000004,1725.812588717201
256,41.900000000000006,1626.0858504784737
256,42.0,1634.4823932971203
256,42.1,1574.558235723935
256,42.2,1646.6727316673116
256,42.300000000000004,1713.3416629151102
256,42.400000000000006,1682.2036825305383
256,42.5,1616.2717742767586
256,42.6,1637.4042267704865
256,42.7,1558.046863510174
256,42.800000000000004,1636.8535530610557
256,42.900000000000006,1742.4756679148477
256,43.0,1647.507687265473
256,43.1,1721.4849156334224
256,43.2,1741.5945179463024
256,43.300000000000004,1732.8838620997012
256,43.400000000000006,1671.6779089696865
256,43.5,1698.3623838016263
256,43.6,1745.6662855386708
256,43.7,1634.5114264656806
256,43.800000000000004,1626.7871517049764
256,43.900000000000006,1564.8346493646934
256,44.0,1584.667552627072
256,44.1,1648.5105726570262
256,44.2,1631.626592313719
512,0.0,1545.4679999999998
512,0.1,1545.3548693315363
512,0.2,1542.9606729287555
512,0.30000000000000004,1644.5711605773765
512,0.4,1557.2915959072586
512,0.5,1636.8616318577328
512,0.6000000000000001,1498.5395680853499
512,0.7000000000000001,1624.968957608145
512,0.8,1561.072476134264
512,0.9,1601.7919261022373
512,1.0,1616.7007405032996
512,1.1,1645.1397129854654
512,1.2000000000000002,1625.6518050252332
512,1.3,1601.68683498557
512,1.4000000000000001,1637.239046942731
512,1.5,1572.9801215804675
512,1.6,1686.1208676410743
512,1.7000000000000002,1584.4275531613127
512,1.8,1611.4912325549492
512,1.9000000000000001,1616.9571259021914
512,2.0,1750.9688418522248
512,2.1,1598.9435339899458
512,2.2,1704.114232025553
512,2.3000000000000003,1631.6734732283594
512,2.4000000000000004,1624.4654589351894
512,2.5,1631.7160812974073
512,2.6,1748.72593308935
512,2.7,1687.7140950464343
512,2.8000000000000003,1653.4268963933566
512,2.9000000000000004,1697.4495228290675
512,3.0,1636.156597302826
512,3.1,1556.3425067710778
512,3.2,1663.0275383195988
512,3.3000000000000003,1638.3096561020798
512,3.4000000000000004,1652.3777859797774
512,3.5,1654.4313140206368
512,3.6,1651.693855943916
512,3.7,1676.5027262923277
512,3.8000000000000003,1702.7147056849624
512,3.9000000000000004,1602.5197780042242
512,4.0,1658.2367458441686
512,4.1000000000000005,1607.0176984321795
512,4.2,1584.8402475174416
512,4.3,1642.544787993759
512,4.4,1573.7466429476406
512,4.5,1638.2465008036959
512,4.6000000000000005,1606.7196875091224
512,4.7,1604.4586029897239
512,4.800000000000001,1606.9140982224403
512,4.9,1652.0687583888496
512,5.0,1562.5498885476513
512,5.1000000000000005,1581.38179237452
512,5.2,1743.8385511606978
512,5.300000000000001,1701.7319447094148
512,5.4,1666.771604819948
512,5.5,1560.0415889010415
512,5.6000000000000005,1586.8404045070386
512,5.7,1685.6081042855276
512,5.800000000000001,1657.8091250853445
512,5.9,1738.2594855373015
512,6.0,1647.9974609174942
512,6.1000000000000005,1646.8496332051734
512,6.2,1676.703146458643
512,6.300000000000001,1633.376470776368
512,6.4,1744.6993298535278
512,6.5,1621.8257626910952
512,6.6000000000000005,1601.1002927967058
512,6.7,1693.7104613122556
512,6.800000000000001,1661.5337810820336
512,6.9,1640.3219842528413
512,7.0,1683.43803127805
512,7.1000000000000005,1696.5268866695242
512,7.2,1658.0517870513281
512,7.300000000000001,1660.5032079420682
512,7.4,1700.9798497349564
512,7.5,1581.637871630066
512,7.6000000000000005,1600.7307600584375
512,7.7,1556.3726161883214
512,7.800000000000001,1602.5721814226893
512,7.9,1552.4093790933366
512,8.0,1611.0239262478046
512,8.1,1583.1533727714273
512,8.200000000000001,1604.3716844111955
512,8.3,1666.4312217591596
512,8.4,1622.5430320235243
512,8.5,1675.7607940208898
512,8.6,1581.4255032673766
512,8.700000000000001,1642.2217150309812
512,8.8,1641.586388435554
512,8.9,1621.9693270985792
512,9.0,1577.666966074133
512,9.1,1567.8856660547228
512,9.200000000000001,1660.663373427184
512,9.3,1673.2750276707816
512,9.4,1640.4066560767144
512,9.5,1639.0482931874926
512,9.600000000000001,1622.2310939636288
512,9.700000000000001,1657.4195266326956
512,9.8,1741.2185897305121
512,9.9,1773.3623444998325
512,10.0,1677.720604352454
512,10.100000000000001,1659.4678191695891
512,10.200000000000001,1585.9064704397388
512,10.3,1601.6363704718738
512,10.4,1639.8314574669764
512,10.5,1603.135399301843
512,10.600000000000001,1664.4537975426242
512,10.700000000000001,1629.2597490660517
512,10.8,1606.1051457199521
512,10.9,1641.1763670982705
512,11.0,1635.5513488700633
512,11.100000000000001,1651.464579241847
512,11.200000000000001,1706.3451353196685
512,11.3,1626.7260609043615
512,11.4,1618.1555647411058
512,11.5,1652.855607555924
512,11.600000000000001,1657.7964057724407
512,11.700000000000001,1592.0924212723705
512,11.8,1642.6794401093464
512,11.9,1661.798048654026
512,12.0,1648.4587476253023
512,12.100000000000001,1626.7208734661313
512,12.200000000000001,1597.9850741307062
512,12.3,1553.2349449100568
512,12.4,1671.500688021585
512,12.5,1581.697117268719
512,12.600000000000001,1633.9412906670998
512,12.700000000000001,1600.7970091717104
512,12.8,1626.797348069551
512,12.9,1595.4879497410732
512,13.0,1545.226194164152
512,13.100000000000001,1660.4469989340798
512,13.200000000000001,1666.2065985402985
512,13.3,1697.3293634952881
512,13.4,1691.5880466157334
512,13.5,1600.7324794127308
512,13.600000000000001,1722.3803138277656
512,13.700000000000001,1758.6606644091112
512,13.8,1722.4636006839369
512,13.9,1760.3910456679782
512,14.0,1748.6101864424515
512,14.100000000000001,1700.4186321161271
512,14.200000000000001,1677.971782968985
512,14.3,1706.0831950834465
512,14.4,1581.5725910199255
512,14.5,1679.242171555289
512,14.600000000000001,1712.5313066807635
512,14.700000000000001,1691.3188884051729
512,14.8,1715.8911954565149
512,14.9,1608.1804115242082
512,15.0,1670.3799765735066
512,15.100000000000001,1601.3747435313544
512,15.200000000000001,1550.5527143425381
512,15.3,1716.0053686858143
512,15.4,1649.2803609922018
512,15.5,1626.93725440261
512,15.600000000000001,1665.7912660484667
512,15.700000000000001,1622.687052648573
512,15.8,1624.6425143304646
512,15.9,1713.0391890244662
512,16.0,1706.4023602654493
512,16.1,1726.7266383861988
512,16.2,1662.2077487697322
512,16.3,1570.7502537508533
512,16.400000000000002,1593.664380587835
512,16.5,1594.088450727106
512,16.6,1621.9633410948445
512,16.7,1678.6282508465854
512,16.8,1623.0974439691581
512,16.900000000000002,1620.9041958611467
512,17.0,1649.3770346855083
512,17.1,1649.8041207489628
512,17.2,1631.4429733220773
512,17.3,1743.7011827850888
512,17.400000000000002,1661.7127531284343
512,17.5,1581.8901929176143
512,17.6,1601.4271346466269
512,17.7,1663.5814906542696
512,17.8,1713.7761582391329
512,17.900000000000002,1544.2992737206741
512,18.0,1608.7497941343524
512,18.1,1610.213263044232
512,18.2,1677.6987017029421
512,18.3,1664.2182479415112
512,18.400000000000002,1705.133405067969
512,18.5,1702.3271965861823
512,18.6,1723.645047345915
512,18.7,1769.5923701380473
512,18.8,1737.843434433963
512,18.900000000000002,1731.9226537820484
512,19.0,1712.988574553361
512,19.1,1590.4248592145439
512,19.200000000000003,1568.6496511438063
512,19.3,1594.801680088857
512,19.400000000000002,1643.0794554021145
512,19.5,1633.0241973915463
512,19.6,1723.5782724642534
512,19.700000000000003,1749.9947257208141
512,19.8,1732.7059344643123
512,19.900000000000002,1607.9756945306342
512,20.0,1553.6569072431325
512,20.1,1656.4441973120809
512,20.200000000000003,1696.1262270469995
512,20.3,1653.1120819502792
512,20.400000000000002,1612.4376126356444
512,20.5,1621.0745137150877
512,20.6,1697.84391756314
512,20.700000000000003,1716.8872926141737
512,20.8,1626.258900881926
512,20.900000000000002,1564.5897571566884
512,21.0,1535.459826311792
512,21.1,1582.8532880521157
512,21.200000000000003,1617.7284651450782
512,21.3,1562.7339959698973
512,21.400000000000002,1538.2540660006528
512,21.5,1585.2682466776282
512,21.6,1767.8866683332774
512,21.700000000000003,1708.136539245912
512,21.8,1723.2454079254678
512,21.900000000000002,1817.3776393060957
512,22.0,1764.9685145649564
512,22.1,1653.27652711561
512,22.200000000000003,1617.555786082861
512,22.3,1608.3383021371476
512,22.400000000000002,1636.304474245258
512,22.5,1615.4066145784966
512,22.6,1586.8149094925122
512,22.700000000000003,1570.0011411900482
512,22.8,1526.618289469322
512,22.900000000000002,1527.6014126668736
512,23.0,1608.397594390823
512,23.1,1644.9124345165505
512,23.200000000000003,1581.929953665632
512,23.3,1577.374344782634
512,23.400000000000002,1657.683786669557
512,23.5,1680.7795709570407
512,23.6,1629.4622852797163
512,23.700000000000003,1567.4929300840208
512,23.8,1620.2472900722066
512,23.900000000000002,1653.1670875052632
512,24.0,1633.5516006219298
512,24.1,1708.541646151797
512,24.200000000000003,1689.4263560725647
512,24.3,1620.0770915432645
512,24.400000000000002,1667.1193241255041
512,24.5,1704.5008584922475
512,24.6,1717.1032545303053
512,24.700000000000003,1736.161843374888
512,24.8,1653.6050445863714
512,24.900000000000002,1531.8036493191375
512,25.0,1586.6318405359066
512,25.1,1693.4888876252326
512,25.200000000000003,1639.0565388381115
512,25.3,1607.2480603092567
512,25.400000000000002,1604.6083785366682
512,25.5,1602.4464414487945
512,25.6,1629.5739229120775
512,25.700000000000003,1604.8094594526012
512,25.8,1611.532750311237
512,25.900000000000002,1623.9091718532168
512,26.0,1608.2977621958626
512,26.1,1636.2753990822816
512,26.200000000000003,1650.9083731005624
512,26.3,1631.5324045035532
512,26.400000000000002,1598.9670347760655
512,26.5,1587.6183219978518
512,26.6,1598.3935507298127
512,26.700000000000003,1605.058699890693
512,26.8,1645.7107689218528
512,26.900000000000002,1710.7273515319712
512,27.0,1655.4059104788244
512,27.1,1674.8780892205777
512,27.200000000000003,1700.2139512721712
512,27.3,1620.7865740501384
512,27.400000000000002,1618.5077802243875
512,27.5,1584.303773819523
512,27.6,1610.4430433344542
512,27.700000000000003,1661.5491871841605
512,27.8,1619.7327170422507
512,27.900000000000002,1626.3948094958457
512,28.0,1649.2425062048567
512,28.1,1650.7011086442542
512,28.200000000000003,1581.176546677839
512,28.3,1592.8207304256448
512,28.400000000000002,1659.3312860434335
512,28.5,1678.5020587073593
512,28.6,1697.05872049096
512,28.700000000000003,1669.9189022944936
512,28.8,1597.445029044517
512,28.900000000000002,1573.6569538875533
512,29.0,1625.6499480922243
512,29.1,1648.5926223467727
512,29.200000000000003,1619.41708867139
512,29.3,1593.7058048561958
512,29.400000000000002,1618.2982369752544
512,29.5,1735.0106809022907
512,29.6,1771.2208995625563
512,29.700000000000003,1729.2405386641897
512,29.8,1652.8712634020178
512,29.900000000000002,1630.8811102884758
512,30.0,1647.6132654064957
512,30.1,1592.3099909816542
512,30.200000000000003,1550.9770685484357
512,30.3,1566.956991427769
512,30.400000000000002,1651.1683661667298
512,30.5,1678.9621411455046
512,30.6,1610.210318681056
512,30.700000000000003,1560.7555811054751
512,30.8,1580.3724812364421
512,30.900000000000002,1634.4818749787487
512,31.0,1686.9395128269223
512,31.1,1671.9954233069832
512,31.200000000000003,1631.4306860691188
512,31.3,1580.5424852881097
512,31.400000000000002,1542.2921584890933
512,31.5,1559.3191019318183
512,31.6,1646.3837424989067
512,31.700000000000003,1735.1761901412915
512,31.8,1673.0205408947713
512,31.900000000000002,1667.9384057859222
512,32.0,1704.2618599597067
512,32.1,1646.778097584352
512,32.2,1562.2649032282918
512,32.300000000000004,1579.4885527267616
512,32.4,1675.546501390459
512,32.5,1673.8249308915983
512,32.6,1654.9094930091035
512,32.7,1596.648907409746
512,32.800000000000004,1632.9592373437213
512,32.9,1688.7646367902157
512,33.0,1658.943035992262
512,33.1,1642.3680027970959
512,33.2,1669.297023597733
512,33.300000000000004,1705.714273327189
512,33.4,1658.5937926337272
512,33.5,1574.6121788500557
512,33.6,1596.6094173872898
1024,0.0,1788.3029999999999
1024,0.1,1761.126955422513
1024,0.2,1667.4862214459688
1024,0.30000000000000004,1671.360389357162
1024,0.4,1716.82365439235
1024,0.5,1626.2162283559212
1024,0.6000000000000001,1649.7063936776271
1024,0.7000000000000001,1786.886345933511
1024,0.8,1686.7158640415278
1024,0.9,1673.8604333260425
1024,1.0,1683.1704299027804
1024,1.1,1735.733117953638
1024,1.2000000000000002,1643.0591719491285
1024,1.3,1698.2300555947793
1024,1.4000000000000001,1649.9943982397465
1024,1.5,1732.036319005763
1024,1.6,1747.6365941505735
1024,1.7000000000000002,1614.0331588591
1024,1.8,1645.974576302154
1024,1.9000000000000001,1655.6903974692161
1024,2.0,1597.5587730750822
1024,2.1,1662.0722164690942
1024,2.2,1633.3667614977542
1024,2.3000000000000003,1616.1832614784807
1024,2.4000000000000004,1679.2028907785123
1024,2.5,1738.7747801534279
1024,2.6,1675.353130559729
1024,2.7,1633.6437296420856
1024,2.8000000000000003,1606.0037164541052
1024,2.9000000000000004,1757.9654758221345
1024,3.0,1646.0464428870691
1024,3.1,1610.8497666000683
1024,3.2,1635.1174183069043
1024,3.3000000000000003,1651.0732089464036
1024,3.4000000000000004,1638.9068474940188
1024,3.5,1660.8007768451066
1024,3.6,1641.2244283437765
1024,3.7,1707.8908485925576
1024,3.8000000000000003,1812.9430627937766
1024,3.9000000000000004,1631.7684664669098
1024,4.0,1773.2372530193365
1024,4.1000000000000005,1733.1705624256101
1024,4.2,1659.3067824103089
1024,4.3,1675.2948004862974
1024,4.4,1618.9540059161206
1024,4.5,1589.975653148879
1024,4.6000000000000005,1610.9441926478735
1024,4.7,1546.6333083814532
1024,4.800000000000001,1770.0483632336768
1024,4.9,1721.418128714454
1024,5.0,1658.0945791424135
1024,5.1000000000000005,1629.4496239748887
1024,5.2,1678.159831403121
1024,5.300000000000001,1612.1752505885306
1024,5.4,1760.7407158441208
1024,5.5,1657.0708574375012
1024,5.6000000000000005,1644.1314210726116
1024,5.7,1718.6883700850708
1024,5.800000000000001,1610.1766456337384
1024,5.9,1608.5374948250367
1024,6.0,1674.6169366288489
1024,6.1000000000000005,1722.4548915954035
1024,6.2,1782.2030403569224
1024,6.300000000000001,1583.0851898468406
1024,6.4,1578.6528318324472
1024,6.5,1758.5515718478632
1024,6.6000000000000005,1592.9411268768288
1024,6.7,1698.8330280633204
1024,6.800000000000001,1800.2475647396407
1024,6.9,1728.9451733082813
1024,7.0,1693.5371984029705
1024,7.1000000000000005,1632.3490936758592
1024,7.2,1509.4832466715102
1024,7.300000000000001,1654.2682699376257
1024,7.4,1545.586203270798
1024,7.5,1533.7778975975918
1024,7.6000000000000005,1678.3747013757836
1024,7.7,1570.1655150657302
1024,7.800000000000001,1742.6740254940776
1024,7.9,1619.821309048741
1024,8.0,1774.030426242378
1024,8.1,1538.59347148875
1024,8.200000000000001,1535.6847601722832
1024,8.3,1638.2467390806514
1024,8.4,1663.2597497327806
1024,8.5,1638.950336703005
1024,8.6,1697.896216114344
1024,8.700000000000001,1691.763052833889
1024,8.8,1798.6025788885179
1024,8.9,1631.1374110055206
1024,9.0,1540.080663907273
1024,9.1,1777.970241322232
1024,9.200000000000001,1645.7644604420725
1024,9.3,1760.9812503578833
1024,9.4,1675.3483353413283
1024,9.5,1663.9904751134561
1024,9.600000000000001,1794.5349554591787
1024,9.700000000000001,1655.4449745942002
1024,9.8,1475.9052072461168
1024,9.9,1744.7985451481713
1024,10.0,1718.176585890425
1024,10.100000000000001,1782.9298684882701
1024,10.200000000000001,1749.1130626388674
1024,10.3,1602.2976504421504
1024,10.4,1685.0870369782592
1024,10.5,1486.30926390116
1024,10.600000000000001,1593.2541826568904
1024,10.700000000000001,1849.828048273432
1024,10.8,1700.565611133361
1024,10.9,1612.7496553766498
1024,11.0,1546.4562383078319
1024,11.100000000000001,1528.1075409411778
1024,11.200000000000001,1328.3837914867418
1024,11.3,1629.5049245116056
1024,11.4,1568.9370939919309
1024,11.5,1454.5769002112474
1024,11.600000000000001,1509.7816429728155
1024,11.700000000000001,1587.473459886118
1024,11.8,1758.9280097669823
1024,11.9,1642.3229694531833
1024,12.0,1463.6470259341183
1024,12.100000000000001,1732.6750799893452
1024,12.200000000000001,1838.3794201444566
1024,12.3,1635.2572058329945
1024,12.4,1703.0779545944135
1024,12.5,1432.0855165568594
1024,12.600000000000001,1556.7800722118498
1024,12.700000000000001,1867.2962463643858
1024,12.8,1496.6624844883415
1024,12.9,1651.037981410005
1024,13.0,1772.1975466410584
1024,13.100000000000001,1553.941432745221
1024,13.200000000000001,1794.5854593447534
1024,13.3,1822.3335739497759
1024,13.4,1756.1292473606156
1024,13.5,1453.419649974279
1024,13.600000000000001,1561.393058647169
1024,13.700000000000001,1644.1520122109855
1024,13.8,1823.9918131090267
1024,13.9,1643.1869428991438
1024,14.0,1841.342991609705
1024,14.100000000000001,1721.8006316761262
1024,14.200000000000001,1607.9489113106597
1024,14.3,1769.5829214523474
1024,14.4,1574.747501091905
1024,14.5,1772.1538779465864
1024,14.600000000000001,1825.640103485518
1024,14.700000000000001,1472.4803882059075
1024,14.8,1710.4666537329645
1024,14.9,1409.71719830037
1024,15.0,1399.201019274074
1024,15.100000000000001,1833.4791894039893
1024,15.200000000000001,1561.4790823579767
1024,15.3,1695.3100332109004
1024,15.4,1671.8604740226715
1024,15.5,1511.788750385197
1024,15.600000000000001,1536.5540350905253
1024,15.700000000000001,1851.0934098266466
1024,15.8,1797.2007636970566
1024,15.9,1770.8216777097155
1024,16.0,1796.3226234852525
1024,16.1,1383.6900712373565
1024,16.2,1633.4634600702523
1024,16.3,1476.227090745478
1024,16.400000000000002,1697.068870794158
1024,16.5,1651.8734024350454
1024,16.6,1514.0680143145257
1024,16.7,1504.5534995199796
1024,16.8,1655.3402292299977
1024,16.900000000000002,1787.2073135701316
1024,17.0,1432.603999762027
1024,17.1,1479.144128617343
1024,17.2,1725.0641969968594
1024,17.3,1463.0869140494035
1024,17.400000000000002,1192.0278693894895
1024,17.5,1566.0127812024944
1024,17.6,1689.9217310829551
1024,17.7,1473.4830244153773
1024,17.8,1554.1567272156199
1024,17.900000000000002,1720.2158391662
1024,18.0,1835.380765397591
1024,18.1,1737.1141132814566
1024,18.2,1824.1082718609061
1024,18.3,1507.9156690317568
1024,18.400000000000002,1685.5592784575229
1024,18.5,1324.1363128768833
1024,18.6,1811.961081914687
1024,18.7,1304.1776652774054
1024,18.8,1539.5710887659982
1024,18.900000000000002,1909.5945203173972
1024,19.0,1702.2052992479307
1024,19.1,1715.9691785404016
1024,19.200000000000003,1362.771501913152
1024,19.3,1780.8664561305295
1024,19.400000000000002,1448.578592046273
1024,19.5,1794.2211234908918
1024,19.6,1813.0989726105108
1024,19.700000000000003,1713.3280074149702
1024,19.8,1805.723292780627
1024,19.900000000000002,1633.065294480678
1024,20.0,1577.0503105235873
1024,20.1,1639.6792593376676
1024,20.200000000000003,1389.854690021407
1024,20.3,1666.3093300620528
1024,20.400000000000002,1829.1486407093269
1024,20.5,1489.133978143117
1024,20.6,1765.225602474196
1024,20.700000000000003,1382.6279940200393
1024,20.8,1480.9751868609467
1024,20.900000000000002,1263.3946523835316
1024,21.0,1609.4278690408428
1024,21.1,1261.9588513121391
1024,21.200000000000003,1250.6305931651084
1024,21.3,1576.5204487475942
1024,21.400000000000002,1906.4939612066798
1024,21.5,1233.399967609639
1024,21.6,1408.995478719569
1024,21.700000000000003,1408.8719694007243
1024,21.8,1507.206539198798
1024,21.900000000000002,1480.8194182975142
1024,22.0,1626.3778216730193
1024,22.1,1629.231951863406
1024,22.200000000000003,1188.1361595247524
1024,22.3,1438.9573050010845
1024,22.400000000000002,1612.6746057308922
1024,22.5,1766.2627058934127
1024,22.6,1522.5900680954157
1024,22.700000000000003,1597.2671148772563
1024,22.8,1866.3809899862513
1024,22.900000000000002,1545.8458124602482
1024,23.0,1231.6413714959392
1024,23.1,1495.3241251498143
1024,23.200000000000003,1424.720881891287
1024,23.3,1530.3782664626037
1024,23.400000000000002,1706.3008743601308
1024,23.5,1570.9748422460402
1024,23.6,1235.6995621079454
1024,23.700000000000003,1446.2751263734558
1024,23.8,1730.856582719591
1024,23.900000000000002,1691.3359002918091
1024,24.0,1719.2022223973674
1024,24.1,1766.2794456818579
1024,24.200000000000003,1660.334732855558
1024,24.3,1522.2217676186071
1024,24.400000000000002,1600.7582972598918
1024,24.5,1532.3599004429993
1024,24.6,1500.18225071224
1024,24.700000000000003,1678.1655589230281
1024,24.8,1687.8862606481323
1024,24.900000000000002,1337.0116358095145
1024,25.0,1145.1257333349197
1024,25.1,1306.1820325053397
1024,25.200000000000003,1686.5279005243565
1024,25.3,1755.7899105148902
1024,25.400000000000002,1848.0099312249379
1024,25.5,1708.3211130241586
1024,25.6,1709.6293700230788
1024,25.700000000000003,1280.3323832766184
1024,25.8,1120.3269148625266
1024,25.900000000000002,1466.425978450074
1024,26.0,1508.7230191375716
1024,26.1,1554.1296403134536
1024,26.200000000000003,1450.1348082139461
1024,26.3,1524.3991113869379
1024,26.400000000000002,1172.3026607898862
1024,26.5,1510.900161071143
1024,26.6,1599.562495267191
1024,26.700000000000003,1783.967753792742
1024,26.8,1642.3130593611418
1024,26.900000000000002,1652.1998757176455
1024,27.0,1359.6773238583733
1024,27.1,1279.9819035395456
1024,27.200000000000003,1422.289862869101
1024,27.3,1360.9976814816039
1024,27.400000000000002,1666.2484583034156
1024,27.5,1585.2349998380503
1024,27.6,1775.2061334762393
1024,27.700000000000003,1397.4730335376212
1024,27.8,1600.4475449868469
1024,27.900000000000002,1414.8676578559187
1024,28.0,1448.0176548806191
1024,28.1,1334.1793778643444
1024,28.200000000000003,1508.7351208599287
1024,28.3,1611.000837504164
1024,28.400000000000002,1729.169191843416
1024,28.5,1622.8978086438258
1024,28.6,1669.2471013480342
1024,28.700000000000003,1572.5354338400896
1024,28.8,1240.540430729439
1024,28.900000000000002,1457.2665683122814
1024,29.0,1292.277773419349
1024,29.1,1530.22318569803
1024,29.200000000000003,1379.382282927735
1024,29.3,1159.1019910215296
1024,29.400000000000002,1385.9636936123545
1024,29.5,1538.0053589302106
1024,29.6,1701.1766923801822
1024,29.700000000000003,1619.4172977328403
1024,29.8,1624.610334554016
1024,29.900000000000002,1196.7754056245267
1024,30.0,1388.199633112236
1024,30.1,1255.161114147073
1024,30.200000000000003,1189.6414313680712
1024,30.3,1260.2610037111394
1024,30.400000000000002,1492.2606837870926
1024,30.5,1542.0956507545222
1024,30.6,1214.6173857166943
1024,30.700000000000003,1513.4373858959802
1024,30.8,1541.9872257657028
1024,30.900000000000002,1273.0836961757336
1024,31.0,1552.1421158268788
1024,31.1,1645.02501162594
1024,31.200000000000003,1744.1881275285652
1024,31.3,1490.6785317732204
1024,31.400000000000002,1515.4132089135937
1024,31.5,1404.4854812934927
1024,31.6,1589.1581626736279
1024,31.700000000000003,1355.9536472544376
1024,31.8,1539.5974245562213
1024,31.900000000000002,1637.0938081109032
1024,32.0,1697.2142078245079
1024,32.1,1439.615341932297
1024,32.2,1315.4904967158282
1024,32.300000000000004,1418.4676414771848
1024,32.4,1529.617754300127
1024,32.5,1606.0219829185862
1024,32.6,1606.9853752217564
1024,32.7,1227.969831860601
1024,32.800000000000004,1327.7060293659704
1024,32.9,1514.4368288269602
1024,33.0,1521.0120658235323
1024,33.1,1499.0248398457966
1024,33.2,1196.0686341379435
1024,33.300000000000004,1060.648431501598
1024,33.4,1084.5662653433974
1024,33.5,1324.7258411196071
1024,33.6,1450.3702163598477
1024,33.7,1474.3288173219373
1024,33.800000000000004,1539.0700883894574
1024,33.9,1260.0150685999445
1024,34.0,1397.1186083473742
1024,34.1,1602.4539735299402
1024,34.2,1613.4136510366927
1024,34.300000000000004,1408.4887125022444
1024,34.4,1506.099621657695
1024,34.5,1648.3458568962933
1024,34.6,1431.577774809977
1024,34.7,1332.9965546986953
1024,34.800000000000004,1352.7125776024338
1024,34.9,1306.726584467592
1024,35.0,1402.1819086085018
1024,35.1,1235.947625309294
1024,35.2,1316.316141865876
1024,35.300000000000004,1147.6266919637137
1024,35.4,1390.5657478339242
1024,35.5,1662.553765456708
1024,35.6,1587.9452684375103
1024,35.7,1660.541535947325
1024,35.800000000000004,1348.962820827382
1024,35.9,1066.5789995989974
1024,36.0,1323.7487978944562
1024,36.1,1353.6538585752683
1024,36.2,1432.9175523176982
1024,36.300000000000004,1539.5161113176114
1024,36.4,1539.268449594728
1024,36.5,1318.796462
1024,36.6,1529.0873686676955
1024,36.7,1662.8606938097282
1024,36.800000000000004,1525.1577042051215
1024,36.9,1202.087633023116
1024,37.0,1354.1648371862261
1024,37.1,1599.8302611547335
1024,37.2,1178.322250400437
1024,37.300000000000004,993.629503632259
1024,37.4,1335.522008931857
1024,37.5,1441.4368438984209
1024,37.6,1233.2649458646297
1024,37.7,1377.227867623928
1024,37.800000000000004,1320.91813639554
1024,37.9,1278.771697669807
1024,38.0,1449.7863766833214
1024,38.1,1393.949609417697
1024,38.2,1321.5749621637412
1024,38.300000000000004,1273.5242940737526
1024,38.400000000000006,1182.9422222789485
1024,38.5,1145.0783724890227
1024,38.6,1182.1636948646192
1024,38.7,1220.4315349232909
1024,38.800000000000004,1381.9691977930408
1024,38.900000000000006,1693.0868397904576
1024,39.0,1693.1451562887833
1024,39.1,1444.9831822703597
1024,39.2,1345.0346349203628
1024,39.300000000000004,1407.8573711037245
1024,39.400000000000006,1469.818329312247
1024,39.5,1348.650057172384
1024,39.6,1406.7486985178691
1024,39.7,1580.5112911442159
1024,39.800000000000004,1346.3053149476502
1024,39.900000000000006,1332.1555324578273
1024,40.0,1301.143108853905
1024,40.1,1151.819926414791
1024,40.2,1320.9368396557686
1024,40.300000000000004,1544.7174339400744
1024,40.400000000000006,1520.0591513194356
1024,40.5,1427.5611342588625
1024,40.6,1345.4146731131082
1024,40.7,1208.3846328291038
1024,40.800000000000004,1324.5906867851554
1024,40.900000000000006,1492.7718911320694
1024,41.0,1484.0836835499424
1024,41.1,1446.1854395580474
1024,41.2,1346.3662976606727
1024,41.300000000000004,1314.187845223514
1024,41.400000000000006,1273.5065421454065
1024,41.5,1228.0765861535053
1024,41.6,1380.4404881638504
1024,41.7,1536.4093236977308
1024,41.800000000000004,1460.9447662785237
1024,41.900000000000006,1441.9335525513368
1024,42.0,1527.9326637540855
1024,42.1,1494.7713806391075
1024,42.2,1263.0403922907446
1024,42.300000000000004,1251.2969819034017
1024,42.400000000000006,1477.3633714447637
1024,42.5,1357.6789896122305
1024,42.6,1079.044884326574
1024,42.7,1141.3343599240773
1024,42.800000000000004,1270.2892088206686
1024,42.900000000000006,1167.3896313093944
1024,43.0,1403.7573562343573
1024,43.1,1454.0300066413972
1024,43.2,1358.8014940221663
1024,43.300000000000004,1362.2198488608644
1024,43.400000000000006,1310.8009583109683
1024,43.5,1406.5046263988652
1024,43.6,1550.9078409392926
1024,43.7,1527.303275015175
1024,43.800000000000004,1382.6805617857965
1024,43.900000000000006,1263.4875590822096
1024,44.0,1161.2065531003973
1024,44.1,1015.7905565725356
1024,44.2,1228.6172758114503
1024,44.300000000000004,1382.1065143838823
1024,44.400000000000006,1343.0506331033357
1024,44.5,1362.7334828354265
1024,44.6,1136.6355730760663
1024,44.7,1135.4744033790478
1024,44.800000000000004,1392.577732693111
1024,44.900000000000006,1386.7997930194672
1024,45.0,1384.5030758477474
1024,45.1,1363.3875288274605
1024,45.2,1402.0357813551402
1024,45.300000000000004,1466.5535537773644
1024,45.400000000000006,1438.7245754700864
1024,45.5,1431.4940095461648
1024,45.6,1527.7881742155257
1024,45.7,1499.8210845182723
1024,45.800000000000004,1529.8145411811531
1024,45.900000000000006,1464.41938184353
1024,46.0,1326.8199496148854
1024,46.1,1231.4041372518257
1024,46.2,1151.8369298371115
1024,46.300000000000004,1376.2633449321072
1024,46.400000000000006,1532.9314603867863
1024,46.5,1422.3229714903302
1024,46.6,1404.8794897344624
1024,46.7,1429.560040796249
1024,46.800000000000004,1184.3719927290567
1024,46.900000000000006,1228.289793561282
1024,47.0,1386.7966859886126
1024,47.1,1226.8205763243936
1024,47.2,1328.0197842279135
1024,47.300000000000004,1440.5438722210558
1024,47.400000000000006,1386.9014259335327
1024,47.5,1375.7748179109947
1024,47.6,1181.6894831557083
1024,47.7,1341.981345244341
1024,47.800000000000004,1229.3349758990403
1024,47.900000000000006,1424.603886669336
1024,48.0,1478.4715864176983
1024,48.1,1522.0015245825507
1024,48.2,1456.0671173128414
1024,48.300000000000004,1405.209244934643
1024,48.400000000000006,1638.376067471328
1024,48.5,1587.8905630489044
1024,48.6,1527.7115077574008
1024,48.7,1426.9147505463047
1024,48.800000000000004,1272.0229334728256
1024,48.900000000000006,1144.8423383512427
1024,49.0,1193.6728064908482
1024,49.1,1406.0892434494435
1024,49.2,1606.474209586478
1024,49.300000000000004,1463.5292956863086
1024,49.400000000000006,1176.1172762509586
1024,49.5,1012.8729461772157
1024,49.6,1233.7069543227851
2048,0.0,1625.541
2048,0.1,1620.399644686734
2048,0.2,1634.0585602011706
2048,0.30000000000000004,1666.1374234767268
2048,0.4,1660.5657393371566
2048,0.5,1689.8163953461838
2048,0.6000000000000001,1657.611554545043
2048,0.7000000000000001,1636.910960023912
2048,0.8,1686.4221251595573
2048,0.9,1592.1588133197104
2048,1.0,1665.476293227513
2048,1.1,1617.5376833693815
2048,1.2000000000000002,1531.7771631681858
2048,1.3,1588.0774200984501
2048,1.4000000000000001,1637.112653568035
2048,1.5,1566.8222935034746
2048,1.6,1628.8227490556794
2048,1.7000000000000002,1645.107791317229
2048,1.8,1627.3135916998476
2048,1.9000000000000001,1689.205018675037
2048,2.0,1637.8526020170962
2048,2.1,1701.89435480671
2048,2.2,1677.1881546562806
2048,2.3000000000000003,1573.4372491895085
2048,2.4000000000000004,1654.250429035421
2048,2.5,1628.6210937334788
2048,2.6,1582.5630625792762
2048,2.7,1638.9822754370089
2048,2.8000000000000003,1608.7670524554558
2048,2.9000000000000004,1588.6993209942466
2048,3.0,1656.0266214333271
2048,3.1,1606.2389866293884
2048,3.2,1623.9826097897771
2048,3.3000000000000003,1703.1411721617508
2048,3.4000000000000004,1543.2040811100342
2048,3.5,1606.4043911013941
2048,3.6,1663.546740661491
2048,3.7,1577.4019117070432
2048,3.8000000000000003,1669.681649946058
2048,3.9000000000000004,1613.1229470641388
2048,4.0,1599.5820108503833
2048,4.1000000000000005,1674.441803788952
2048,4.2,1609.5349371760765
2048,4.3,1581.4421762948
2048,4.4,1673.6125020979553
2048,4.5,1618.741820416212
2048,4.6000000000000005,1622.3803068504967
2048,4.7,1663.3445923421664
2048,4.800000000000001,1578.4623302133398
2048,4.9,1656.8291334493892
2048,5.0,1716.2781795734168
2048,5.1000000000000005,1584.6558046335178
2048,5.2,1676.7007204479821
2048,5.300000000000001,1643.783274119362
2048,5.4,1588.6821635323595
2048,5.5,1655.5426566369827
2048,5.6000000000000005,1624.9380924423697
2048,5.7,1607.1789243083492
2048,5.800000000000001,1622.2721802255726
2048,5.9,1479.3387031890893
2048,6.0,1564.5503468184827
2048,6.1000000000000005,1631.363790118948
2048,6.2,1666.93288097396
2048,6.300000000000001,1546.3099145214146
2048,6.4,1610.5075160217712
2048,6.5,1659.864966792805
2048,6.6000000000000005,1584.2806774204305
2048,6.7,1596.1571424381536
2048,6.800000000000001,1585.0650787916325
2048,6.9,1710.192667168832
2048,7.0,1728.6691008408156
2048,7.1000000000000005,1661.2247354780027
2048,7.2,1770.1272242121802
2048,7.300000000000001,1656.592691753323
2048,7.4,1620.329109862181
2048,7.5,1673.9855007624255
2048,7.6000000000000005,1594.1539984202727
2048,7.7,1673.0640998728227
2048,7.800000000000001,1674.6207237491249
2048,7.9,1628.3852883956329
2048,8.0,1580.3069398817831
2048,8.1,1543.2530495586925
2048,8.200000000000001,1586.7119989417322
2048,8.3,1709.3602617091003
2048,8.4,1733.04754631307
2048,8.5,1604.7936378337183
2048,8.6,1684.31340715327
2048,8.700000000000001,1625.0204266730057
2048,8.8,1621.0867837360909
2048,8.9,1704.9039277384063
2048,9.0,1694.7660942435061
2048,9.1,1613.7736171977958
2048,9.200000000000001,1761.821503815648
2048,9.3,1605.80816370858
2048,9.4,1695.4356166723815
2048,9.5,1639.67384974685
2048,9.600000000000001,1597.9935008218374
2048,9.700000000000001,1625.2118855663623
2048,9.8,1643.80678777591
2048,9.9,1673.0446208662686
2048,10.0,1696.3178209775988
2048,10.100000000000001,1573.2252442015454
2048,10.200000000000001,1656.2768497597338
2048,10.3,1662.2052488447628
2048,10.4,1616.1037852055672
2048,10.5,1711.7809646365424
2048,10.600000000000001,1650.2297596726078
2048,10.700000000000001,1694.1934629548407
2048,10.8,1622.0664980560255
2048,10.9,1644.7730416155794
2048,11.0,1796.2854029186094
2048,11.100000000000001,1589.4884383512467
2048,11.200000000000001,1674.1939539316581
2048,11.3,1637.8161542095972
2048,11.4,1623.394164158654
2048,11.5,1714.3499147029688
2048,11.600000000000001,1583.445762967475
2048,11.700000000000001,1632.3870685532006
2048,11.8,1668.1001966890256
2048,11.9,1672.0595656994392
2048,12.0,1596.800341268236
2048,12.100000000000001,1648.1172842668607
2048,12.200000000000001,1564.0922334787585
2048,12.3,1639.3636964631596
2048,12.4,1711.9064254700015
2048,12.5,1582.2807152045991
2048,12.600000000000001,1640.5312708316173
2048,12.700000000000001,1644.1241792062858
2048,12.8,1555.566561980633
2048,12.9,1526.5730877749786
2048,13.0,1385.4412937137358
2048,13.100000000000001,1693.1703871289774
2048,13.200000000000001,1691.5869408774515
2048,13.3,1603.948021651062
2048,13.4,1728.1007980330612
2048,13.5,1610.6764184786102
2048,13.600000000000001,1614.874869782149
2048,13.700000000000001,1733.3402484075834
2048,13.8,1567.2438749980379
2048,13.9,1395.7385941415266
2048,14.0,439.6665204191397
2048,14.100000000000001,424.10136156209205
2048,14.200000000000001,419.1243574413602
2048,14.3,574.6567998437876
2048,14.4,1522.9164944497957
2048,14.5,1844.1531502340765
2048,14.600000000000001,1759.556047674711
2048,14.700000000000001,1685.2866221926483
2048,14.8,1662.5237530214474
2048,14.9,1608.2092172758605
2048,15.0,1771.2262810951188
2048,15.100000000000001,1616.097794155727
2048,15.200000000000001,1793.4235520158293
2048,15.3,1543.121110441424
2048,15.4,1565.5224279075312
2048,15.5,1705.8808005142612
2048,15.600000000000001,1548.3867590800958
2048,15.700000000000001,1530.414881507552
2048,15.8,1665.4524368009218
2048,15.9,1651.0519878767825
2048,16.0,1583.7086500046432
2048,16.1,1643.863178870218
2048,16.2,1623.5868462613323
2048,16.3,1592.825545903562
2048,16.400000000000002,1809.5069630694275
2048,16.5,1571.6305890267427
2048,16.6,1707.7962891636894
2048,16.7,1566.8295282564432
2048,16.8,1576.448899549224
2048,16.900000000000002,1507.9272507699545
2048,17.0,1597.022465277563
2048,17.1,1597.4143170136344
2048,17.2,1776.5997551288062
2048,17.3,1781.80686763277
2048,17.400000000000002,1555.790647570704
2048,17.5,1622.8765146050666
2048,17.6,1688.015399984777
2048,17.7,1593.0016507162445
2048,17.8,1660.6715872263917
2048,17.900000000000002,1630.0595700048539
2048,18.0,1635.9444960083808
2048,18.1,1888.2210898330034
2048,18.2,1078.6506098873544
2048,18.3,1552.821919854633
2048,18.400000000000002,1612.5420378835292
2048,18.5,1691.2591816943502
2048,18.6,1612.7790176787307
2048,18.7,1707.6484674628002
2048,18.8,1520.3554162414866
2048,18.900000000000002,1604.462417930228
2048,19.0,1800.1510015548913
2048,19.1,1594.8647652928817
2048,19.200000000000003,1663.424117113879
2048,19.3,1799.0667560088148
2048,19.400000000000002,1190.8209464682202
2048,19.5,1705.5438000228596
2048,19.6,1789.3440842404234
2048,19.700000000000003,1630.979998045754
2048,19.8,1718.2597767210589
2048,19.900000000000002,1747.2381238701835
2048,20.0,1592.567731314387
2048,20.1,1801.1263264966312
2048,20.200000000000003,1601.2837639243428
2048,20.3,1595.1694660609655
2048,20.400000000000002,1608.431990942339
2048,20.5,1584.035063927919
2048,20.6,1464.3525298259663
2048,20.700000000000003,1549.460558138862
2048,20.8,1628.4584325586711
2048,20.900000000000002,1624.6164454284576
2048,21.0,1712.0098834242604
2048,21.1,1737.7107325935253
2048,21.200000000000003,1588.30805483944
2048,21.3,1606.1024923100372
2048,21.400000000000002,1640.7820812304578
2048,21.5,1609.1044130290863
2048,21.6,1620.4720492183537
2048,21.700000000000003,1496.485287001547
2048,21.8,1697.639726847203
2048,21.900000000000002,1593.264314181532
2048,22.0,1503.4537724609072
2048,22.1,1684.6970350150964
2048,22.200000000000003,1645.618715713895
2048,22.3,1655.0640215476499
2048,22.400000000000002,1722.4025853601374
2048,22.5,1685.8285971894165
2048,22.6,1627.2403403241963
2048,22.700000000000003,1546.0412624596536
2048,22.8,1731.5550951631496
2048,22.900000000000002,1370.8053476141242
2048,23.0,1295.9860807892965
2048,23.1,1719.646148019618
2048,23.200000000000003,1546.3459885855461
2048,23.3,1778.4187752450027
2048,23.400000000000002,1659.769812982426
2048,23.5,1581.6154869264794
2048,23.6,1577.8413026403725
2048,23.700000000000003,1690.1044781034718
2048,23.8,1620.7154220066743
2048,23.900000000000002,1727.555289690444
2048,24.0,1542.1680416925742
2048,24.1,1725.9668598228354
2048,24.200000000000003,1427.706703843307
2048,24.3,1603.099769736856
2048,24.400000000000002,1404.3839823392227
2048,24.5,1595.4232432781234
2048,24.6,1774.7776940328786
2048,24.700000000000003,1493.0822970800875
2048,24.8,1571.8538408660133
2048,24.900000000000002,1716.146069883336
2048,25.0,1592.4711851668326
2048,25.1,1635.1009344011816
2048,25.200000000000003,1948.399509396391
2048,25.3,1322.6735404510143
2048,25.400000000000002,1304.8205785292187
2048,25.5,824.3443516520102
2048,25.6,1682.63707604701
2048,25.700000000000003,1489.034288615161
2048,25.8,1533.1404523180893
2048,25.900000000000002,1659.6666267086644
2048,26.0,1364.9346330091125
2048,26.1,1560.5529479537183
2048,26.200000000000003,1622.8395019052368
2048,26.3,1845.392478125493
2048,26.400000000000002,1400.0061100196108
2048,26.5,1245.4446327673409
2048,26.6,1397.8221371677162
2048,26.700000000000003,1779.6547399784017
2048,26.8,1644.1314326713577
2048,26.900000000000002,1550.1364247682602
2048,27.0,1567.1966832422393
2048,27.1,1413.8861907374069
2048,27.200000000000003,1466.616552254963
2048,27.3,1442.5404223905982
2048,27.400000000000002,1727.4369220175627
2048,27.5,1734.6231255747537
2048,27.6,1640.647885415762
2048,27.700000000000003,1743.4006184476386
2048,27.8,1838.3602667439047
2048,27.900000000000002,1608.9652947231166
2048,28.0,1592.5131232336119
2048,28.1,1709.066635795325
2048,28.200000000000003,1422.5144340803563
2048,28.3,1557.8714022813213
2048,28.400000000000002,1651.3347719745939
2048,28.5,1316.9601825440457
2048,28.6,1550.6427246144035
2048,28.700000000000003,1608.67475381996
2048,28.8,1621.0539529121456
2048,28.900000000000002,1606.750112968665
2048,29.0,1482.761831105595
2048,29.1,1738.0996915660228
2048,29.200000000000003,1469.649980004652
2048,29.3,1546.3537125618677
2048,29.400000000000002,1541.8097840598793
2048,29.5,1465.8848748148448
2048,29.6,1610.2751140199941
2048,29.700000000000003,1627.9324413904346
2048,29.8,1067.1950036185574
2048,29.900000000000002,1252.549729728938
2048,30.0,1531.2715399997146
2048,30.1,1581.1564242886689
2048,30.200000000000003,1567.3519712648074
2048,30.3,1453.3755895872896
2048,30.400000000000002,1704.7691012671617
2048,30.5,1518.5553089002242
2048,30.6,1642.993922250084
2048,30.700000000000003,1531.9485325301503
2048,30.8,1560.6458982217898
2048,30.900000000000002,1299.6534277486644
2048,31.0,1504.3610731170252
2048,31.1,1195.7370857229191
2048,31.200000000000003,1321.1256376404688
2048,31.3,1687.4460719848648
2048,31.400000000000002,1566.6657259154897
2048,31.5,1268.0653210228288
2048,31.6,1081.4417989302829
2048,31.700000000000003,1570.0742414033223
2048,31.8,1773.5481922420515
2048,31.900000000000002,1608.3770398419576
2048,32.0,1296.4298530977078
2048,32.1,1173.8006707873665
2048,32.2,1429.1536891197968
2048,32.300000000000004,1644.2984632651248
2048,32.4,1648.02691569584
2048,32.5,1748.7932854110584
2048,32.6,1455.7844135488085
2048,32.7,1524.676965178423
2048,32.800000000000004,1563.4923866084694
2048,32.9,1632.862980248953
2048,33.0,1571.2951839355096
2048,33.1,1225.619738868371
2048,33.2,779.8339764053077
2048,33.300000000000004,690.562407208848
2048,33.4,690.454833284986
2048,33.5,856.9345179612552
2048,33.6,1060.9532698289524
2048,33.7,1166.683176989148
2048,33.800000000000004,1558.4972147176045
2048,33.9,1631.3272702752909
2048,34.0,1386.6924551323436
2048,34.1,1566.3039877123238
2048,34.2,1726.383480582514
2048,34.300000000000004,1625.211358871274
2048,34.4,1586.5031059050275
2048,34.5,1540.9716776190282
2048,34.6,1358.7308704800562
2048,34.7,1629.6458392578095
2048,34.800000000000004,1624.3954988520588
2048,34.9,1732.446991535531
2048,35.0,1778.6496525080945
2048,35.1,1595.9804867420899
2048,35.2,1396.6236030133755
2048,35.300000000000004,1446.8400709939046
2048,35.4,949.8046657225956
2048,35.5,1423.2793165137068
2048,35.6,1609.542007012171
2048,35.7,1448.6656819563016
2048,35.800000000000004,1290.0996590354418
2048,35.9,1497.2233154203682
2048,36.0,1673.711613018983
2048,36.1,1674.6175870826473
2048,36.2,1382.1698817808901
2048,36.300000000000004,1268.040828445572
2048,36.4,1612.9196049839247
2048,36.5,1584.133739206608
2048,36.6,1546.6222984888457
2048,36.7,1570.5864868530225
2048,36.800000000000004,1540.9846623935364
2048,36.9,1223.5329032653653
2048,37.0,1122.5218091327592
2048,37.1,1306.3752211274746
2048,37.2,1511.232594966824
2048,37.300000000000004,1633.1688686442553
2048,37.4,1637.4390004643647
2048,37.5,1472.4641609132264
2048,37.6,1649.4808031932037
2048,37.7,1719.6913390147201
2048,37.800000000000004,1603.4288743651884
2048,37.9,1674.9722079411038
2048,38.0,1675.1812866957187
2048,38.1,1632.6200267190816
2048,38.2,1484.249111970889
2048,38.300000000000004,1370.986766496226
2048,38.400000000000006,1100.8875098349652
2048,38.5,1167.2762171900408
2048,38.6,1316.6012298857202
2048,38.7,1365.3122951261805
2048,38.800000000000004,1508.5172339660558
2048,38.900000000000006,1583.055833329529
2048,39.0,1512.5215382340355
2048,39.1,1708.3263088600054
2048,39.2,1601.719405607161
2048,39.300000000000004,1513.4400312768878
2048,39.400000000000006,1541.1747329186037
2048,39.5,1270.6824594291777
2048,39.6,1051.996470916524
2048,39.7,1258.767183009355
2048,39.800000000000004,1526.0203950428756
2048,39.900000000000006,1187.1558700309192
2048,40.0,1281.764774476442
2048,40.1,1719.8818211915736
2048,40.2,1639.1279300478989
2048,40.300000000000004,1627.3942369301953
2048,40.400000000000006,1448.9540492812155
2048,40.5,1473.2231581944577
2048,40.6,1653.8033910116449
2048,40.7,1553.2290823403828
2048,40.800000000000004,1644.161833304028
2048,40.900000000000006,1507.7835578091833
2048,41.0,1520.6240822223385
2048,41.1,1344.1266248367854
2048,41.2,1189.2571712932177
2048,41.300000000000004,1263.3184614710367
2048,41.400000000000006,1266.6284451874362
2048,41.5,1346.57823688283
2048,41.6,1483.9298618092084
2048,41.7,1518.4896367845965
2048,41.800000000000004,1456.7420420143087
2048,41.900000000000006,1511.6444913679588
2048,42.0,1583.9994460097137
2048,42.1,1605.5765599889596
2048,42.2,1471.6115814366492
2048,42.300000000000004,1428.0427119798078
2048,42.400000000000006,1611.1163095710565
2048,42.5,1658.5939014796859
2048,42.6,1669.6338151858974
2048,42.7,1691.7942238575586
2048,42.800000000000004,1719.473860423577
2048,42.900000000000006,1723.241608261577
2048,43.0,1433.6075674601568
2048,43.1,1424.3614998493317
2048,43.2,1494.9059282468447
2048,43.300000000000004,1613.9531149186373
2048,43.400000000000006,1534.1655350306576
2048,43.5,1453.6490524607086
2048,43.6,1573.9349109853526
2048,43.7,1588.7612146842316
2048,43.800000000000004,1559.3813240108232
2048,43.900000000000006,1384.0170476116082
2048,44.0,1381.4661830148407
2048,44.1,1168.4787938520612
2048,44.2,917.054003496873
2048,44.300000000000004,988.975846722214
2048,44.400000000000006,1362.7324946682252
2048,44.5,1424.1975521891852
2048,44.6,1034.8944747657215
2048,44.7,1163.0110785838951
2048,44.800000000000004,1555.5086533783942
2048,44.900000000000006,1243.655230242169
2048,45.0,1333.7438913499095
2048,45.1,1361.095270694128
2048,45.2,1213.0332565515305
2048,45.300000000000004,1500.105325122598
2048,45.400000000000006,1696.4160923890606
2048,45.5,1409.9149401232894
2048,45.6,1312.957682128498
2048,45.7,1528.0747488452391
2048,45.800000000000004,1557.5199165603067
2048,45.900000000000006,1418.355798159132
2048,46.0,1551.7170579161145
2048,46.1,1412.9998698770512
2048,46.2,1139.3492507599046
2048,46.300000000000004,1278.5413666415147
2048,46.400000000000006,1544.616011420065
2048,46.5,1646.028650543816
2048,46.6,1642.1359756435218
2048,46.7,1609.1405033261867
2048,46.800000000000004,1640.3068136683648
2048,46.900000000000006,1640.1882773165848
2048,47.0,1267.130890565858
2048,47.1,922.7675995656351
2048,47.2,1139.88132087857
2048,47.300000000000004,1287.1512960693876
2048,47.400000000000006,1254.0191475732288
2048,47.5,1169.7999439265664
2048,47.6,1329.4448243755182
2048,47.7,1511.0929123883839
2048,47.800000000000004,1388.98256053764
2048,47.900000000000006,1193.043912063685
2048,48.0,1210.8650218463774
2048,48.1,1301.2062764862073
2048,48.2,1512.3415269438206
2048,48.300000000000004,1521.5581204980765
2048,48.400000000000006,1455.0036135129974
2048,48.5,1495.2795747646965
2048,48.6,1280.6888954298317
2048,48.7,1228.1513047162962
2048,48.800000000000004,1217.3178869007804
2048,48.900000000000006,1192.4765866941227
2048,49.0,1171.489252279722
2048,49.1,1314.7835243093648
2048,49.2,1612.7497675164961
2048,49.300000000000004,1645.2398669796914
2048,49.400000000000006,1453.6948382621288
2048,49.5,1035.3131510638905
2048,49.6,1051.6256270279898
2048,49.7,1457.177384317782
2048,49.800000000000004,1369.7405390913273
2048,49.900000000000006,1389.2005832464972
2048,50.0,1463.5825428874498
2048,50.1,1287.895496927718
2048,50.2,1284.2572311251793
2048,50.300000000000004,1335.4036176689722
2048,50.400000000000006,1257.2705053853874
2048,50.5,1327.5050829178806
2048,50.6,1248.742661597163
2048,50.7,1329.0174846371551
2048,50.800000000000004,1315.9790112978912
2048,50.900000000000006,1328.751195614256
2048,51.0,1492.2735983520352
2048,51.1,1495.5838184926547
2048,51.2,1464.1951223635858
2048,51.300000000000004,1173.1128181179768
2048,51.400000000000006,1084.6433826585312
2048,51.5,1363.9854623825236
2048,51.6,1179.4712783066138
2048,51.7,1168.180966866216
2048,51.800000000000004,1250.124013003308
2048,51.900000000000006,1295.0851388698459
2048,52.0,1409.3004978586673
2048,52.1,1262.3619550282629
2048,52.2,1220.7561153748907
2048,52.300000000000004,1460.4495322159596
2048,52.400000000000006,1389.7478390504211
2048,52.5,1344.5246363033198
2048,52.6,1338.9509301036867
2048,52.7,1164.0374025890558
2048,52.800000000000004,1236.653293883502
2048,52.900000000000006,1286.7082638465624
2048,53.0,1340.8672828250883
2048,53.1,1329.0714854518078
2048,53.2,976.3390395520131
2048,53.300000000000004,857.3803576852288
2048,53.400000000000006,1048.9167569429198
2048,53.5,1436.6919763336123
2048,53.6,1469.6358248182978
2048,53.7,1530.6802967535793
2048,53.800000000000004,1371.514014100034
2048,53.900000000000006,1144.142181271548
2048,54.0,1234.6579862510062
2048,54.1,1380.0927103548106
2048,54.2,1270.8732456220887
2048,54.300000000000004,1087.9533061627835
2048,54.400000000000006,1163.3954036902549
2048,54.5,1288.5257490390572
2048,54.6,1215.2210184040916
2048,54.7,1074.6460901038665
2048,54.800000000000004,1140.7630090280454
2048,54.900000000000006,1419.2848961342422
2048,55.0,1499.4022373011858
2048,55.1,1258.318192690392
2048,55.2,1048.4387628066918
2048,55.300000000000004,930.4227880577315
2048,55.400000000000006,1188.8745525210118
2048,55.5,1389.0597058614212
2048,55.6,1322.9462388926092
2048,55.7,991.8950335572339
2048,55.800000000000004,1069.0588875658952
2048,55.900000000000006,1541.4959983585304
2048,56.0,1669.382735570339
2048,56.1,1534.603381404254
2048,56.2,1231.7765899205517
2048,56.300000000000004,959.2182503160561
2048,56.400000000000006,1065.3420734840483
2048,56.5,1406.01214974839
2048,56.6,1666.6197419975313
2048,56.7,1645.4576702008471
2048,56.800000000000004,1682.5376520381728
2048,56.900000000000006,1414.889857040418
2048,57.0,925.5499678867847
2048,57.1,1307.6877806423515
2048,57.2,1202.0701052610632
2048,57.300000000000004,837.8126020005947
2048,57.400000000000006,1132.7491271857398
2048,57.5,1431.4085459339842
2048,57.6,1244.0032567031253
2048,57.7,1193.0455566424384
2048,57.800000000000004,1286.2486552586754
2048,57.900000000000006,1340.6380235104912
2048,58.0,1525.7874226015024
2048,58.1,1249.9559192805339
2048,58.2,994.1929748684487
2048,58.300000000000004,1246.6085187410413
2048,58.400000000000006,1038.0720502909744
2048,58.5,703.0267095217492
2048,58.6,697.9303231276651
2048,58.7,697.1683765307629
2048,58.800000000000004,698.1746780968383
2048,58.900000000000006,777.9485905779067
2048,59.0,1029.0554481169886
2048,59.1,1194.5909637503794
2048,59.2,1288.8263103894499
2048,59.300000000000004,920.4821422499289
2048,59.400000000000006,1203.0623314702327
2048,59.5,872.4005117969016
2048,59.6,890.3687363669641
2048,59.7,1641.1104429851782
2048,59.800000000000004,1129.9991708164393
2048,59.900000000000006,865.3088862653034
2048,60.0,1075.7112705878158
2048,60.1,1445.8534389074057
2048,60.2,1288.4124928084768
2048,60.300000000000004,955.9671356985634
2048,60.400000000000006,1300.5138271968374
2048,60.5,1081.0504594010483
2048,60.6,896.4471088335051
2048,60.7,881.2071194274074
2048,60.800000000000004,921.8479077713803
2048,60.900000000000006,1195.542303586648
2048,61.0,1354.5149565955344
2048,61.1,818.9295173461918
2048,61.2,1131.2488098321817
2048,61.300000000000004,1463.2061279624145
2048,61.400000000000006,1040.8920372673945
2048,61.5,915.6456007664675
2048,61.6,1148.120062298352
2048,61.7,1559.9973291240574
3072,0.0,1736.652
3072,0.1,1642.7341770936382
3072,0.2,1751.9790899248935
3072,0.30000000000000004,1813.8978537637581
3072,0.4,1623.11135773584
3072,0.5,1633.3487999410697
3072,0.6000000000000001,1903.315745631572
3072,0.7000000000000001,1836.9692621181737
3072,0.8,1683.7864247392931
3072,0.9,1579.2880070814736
3072,1.0,1517.993
3072,1.1,1562.7805552389045
3072,1.2000000000000002,1495.4260920105153
3072,1.3,1703.3415950461126
3072,1.4000000000000001,1785.1139512801344
3072,1.5,1580.5442542616984
3072,1.6,1580.959961618483
3072,1.7000000000000002,1580.8198070359501
3072,1.8,1556.6665484106277
3072,1.9000000000000001,1574.3803358946093
3072,2.0,1547.4902499791624
3072,2.1,1634.9910694256434
3072,2.2,1676.7889902213205
3072,2.3000000000000003,1604.1841924994878
3072,2.4000000000000004,1561.6504168043605
3072,2.5,1539.7408088835923
3072,2.6,1550.7073140098344
3072,2.7,1557.1614669128564
3072,2.8000000000000003,1489.917767438973
3072,2.9000000000000004,1513.2028174214656
3072,3.0,1574.962154731534
3072,3.1,1543.8767995257265
3072,3.2,1547.416682859626
3072,3.3000000000000003,1554.8046606842101
3072,3.4000000000000004,1538.3516534706962
3072,3.5,951.4675867820699
3072,3.6,439.53549671460246
3072,3.7,411.47646067501506
3072,3.8000000000000003,410.4944170110552
3072,3.9000000000000004,961.122177655915
3072,4.0,1380.2030026788905
3072,4.1000000000000005,1617.3426086603702
3072,4.2,1665.5379489813115
3072,4.3,1628.2677286013297
3072,4.4,1625.5818239606792
3072,4.5,1548.2713851796284
3072,4.6000000000000005,1551.61587281497
3072,4.7,1566.460238763993
3072,4.800000000000001,1517.5576754748238
3072,4.9,1507.22581219985
3072,5.0,1552.2044007043394
3072,5.1000000000000005,1553.1876554707403
3072,5.2,1556.655546814043
3072,5.300000000000001,1542.0907206808863
3072,5.4,1541.9778402389813
3072,5.5,1567.0500929981738
3072,5.6000000000000005,1518.8360189830794
3072,5.7,1508.5604770491648
3072,5.800000000000001,1552.0703311640134
3072,5.9,1567.6744812827556
3072,6.0,1572.6646604605994
3072,6.1000000000000005,1569.9757395871197
3072,6.2,1551.9761558993064
3072,6.300000000000001,1550.3389775566516
3072,6.4,1556.1866071507156
3072,6.5,1553.1033090934204
3072,6.6000000000000005,1574.8947066122435
3072,6.7,1574.475719488684
3072,6.800000000000001,1581.8089541203483
3072,6.9,1570.5890905407043
3072,7.0,1535.8701143275632
3072,7.1000000000000005,1525.3084468654363
3072,7.2,1532.8561421626564
3072,7.300000000000001,1559.6595460821409
3072,7.4,1578.8714098015453
3072,7.5,1574.4459747546418
3072,7.6000000000000005,1576.544808445466
3072,7.7,1583.5607400066197
3072,7.800000000000001,1539.2366581060758
3072,7.9,1522.1697095594732
3072,8.0,1502.3340894983605
3072,8.1,1487.2958766026752
3072,8.200000000000001,1514.954386621744
3072,8.3,1515.5601146327826
3072,8.4,1551.972613907058
3072,8.5,1565.7453586279773
3072,8.6,1564.2841399003157
3072,8.700000000000001,1582.419101221859
3072,8.8,1547.1457217926989
3072,8.9,1700.2456451301066
3072,9.0,1881.4165735406414
3072,9.1,1695.6332016538772
3072,9.200000000000001,1585.4216316139089
3072,9.3,1594.4160500688085
3072,9.4,1550.2783918450743
3072,9.5,1571.4558200307704
3072,9.600000000000001,1591.3722602102882
3072,9.700000000000001,1684.6702199073409
3072,9.8,1369.8058405773727
3072,9.9,783.7335273094262
3072,10.0,676.6023418986947
3072,10.100000000000001,873.6651361901484
3072,10.200000000000001,1322.9588748938647
3072,10.3,1649.3392856868115
3072,10.4,1760.9107785058593
3072,10.5,1834.0040668469308
3072,10.600000000000001,1873.392189060585
3072,10.700000000000001,1803.877818061183
3072,10.8,1744.7816443355382
3072,10.9,1799.3941985304455
3072,11.0,1910.6280273335176
3072,11.100000000000001,1853.0167066146282
3072,11.200000000000001,1631.6885392379713
3072,11.3,1602.9412301095654
3072,11.4,1955.645492660314
3072,11.5,2018.0749225585537
3072,11.600000000000001,1467.740500351965
3072,11.700000000000001,1201.4935659363066
3072,11.8,1575.8004886891315
3072,11.9,1681.7678889386593
3072,12.0,1742.2535499107673
3072,12.100000000000001,1820.286333460959
3072,12.200000000000001,1814.8647535251646
3072,12.3,1790.246729654453
3072,12.4,1786.5559616816267
3072,12.5,1428.2553475324737
3072,12.600000000000001,1513.470916064671
3072,12.700000000000001,1506.2129671426214
3072,12.8,1581.6171679989548
3072,12.9,1756.7939447371675
3072,13.0,1853.4808170137771
3072,13.100000000000001,1816.865752728152
3072,13.200000000000001,1345.842384672684
3072,13.3,1417.0532843311641
3072,13.4,1526.6021907414456
3072,13.5,1528.6431943976472
3072,13.600000000000001,1516.861511274302
3072,13.700000000000001,1499.9369079335252
3072,13.8,1510.2652608372928
3072,13.9,1534.8542076040699
3072,14.0,1543.5307287429441
3072,14.100000000000001,1550.2229638758301
3072,14.200000000000001,1504.464249978468
3072,14.3,1497.6505461264828
3072,14.4,1456.7377860066802
3072,14.5,1532.8774052392173
3072,14.600000000000001,1469.344613332064
3072,14.700000000000001,1445.2796194765895
3072,14.8,1515.4360011296963
3072,14.9,1445.1335326667293
3072,15.0,1336.8357202577708
3072,15.100000000000001,1540.3478995123392
3072,15.200000000000001,1686.6607547294382
3072,15.3,1620.143178605932
3072,15.4,1710.8914231088308
3072,15.5,1589.8550429058832
3072,15.600000000000001,1458.5702439799163
3072,15.700000000000001,1092.6326029903505
3072,15.8,588.0409102913011
3072,15.9,416.8889182920967
3072,16.0,414.89868472071856
3072,16.1,771.1894780242509
3072,16.2,1526.4996323067983
3072,16.3,1555.9055037585617
3072,16.400000000000002,1413.970786386338
3072,16.5,1265.9721370793152
3072,16.6,1608.5663274119163
3072,16.7,1478.4208465158933
3072,16.8,1383.6995064922012
3072,16.900000000000002,1831.4795363826795
3072,17.0,1550.1911544529075
3072,17.1,1554.5936703905695
3072,17.2,1602.0032642910053
3072,17.3,1498.3261950298127
3072,17.400000000000002,1650.4490668391948
3072,17.5,1592.920340691671
3072,17.6,1407.909435081865
3072,17.7,1506.1351209592904
3072,17.8,1289.7990811975938
3072,17.900000000000002,1132.5760421301466
3072,18.0,1896.6495047466437
3072,18.1,1979.5122109449
3072,18.2,1770.5563756178508
3072,18.3,1919.167332974514
3072,18.400000000000002,2174.192271023275
3072,18.5,2071.266252097723
3072,18.6,1665.6713939476158
3072,18.7,1142.4398923245783
3072,18.8,1486.754937683554
3072,18.900000000000002,1541.817730727176
3072,19.0,1388.3410679587644
3072,19.1,1230.0396830800212
3072,19.200000000000003,1484.1109169321676
3072,19.3,1785.2636747070042
3072,19.400000000000002,1800.56564559058
3072,19.5,1634.7898219077053
3072,19.6,1110.7605665120955
3072,19.700000000000003,1488.3931635175177
3072,19.8,1528.6656917012444
3072,19.900000000000002,1498.4313273853206
3072,20.0,1538.7983275108443
3072,20.1,1536.0235702428758
3072,20.200000000000003,1525.0425713843442
3072,20.3,1514.88836149559
3072,20.400000000000002,1520.6196252821169
3072,20.5,1642.9441413663026
3072,20.6,1453.3567557124836
3072,20.700000000000003,1330.0757542260872
3072,20.8,1361.1899503692352
3072,20.900000000000002,1824.862457111156
3072,21.0,1780.409301400037
3072,21.1,1492.0399393710006
3072,21.200000000000003,1430.2045756254265
3072,21.3,1304.301444500289
3072,21.400000000000002,958.9918459810734
3072,21.5,1071.1618460930488
3072,21.6,1396.4911212725483
3072,21.700000000000003,1363.5149984165225
3072,21.8,1181.513770231572
3072,21.900000000000002,1899.9470984495874
3072,22.0,2011.6194505912501
3072,22.1,1466.0115991946805
3072,22.200000000000003,1486.2299673270884
3072,22.3,965.2255555908738
3072,22.400000000000002,413.12368549620135
3072,22.5,411.7683390259525
3072,22.6,499.87389258244815
3072,22.700000000000003,912.4230808962111
3072,22.8,1029.4133071351916
3072,22.900000000000002,1472.568085445318
3072,23.0,1530.6620895674275
3072,23.1,1397.5015864034558
3072,23.200000000000003,1433.7205418948445
3072,23.3,1502.5867305913155
3072,23.400000000000002,1337.7752337757668
3072,23.5,1385.5251069171618
3072,23.6,1179.3852004496903
3072,23.700000000000003,1565.1899341422018
3072,23.8,963.4508469001792
3072,23.900000000000002,1044.7161832443635
3072,24.0,1919.947534883555
3072,24.1,1509.227709548151
3072,24.200000000000003,1450.8866102798831
3072,24.3,1451.8225382001867
3072,24.400000000000002,1362.8477911065104
3072,24.5,1451.641515634151
3072,24.6,1346.4197623409332
3072,24.700000000000003,1063.3578783975818
3072,24.8,1851.7467502846605
3072,24.900000000000002,1297.5764258814547
3072,25.0,1440.4441263614538
3072,25.1,1500.711704364699
3072,25.200000000000003,1141.841429325343
3072,25.3,1480.2219898551577
3072,25.400000000000002,1749.041585951838
3072,25.5,1396.514752220646
3072,25.6,1482.4959839441774
3072,25.700000000000003,1476.8213479687333
3072,25.8,1117.4298203260971
3072,25.900000000000002,947.5400825888714
3072,26.0,1728.678433168358
3072,26.1,1807.2922724084185
3072,26.200000000000003,1372.6122669946876
3072,26.3,1473.7853247247306
3072,26.400000000000002,1555.291674884003
3072,26.5,1506.3503346218847
3072,26.6,1212.8837788803364
3072,26.700000000000003,1659.606800320279
3072,26.8,1476.9188001080588
3072,26.900000000000002,1442.7789118131723
3072,27.0,1302.319559815495
3072,27.1,1323.6467572927343
3072,27.200000000000003,1668.2054604672462
3072,27.3,1795.0825706015853
3072,27.400000000000002,1367.8214679100656
3072,27.5,1444.8369980855002
3072,27.6,1556.7551235912522
3072,27.700000000000003,1651.2464463533317
3072,27.8,1462.2738435955553
3072,27.900000000000002,1397.6470595510475
3072,28.0,1418.6997726835525
3072,28.1,799.9327893891212
3072,28.200000000000003,1907.1883596654109
3072,28.3,1712.2229530674651
3072,28.400000000000002,1716.1317845474132
3072,28.5,1435.2903733940393
3072,28.6,1237.1549038136393
3072,28.700000000000003,980.6031592069196
3072,28.8,2001.6706055507207
3072,28.900000000000002,2083.374554581099
3072,29.0,1641.8467773312702
3072,29.1,1304.9570123109856
3072,29.200000000000003,1388.5682956027285
3072,29.3,1266.3405401765651
3072,29.400000000000002,1329.4174676109403
3072,29.5,1992.5836203384754
3072,29.6,1220.742898798601
3072,29.700000000000003,427.02192277282836
3072,29.8,417.3018684753574
3072,29.900000000000002,414.8887070531745
3072,30.0,436.04987664316286
3072,30.1,1413.902055586472
3072,30.200000000000003,1806.953237686328
3072,30.3,1428.3835468937464
3072,30.400000000000002,1402.5133344165934
3072,30.5,1460.5055224941875
3072,30.6,1329.146129670414
3072,30.700000000000003,1369.9907912309473
3072,30.8,1773.3768976136341
3072,30.900000000000002,1835.8991259205836
3072,31.0,1051.803163889233
3072,31.1,1047.0428101502391
3072,31.200000000000003,1272.5159854157703
3072,31.3,1468.3423784114339
3072,31.400000000000002,1301.5044452192049
3072,31.5,1255.4251741769413
3072,31.6,1107.928459033234
3072,31.700000000000003,1333.0744646466587
3072,31.8,1278.2078570141189
3072,31.900000000000002,1472.3415160018974
3072,32.0,1417.6846085150373
3072,32.1,906.4266466264748
3072,32.2,1571.453578688373
3072,32.300000000000004,1731.6267533713178
3072,32.4,1276.017998087608
3072,32.5,1460.3015197285674
3072,32.6,1498.8813354514414
3072,32.7,1339.280833643753
3072,32.800000000000004,1469.9798647180062
3072,32.9,1265.0289141756664
3072,33.0,1810.669063829686
3072,33.1,1687.769807033241
3072,33.2,1446.2833893489085
3072,33.300000000000004,1405.288002944797
3072,33.4,785.2137275359236
3072,33.5,980.8120012842772
3072,33.6,1405.0832031932664
3072,33.7,1288.9528607737338
3072,33.800000000000004,1588.6584285869476
3072,33.9,1426.8604106203063
3072,34.0,1405.5921392359955
3072,34.1,1270.4358970711635
3072,34.2,1412.8899219718317
3072,34.300000000000004,1364.3352038358416
3072,34.4,984.4930336329833
3072,34.5,1531.165922293121
3072,34.6,1733.254749230841
3072,34.7,1464.5364684821407
3072,34.800000000000004,1426.5471721820777
3072,34.9,802.8887114603757
3072,35.0,1724.3752083823047
3072,35.1,676.0695256056429
3072,35.2,726.3757189080691
3072,35.300000000000004,1765.7084192428235
3072,35.4,1613.0387042755995
3072,35.5,1350.79078182069
3072,35.6,1322.539749416653
3072,35.7,1047.6232784591598
3072,35.800000000000004,1658.4908947554009
3072,35.9,1819.3715581009506
3072,36.0,1386.5638739590715
3072,36.1,1238.614992417448
3072,36.2,761.235251669708
3072,36.300000000000004,1885.3683920663389
3072,36.4,1324.7959156546244
3072,36.5,1403.111688461731
3072,36.6,1158.1969926425918
3072,36.7,1360.186720546257
3072,36.800000000000004,1495.7884972022928
3072,36.9,786.0981750260896
3072,37.0,677.4781256977986
3072,37.1,676.66
3072,37.2,848.7624300574678
3072,37.300000000000004,1046.1321938315862
3072,37.4,1133.0780496028667
3072,37.5,1638.746684730798
3072,37.6,853.8971570320546
3072,37.7,1211.0823846372114
3072,37.800000000000004,1444.8595898907952
3072,37.9,1091.4882835598926
3072,38.0,1844.3823799980496
3072,38.1,1735.4787588199288
3072,38.2,1589.3167024534243
3072,38.300000000000004,1443.4531926310542
3072,38.400000000000006,1120.4599766493714
3072,38.5,1087.2233587456744
3072,38.6,1091.7113192958268
3072,38.7,1011.6126165766768
3072,38.800000000000004,1152.6749430821656
3072,38.900000000000006,1638.9282208031245
3072,39.0,1685.6993829596092
3072,39.1,1360.44924599783
3072,39.2,1322.993537367952
3072,39.300000000000004,1277.1787213605676
3072,39.400000000000006,1765.5170476352453
3072,39.5,1392.0693409461742
3072,39.6,995.5111808380734
3072,39.7,1291.0825534267108
3072,39.800000000000004,1620.2706270998992
3072,39.900000000000006,1301.3723235920806
3072,40.0,1095.836954862062
3072,40.1,1552.2037751133278
3072,40.2,965.5879680194106
3072,40.300000000000004,1429.1674497444035
3072,40.400000000000006,1352.4235355513797
3072,40.5,1124.1561891084964
3072,40.6,1538.5908736431627
3072,40.7,1318.4603643057003
3072,40.800000000000004,1076.408106699662
3072,40.900000000000006,766.4167521809115
3072,41.0,971.7465334211284
3072,41.1,1307.8143101162566
3072,41.2,1013.5205496844269
3072,41.300000000000004,1490.0461404588198
3072,41.400000000000006,1289.276635752119
3072,41.5,1220.9799685176588
3072,41.6,1208.4904705416998
3072,41.7,1513.5570496838636
3072,41.800000000000004,1995.4000804297282
3072,41.900000000000006,1829.1548947131782
3072,42.0,1347.2608417799017
3072,42.1,1222.5446529093804
3072,42.2,1660.2184210507469
3072,42.300000000000004,1397.3953663937766
3072,42.400000000000006,1208.1827808544876
3072,42.5,1105.31724905425
3072,42.6,1464.615908555564
3072,42.7,1402.3148966876508
3072,42.800000000000004,1253.5895437266906
3072,42.900000000000006,1317.394537042074
3072,43.0,1519.7903234114372
3072,43.1,891.1855787770977
3072,43.2,714.8909630786756
3072,43.300000000000004,1309.4384872121323
3072,43.400000000000006,1475.2935413752555
3072,43.5,1184.224420126226
3072,43.6,1612.8213127672477
3072,43.7,1717.091292145408
3072,43.800000000000004,1527.4995314452356
3072,43.900000000000006,1446.3876356728638
3072,44.0,1829.9365936279166
3072,44.1,1579.6092578706546
3072,44.2,1432.3195627610157
3072,44.300000000000004,952.5550735208371
3072,44.400000000000006,1515.3248835086686
3072,44.5,1557.950532395123
3072,44.6,1346.6937652425443
3072,44.7,1304.4301548406443
3072,44.800000000000004,1033.379516096532
3072,44.900000000000006,568.7304470099127
3072,45.0,419.2422834692243
3072,45.1,417.24660507654204
3072,45.2,1516.101301459663
3072,45.300000000000004,1585.576426559492
3072,45.400000000000006,1228.5267810331404
3072,45.5,1571.1169954387142
3072,45.6,1470.5555055174898
3072,45.7,1407.5749277824636
3072,45.800000000000004,980.8975199421446
3072,45.900000000000006,1336.4651167783982
3072,46.0,1810.239366335503
3072,46.1,1783.8785742339876
3072,46.2,1563.081867373256
3072,46.300000000000004,1185.9021666767171
3072,46.400000000000006,1214.502087465864
3072,46.5,1254.1454765409735
3072,46.6,1270.2903048719413
3072,46.7,1298.5990362421671
3072,46.800000000000004,1772.3623569315916
3072,46.900000000000006,1532.5750578250368
3072,47.0,1100.269544675101
3072,47.1,1275.569506004603
3072,47.2,1292.9397807417263
3072,47.300000000000004,1198.2344839594014
3072,47.400000000000006,1197.437104568686
3072,47.5,1616.6162608234652
3072,47.6,1445.7954603848846
3072,47.7,1146.729067185566
3072,47.800000000000004,1600.8365698580458
3072,47.900000000000006,1740.2690495386382
3072,48.0,1473.065230527187
3072,48.1,1242.7565169577363
3072,48.2,1301.0183040002535
3072,48.300000000000004,1377.713890595516
3072,48.400000000000006,1258.0448168416838
3072,48.5,1477.5896918635794
3072,48.6,1450.9403910879507
3072,48.7,1452.6654550821365
3072,48.800000000000004,1292.6605358342201
3072,48.900000000000006,1398.2748852235538
3072,49.0,1504.9839338991642
3072,49.1,973.6066673919859
3072,49.2,1207.5626535936708
3072,49.300000000000004,1419.3367816713553
3072,49.400000000000006,1044.7408705844027
3072,49.5,1263.3133140365412
3072,49.6,1344.85242770796
3072,49.7,1109.954527491351
3072,49.800000000000004,1544.0075897394256
3072,49.900000000000006,1697.5662277543488
3072,50.0,1493.3225027300055
3072,50.1,1216.9011722352463
3072,50.2,1441.59476375096
3072,50.300000000000004,1377.067372398732
3072,50.400000000000006,1156.0247983651523
3072,50.5,1576.4195928772178
3072,50.6,1534.2295706333357
3072,50.7,1171.6514631041457
3072,50.800000000000004,1434.0495161762935
3072,50.900000000000006,1618.4067952002254
3072,51.0,1326.7044498339487
3072,51.1,1359.234466122625
3072,51.2,1648.6460425714583
3072,51.300000000000004,1350.6981075448518
3072,51.400000000000006,1198.205013518579
3072,51.5,1380.8355929331801
3072,51.6,1076.8488647139382
3072,51.7,1049.5271716283835
3072,51.800000000000004,1497.11375077034
3072,51.900000000000006,1329.0850542404332
3072,52.0,1073.9413545691943
3072,52.1,1476.2951265725922
3072,52.2,1479.2747256858484
3072,52.300000000000004,1007.3860416961763
3072,52.400000000000006,1055.7142167657507
3072,52.5,944.0181342729528
3072,52.6,677.9786937280213
3072,52.7,674.0657531304762
3072,52.800000000000004,1033.034842153953
3072,52.900000000000006,1061.9072243898656
3072,53.0,699.073733367778
3072,53.1,1132.5983391328084
3072,53.2,1432.890965140441
3072,53.300000000000004,1040.7746426622732
3072,53.400000000000006,1405.61289796222
3072,53.5,1761.16631909198
3072,53.6,1509.5106738743086
3072,53.7,1006.491173922136
3072,53.800000000000004,1379.0723044631402
3072,53.900000000000006,1773.018434595195
3072,54.0,1415.3465426226467
3072,54.1,978.4543946124447
3072,54.2,1214.64231212405
3072,54.300000000000004,1406.6621950867968
3072,54.400000000000006,1099.7371187489648
3072,54.5,1517.8797415610109
3072,54.6,1568.0605348344563
3072,54.7,1301.9194565679315
3072,54.800000000000004,1265.0632916747209
3072,54.900000000000006,1518.2703655675366
3072,55.0,1560.089054966561
3072,55.1,1200.5743669494984
3072,55.2,1324.3107000471468
3072,55.300000000000004,1280.8984300586703
3072,55.400000000000006,1296.251032824316
3072,55.5,1400.5704568601063
3072,55.6,1218.8448927344816
3072,55.7,1185.4560798799846
3072,55.800000000000004,1176.1879291493979
3072,55.900000000000006,1183.7912824627797
3072,56.0,1136.5388633276862
3072,56.1,1439.1138555452626
3072,56.2,1592.5304304832714
3072,56.300000000000004,1167.403489620776
3072,56.400000000000006,903.5552730043308
3072,56.5,650.6950853211118
3072,56.6,1075.1401248951045
3072,56.7,1511.4154809631978
3072,56.800000000000004,1157.4386003744428
3072,56.900000000000006,1149.6699805930677
3072,57.0,1237.1149456860046
3072,57.1,1221.2509698816446
3072,57.2,1306.5080045142327
3072,57.300000000000004,1045.1732083729507
3072,57.400000000000006,1041.927736003567
3072,57.5,1520.368574950046
3072,57.6,1249.3569343294703
3072,57.7,1308.1450280614702
3072,57.800000000000004,1449.1327745800304
3072,57.900000000000006,1120.1671277468897
3072,58.0,1182.317483847245
3072,58.1,1612.13276562508
3072,58.2,1134.705692182786
3072,58.300000000000004,1339.0884758484333
3072,58.400000000000006,1510.1950264069628
3072,58.5,1200.4148940428713
3072,58.6,1598.2422869402012
3072,58.7,1586.7350400633297
3072,58.800000000000004,1132.31666058492
3072,58.900000000000006,1234.9558965709814
3072,59.0,1492.3169244036278
3072,59.1,1231.9206566046494
3072,59.2,1173.8593220377115
3072,59.300000000000004,1336.4607787420646
3072,59.400000000000006,1233.483196622037
3072,59.5,1107.4770462485221
3072,59.6,1217.5509299511616
3072,59.7,1477.333681446533
3072,59.800000000000004,1177.9834579219669
3072,59.900000000000006,1271.9104754918972
3072,60.0,1452.5894251050029
3072,60.1,931.7595849035195
3072,60.2,972.4507407307126
3072,60.300000000000004,1187.3625289285362
3072,60.400000000000006,1212.2073725825228
3072,60.5,1711.5957618190594
3072,60.6,1309.7364439899952
3072,60.7,1192.324412814841
3072,60.800000000000004,1179.8350949793805
3072,60.900000000000006,1563.6090757435686
3072,61.0,1204.5208982312577
3072,61.1,1419.2628935584373
3072,61.2,1614.9854132656578
3072,61.300000000000004,830.6992613724142
3072,61.400000000000006,624.2534134014082
3072,61.5,599.87811116269
3072,61.6,599.2369126709606
3072,61.7,803.2641751974148
3072,61.800000000000004,1199.1559510018906
3072,61.900000000000006,1143.1035916255541
3072,62.0,1344.667279570302
3072,62.1,1716.5422100287888
3072,62.2,1161.2967702905503
3072,62.300000000000004,1149.1221818986128
3072,62.400000000000006,1409.5313708948943
3072,62.5,1130.66921685657
3072,62.6,1263.508759028959
3072,62.7,1527.7082712735369
3072,62.800000000000004,1069.882944879913
3072,62.900000000000006,1015.4523096513188
3072,63.0,1456.9472216444549
3072,63.1,1335.3601801278753
3072,63.2,1042.408445883139
3072,63.300000000000004,1533.8426265370938
3072,63.400000000000006,1595.5179808388793
3072,63.5,1158.2593390668765
3072,63.6,1178.3751063103264
3072,63.7,1437.4368279401133
3072,63.800000000000004,1160.800668695712
3072,63.900000000000006,1205.105068906321
3072,64.0,1401.2893811234587
3072,64.10000000000001,886.3693895886889
3072,64.2,987.5572996530714
3072,64.3,1460.6576720917183
3072,64.4,1125.1613285927183
3072,64.5,1556.0840925742716
3072,64.60000000000001,1073.9108753620392
3072,64.7,1090.6584621946379
3072,64.8,1420.5631234755015
3072,64.9,959.0722592895441
3072,65.0,1666.764226878042
3072,65.10000000000001,1410.5111310930379
3072,65.2,1048.8669631027553
3072,65.3,1338.0678204257356
3072,65.4,1660.6710621489274
3072,65.5,1335.0272327859097
3072,65.60000000000001,1513.1917046618905
3072,65.7,1539.8537084326524
3072,65.8,874.5382499400323
3072,65.9,1242.0860221084733
3072,66.0,1311.0545653972329
3072,66.10000000000001,825.8748957078657
3072,66.2,1002.413999942391
3072,66.3,1477.662474711412
3072,66.4,1265.624513620918
3072,66.5,1661.048212263388
3072,66.60000000000001,1280.191401352936
3072,66.7,919.2704209747233
3072,66.8,1404.0585824854695
3072,66.9,1326.6582332109908
3072,67.0,1074.3384195243066
3072,67.10000000000001,1547.9532023642005
3072,67.2,1340.9153671088343
3072,67.3,1036.0567881408886
3072,67.4,1382.307376614246
3072,67.5,1523.0080058096262
3072,67.60000000000001,1104.1043856477652
3072,67.7,1315.8932733765325
3072,67.8,953.2122122912351
3072,67.9,1111.0836265646644
3072,68.0,1420.4275614010446
3072,68.10000000000001,1014.3303440957594
3072,68.2,1188.1049074414743
3072,68.3,805.6003353568597
3072,68.4,1116.8861391504154
3072,68.5,1347.2210405169403
3072,68.60000000000001,1176.3608439695647
3072,68.7,1406.1777650428792
3072,68.8,1365.4905087032764
3072,68.9,1355.5376843136926
3072,69.0,1485.5162103280848
3072,69.10000000000001,1414.3339086704689
3072,69.2,1014.374260503177
3072,69.3,696.3353256918937
3072,69.4,768.5930031976425
3072,69.5,1567.1324654436403
3072,69.60000000000001,1003.1530156722389
3072,69.7,1382.2324375111402
3072,69.8,1572.2589702132118
3072,69.9,1033.943701891651
3072,70.0,1374.0202699410731
3072,70.10000000000001,1427.0795760035153
3072,70.2,1050.5768160624996
3072,70.3,1337.0650711005505
3072,70.4,1367.0137467802865
3072,70.5,916.4690249807346
3072,70.60000000000001,756.4864267120497
3072,70.7,409.7622447251163
3072,70.8,407.99222556827516
3072,70.9,492.66399447898823
3072,71.0,1074.891674353599
3072,71.10000000000001,1378.2513090309085
3072,71.2,1013.1839804501521
3072,71.3,994.4851799726057
3072,71.4,1293.6055308894033
3072,71.5,733.348839873948
3072,71.60000000000001,1489.750205745051
3072,71.7,987.619310047139
3072,71.8,967.1154255598983
3072,71.9,1409.110249047139
3072,72.0,1321.9636897221535
3072,72.10000000000001,1309.2347226484642
3072,72.2,1441.73658240546
3072,72.3,736.5787164479107
3072,72.4,1412.5559639559508
3072,72.5,1294.492154406359
3072,72.60000000000001,822.7445443547849
3072,72.7,1678.0854017329043
3072,72.8,1351.0122994553888
3072,72.9,883.8570428649924
3072,73.0,1419.8223605758815
3072,73.10000000000001,1327.9573292024763
3072,73.2,1169.2803285128798
3072,73.3,745.1072474078264
3072,73.4,614.3836976050698
3072,73.5,1415.364003545053
3072,73.60000000000001,993.1135664626748
3072,73.7,1920.7696208884515
3072,73.8,1424.2752352019502
3072,73.9,804.7483410231025
3072,74.0,1417.1066331342772
3072,74.10000000000001,1401.0674620247162
3072,74.2,1028.369717703128
3072,74.3,1872.734508757148
3072,74.4,1377.7467510073163
3072,74.5,865.4250231833934
3072,74.60000000000001,1130.7281257650993
3072,74.7,886.9131253726879
3072,74.8,1605.1227619887668
3072,74.9,1308.8308639174547
3072,75.0,668.0683474480331
3072,75.10000000000001,1553.210730292918
3072,75.2,1281.318231656158
3072,75.3,1358.4979873235018
3072,75.4,1567.9411936427732
3072,75.5,1402.1670633813353
3072,75.60000000000001,1222.5027402761532
3072,75.7,1497.304065994924
3072,75.8,1362.2567296855661
3072,75.9,786.370448213746
3072,76.0,883.2326609157976
3072,76.10000000000001,1424.538690858605
3072,76.2,1791.2800399977014
3072,76.3,1351.360723548044
3072,76.4,1242.5683612236603
3072,76.5,1655.5533519037665
3072,76.60000000000001,730.7559919928167
3072,76.7,1118.7607021543356
3072,76.80000000000001,1634.285884201089
3072,76.9,1062.7803797178499
3072,77.0,1080.9309525519034
3072,77.10000000000001,1277.8778476319496
3072,77.2,1210.1575274927868
3072,77.30000000000001,1313.0998918191592
3072,77.4,1026.2889340101779
3072,77.5,1729.817489577091
3072,77.60000000000001,1065.8929070469999
3072,77.7,1009.9014986194517
3072,77.80000000000001,1389.0495270609258
3072,77.9,1043.8240846914186
3072,78.0,1040.8627570245344
3072,78.10000000000001,1471.4912931713088
3072,78.2,1026.3271156687847
3072,78.30000000000001,1409.218426394058
3072,78.4,1225.1319056244681
3072,78.5,847.8967204815892
3072,78.60000000000001,867.6682912494791
3072,78.7,1681.0329607541155
3072,78.80000000000001,1363.301971830049
3072,78.9,998.6993024850659
3072,79.0,1242.801410355147
3072,79.10000000000001,1045.3677927316699
3072,79.2,1147.443554690874
3072,79.30000000000001,1695.5632431633135
3072,79.4,932.0339601416358
3072,79.5,1612.7699984463602
3072,79.60000000000001,1514.3929803300728
3072,79.7,718.422114836354
3072,79.80000000000001,681.1314227807901
3072,79.9,421.28326989650907
3072,80.0,407.3422361535807
3072,80.10000000000001,843.4678967179946
3072,80.2,1043.8216075241296
3072,80.30000000000001,1022.7002538408392
3072,80.4,1228.2110858277465
3072,80.5,1461.2253969781493
3072,80.60000000000001,1141.7216731277563
3072,80.7,1358.465186171149
3072,80.80000000000001,1465.7706717381895
3072,80.9,1229.7514526636705
3072,81.0,1459.4718257196673
3072,81.10000000000001,1416.5022611818583
3072,81.2,946.5169288630924
3072,81.30000000000001,1462.9701510602667
3072,81.4,1418.5789278715083
3072,81.5,902.3373865328471
3072,81.60000000000001,835.88148847575
3072,81.7,1105.9401632918489
3072,81.80000000000001,964.8357720972439
3072,81.9,851.116393069004
3072,82.0,1427.4853060133332
3072,82.10000000000001,1237.7442303917173
3072,82.2,1281.8414517113579
3072,82.30000000000001,1134.4739621921806
3072,82.4,960.7623771072899
3072,82.5,1091.0940810994878
3072,82.60000000000001,1162.6010713530907
3072,82.7,1038.4574602923299
3072,82.80000000000001,1759.8996353944942
3072,82.9,785.763400581238
3072,83.0,922.8035377655642
3072,83.10000000000001,1266.6599769867037
3072,83.2,688.3669501697442
3072,83.30000000000001,1853.029287950592
3072,83.4,1486.2725676589735
3072,83.5,754.1131738996045
3072,83.60000000000001,1253.6610856165591
3072,83.7,824.6895749857657
3072,83.80000000000001,1325.9853179948343
3072,83.9,1405.6934110125121
3072,84.0,746.6685093065745
3072,84.10000000000001,1763.7741919203324
3072,84.2,1330.9815697148676
3072,84.30000000000001,1544.212885020717
3072,84.4,1400.928420220902
3072,84.5,728.9211176355727
3072,84.60000000000001,1158.7597754332057
3072,84.7,793.7690787738951
3072,84.80000000000001,1612.7903439682598
3072,84.9,1242.101357434341
3072,85.0,1422.7174704374097
3072,85.10000000000001,1243.0637410445108
3072,85.2,1183.6636549240725
3072,85.30000000000001,1639.4991493624689
3072,85.4,1348.0762631550158
3072,85.5,907.4650643878076
3072,85.60000000000001,1116.572030198754
3072,85.7,603.7372225190124
3072,85.80000000000001,1783.0690318113218
3072,85.9,1409.804280011451
3072,86.0,995.97252306568
3072,86.10000000000001,1609.0539080716244
3072,86.2,884.4022731210027
3072,86.30000000000001,1184.5989461229628
3072,86.4,1351.177372113188
3072,86.5,858.3109591682347
3072,86.60000000000001,1736.4521625846662
3072,86.7,1406.6042866750342
3072,86.80000000000001,823.163160427842
3072,86.9,895.9994561574846
3072,87.0,621.5037770636196
3072,87.10000000000001,1235.7059051199333
3072,87.2,680.5140495328926
3072,87.30000000000001,1599.2424654395656
3072,87.4,1474.3879750744734
3072,87.5,888.2870974493351
3072,87.60000000000001,1386.9601908768977
3072,87.7,996.9697847809214
3072,87.80000000000001,1545.3663040958184
3072,87.9,1337.006210633463
3072,88.0,1465.1039431700804
3072,88.10000000000001,1298.0249022458108
3072,88.2,1058.9181089601136
3072,88.30000000000001,1113.2664023829068
3072,88.4,865.23283796281
3072,88.5,1650.2218659315893
3072,88.60000000000001,1538.9855894901664
3072,88.7,1015.6208363575748
3072,88.80000000000001,1271.9072393926917
3072,88.9,866.065116914358
3072,89.0,678.3569918133998
3072,89.10000000000001,673.5972012071392
3072,89.2,671.2359855631274
3072,89.30000000000001,960.498347645621
3072,89.4,1133.444022351422
3072,89.5,1185.592600190277
3072,89.60000000000001,1435.2179366338232
3072,89.7,1476.2951397097797
3072,89.80000000000001,1343.5886782156088
3072,89.9,1339.7179519569384
3072,90.0,1126.6119146380365
3072,90.10000000000001,1347.7343820327594
3072,90.2,1067.2283730952565
3072,90.30000000000001,1202.779092898515
3072,90.4,1114.4892503036706
3072,90.5,1186.3454521250897
3072,90.60000000000001,1012.1265290750779
3072,90.7,1210.6671556053673
3072,90.80000000000001,1069.9321552044757
3072,90.9,1225.5070155154149
3072,91.0,1604.837463902084
3072,91.10000000000001,940.8089175306457
3072,91.2,1285.48590241578
3072,91.30000000000001,1093.6375687524662
3072,91.4,1336.0920851148155
3072,91.5,1624.4135931762405
3072,91.60000000000001,859.5683705727039
3072,91.7,1024.0298366620634
3072,91.80000000000001,1005.6166963392694
3072,91.9,1156.9818691082214
3072,92.0,1344.9827561435054
3072,92.10000000000001,1063.0102106741797
3072,92.2,1402.5539654863378
3072,92.30000000000001,1166.7935745519048
3072,92.4,1136.7229442821902
3072,92.5,1120.4171112472143
3072,92.60000000000001,1134.414093111574
3072,92.7,1505.6897613659496
3072,92.80000000000001,1179.9358206950355
3072,92.9,1141.944690833319
3072,93.0,1168.3641825631416
3072,93.10000000000001,1406.1821132665716
3072,93.2,1479.759384352557
4096,0.0,1482.158
4096,0.1,1607.392782680534
4096,0.2,1761.063288083784
4096,0.30000000000000004,1674.7475002954627
4096,0.4,1499.1178288917256
4096,0.5,1497.540273439377
4096,0.6000000000000001,1666.0580734989385
4096,0.7000000000000001,1609.7235037787982
4096,0.8,1651.2715241553378
4096,0.9,1656.4845876306474
4096,1.0,1251.5768643143697
4096,1.1,843.0862061548705
4096,1.2000000000000002,673.0624008670637
4096,1.3,670.5471365716013
4096,1.4000000000000001,668.9034248193822
4096,1.5,1031.3915831486538
4096,1.6,1454.709960765168
4096,1.7000000000000002,1553.463830092575
4096,1.8,1570.8074916454286
4096,1.9000000000000001,1535.468261506697
4096,2.0,1625.1850897866655
4096,2.1,1717.0109772423389
4096,2.2,1719.3143990029266
4096,2.3000000000000003,1548.8640077780728
4096,2.4000000000000004,1458.6337866081644
4096,2.5,1615.9777842580086
4096,2.6,1678.974254366833
4096,2.7,1638.305241813217
4096,2.8000000000000003,1530.848860667757
4096,2.9000000000000004,1586.2733292529715
4096,3.0,1714.7195995721213
4096,3.1,1444.6656631149233
4096,3.2,1283.976363164489
4096,3.3000000000000003,1628.8642598906579
4096,3.4000000000000004,1813.245127904831
4096,3.5,1713.5111458134156
4096,3.6,1562.7104034307981
4096,3.7,1502.5315583088666
4096,3.8000000000000003,1548.2774655706478
4096,3.9000000000000004,1673.9813938962034
4096,4.0,1699.5131593978524
4096,4.1000000000000005,1586.8077344088751
4096,4.2,1589.855884561499
4096,4.3,1729.0544757718612
4096,4.4,1730.2854210682472
4096,4.5,1632.5925116938056
4096,4.6000000000000005,1537.3141382073015
4096,4.7,1433.166146879128
4096,4.800000000000001,1125.4049277427719
4096,4.9,712.3447388169052
4096,5.0,416.1211155974911
4096,5.1000000000000005,628.2628438073039
4096,5.2,1169.2333352725277
4096,5.300000000000001,1594.8482704316611
4096,5.4,1706.137254863939
4096,5.5,1624.5889443162675
4096,5.6000000000000005,1518.7832272115327
4096,5.7,1615.262439851689
4096,5.800000000000001,1660.6502794329604
4096,5.9,1523.1172460281937
4096,6.0,1601.1141975943626
4096,6.1000000000000005,1769.94135132109
4096,6.2,1489.82393504584
4096,6.300000000000001,1255.6676689973413
4096,6.4,1593.5197084140232
4096,6.5,1647.6536100516012
4096,6.6000000000000005,1546.113049630568
4096,6.7,1659.1043570606776
4096,6.800000000000001,1502.8818894742724
4096,6.9,1387.7864768008442
4096,7.0,1472.422262588463
4096,7.1000000000000005,1687.7521803648208
4096,7.2,1519.889961486258
4096,7.300000000000001,1614.8637575518794
4096,7.4,1734.4514205197609
4096,7.5,1654.43197329533
4096,7.6000000000000005,1656.4089784999135
4096,7.7,1521.5251068152895
4096,7.800000000000001,1528.589672137761
4096,7.9,1576.1129851081052
4096,8.0,1620.1690056081343
4096,8.1,1794.8034922932497
4096,8.200000000000001,1702.6141523017973
4096,8.3,1518.0160220435846
4096,8.4,1462.027619247289
4096,8.5,1654.4460908337362
4096,8.6,1595.0784613762614
4096,8.700000000000001,1512.1196247619866
4096,8.8,1633.8896433516827
4096,8.9,1625.5397525923756
4096,9.0,1377.2934825247783
4096,9.1,1543.3516362799976
4096,9.200000000000001,1560.3426102674796
4096,9.3,1586.7765655914602
4096,9.4,1519.8373129496713
4096,9.5,1337.2736442150344
4096,9.600000000000001,1610.3835730486085
4096,9.700000000000001,1492.4773860024638
4096,9.8,771.6913503995885
4096,9.9,417.9687167911451
4096,10.0,483.8154886513099
4096,10.100000000000001,810.1771501497523
4096,10.200000000000001,1317.9028980834248
4096,10.3,1560.5943501863087
4096,10.4,1584.6318970536538
4096,10.5,1659.9225687754913
4096,10.600000000000001,1597.6653589589905
4096,10.700000000000001,1597.0129014020608
4096,10.8,1763.0428512953315
4096,10.9,1636.7829617972293
4096,11.0,1536.7262558881255
4096,11.100000000000001,1323.8881653445296
4096,11.200000000000001,1587.2230723420087
4096,11.3,1720.8047310680424
4096,11.4,1684.9050199678425
4096,11.5,1536.2936867073608
4096,11.600000000000001,1561.5653432333768
4096,11.700000000000001,1717.4055979759066
4096,11.8,1665.1187476548998
4096,11.9,1570.8021819327541
4096,12.0,1662.1090407364238
4096,12.100000000000001,1548.8332701493105
4096,12.200000000000001,1693.3683127902298
4096,12.3,1670.4206288506807
4096,12.4,1445.7282495014247
4096,12.5,1081.9264913908828
4096,12.600000000000001,1558.7718883852476
4096,12.700000000000001,1549.696753407791
4096,12.8,1660.4733069503307
4096,12.9,1671.7180522806286
4096,13.0,1727.2512800677891
4096,13.100000000000001,1633.0742418465315
4096,13.200000000000001,1355.0061131819173
4096,13.3,1215.955693552412
4096,13.4,1627.9560597523916
4096,13.5,1607.029661750571
4096,13.600000000000001,1640.0507863849139
4096,13.700000000000001,1430.9491610293892
4096,13.8,1729.9226852700028
4096,13.9,1478.065646950622
4096,14.0,1419.2797095933574
4096,14.100000000000001,1491.898153851751
4096,14.200000000000001,832.7585378869748
4096,14.3,441.399354176076
4096,14.4,473.70994268499726
4096,14.5,570.3345566719272
4096,14.600000000000001,1059.385725196867
4096,14.700000000000001,1365.4366977535785
4096,14.8,1707.5836368504301
4096,14.9,1694.1138689396525
4096,15.0,1525.531251401838
4096,15.100000000000001,1622.421921297415
4096,15.200000000000001,1681.3121787421153
4096,15.3,1555.1882996067227
4096,15.4,1585.1855481989394
4096,15.5,1669.8814620881528
4096,15.600000000000001,1632.4581651549022
4096,15.700000000000001,1649.8134013766596
4096,15.8,1362.2426476822561
4096,15.9,1315.117161073476
4096,16.0,1691.1521871223438
4096,16.1,1476.7576417019918
4096,16.2,1361.6865558212733
4096,16.3,1699.4311066697462
4096,16.400000000000002,1598.0036015026503
4096,16.5,1450.9692459775088
4096,16.6,1404.9742550683086
4096,16.7,1477.6821733268896
4096,16.8,1597.8835875542675
4096,16.900000000000002,1793.1925170804086
4096,17.0,1687.481557090542
4096,17.1,1402.6571248883797
4096,17.2,1457.5560797654175
4096,17.3,1514.760282000285
4096,17.400000000000002,1473.3417353136567
4096,17.5,1527.8609944221478
4096,17.6,1528.2142258289505
4096,17.7,1553.4408830395234
4096,17.8,1418.0761058473508
4096,17.900000000000002,752.496794519348
4096,18.0,691.8914884749244
4096,18.1,689.0074954449307
4096,18.2,838.4436879635131
4096,18.3,1391.5900716317365
4096,18.400000000000002,1072.1890982018663
4096,18.5,1231.155817779852
4096,18.6,1651.5352710338896
4096,18.7,1677.9381154853431
4096,18.8,1559.0426328974256
4096,18.900000000000002,1567.381226980392
4096,19.0,1822.2103352501301
4096,19.1,1584.9607650728938
4096,19.200000000000003,1058.284555815996
4096,19.3,1279.5654543677304
4096,19.400000000000002,1373.3213110662643
4096,19.5,1642.1935541250928
4096,19.6,1526.4672564385323
4096,19.700000000000003,1743.2684183242945
4096,19.8,1700.101830656403
4096,19.900000000000002,1645.1660881405132
4096,20.0,1329.3502747558675
4096,20.1,1402.655692140595
4096,20.200000000000003,1673.149388927625
4096,20.3,1764.506021383251
4096,20.400000000000002,1512.2918684913022
4096,20.5,1519.1159529419183
4096,20.6,1538.4284724292781
4096,20.700000000000003,1459.7247355766451
4096,20.8,679.5004473158369
4096,20.900000000000002,1539.1055921590262
4096,21.0,1647.7576256648747
4096,21.1,1472.50141528003
4096,21.200000000000003,1520.13538802888
4096,21.3,1550.172395988228
4096,21.400000000000002,1457.6058432603365
4096,21.5,637.5931305567252
4096,21.6,1512.1945513568578
4096,21.700000000000003,1738.9224895826767
4096,21.8,1558.8022232079784
4096,21.900000000000002,1754.1121189295602
4096,22.0,1554.997798887943
4096,22.1,1425.4273041036756
4096,22.200000000000003,1718.9800192951955
4096,22.3,1507.8016875049873
4096,22.400000000000002,810.3802177287831
4096,22.5,1700.4106317930093
4096,22.6,1523.2394276620937
4096,22.700000000000003,1805.7513570123617
4096,22.8,1732.5286796448115
4096,22.900000000000002,1662.4859026273555
4096,23.0,1567.479333304761
4096,23.1,1041.7740343472256
4096,23.200000000000003,1138.3442561407037
4096,23.3,1976.8659269440175
4096,23.400000000000002,1597.7017498861198
4096,23.5,705.0308097125915
4096,23.6,690.5252257743713
4096,23.700000000000003,690.9248684480417
4096,23.8,719.9157562117275
4096,23.900000000000002,1142.5714154118566
4096,24.0,1926.5334539447513
4096,24.1,1539.2223851063104
4096,24.200000000000003,1433.918241196566
4096,24.3,1468.2260949560678
4096,24.400000000000002,1325.3608217721433
4096,24.5,1462.3122124495392
4096,24.6,2018.8721117067062
4096,24.700000000000003,1633.7379393916117
4096,24.8,1423.0302252446759
4096,24.900000000000002,1432.3969777075297
4096,25.0,1743.6411115353487
4096,25.1,1394.7050222882679
4096,25.200000000000003,1801.4178097033825
4096,25.3,1720.1580420542864
4096,25.400000000000002,1486.1206696340596
4096,25.5,1624.67601587566
4096,25.6,1879.632266942196
4096,25.700000000000003,1485.7412102247204
4096,25.8,1521.6885359525652
4096,25.900000000000002,1386.278888366847
4096,26.0,1347.0566122394664
4096,26.1,1398.5065075101015
4096,26.200000000000003,1755.9124234734354
4096,26.3,1532.814308775095
4096,26.400000000000002,1352.0283305548066
4096,26.5,1785.083731983488
4096,26.6,936.4948602398425
4096,26.700000000000003,1176.9247377119777
4096,26.8,1631.8782872192542
4096,26.900000000000002,1530.5135165091763
4096,27.0,1414.2926935795003
4096,27.1,1723.2349439416291
4096,27.200000000000003,1737.9223958323907
4096,27.3,1393.8872196893717
4096,27.400000000000002,1559.883453183825
4096,27.5,1682.6439824142687
4096,27.6,1081.9382145249224
4096,27.700000000000003,1685.9013970412907
4096,27.8,1239.5619677853958
4096,27.900000000000002,519.4307015677781
4096,28.0,428.6274928243316
4096,28.1,425.5310031242563
4096,28.200000000000003,426.312051260649
4096,28.3,805.3865798355564
4096,28.400000000000002,1774.9488706153072
4096,28.5,1221.6169947341382
4096,28.6,1407.1244206896579
4096,28.700000000000003,1159.7484599073466
4096,28.8,1287.2928514028824
4096,28.900000000000002,1383.9067049935052
4096,29.0,1640.9394980694246
4096,29.1,1444.636538850215
4096,29.200000000000003,1275.523451415779
4096,29.3,1725.6113759438922
4096,29.400000000000002,1781.958007288857
4096,29.5,1392.989061661522
4096,29.6,1114.9403520661945
4096,29.700000000000003,1531.0336580323933
4096,29.8,1248.0211939432886
4096,29.900000000000002,1802.6589463834796
4096,30.0,1466.9753183249663
4096,30.1,1357.5684381287604
4096,30.200000000000003,1282.0361113560818
4096,30.3,1023.2657620415862
4096,30.400000000000002,1033.2436231000815
4096,30.5,1739.7752165605093
4096,30.6,1312.3520475608093
4096,30.700000000000003,1712.1155625182193
4096,30.8,1800.5505207412148
4096,30.900000000000002,1709.7023409692238
4096,31.0,1363.0831132491046
4096,31.1,1180.2401981123576
4096,31.200000000000003,1014.9148248333394
4096,31.3,1827.0275120464198
4096,31.400000000000002,1413.877257178268
4096,31.5,1315.8859759357015
4096,31.6,1630.3252949709663
4096,31.700000000000003,1765.661934367861
4096,31.8,1304.4967175593079
4096,31.900000000000002,1532.4241346168737
4096,32.0,991.2581347224666
4096,32.1,1510.3642463252127
4096,32.2,1737.8978977659206
4096,32.300000000000004,1327.9666229766756
4096,32.4,1663.3237481520935
4096,32.5,1765.393947905042
4096,32.6,1399.9044533842296
4096,32.7,1635.10743730612
4096,32.800000000000004,1022.5583846475109
4096,32.9,1328.8572505698044
4096,33.0,1709.483735447595
4096,33.1,1436.0977607233235
4096,33.2,1729.6712431544045
4096,33.300000000000004,1773.8489864721982
4096,33.4,1317.3657661738678
4096,33.5,1792.4576385928494
4096,33.6,578.3491410373865
4096,33.7,426.5711525915666
4096,33.800000000000004,423.7527023572996
4096,33.9,419.22830899605765
4096,34.0,1368.8596347141072
4096,34.1,1132.8042165897837
4096,34.2,1640.854753390175
4096,34.300000000000004,1695.2548478033368
4096,34.4,1494.5753067958979
4096,34.5,1747.0564144265609
4096,34.6,1567.18865847257
4096,34.7,1621.8206698216804
4096,34.800000000000004,1628.6117898267798
4096,34.9,1531.9550012056402
4096,35.0,1254.1147348580919
4096,35.1,1283.3178993620786
4096,35.2,1384.0482918980238
4096,35.300000000000004,1713.7960012348187
4096,35.4,1564.9630995260695
4096,35.5,1518.6695063135217
4096,35.6,1710.3131337061109
4096,35.7,1552.7651904813556
4096,35.800000000000004,1175.4793146596637
4096,35.9,997.8709201799167
4096,36.0,1382.291270262094
4096,36.1,1626.996273099903
4096,36.2,1140.0611022022608
4096,36.300000000000004,1522.712891138156
4096,36.4,1592.6359957301981
4096,36.5,1599.0353906238847
4096,36.6,651.3388262265182
4096,36.7,1208.0336380438025
4096,36.800000000000004,1266.1076985117109
4096,36.9,1313.245177186828
4096,37.0,1355.7533405363174
4096,37.1,1525.7602609472704
4096,37.2,1737.8479076787075
4096,37.300000000000004,1370.7379892890085
4096,37.4,1494.1335380234223
4096,37.5,1383.0568915832484
4096,37.6,679.9341517271466
4096,37.7,934.1228800766164
4096,37.800000000000004,1707.7162432317512
4096,37.9,1642.6415625976633
4096,38.0,1689.9348568582031
4096,38.1,1229.817510166396
4096,38.2,1460.8608954434937
4096,38.300000000000004,1633.6446288528123
4096,38.400000000000006,774.6421715349145
4096,38.5,1286.1785596828513
4096,38.6,1716.8883621810367
4096,38.7,1524.359302541995
4096,38.800000000000004,1157.8003593822643
4096,38.900000000000006,775.148695490952
4096,39.0,692.4684366568601
4096,39.1,692.2291781454053
4096,39.2,919.1872515687139
4096,39.300000000000004,1342.5210764053318
4096,39.400000000000006,1096.5151802402581
4096,39.5,1616.2780599270775
4096,39.6,1575.6284066077499
4096,39.7,1384.2635074272869
4096,39.800000000000004,1192.4142943526838
4096,39.900000000000006,776.2468637370675
4096,40.0,1168.2645829535334
4096,40.1,1626.411014310448
4096,40.2,1730.1674734397413
4096,40.300000000000004,1583.4401038511921
4096,40.400000000000006,1582.8803650143666
4096,40.5,1764.9551407096155
4096,40.6,1603.611807347341
4096,40.7,1285.7620876291853
4096,40.800000000000004,1050.2840385948443
4096,40.900000000000006,1319.747387334549
4096,41.0,1555.0355061323346
4096,41.1,1701.1534078624613
4096,41.2,1495.7544681145985
4096,41.300000000000004,1536.3151955855308
4096,41.400000000000006,1543.6589128557816
4096,41.5,765.1963815863928
4096,41.6,1141.9363315151704
4096,41.7,1634.4231364231116
4096,41.800000000000004,1577.6922328661062
4096,41.900000000000006,1385.1976623708144
4096,42.0,1690.6577056512729
4096,42.1,1618.1187987242297
4096,42.2,1515.7934406139707
4096,42.300000000000004,1706.8561565009336
4096,42.400000000000006,1588.469777499235
4096,42.5,813.3765901261769
4096,42.6,1243.0852906212485
4096,42.7,1704.759383699426
4096,42.800000000000004,1488.7913641084103
4096,42.900000000000006,1038.8324882602146
4096,43.0,1315.285140906473
4096,43.1,1401.495181117428
4096,43.2,1499.1446814963379
4096,43.300000000000004,1514.8381078316847
4096,43.400000000000006,1304.5949656481748
4096,43.5,1020.3864747027352
4096,43.6,1201.311474005912
4096,43.7,1503.659258750115
4096,43.800000000000004,1590.1286113029594
4096,43.900000000000006,1807.3243655293459
4096,44.0,1646.397383343685
4096,44.1,1192.3895907341991
4096,44.2,976.3927251362566
4096,44.300000000000004,801.8833755205098
4096,44.400000000000006,1305.7907372027926
4096,44.5,1567.3043971002226
4096,44.6,1730.7377288427697
4096,44.7,1606.1528775821077
4096,44.800000000000004,1411.0074702348709
4096,44.900000000000006,1463.8134999802685
4096,45.0,1726.8475074890873
4096,45.1,1417.9469409960707
4096,45.2,1096.6174367232604
4096,45.300000000000004,622.1040138086856
4096,45.400000000000006,427.6603525982301
4096,45.5,425.1551834976366
4096,45.6,747.4870660789788
4096,45.7,1126.2149869839322
4096,45.800000000000004,1091.9249072526213
4096,45.900000000000006,1144.9620191234046
4096,46.0,1496.8667529577178
4096,46.1,1458.9563038957783
4096,46.2,1512.5271612527206
4096,46.300000000000004,1563.7306636261092
4096,46.400000000000006,1580.7181542909293
4096,46.5,1482.1674014750063
4096,46.6,1195.0677433951885
4096,46.7,1134.6024671969653
4096,46.800000000000004,1420.3867671110643
4096,46.900000000000006,1391.1159192948417
4096,47.0,1428.1167754686653
4096,47.1,1537.3389104655735
4096,47.2,1687.1601584236917
4096,47.300000000000004,1740.5854846632812
4096,47.400000000000006,1275.4174022274215
4096,47.5,1401.3275009950532
4096,47.6,1546.6093084896393
4096,47.7,1540.88095256688
4096,47.800000000000004,1677.322987555
4096,47.900000000000006,1596.663232157081
4096,48.0,1496.4644508620977
4096,48.1,1643.9417942574128
4096,48.2,1574.8659479961445
4096,48.300000000000004,1011.7835237849079
4096,48.400000000000006,923.0550655462193
4096,48.5,1024.1326660205873
4096,48.6,1507.5364827346825
4096,48.7,1600.8082131457968
4096,48.800000000000004,1567.2506524755076
4096,48.900000000000006,1637.854257528701
4096,49.0,1557.536862637886
4096,49.1,1206.3704477657634
4096,49.2,1052.7822727306439
4096,49.300000000000004,1089.2030866956295
4096,49.400000000000006,1471.1438653783055
4096,49.5,1732.3753379311988
4096,49.6,1262.3829750103896
4096,49.7,1526.097434359802
4096,49.800000000000004,1801.0605715857157
4096,49.900000000000006,1309.9679814717986
4096,50.0,1385.6022054889315
4096,50.1,1528.128420878828
4096,50.2,1634.5210705979819
4096,50.300000000000004,1430.4934988848074
4096,50.400000000000006,1569.3111401242236
4096,50.5,1433.787382364272
4096,50.6,887.0024614112543
4096,50.7,539.2367449018793
4096,50.800000000000004,425.54491145289035
4096,50.900000000000006,647.6293771008221
4096,51.0,864.4005848947864
4096,51.1,1262.6690142436034
4096,51.2,1316.493646403975
4096,51.300000000000004,1064.246207633722
4096,51.400000000000006,716.3325795082279
4096,51.5,934.8838856552121
4096,51.6,1089.1636398583112
4096,51.7,1361.4656479486453
4096,51.800000000000004,1729.368327742447
4096,51.900000000000006,1409.3183571133238
4096,52.0,1358.9498606885204
4096,52.1,1312.2258100330964
4096,52.2,1022.8775824135736
4096,52.300000000000004,894.5075854647592
4096,52.400000000000006,1008.8588431464947
4096,52.5,1447.578415064358
4096,52.6,1783.6727219882528
4096,52.7,1696.4547957049278
4096,52.800000000000004,1389.797892764995
4096,52.900000000000006,1578.8539184678318
4096,53.0,1763.462433092405
4096,53.1,1490.5779439101075
4096,53.2,1475.127517597244
4096,53.300000000000004,1710.0712519953215
4096,53.400000000000006,1700.5161214036661
4096,53.5,1183.2226227088788
4096,53.6,1293.8480360007266
4096,53.7,1657.8506676444251
4096,53.800000000000004,1529.1649234220508
4096,53.900000000000006,1374.8414294912493
4096,54.0,1411.2129243000954
4096,54.1,1371.4124906707702
4096,54.2,855.0005960238296
4096,54.300000000000004,568.2586308596277
4096,54.400000000000006,1012.2824846436647
4096,54.5,1348.6467478765683
4096,54.6,1364.9737154476777
4096,54.7,1352.0083147461976
4096,54.800000000000004,1230.823771776567
4096,54.900000000000006,1580.1555171300536
4096,55.0,1628.8948351096328
4096,55.1,1388.9088442475809
4096,55.2,1211.0493343279281
4096,55.300000000000004,1517.8375656459036
4096,55.400000000000006,1802.8162963077757
4096,55.5,1573.5782714675315
4096,55.6,1108.9300862251034
4096,55.7,430.69155152704616
4096,55.800000000000004,427.3513011918953
4096,55.900000000000006,722.8559786264763
4096,56.0,1291.3984048096954
4096,56.1,1449.4485657993982
4096,56.2,1650.5254862811883
4096,56.300000000000004,1669.2696658874981
4096,56.400000000000006,1237.0722993347556
4096,56.5,1094.6000707928793
4096,56.6,1030.020058605419
4096,56.7,1213.1328099706902
4096,56.800000000000004,1328.6344741048924
4096,56.900000000000006,1406.9221133887775
4096,57.0,1389.991012073781
4096,57.1,1515.7585010512282
4096,57.2,1537.34306736022
4096,57.300000000000004,1276.975891182404
4096,57.400000000000006,1259.1232071294387
4096,57.5,1431.380438138203
4096,57.6,1716.4654673669427
4096,57.7,1601.1305069421608
4096,57.800000000000004,1622.9228691711392
4096,57.900000000000006,1186.4226171958494
4096,58.0,1328.3026348565506
4096,58.1,1547.3750769793191
4096,58.2,1635.6785340922377
4096,58.300000000000004,1607.7912293619268
4096,58.400000000000006,1168.8988405639388
4096,58.5,1001.339993907462
4096,58.6,927.3983947310188
4096,58.7,1363.5715523694555
4096,58.800000000000004,1686.5023289339383
4096,58.900000000000006,1311.8773345302682
4096,59.0,1377.4160452929589
4096,59.1,1432.3247946605318
4096,59.2,1532.7505568773893
4096,59.300000000000004,1630.338030584594
4096,59.400000000000006,1214.552265662126
4096,59.5,1237.3491452482351
4096,59.6,1374.9918962886352
4096,59.7,1737.2157684120655
4096,59.800000000000004,1335.3945097527205
4096,59.900000000000006,1311.5181062701552
4096,60.0,1093.1644578103267
4096,60.1,748.023822999706
4096,60.2,697.1788330007071
4096,60.300000000000004,821.4602993109885
4096,60.400000000000006,983.5176405595128
4096,60.5,1362.7582316349499
4096,60.6,1716.9569052635973
4096,60.7,1471.4459868209858
4096,60.800000000000004,1572.8096015350898
4096,60.900000000000006,1425.8310961819677
4096,61.0,1565.932576726653
4096,61.1,1178.2672205285887
4096,61.2,1505.182386560728
4096,61.300000000000004,1620.0439644063115
4096,61.400000000000006,1651.4666162879494
4096,61.5,1173.1955174015632
4096,61.6,1050.285416314615
4096,61.7,841.5878158076476
4096,61.800000000000004,975.6700238818112
4096,61.900000000000006,1384.0251679917046
4096,62.0,1272.6687461366025
4096,62.1,1322.912897984812
4096,62.2,1358.1038675405107
4096,62.300000000000004,1637.198591008405
4096,62.400000000000006,1485.0637206094957
4096,62.5,1624.474085852611
4096,62.6,1226.651906318318
4096,62.7,1231.1012619177009
4096,62.800000000000004,1178.0421737296506
4096,62.900000000000006,1149.2225377666025
4096,63.0,1539.118849464977
4096,63.1,1465.4565454545561
4096,63.2,1692.7691310381015
4096,63.300000000000004,1156.7771572930772
4096,63.400000000000006,1336.1728691663072
4096,63.5,1418.234499869199
4096,63.6,1069.5136152670973
4096,63.7,1066.8004330422912
4096,63.800000000000004,1176.5849086053654
4096,63.900000000000006,1538.4938177644872
4096,64.0,1363.7873196522385
4096,64.10000000000001,1731.7631709579325
4096,64.2,1296.6288450824086
4096,64.3,1597.7304369671976
4096,64.4,1209.5544356450037
4096,64.5,1411.0111894916124
4096,64.60000000000001,1499.7286399519314
4096,64.7,969.6445844795068
4096,64.8,1171.2866671190832
4096,64.9,1018.8273163539245
4096,65.0,1368.919044608993
4096,65.10000000000001,1319.031065644719
4096,65.2,1797.2496760074894
4096,65.3,1243.8799199736875
4096,65.4,1493.3098049195883
4096,65.5,1208.5111459123393
4096,65.60000000000001,1112.394131252465
4096,65.7,887.6844567835138
4096,65.8,949.2057549615978
4096,65.9,1494.172827751808
4096,66.0,1587.8260825002321
4096,66.10000000000001,1210.697305112592
4096,66.2,1328.041420670712
4096,66.3,1499.2380871263776
4096,66.4,1237.746305833176
4096,66.5,1504.8723665945254
4096,66.60000000000001,1063.6221427069147
4096,66.7,1132.2990521145375
4096,66.8,1059.2014958800114
4096,66.9,1771.7086159076746
4096,67.0,1420.9427699347184
4096,67.10000000000001,1682.3781786367576
4096,67.2,1259.7526699248087
4096,67.3,1321.0964668739887
4096,67.4,1185.1734539659851
4096,67.5,1248.3238217995342
4096,67.60000000000001,1385.3423741550898
4096,67.7,721.0477999229585
4096,67.8,692.1320301292183
4096,67.9,736.9300388400093
4096,68.0,846.8751209072325
4096,68.10000000000001,855.9035020280902
4096,68.2,1100.3548857386013
4096,68.3,924.812620579864
4096,68.4,1556.7607222598451
4096,68.5,1155.782823736154
4096,68.60000000000001,1724.2757605153524
4096,68.7,1310.6171255747925
4096,68.8,1791.8402391917634
4096,68.9,1398.7620312952727
4096,69.0,1682.2242139997097
4096,69.10000000000001,1209.7402220431668
4096,69.2,1812.5574327354186
4096,69.3,1297.9266914412308
4096,69.4,1930.4532434545492
4096,69.5,1157.021835717022
4096,69.60000000000001,1241.3040633361747
4096,69.7,1198.0860921480285
4096,69.8,1144.436167586864
4096,69.9,1258.8604663930703
4096,70.0,1500.4152463961432
4096,70.10000000000001,1897.8414616324415
4096,70.2,961.9959288441602
4096,70.3,533.9291214844104
4096,70.4,712.1664712047248
4096,70.5,1441.623186134916
4096,70.60000000000001,1424.1478398584327
4096,70.7,1534.7478390220613
4096,70.8,1321.4654406755226
4096,70.9,1175.75628705926
4096,71.0,1785.7947314861522
4096,71.10000000000001,1199.8546971648032
4096,71.2,533.8762680886116
4096,71.3,1016.1908287957909
4096,71.4,1436.2136299907052
4096,71.5,1306.1008587313418
4096,71.60000000000001,1264.347258332225
4096,71.7,1202.8271681246385
4096,71.8,1654.0326002703957
4096,71.9,1443.8121424855801
4096,72.0,1643.890920016365
4096,72.10000000000001,1018.0230095557142
4096,72.2,943.5836845710794
4096,72.3,774.2596417737005
4096,72.4,1933.5945528232644
4096,72.5,1454.6683786339422
4096,72.60000000000001,1883.492875507187
4096,72.7,1254.6512938856147
4096,72.8,1321.0104416413928
4096,72.9,1238.3249286044893
4096,73.0,1131.2843013452402
4096,73.10000000000001,1293.6418484544465
4096,73.2,893.7313203759065
4096,73.3,434.1393251916388
4096,73.4,427.1327534387458
4096,73.5,493.1757185565292
4096,73.60000000000001,796.9395691212878
4096,73.7,458.6748408791062
4096,73.8,704.3168768322857
4096,73.9,1365.299067613076
4096,74.0,881.3733803368902
4096,74.10000000000001,1584.2961983236225
4096,74.2,1255.9972313422436
4096,74.3,1936.0635529919527
4096,74.4,1436.983862036045
4096,74.5,2099.801125184838
4096,74.60000000000001,1507.0704697868707
4096,74.7,1352.395880392282
4096,74.8,581.8951880259593
4096,74.9,1491.2165865223474
4096,75.0,1202.5657817840604
4096,75.10000000000001,1846.047856681994
4096,75.2,1312.4191697441206
4096,75.3,2092.4688687272746
4096,75.4,1513.2121965015776
4096,75.5,1469.2321325585046
4096,75.60000000000001,1314.363373211376
4096,75.7,1944.6957665817883
4096,75.8,959.2980751950851
4096,75.9,1916.0581130497442
4096,76.0,1272.9669994315764
4096,76.10000000000001,2014.8500430504182
4096,76.2,1323.605032134463
4096,76.3,1898.0710334227879
4096,76.4,1288.0034193111303
4096,76.5,1537.7806520171728
4096,76.60000000000001,1253.038462103954
4096,76.7,941.8397852924387
4096,76.80000000000001,696.7411376755044
4096,76.9,757.8478307543284
4096,77.0,1399.6436563389263
4096,77.10000000000001,983.6289971614837
4096,77.2,1314.9344891236976
4096,77.30000000000001,1092.6130667011341
4096,77.4,1238.9094049837934
4096,77.5,1139.4715797279007
4096,77.60000000000001,1569.0395544864778
4096,77.7,1270.7449981556301
4096,77.80000000000001,1228.5498470076661
4096,77.9,538.5548416794551
4096,78.0,1742.0607197412328
4096,78.10000000000001,1302.9883240014851
4096,78.2,2120.0880256562045
4096,78.30000000000001,1474.5036393269138
4096,78.4,2025.0825358526577
4096,78.5,1417.5307338229024
4096,78.60000000000001,839.1291731420116
4096,78.7,1255.5175773483538
4096,78.80000000000001,1628.5889914983993
4096,78.9,935.2172507059034
4096,79.0,875.2342575782437
4096,79.10000000000001,1002.1796544013722
4096,79.2,1831.8026541071183
4096,79.30000000000001,1007.5452309306481
4096,79.4,1531.5689404386258
4096,79.5,982.2864133304784
4096,79.60000000000001,1311.2319658823346
4096,79.7,457.9663533826854
4096,79.80000000000001,429.0358253286679
4096,79.9,435.2932493145132
4096,80.0,980.1234380044475
4096,80.10000000000001,577.9179316535171
4096,80.2,1433.262090379424
4096,80.30000000000001,666.9481013278839
4096,80.4,656.8471394880979
4096,80.5,1311.9534438187302
4096,80.60000000000001,906.074219167133
4096,80.7,1824.5919944467412
4096,80.80000000000001,964.0273448860062
4096,80.9,1761.6447803658536
4096,81.0,1220.815436803319
4096,81.10000000000001,1601.830416821752
4096,81.2,1496.0090170939977
4096,81.30000000000001,1355.0849809033525
4096,81.4,1194.45524833042
4096,81.5,1280.5726634320079
4096,81.60000000000001,927.360202120144
4096,81.7,736.6437777556604
4096,81.80000000000001,946.4467576902928
4096,81.9,1750.2054483807578
4096,82.0,870.7337950060985
4096,82.10000000000001,1753.35796142365
4096,82.2,1007.0042305581023
4096,82.30000000000001,1742.9272877895228
4096,82.4,737.2780876850896
4096,82.5,1720.9977961897966
4096,82.60000000000001,970.7579305419229
4096,82.7,1199.4453875201038
4096,82.80000000000001,992.6678349734786
4096,82.9,1655.2558714032982
4096,83.0,808.5308326090268
4096,83.10000000000001,1845.1397529317858
4096,83.2,802.5481856559442
4096,83.30000000000001,1438.1689686290763
4096,83.4,887.1499782861215
4096,83.5,1609.675813586158
4096,83.60000000000001,1055.1575770213815
4096,83.7,1747.9123320118686
4096,83.80000000000001,793.0690804346907
4096,83.9,1223.6285409132834
4096,84.0,982.2733605824134
4096,84.10000000000001,1735.6834742051933
4096,84.2,903.9996713320877
4096,84.30000000000001,1808.2337775207452
4096,84.4,1024.1499335543083
4096,84.5,1739.1536216342367
4096,84.60000000000001,1055.4084575015645
4096,84.7,1742.9102988540992
4096,84.80000000000001,757.8756859982415
4096,84.9,1086.5573422378166
4096,85.0,783.9908899486358
4096,85.10000000000001,1126.5965138131844
4096,85.2,1187.3917348928596
4096,85.30000000000001,1187.0763608878708
4096,85.4,1517.5488750078587
4096,85.5,1671.446077706167
4096,85.60000000000001,1089.0598365797396
4096,85.7,1696.3915028252914
4096,85.80000000000001,1220.997881647508
4096,85.9,798.2397879333656
4096,86.0,1138.1255488860002
4096,86.10000000000001,1191.2775644796207
4096,86.2,1658.3722054524023
4096,86.30000000000001,609.9365456365156
4096,86.4,429.3022262688725
4096,86.5,423.8826967881847
4096,86.60000000000001,425.087984995714
4096,86.7,1050.1646862491991
4096,86.80000000000001,1214.6178957348204
4096,86.9,1358.7168095998754
4096,87.0,1145.3255002357278
4096,87.10000000000001,1668.1938124865728
4096,87.2,1138.5522299750942
4096,87.30000000000001,1522.9918014531315
4096,87.4,1092.7305072726977
4096,87.5,1561.1836735538861
4096,87.60000000000001,1130.9430758012372
4096,87.7,1746.9922430128145
4096,87.80000000000001,1114.9032723614775
4096,87.9,1568.1583116561428
4096,88.0,1018.1131694033011
4096,88.10000000000001,1587.2101662455996
4096,88.2,1132.7930303734652
4096,88.30000000000001,1801.5966819987666
4096,88.4,1168.374972648162
4096,88.5,940.2073819979324
4096,88.60000000000001,1415.6389386887774
4096,88.7,1041.6529267942362
4096,88.80000000000001,1252.6498962119574
4096,88.9,861.04493139667
4096,89.0,1659.6932081172836
4096,89.10000000000001,1088.0902919607472
4096,89.2,1652.728644451186
4096,89.30000000000001,1230.9422961780228
4096,89.4,1653.1027249739957
4096,89.5,1214.8354259054204
4096,89.60000000000001,1392.1745611802287
4096,89.7,1475.541062499197
4096,89.80000000000001,915.8062976161
4096,89.9,637.3193904319531
4096,90.0,1319.4398850642856
4096,90.10000000000001,1210.4634719909009
4096,90.2,1400.4249057789996
4096,90.30000000000001,1092.1372644860737
4096,90.4,1316.6226186971744
4096,90.5,1045.3748472854716
4096,90.60000000000001,1506.6956929305172
4096,90.7,1283.3145896566427
4096,90.80000000000001,663.7775192973025
4096,90.9,943.7971555562737
4096,91.0,692.5814916252666
4096,91.10000000000001,1293.9116171159424
4096,91.2,991.1298389480187
4096,91.30000000000001,1346.0558153621337
4096,91.4,1034.311681372503
4096,91.5,1137.6557140225657
4096,91.60000000000001,1052.694919833037
4096,91.7,1237.5467283183568
4096,91.80000000000001,1100.7868545278977
4096,91.9,711.5757455489805
4096,92.0,649.603060610529
4096,92.10000000000001,643.9560028297016
4096,92.2,635.5497381655919
4096,92.30000000000001,1081.3295263636462
4096,92.4,848.9325592385475
4096,92.5,1338.4624282271095
4096,92.60000000000001,1100.713359550022
4096,92.7,1478.3884354666757
4096,92.80000000000001,1078.799131831769
4096,92.9,1487.6067301233008
4096,93.0,1319.3376872082788
4096,93.10000000000001,1716.55949964875
4096,93.2,1277.691221917978
4096,93.30000000000001,1340.3932906284326
4096,93.4,1345.3975808029143
4096,93.5,1016.2235773358631
4096,93.60000000000001,1161.3226021857088
4096,93.7,1098.823595723765
4096,93.80000000000001,1534.267932725262
4096,93.9,1234.359505561741
4096,94.0,1161.1196016407323
4096,94.10000000000001,1223.8325323306021
4096,94.2,1513.5251326985137
4096,94.30000000000001,1802.002824863103
4096,94.4,1516.8592748776543
4096,94.5,1068.9246705929654
4096,94.60000000000001,1108.3937102009163
4096,94.7,1060.4796927880986
4096,94.80000000000001,1339.4887026785761
4096,94.9,1040.9185729792473
4096,95.0,1506.0281736851127
4096,95.10000000000001,1392.7931577470142
4096,95.2,1565.311415077062
4096,95.30000000000001,1519.0662755219832
4096,95.4,1433.0089852669776
4096,95.5,1107.8354577476498
4096,95.60000000000001,1035.6226226545903
4096,95.7,969.403503758072
4096,95.80000000000001,1407.493386410092
4096,95.9,1307.576570313238
4096,96.0,1524.334155366244
4096,96.10000000000001,1225.5717856288722
4096,96.2,1416.000414466097
4096,96.30000000000001,1177.8148292494209
4096,96.4,1312.7406256258212
4096,96.5,1253.6043921259243
4096,96.60000000000001,1258.8139332262035
4096,96.7,1355.6519494785327
4096,96.80000000000001,1073.627150431076
4096,96.9,895.1345250903646
4096,97.0,929.6778380511774
4096,97.10000000000001,1383.351802187036
4096,97.2,1265.7402600948537
4096,97.30000000000001,1476.2040089503598
4096,97.4,1292.2512043473823
4096,97.5,1212.7043766659285
4096,97.60000000000001,1112.3346898199047
4096,97.7,1337.774852217705
4096,97.80000000000001,1606.1035939749725
4096,97.9,1545.872923164398
4096,98.0,1763.7845766909406
4096,98.10000000000001,1206.374660293837
4096,98.2,1228.73354420258
4096,98.30000000000001,1289.4221118257265
4096,98.4,1397.5967757398316
4096,98.5,1312.482035652693
4096,98.60000000000001,1333.537323971111
4096,98.7,1439.6798136104983
4096,98.80000000000001,1474.8551797114656
4096,98.9,1390.5986820510993
4096,99.0,812.1873536145107
4096,99.10000000000001,1065.9078937118807
4096,99.2,1404.2197243731075
4096,99.30000000000001,1407.5186664538248
4096,99.4,1454.707569937903
4096,99.5,1452.7063423478708
4096,99.60000000000001,1450.182378029999
4096,99.7,1349.068318405519
4096,99.80000000000001,1279.4400825839914
4096,99.9,1457.2756883346271
4096,100.0,1417.4848642257964
4096,100.10000000000001,1512.0362778657166
4096,100.2,1573.0501204793752
4096,100.30000000000001,1331.666143237032
4096,100.4,830.9044301175574
4096,100.5,1104.686960918179
4096,100.60000000000001,1208.4516086517135
4096,100.7,1259.4467413151347
4096,100.80000000000001,1077.810755124486
4096,100.9,1155.2611385129503
4096,101.0,1089.865953523766
4096,101.10000000000001,935.6928608391706
4096,101.2,754.469817889915
4096,101.30000000000001,443.71343257370177
4096,101.4,430.387110508102
4096,101.5,727.8608773252043
4096,101.60000000000001,696.9868299887221
4096,101.7,999.4928073194593
4096,101.80000000000001,1215.9647566904819
4096,101.9,1109.6242733820159
4096,102.0,1121.8278521317732
4096,102.10000000000001,1230.813472064375
4096,102.2,1273.283401872178
4096,102.30000000000001,1083.0129174274223
4096,102.4,1345.596281522983
4096,102.5,1593.1120673279574
4096,102.60000000000001,1232.115552326274
4096,102.7,677.8489370264506
4096,102.80000000000001,768.2955607452222
4096,102.9,1101.9794190192788
4096,103.0,1322.1949116617945
4096,103.10000000000001,1122.532351412274
4096,103.2,1210.4134027478378
4096,103.30000000000001,1221.237534814961
4096,103.4,1177.8661314456558
4096,103.5,1420.9745525430574
4096,103.60000000000001,1457.5070159700933
4096,103.7,1423.8649654059946
4096,103.80000000000001,1108.1963891800553
4096,103.9,1453.0170063487271
4096,104.0,1357.2299266230477
4096,104.10000000000001,851.7668546948722
4096,104.2,866.3270837048199
4096,104.30000000000001,1297.1499257392627
4096,104.4,1359.9358879404688
4096,104.5,1349.1908780975077
4096,104.60000000000001,1418.8294076833429
4096,104.7,1169.4153300153512
4096,104.80000000000001,1271.987709298868
4096,104.9,1344.9136939368161
4096,105.0,1412.794328751587
4096,105.10000000000001,1053.0942374727347
4096,105.2,1080.8718465288584
4096,105.30000000000001,1229.895728310481
4096,105.4,1321.0679198537246
4096,105.5,1405.070102255013
4096,105.60000000000001,1275.6421170392152
4096,105.7,1323.8053092649725
4096,105.80000000000001,1323.5365128748172
4096,105.9,1262.173495912149
4096,106.0,1194.0127954243542
4096,106.10000000000001,995.9838947958716
4096,106.2,919.7983002743882
4096,106.30000000000001,1203.5474001635546
4096,106.4,1045.666024028884
4096,106.5,1172.2887524787839
4096,106.60000000000001,1355.0258902740784
4096,106.7,1566.5063406568736
4096,106.80000000000001,1380.911757203198
4096,106.9,1434.3684210030706
4096,107.0,1397.3585757415242
4096,107.10000000000001,1385.371954542247
4096,107.2,1451.1610190307347
4096,107.30000000000001,1408.054897752795
4096,107.4,1535.9968371071827
4096,107.5,1543.5668761042139
4096,107.60000000000001,1407.645559191821
4096,107.7,872.2163717651615
4096,107.80000000000001,1137.3354291238002
4096,107.9,720.2138263167135
4096,108.0,692.8616280964225
4096,108.10000000000001,691.6985752380045
4096,108.2,795.6812817577022
4096,108.30000000000001,1051.6037225507753
4096,108.4,1142.8874054243067
4096,108.5,1118.7482293038777
4096,108.60000000000001,1157.9220970057552
4096,108.7,1115.3432884966244
4096,108.80000000000001,1192.7844710399079
4096,108.9,1043.155388923162
4096,109.0,1312.4119055286328
4096,109.10000000000001,1545.228551738008
4096,109.2,787.8419866529274
4096,109.30000000000001,1152.1893362081496
4096,109.4,1019.1903542290294
4096,109.5,1168.51225904359
4096,109.60000000000001,1115.6937751247806
4096,109.7,1158.74729541265
4096,109.80000000000001,1153.3103072330675
4096,109.9,1202.4179614448892
4096,110.0,1085.703001046351
4096,110.10000000000001,1200.379610343066
4096,110.2,1293.3334279046078
4096,110.30000000000001,1140.8911912503763
4096,110.4,1800.002230064654
4096,110.5,1426.6408732599373
4096,110.60000000000001,1653.6367893108647
4096,110.7,1641.7637792182586
4096,110.80000000000001,1836.485661045849
4096,110.9,1143.6274703608735
4096,111.0,1273.6347201040192
4096,111.10000000000001,1027.5892232512062
4096,111.2,1111.2910795534883
4096,111.30000000000001,1043.8343225733588
4096,111.4,1135.0660388180088
4096,111.5,1315.9672401286773
4096,111.60000000000001,1157.6031229856005
4096,111.7,1750.840593809973
4096,111.80000000000001,1055.5419114371437
4096,111.9,1164.9641110857222
4096,112.0,975.4955094796999
4096,112.10000000000001,1132.3547312682026
4096,112.2,1138.641595979138
4096,112.30000000000001,1161.7586172041995
4096,112.4,1024.7011246805644
4096,112.5,795.5152342639806
4096,112.60000000000001,797.6783638169154
4096,112.7,671.0752668062303
4096,112.80000000000001,1162.8634306631768
4096,112.9,961.1170657042255
4096,113.0,1231.715702619594
4096,113.10000000000001,1155.2730479573293
4096,113.2,1323.7190872162703
4096,113.30000000000001,1620.5151643638717
4096,113.4,1174.1169487477273
4096,113.5,1709.8469308604951
4096,113.60000000000001,935.0033918927284
4096,113.7,862.7404161017879
4096,113.80000000000001,930.617761388873
4096,113.9,976.9246028864628
4096,114.0,1380.5378095485012
4096,114.10000000000001,1036.8216051469378
4096,114.2,1064.6874264596754
4096,114.30000000000001,542.2918607020409
4096,114.4,431.1602634220067
4096,114.5,428.5080733896126
4096,114.60000000000001,569.4753185379108
4096,114.7,1070.931875275388
4096,114.80000000000001,1372.4349162917458
4096,114.9,1763.0027143630355
4096,115.0,1080.847096920167
4096,115.10000000000001,1703.806479312401
4096,115.2,980.7855635227328
4096,115.30000000000001,1152.8233238860018
4096,115.4,1018.7866732026816
4096,115.5,1151.7568471813368
4096,115.60000000000001,1649.2530441427045
4096,115.7,1027.7945596249424
4096,115.80000000000001,1652.8361874341626
4096,115.9,992.7891268100728
4096,116.0,1174.2686161453362
4096,116.10000000000001,1068.914149740698
4096,116.2,1161.3662407780962
4096,116.30000000000001,1192.2318672344875
4096,116.4,1083.2535165740303
4096,116.5,1755.6981758246989
4096,116.60000000000001,832.5544773427525
4096,116.7,1147.0260033868801
4096,116.80000000000001,721.686729357007
4096,116.9,1464.718407074244
4096,117.0,1388.4204770077097
4096,117.10000000000001,955.7236527239884
4096,117.2,1733.5633937661737
4096,117.30000000000001,931.1558476292009
4096,117.4,1597.610601864537
4096,117.5,1069.3940519685714
4096,117.60000000000001,1160.6474815893557
4096,117.7,1029.7336861372935
4096,117.80000000000001,942.4602596755894
4096,117.9,957.9542528827767
4096,118.0,1119.1237205843192
4096,118.10000000000001,1758.5059380189252
4096,118.2,1013.5893759492407
4096,118.30000000000001,1464.9238500260853
4096,118.4,1016.090935464755
4096,118.5,1178.3873996691186
4096,118.60000000000001,1085.4133326162807
4096,118.7,1167.9594705828831
4096,118.80000000000001,1084.0913606119454
4096,118.9,1188.0710041391094
4096,119.0,1072.493140775312
4096,119.10000000000001,716.3394161587096
4096,119.2,1357.7367500192368
4096,119.30000000000001,569.9917966199513
4096,119.4,1291.458582632338
4096,119.5,736.3066427279305
4096,119.60000000000001,1036.4683146306168
4096,119.7,1719.4692454478713
4096,119.80000000000001,894.1460542872081
4096,119.9,1943.6060917423715
4096,120.0,1035.1912005507245
4096,120.10000000000001,1125.293793328768
4096,120.2,1113.814250647599
4096,120.30000000000001,822.727933399389
4096,120.4,710.5176995329572
4096,120.5,627.1752176637227
4096,120.60000000000001,626.8835862020725
4096,120.7,751.7086752300504
4096,120.80000000000001,1842.6632822064705
4096,120.9,783.8387648401795
4096,121.0,1135.6879161737509
4096,121.10000000000001,985.9350809219468
4096,121.2,1006.1307234573553
4096,121.30000000000001,1406.5834908531176
4096,121.4,1097.7884477746309
4096,121.5,1960.8355026569702
4096,121.60000000000001,880.2938802094561
4096,121.7,1863.26621377909
4096,121.80000000000001,648.8057589273897
4096,121.9,586.1331185479722
4096,122.0,691.7545202479545
4096,122.10000000000001,1368.831126649983
4096,122.2,2146.1419641873504
4096,122.30000000000001,1013.847442939774
4096,122.4,1442.4365367556106
4096,122.5,977.4182242085412
4096,122.60000000000001,1526.8285983951043
4096,122.7,986.7300769672142
4096,122.80000000000001,1163.2045178142387
4096,122.9,1040.4101866412482
4096,123.0,1191.7971553150362
4096,123.10000000000001,1068.5974681893886
4096,123.2,940.1962133452641
4096,123.30000000000001,1141.2356505891257
4096,123.4,982.8957924387336
4096,123.5,2039.547197466287
4096,123.60000000000001,978.3588304731655
4096,123.7,1674.7109730049413
4096,123.80000000000001,986.5262542729618
4096,123.9,1169.627386109629
4096,124.0,1466.1630587817097
4096,124.10000000000001,1083.7821120797548
4096,124.2,1720.1569526227147
4096,124.30000000000001,493.2197679606577
4096,124.4,1842.8592829241957
4096,124.5,479.5304929344258
4096,124.60000000000001,1480.5723818901122
4096,124.7,939.1384000723824
4096,124.80000000000001,903.7542678826777
4096,124.9,1839.5995995663914
4096,125.0,728.1127939460621
4096,125.10000000000001,2000.5123529525795
4096,125.2,1021.9220050498838
4096,125.30000000000001,1132.9711482238972
4096,125.4,1264.41966938886
4096,125.5,944.4229708929076
4096,125.60000000000001,2027.653801366637
4096,125.7,615.2055707184617
4096,125.80000000000001,1957.1614749142664
4096,125.9,759.9309616368264
4096,126.0,1223.586829787234
4096,126.10000000000001,814.0334881255507
4096,126.2,690.9587374715123
4096,126.30000000000001,688.6702464555004
4096,126.4,687.421829551921
4096,126.5,991.4054511641972
4096,126.60000000000001,1160.9541663638192
4096,126.7,1037.4118291069242
4096,126.80000000000001,1032.440371179463
4096,126.9,2035.4067922692432
